/*******************************************************************************
 * Size: 22 px
 * Bpp: 4
 * Opts: --format lvgl --lv-include lvgl.h --bpp 4 --no-compress --no-prefilter --force-fast-kern-format --size 22 --font /tmp/ohez-fonts-tOYe0b/Barlow-Medium.ttf -r 0x20-0x7F -r 0xA0-0xFF --font components/lvgl/lvgl/scripts/built_in_font/FontAwesome5-Solid+Brands+Regular.woff -r 61441,61448,61451,61452,61453,61457,61459,61461,61465,61468,61473,61478,61479,61480,61502,61512,61515,61516,61517,61521,61522,61523,61524,61543,61544,61550,61552,61553,61556,61559,61560,61561,61563,61587,61589,61636,61637,61639,61671,61674,61683,61724,61732,61787,61931,62016,62017,62018,62019,62020,62087,62099,62189,62212,62810,63426,63650 --lv-font-name custom_font_ui_22 -o components/lvgl/fonts/custom_font_ui_22.c
 ******************************************************************************/

#ifdef LV_LVGL_H_INCLUDE_SIMPLE
#include "lvgl.h"
#else
#include "lvgl.h"
#endif

#ifndef CUSTOM_FONT_UI_22
#define CUSTOM_FONT_UI_22 1
#endif

#if CUSTOM_FONT_UI_22

/*-----------------
 *    BITMAPS
 *----------------*/

/*Store the image of the glyphs*/
static LV_ATTRIBUTE_LARGE_CONST const uint8_t glyph_bitmap[] = {
    /* U+0020 " " */

    /* U+0021 "!" */
    0x6f, 0xa6, 0xfa, 0x6f, 0xa5, 0xfa, 0x5f, 0x95,
    0xf9, 0x4f, 0x94, 0xf9, 0x4f, 0x84, 0xf8, 0x2d,
    0x60, 0x0, 0x0, 0x6, 0xe8, 0xdf, 0xe7, 0xf8,

    /* U+0022 "\"" */
    0x6f, 0x80, 0xff, 0x6, 0xf8, 0xf, 0xf0, 0x5f,
    0x70, 0xee, 0x4, 0xf6, 0xd, 0xd0, 0x3f, 0x50,
    0xcc, 0x0,

    /* U+0023 "#" */
    0x0, 0x5, 0xfb, 0x0, 0xf, 0xf1, 0x0, 0x0,
    0x9f, 0x80, 0x3, 0xfe, 0x0, 0x0, 0xc, 0xf5,
    0x0, 0x6f, 0xb0, 0x0, 0xcf, 0xff, 0xff, 0xff,
    0xff, 0xf4, 0xb, 0xff, 0xff, 0xff, 0xff, 0xff,
    0x40, 0x3, 0xfe, 0x0, 0xe, 0xf3, 0x0, 0x0,
    0x5f, 0xc0, 0x0, 0xff, 0x10, 0x0, 0x7, 0xfa,
    0x0, 0x1f, 0xf0, 0x0, 0x0, 0x9f, 0x80, 0x3,
    0xfe, 0x0, 0x8, 0xff, 0xff, 0xff, 0xff, 0xff,
    0x70, 0x9f, 0xff, 0xff, 0xff, 0xff, 0xf7, 0x0,
    0xf, 0xf1, 0x0, 0xaf, 0x70, 0x0, 0x2, 0xff,
    0x0, 0xc, 0xf4, 0x0, 0x0, 0x4f, 0xd0, 0x0,
    0xff, 0x20, 0x0, 0x6, 0xfa, 0x0, 0x1f, 0xf0,
    0x0, 0x0,

    /* U+0024 "$" */
    0x0, 0x0, 0xcf, 0x0, 0x0, 0x0, 0x0, 0xc,
    0xf0, 0x0, 0x0, 0x0, 0x5b, 0xff, 0xb6, 0x0,
    0x0, 0x9f, 0xff, 0xff, 0xfc, 0x10, 0x4f, 0xe5,
    0x1, 0x5e, 0xfa, 0x9, 0xf6, 0x0, 0x0, 0x3f,
    0xf0, 0xbf, 0x40, 0x0, 0x0, 0xdf, 0x29, 0xf9,
    0x0, 0x0, 0x5, 0x71, 0x3f, 0xf9, 0x10, 0x0,
    0x0, 0x0, 0x7f, 0xff, 0x91, 0x0, 0x0, 0x0,
    0x4c, 0xff, 0xf9, 0x10, 0x0, 0x0, 0x4, 0xbf,
    0xfe, 0x20, 0x0, 0x0, 0x0, 0x3d, 0xfc, 0x6,
    0x60, 0x0, 0x0, 0x1f, 0xf2, 0xff, 0x0, 0x0,
    0x0, 0xbf, 0x4d, 0xf4, 0x0, 0x0, 0xd, 0xf3,
    0x8f, 0xe4, 0x0, 0x8, 0xfe, 0x0, 0xcf, 0xff,
    0xdf, 0xff, 0x40, 0x0, 0x7d, 0xff, 0xfb, 0x20,
    0x0, 0x0, 0xb, 0xf2, 0x0, 0x0, 0x0, 0x0,
    0xbf, 0x20, 0x0, 0x0,

    /* U+0025 "%" */
    0x0, 0x9e, 0xfa, 0x10, 0x0, 0x8, 0xe0, 0x0,
    0xb, 0xe8, 0x7e, 0xd0, 0x0, 0x1f, 0x70, 0x0,
    0x1f, 0x50, 0x2, 0xf4, 0x0, 0x9e, 0x0, 0x0,
    0x2f, 0x30, 0x1, 0xf4, 0x2, 0xf6, 0x0, 0x0,
    0xd, 0xc3, 0x2b, 0xe0, 0xb, 0xd0, 0x0, 0x0,
    0x2, 0xdf, 0xfe, 0x40, 0x3f, 0x50, 0x0, 0x0,
    0x0, 0x3, 0x30, 0x0, 0xcc, 0x0, 0x0, 0x0,
    0x0, 0x0, 0x0, 0x4, 0xf4, 0x0, 0x0, 0x0,
    0x0, 0x0, 0x0, 0xd, 0xb0, 0x0, 0x0, 0x0,
    0x0, 0x0, 0x0, 0x5f, 0x30, 0x5e, 0xfd, 0x40,
    0x0, 0x0, 0x0, 0xda, 0x3, 0xfa, 0x5a, 0xf2,
    0x0, 0x0, 0x6, 0xf2, 0xa, 0xc0, 0x0, 0xd9,
    0x0, 0x0, 0xe, 0x90, 0xc, 0x90, 0x0, 0xab,
    0x0, 0x0, 0x8f, 0x10, 0xa, 0xb0, 0x0, 0xc8,
    0x0, 0x1, 0xf8, 0x0, 0x3, 0xf8, 0x39, 0xf2,
    0x0, 0x8, 0xe1, 0x0, 0x0, 0x4c, 0xfc, 0x30,

    /* U+0026 "&" */
    0x0, 0x2a, 0xef, 0xd6, 0x0, 0x0, 0x0, 0x2f,
    0xff, 0xff, 0xf8, 0x0, 0x0, 0x9, 0xfd, 0x31,
    0x7f, 0xf1, 0x0, 0x0, 0xcf, 0x60, 0x0, 0xdf,
    0x40, 0x0, 0xa, 0xf7, 0x0, 0xf, 0xf2, 0x0,
    0x0, 0x4f, 0xf2, 0xa, 0xfd, 0x0, 0x0, 0x0,
    0x9f, 0xdc, 0xff, 0x30, 0x0, 0x0, 0x0, 0xef,
    0xfd, 0x30, 0x0, 0x0, 0x1, 0xbf, 0xff, 0x80,
    0x0, 0x0, 0x0, 0xdf, 0xe6, 0xff, 0x50, 0x3,
    0x20, 0x8f, 0xe1, 0x5, 0xff, 0x31, 0xef, 0x2d,
    0xf5, 0x0, 0x6, 0xfe, 0xbf, 0xa0, 0xff, 0x30,
    0x0, 0x9, 0xff, 0xd1, 0xc, 0xf9, 0x0, 0x3,
    0xcf, 0xfb, 0x0, 0x4f, 0xfe, 0xbd, 0xff, 0xcd,
    0xf8, 0x0, 0x2a, 0xdf, 0xeb, 0x50, 0x1e, 0xf5,

    /* U+0027 "'" */
    0x6f, 0xa6, 0xf9, 0x5f, 0x94, 0xf8, 0x3e, 0x60,

    /* U+0028 "(" */
    0x0, 0x0, 0x0, 0x0, 0xa, 0xf6, 0x0, 0x3f,
    0xf0, 0x0, 0xaf, 0x90, 0x0, 0xff, 0x40, 0x5,
    0xff, 0x0, 0x8, 0xfc, 0x0, 0xc, 0xf9, 0x0,
    0xe, 0xf7, 0x0, 0xf, 0xf6, 0x0, 0xf, 0xf5,
    0x0, 0xf, 0xf5, 0x0, 0xf, 0xf6, 0x0, 0xe,
    0xf7, 0x0, 0xc, 0xf9, 0x0, 0x9, 0xfc, 0x0,
    0x5, 0xff, 0x0, 0x0, 0xff, 0x40, 0x0, 0xaf,
    0x90, 0x0, 0x3f, 0xf0, 0x0, 0xb, 0xf6,

    /* U+0029 ")" */
    0x0, 0x0, 0x0, 0xf, 0xf2, 0x0, 0x9, 0xfa,
    0x0, 0x2, 0xff, 0x10, 0x0, 0xdf, 0x70, 0x0,
    0x8f, 0xc0, 0x0, 0x5f, 0xf0, 0x0, 0x2f, 0xf3,
    0x0, 0xf, 0xf5, 0x0, 0xf, 0xf6, 0x0, 0xe,
    0xf7, 0x0, 0xe, 0xf7, 0x0, 0xf, 0xf6, 0x0,
    0xf, 0xf5, 0x0, 0x3f, 0xf2, 0x0, 0x5f, 0xf0,
    0x0, 0x9f, 0xb0, 0x0, 0xdf, 0x60, 0x2, 0xff,
    0x10, 0x9, 0xf9, 0x0, 0xf, 0xf1, 0x0,

    /* U+002A "*" */
    0x0, 0x0, 0x30, 0x0, 0x0, 0x0, 0x4f, 0x0,
    0x0, 0x9, 0x14, 0xf0, 0x28, 0x2, 0xee, 0xaf,
    0x9f, 0xc0, 0x0, 0x8f, 0xfe, 0x60, 0x0, 0x2b,
    0xff, 0xf9, 0x10, 0x3f, 0xc7, 0xf5, 0xee, 0x0,
    0x50, 0x4f, 0x0, 0x40, 0x0, 0x3, 0xf0, 0x0,
    0x0,

    /* U+002B "+" */
    0x0, 0x0, 0x7f, 0x50, 0x0, 0x0, 0x0, 0x7,
    0xf5, 0x0, 0x0, 0x0, 0x0, 0x7f, 0x50, 0x0,
    0x0, 0x0, 0x7, 0xf5, 0x0, 0x0, 0x3f, 0xff,
    0xff, 0xff, 0xff, 0x13, 0xee, 0xef, 0xff, 0xee,
    0xe1, 0x0, 0x0, 0x7f, 0x50, 0x0, 0x0, 0x0,
    0x7, 0xf5, 0x0, 0x0, 0x0, 0x0, 0x7f, 0x50,
    0x0, 0x0, 0x0, 0x6, 0xd4, 0x0, 0x0,

    /* U+002C "," */
    0x8, 0x90, 0xf, 0xd0, 0x2f, 0x90, 0x5f, 0x50,
    0x8f, 0x10, 0xac, 0x0,

    /* U+002D "-" */
    0x3e, 0xee, 0xee, 0xee, 0x3, 0xff, 0xff, 0xff,
    0xf0,

    /* U+002E "." */
    0x1d, 0xd1, 0x6f, 0xf5, 0x2d, 0xd1,

    /* U+002F "/" */
    0x0, 0x0, 0x4, 0xfc, 0x0, 0x0, 0xa, 0xf7,
    0x0, 0x0, 0xe, 0xf2, 0x0, 0x0, 0x4f, 0xd0,
    0x0, 0x0, 0x9f, 0x70, 0x0, 0x0, 0xef, 0x20,
    0x0, 0x4, 0xfd, 0x0, 0x0, 0x9, 0xf7, 0x0,
    0x0, 0xe, 0xf2, 0x0, 0x0, 0x4f, 0xd0, 0x0,
    0x0, 0x9f, 0x70, 0x0, 0x0, 0xef, 0x20, 0x0,
    0x4, 0xfd, 0x0, 0x0, 0x9, 0xf7, 0x0, 0x0,
    0xe, 0xf2, 0x0, 0x0, 0x4f, 0xd0, 0x0, 0x0,

    /* U+0030 "0" */
    0x0, 0x5b, 0xff, 0xd8, 0x0, 0x0, 0x8f, 0xff,
    0xff, 0xfd, 0x10, 0x2f, 0xf8, 0x10, 0x4e, 0xf9,
    0x8, 0xfb, 0x0, 0x0, 0x4f, 0xf0, 0x9f, 0x80,
    0x0, 0x1, 0xff, 0x1a, 0xf7, 0x0, 0x0, 0xf,
    0xf1, 0xaf, 0x70, 0x0, 0x0, 0xff, 0x1a, 0xf7,
    0x0, 0x0, 0xf, 0xf1, 0xaf, 0x70, 0x0, 0x0,
    0xff, 0x1a, 0xf7, 0x0, 0x0, 0xf, 0xf1, 0xaf,
    0x70, 0x0, 0x0, 0xff, 0x19, 0xf8, 0x0, 0x0,
    0x1f, 0xf1, 0x7f, 0xb0, 0x0, 0x4, 0xff, 0x2,
    0xff, 0x70, 0x3, 0xdf, 0x90, 0x7, 0xff, 0xff,
    0xff, 0xd1, 0x0, 0x5, 0xcf, 0xfd, 0x80, 0x0,

    /* U+0031 "1" */
    0x4, 0xcf, 0xfb, 0xff, 0xff, 0xdb, 0x7f, 0xf0,
    0x2, 0xff, 0x0, 0x2f, 0xf0, 0x2, 0xff, 0x0,
    0x2f, 0xf0, 0x2, 0xff, 0x0, 0x2f, 0xf0, 0x2,
    0xff, 0x0, 0x2f, 0xf0, 0x2, 0xff, 0x0, 0x2f,
    0xf0, 0x2, 0xff, 0x0, 0x2f, 0xf0, 0x1, 0xff,

    /* U+0032 "2" */
    0x0, 0x8d, 0xfe, 0xb4, 0x0, 0xd, 0xff, 0xff,
    0xff, 0x60, 0x8f, 0xe4, 0x1, 0x9f, 0xf1, 0xcf,
    0x60, 0x0, 0xd, 0xf5, 0xdf, 0x40, 0x0, 0xc,
    0xf6, 0x12, 0x0, 0x0, 0x1f, 0xf2, 0x0, 0x0,
    0x0, 0x9f, 0xc0, 0x0, 0x0, 0x4, 0xff, 0x30,
    0x0, 0x0, 0x2e, 0xf8, 0x0, 0x0, 0x0, 0xdf,
    0xb0, 0x0, 0x0, 0xa, 0xfd, 0x10, 0x0, 0x0,
    0x8f, 0xf2, 0x0, 0x0, 0x5, 0xff, 0x40, 0x0,
    0x0, 0x3f, 0xf6, 0x0, 0x0, 0x0, 0xcf, 0xff,
    0xff, 0xff, 0xfc, 0xcf, 0xff, 0xff, 0xff, 0xfd,

    /* U+0033 "3" */
    0xc, 0xff, 0xff, 0xff, 0xff, 0x10, 0xcf, 0xff,
    0xff, 0xff, 0xf2, 0x0, 0x0, 0x0, 0x3f, 0xfb,
    0x0, 0x0, 0x0, 0x2e, 0xfc, 0x0, 0x0, 0x0,
    0x1e, 0xfd, 0x10, 0x0, 0x0, 0x1d, 0xfe, 0x20,
    0x0, 0x0, 0x6, 0xff, 0xfc, 0x40, 0x0, 0x0,
    0x9, 0x68, 0xff, 0x50, 0x0, 0x0, 0x0, 0x6,
    0xfd, 0x0, 0x0, 0x0, 0x0, 0xf, 0xf2, 0x2,
    0x20, 0x0, 0x0, 0xef, 0x30, 0xff, 0x20, 0x0,
    0xe, 0xf3, 0xd, 0xf6, 0x0, 0x2, 0xff, 0x10,
    0x7f, 0xe3, 0x1, 0xcf, 0xb0, 0x0, 0xbf, 0xff,
    0xff, 0xe2, 0x0, 0x0, 0x7d, 0xfe, 0x92, 0x0,

    /* U+0034 "4" */
    0x0, 0x0, 0xc, 0xf6, 0x0, 0x0, 0x0, 0x0,
    0x3f, 0xf0, 0x0, 0x0, 0x0, 0x0, 0xaf, 0x90,
    0x0, 0x0, 0x0, 0x1, 0xff, 0x20, 0x0, 0x0,
    0x0, 0x8, 0xfb, 0x0, 0x0, 0x0, 0x0, 0xe,
    0xf4, 0x0, 0x21, 0x0, 0x0, 0x6f, 0xd0, 0x0,
    0xff, 0x0, 0x0, 0xcf, 0x70, 0x1, 0xff, 0x0,
    0x3, 0xff, 0x0, 0x1, 0xff, 0x0, 0xa, 0xf9,
    0x0, 0x1, 0xff, 0x10, 0xf, 0xff, 0xff, 0xff,
    0xff, 0xf4, 0xf, 0xff, 0xff, 0xff, 0xff, 0xf4,
    0x0, 0x0, 0x0, 0x1, 0xff, 0x0, 0x0, 0x0,
    0x0, 0x1, 0xff, 0x0, 0x0, 0x0, 0x0, 0x1,
    0xff, 0x0, 0x0, 0x0, 0x0, 0x0, 0xff, 0x0,

    /* U+0035 "5" */
    0xbf, 0xff, 0xff, 0xff, 0xe0, 0xbf, 0xff, 0xff,
    0xff, 0xd0, 0xbf, 0x60, 0x0, 0x0, 0x0, 0xbf,
    0x60, 0x0, 0x0, 0x0, 0xbf, 0x50, 0x0, 0x0,
    0x0, 0xbf, 0x50, 0x0, 0x0, 0x0, 0xbf, 0x79,
    0xef, 0xc5, 0x0, 0xbf, 0xff, 0xff, 0xff, 0x80,
    0xbf, 0xe5, 0x0, 0x8f, 0xf1, 0x58, 0x40, 0x0,
    0xd, 0xf5, 0x0, 0x0, 0x0, 0xa, 0xf7, 0x34,
    0x10, 0x0, 0xa, 0xf7, 0x9f, 0xa0, 0x0, 0xd,
    0xf5, 0x3f, 0xf5, 0x0, 0x9f, 0xf0, 0x9, 0xff,
    0xff, 0xff, 0x50, 0x0, 0x6c, 0xfe, 0xb3, 0x0,

    /* U+0036 "6" */
    0x0, 0x8d, 0xfe, 0xb3, 0x0, 0xc, 0xff, 0xff,
    0xff, 0x50, 0x7f, 0xf4, 0x1, 0xaf, 0xe0, 0xbf,
    0x80, 0x0, 0x1f, 0xf2, 0xcf, 0x50, 0x0, 0x8,
    0x91, 0xcf, 0x50, 0x0, 0x0, 0x0, 0xcf, 0x7a,
    0xef, 0xc6, 0x0, 0xcf, 0xff, 0xef, 0xff, 0x70,
    0xcf, 0xf4, 0x0, 0x8f, 0xf1, 0xcf, 0x90, 0x0,
    0xd, 0xf5, 0xbf, 0x60, 0x0, 0x9, 0xf7, 0xbf,
    0x60, 0x0, 0xa, 0xf7, 0x9f, 0xa0, 0x0, 0xd,
    0xf5, 0x3f, 0xf5, 0x0, 0x8f, 0xe0, 0x9, 0xff,
    0xff, 0xff, 0x60, 0x0, 0x6c, 0xfe, 0xb4, 0x0,

    /* U+0037 "7" */
    0x4f, 0xff, 0xff, 0xff, 0xff, 0x25, 0xff, 0xff,
    0xff, 0xff, 0xf2, 0x5f, 0x70, 0x0, 0x4, 0xfe,
    0x1, 0x51, 0x0, 0x0, 0xaf, 0x90, 0x0, 0x0,
    0x0, 0xf, 0xf3, 0x0, 0x0, 0x0, 0x6, 0xfd,
    0x0, 0x0, 0x0, 0x0, 0xbf, 0x80, 0x0, 0x0,
    0x0, 0x1f, 0xf2, 0x0, 0x0, 0x0, 0x7, 0xfc,
    0x0, 0x0, 0x0, 0x0, 0xdf, 0x60, 0x0, 0x0,
    0x0, 0x3f, 0xf1, 0x0, 0x0, 0x0, 0x9, 0xfb,
    0x0, 0x0, 0x0, 0x0, 0xef, 0x50, 0x0, 0x0,
    0x0, 0x4f, 0xf0, 0x0, 0x0, 0x0, 0xa, 0xf9,
    0x0, 0x0, 0x0, 0x0, 0xff, 0x30, 0x0, 0x0,

    /* U+0038 "8" */
    0x0, 0x6d, 0xfe, 0xb3, 0x0, 0xa, 0xff, 0xff,
    0xff, 0x40, 0x4f, 0xf5, 0x1, 0xbf, 0xd0, 0x9f,
    0x90, 0x0, 0xf, 0xf1, 0x9f, 0x70, 0x0, 0xe,
    0xf2, 0x5f, 0xd1, 0x0, 0x6f, 0xd0, 0xa, 0xfe,
    0xbc, 0xff, 0x40, 0x5, 0xff, 0xff, 0xfd, 0x10,
    0x3f, 0xf5, 0x1, 0xaf, 0xb0, 0xaf, 0x80, 0x0,
    0xe, 0xf2, 0xdf, 0x40, 0x0, 0xb, 0xf6, 0xdf,
    0x40, 0x0, 0xb, 0xf6, 0xbf, 0x80, 0x0, 0xe,
    0xf4, 0x6f, 0xf4, 0x1, 0xaf, 0xe0, 0xb, 0xff,
    0xff, 0xff, 0x50, 0x0, 0x7d, 0xfe, 0xb3, 0x0,

    /* U+0039 "9" */
    0x0, 0x8d, 0xfe, 0xa2, 0x0, 0xd, 0xff, 0xff,
    0xfe, 0x20, 0x7f, 0xe3, 0x1, 0xbf, 0xc0, 0xcf,
    0x60, 0x0, 0x1f, 0xf1, 0xff, 0x20, 0x0, 0xd,
    0xf4, 0xef, 0x20, 0x0, 0xd, 0xf4, 0xcf, 0x60,
    0x0, 0x1f, 0xf4, 0x7f, 0xe4, 0x2, 0xcf, 0xf4,
    0xd, 0xff, 0xff, 0xff, 0xf4, 0x0, 0x7c, 0xdb,
    0x3d, 0xf4, 0x0, 0x0, 0x0, 0xd, 0xf4, 0x6a,
    0x40, 0x0, 0xd, 0xf4, 0x9f, 0x90, 0x0, 0xf,
    0xf3, 0x5f, 0xf5, 0x1, 0xaf, 0xf0, 0xb, 0xff,
    0xff, 0xff, 0x60, 0x0, 0x7d, 0xff, 0xb4, 0x0,

    /* U+003A ":" */
    0x3e, 0xb0, 0x9f, 0xf2, 0x4e, 0xb0, 0x0, 0x0,
    0x0, 0x0, 0x0, 0x0, 0x0, 0x0, 0x0, 0x0,
    0x3e, 0xb0, 0x9f, 0xf2, 0x4e, 0xb0,

    /* U+003B ";" */
    0x8, 0xf8, 0x0, 0xff, 0xf0, 0xc, 0xfc, 0x0,
    0x2, 0x0, 0x0, 0x0, 0x0, 0x0, 0x0, 0x0,
    0x0, 0x0, 0x27, 0x30, 0x8, 0xf5, 0x0, 0x9f,
    0x20, 0xb, 0xf0, 0x0, 0xdb, 0x0, 0xf, 0x80,
    0x0,

    /* U+003C "<" */
    0x0, 0x0, 0x0, 0x0, 0x17, 0x10, 0x0, 0x0,
    0x1, 0x8f, 0xf2, 0x0, 0x0, 0x18, 0xff, 0xfa,
    0x0, 0x2, 0x9f, 0xff, 0x92, 0x0, 0x9, 0xff,
    0xe8, 0x10, 0x0, 0x3, 0xff, 0x70, 0x0, 0x0,
    0x0, 0x2f, 0xff, 0x81, 0x0, 0x0, 0x0, 0x18,
    0xff, 0xf9, 0x20, 0x0, 0x0, 0x0, 0x7e, 0xff,
    0xb3, 0x0, 0x0, 0x0, 0x7, 0xef, 0xf1, 0x0,
    0x0, 0x0, 0x0, 0x6e, 0x10, 0x0, 0x0, 0x0,
    0x0, 0x0,

    /* U+003D "=" */
    0x3e, 0xee, 0xee, 0xee, 0xee, 0x13, 0xff, 0xff,
    0xff, 0xff, 0xf1, 0x0, 0x0, 0x0, 0x0, 0x0,
    0x0, 0x0, 0x0, 0x0, 0x0, 0x0, 0x0, 0x0,
    0x0, 0x0, 0x0, 0x3, 0xee, 0xee, 0xee, 0xee,
    0xe1, 0x3f, 0xff, 0xff, 0xff, 0xff, 0x10,

    /* U+003E ">" */
    0x27, 0x0, 0x0, 0x0, 0x0, 0x3, 0xfe, 0x70,
    0x0, 0x0, 0x0, 0x1b, 0xff, 0xf8, 0x10, 0x0,
    0x0, 0x2, 0xaf, 0xff, 0x81, 0x0, 0x0, 0x0,
    0x19, 0xff, 0xf9, 0x0, 0x0, 0x0, 0x1, 0x9f,
    0xf2, 0x0, 0x0, 0x2, 0x9f, 0xfe, 0x10, 0x0,
    0x3a, 0xff, 0xe7, 0x0, 0x4, 0xcf, 0xfe, 0x60,
    0x0, 0x3, 0xff, 0xd6, 0x0, 0x0, 0x0, 0x3d,
    0x50, 0x0, 0x0, 0x0, 0x0, 0x0, 0x0, 0x0,
    0x0, 0x0,

    /* U+003F "?" */
    0x0, 0x2a, 0xef, 0xe8, 0x10, 0x3, 0xff, 0xff,
    0xff, 0xd0, 0xd, 0xfb, 0x20, 0x5f, 0xf7, 0x1f,
    0xf1, 0x0, 0x7, 0xfb, 0x2f, 0xe0, 0x0, 0x6,
    0xfc, 0x0, 0x0, 0x0, 0xc, 0xf8, 0x0, 0x0,
    0x0, 0xaf, 0xe1, 0x0, 0x0, 0x1c, 0xfe, 0x20,
    0x0, 0x0, 0xcf, 0xc1, 0x0, 0x0, 0x1, 0xff,
    0x10, 0x0, 0x0, 0x2, 0xff, 0x0, 0x0, 0x0,
    0x0, 0x33, 0x0, 0x0, 0x0, 0x0, 0x0, 0x0,
    0x0, 0x0, 0x3, 0xec, 0x0, 0x0, 0x0, 0x8,
    0xff, 0x30, 0x0, 0x0, 0x3, 0xec, 0x0, 0x0,

    /* U+0040 "@" */
    0x0, 0x0, 0x0, 0x0, 0x11, 0x0, 0x0, 0x0,
    0x0, 0x0, 0x6, 0xcf, 0xff, 0xfa, 0x40, 0x0,
    0x0, 0x3, 0xdf, 0xc7, 0x55, 0x8d, 0xf9, 0x0,
    0x0, 0x4f, 0xc2, 0x0, 0x0, 0x0, 0x7f, 0x80,
    0x2, 0xfb, 0x0, 0x0, 0x0, 0x10, 0x8, 0xf2,
    0xc, 0xd1, 0x1, 0xbf, 0xf9, 0xf4, 0x1, 0xf8,
    0x3f, 0x60, 0xc, 0xe5, 0x6f, 0xf2, 0x0, 0xcb,
    0x8f, 0x0, 0x4f, 0x30, 0xa, 0xf0, 0x0, 0xad,
    0xbd, 0x0, 0x7f, 0x0, 0x9, 0xe0, 0x0, 0xbd,
    0xcb, 0x0, 0xad, 0x0, 0xb, 0xc0, 0x0, 0xea,
    0xcb, 0x0, 0xbc, 0x0, 0xf, 0xb0, 0x3, 0xf5,
    0xad, 0x0, 0x8f, 0x52, 0xbf, 0xf4, 0x3d, 0xd0,
    0x7f, 0x10, 0x1c, 0xff, 0xe6, 0xef, 0xfe, 0x30,
    0x1f, 0x90, 0x0, 0x34, 0x0, 0x4, 0x30, 0x0,
    0x8, 0xf7, 0x0, 0x0, 0x0, 0x0, 0x0, 0x0,
    0x0, 0xbf, 0xc6, 0x32, 0x48, 0xe5, 0x0, 0x0,
    0x0, 0x7, 0xef, 0xff, 0xfe, 0x81, 0x0, 0x0,
    0x0, 0x0, 0x2, 0x44, 0x20, 0x0, 0x0, 0x0,

    /* U+0041 "A" */
    0x0, 0x0, 0x8, 0xff, 0x50, 0x0, 0x0, 0x0,
    0x0, 0xd, 0xff, 0xa0, 0x0, 0x0, 0x0, 0x0,
    0x2f, 0xff, 0xf0, 0x0, 0x0, 0x0, 0x0, 0x7f,
    0x9c, 0xf4, 0x0, 0x0, 0x0, 0x0, 0xcf, 0x47,
    0xf9, 0x0, 0x0, 0x0, 0x1, 0xff, 0x2, 0xfe,
    0x0, 0x0, 0x0, 0x6, 0xfb, 0x0, 0xdf, 0x30,
    0x0, 0x0, 0xb, 0xf6, 0x0, 0x9f, 0x80, 0x0,
    0x0, 0xf, 0xf1, 0x0, 0x4f, 0xd0, 0x0, 0x0,
    0x5f, 0xc0, 0x0, 0xe, 0xf2, 0x0, 0x0, 0xaf,
    0x70, 0x0, 0xa, 0xf7, 0x0, 0x0, 0xff, 0xdd,
    0xdd, 0xde, 0xfc, 0x0, 0x4, 0xff, 0xff, 0xff,
    0xff, 0xff, 0x10, 0x9, 0xf9, 0x0, 0x0, 0x0,
    0xcf, 0x60, 0xe, 0xf5, 0x0, 0x0, 0x0, 0x7f,
    0xb0, 0x2f, 0xf0, 0x0, 0x0, 0x0, 0x2f, 0xf0,

    /* U+0042 "B" */
    0x2f, 0xff, 0xff, 0xfe, 0xa2, 0x0, 0x3f, 0xff,
    0xff, 0xff, 0xff, 0x40, 0x3f, 0xe0, 0x0, 0x2,
    0xcf, 0xd0, 0x3f, 0xe0, 0x0, 0x0, 0x2f, 0xf1,
    0x3f, 0xe0, 0x0, 0x0, 0xf, 0xf1, 0x3f, 0xe0,
    0x0, 0x0, 0x2f, 0xe0, 0x3f, 0xe0, 0x0, 0x3,
    0xdf, 0x70, 0x3f, 0xff, 0xff, 0xff, 0xf6, 0x0,
    0x3f, 0xfe, 0xee, 0xef, 0xfd, 0x20, 0x3f, 0xe0,
    0x0, 0x1, 0xaf, 0xd0, 0x3f, 0xe0, 0x0, 0x0,
    0xf, 0xf3, 0x3f, 0xe0, 0x0, 0x0, 0xc, 0xf5,
    0x3f, 0xe0, 0x0, 0x0, 0xf, 0xf3, 0x3f, 0xe0,
    0x0, 0x2, 0xbf, 0xe0, 0x3f, 0xff, 0xff, 0xff,
    0xff, 0x50, 0x2f, 0xff, 0xff, 0xfe, 0xa3, 0x0,

    /* U+0043 "C" */
    0x0, 0x18, 0xdf, 0xeb, 0x50, 0x0, 0x3, 0xef,
    0xff, 0xff, 0xfa, 0x0, 0xe, 0xfb, 0x20, 0x6,
    0xff, 0x70, 0x5f, 0xe0, 0x0, 0x0, 0x6f, 0xd0,
    0x8f, 0x90, 0x0, 0x0, 0x1f, 0xf0, 0x9f, 0x80,
    0x0, 0x0, 0x4, 0x40, 0x9f, 0x80, 0x0, 0x0,
    0x0, 0x0, 0x9f, 0x80, 0x0, 0x0, 0x0, 0x0,
    0x9f, 0x80, 0x0, 0x0, 0x0, 0x0, 0x9f, 0x80,
    0x0, 0x0, 0x0, 0x0, 0x9f, 0x80, 0x0, 0x0,
    0x4, 0x40, 0x8f, 0x90, 0x0, 0x0, 0x1f, 0xf0,
    0x5f, 0xe0, 0x0, 0x0, 0x6f, 0xd0, 0xe, 0xfb,
    0x20, 0x6, 0xff, 0x60, 0x3, 0xef, 0xff, 0xff,
    0xfa, 0x0, 0x0, 0x19, 0xdf, 0xeb, 0x50, 0x0,

    /* U+0044 "D" */
    0x2f, 0xff, 0xff, 0xfe, 0xa2, 0x0, 0x3f, 0xff,
    0xff, 0xff, 0xff, 0x30, 0x3f, 0xe0, 0x0, 0x2,
    0xcf, 0xe0, 0x3f, 0xe0, 0x0, 0x0, 0x1f, 0xf3,
    0x3f, 0xe0, 0x0, 0x0, 0xd, 0xf5, 0x3f, 0xe0,
    0x0, 0x0, 0xc, 0xf5, 0x3f, 0xe0, 0x0, 0x0,
    0xc, 0xf5, 0x3f, 0xe0, 0x0, 0x0, 0xc, 0xf5,
    0x3f, 0xe0, 0x0, 0x0, 0xc, 0xf5, 0x3f, 0xe0,
    0x0, 0x0, 0xc, 0xf5, 0x3f, 0xe0, 0x0, 0x0,
    0xc, 0xf5, 0x3f, 0xe0, 0x0, 0x0, 0xd, 0xf5,
    0x3f, 0xe0, 0x0, 0x0, 0x1f, 0xf3, 0x3f, 0xe0,
    0x0, 0x3, 0xcf, 0xe0, 0x3f, 0xff, 0xff, 0xff,
    0xff, 0x30, 0x2f, 0xff, 0xff, 0xfe, 0xa2, 0x0,

    /* U+0045 "E" */
    0x2f, 0xff, 0xff, 0xff, 0xff, 0xf0, 0x3f, 0xff,
    0xff, 0xff, 0xff, 0xe0, 0x3f, 0xe0, 0x0, 0x0,
    0x0, 0x0, 0x3f, 0xe0, 0x0, 0x0, 0x0, 0x0,
    0x3f, 0xe0, 0x0, 0x0, 0x0, 0x0, 0x3f, 0xe0,
    0x0, 0x0, 0x0, 0x0, 0x3f, 0xe0, 0x0, 0x0,
    0x0, 0x0, 0x3f, 0xff, 0xff, 0xff, 0x90, 0x0,
    0x3f, 0xff, 0xff, 0xff, 0x80, 0x0, 0x3f, 0xe0,
    0x0, 0x0, 0x0, 0x0, 0x3f, 0xe0, 0x0, 0x0,
    0x0, 0x0, 0x3f, 0xe0, 0x0, 0x0, 0x0, 0x0,
    0x3f, 0xe0, 0x0, 0x0, 0x0, 0x0, 0x3f, 0xe0,
    0x0, 0x0, 0x0, 0x0, 0x3f, 0xff, 0xff, 0xff,
    0xff, 0xf0, 0x2f, 0xff, 0xff, 0xff, 0xff, 0xf0,

    /* U+0046 "F" */
    0x2f, 0xff, 0xff, 0xff, 0xff, 0xf0, 0x3f, 0xff,
    0xff, 0xff, 0xff, 0xe0, 0x3f, 0xe0, 0x0, 0x0,
    0x0, 0x0, 0x3f, 0xe0, 0x0, 0x0, 0x0, 0x0,
    0x3f, 0xe0, 0x0, 0x0, 0x0, 0x0, 0x3f, 0xe0,
    0x0, 0x0, 0x0, 0x0, 0x3f, 0xe0, 0x0, 0x0,
    0x0, 0x0, 0x3f, 0xff, 0xff, 0xff, 0x80, 0x0,
    0x3f, 0xff, 0xff, 0xff, 0x80, 0x0, 0x3f, 0xe0,
    0x0, 0x0, 0x0, 0x0, 0x3f, 0xe0, 0x0, 0x0,
    0x0, 0x0, 0x3f, 0xe0, 0x0, 0x0, 0x0, 0x0,
    0x3f, 0xe0, 0x0, 0x0, 0x0, 0x0, 0x3f, 0xe0,
    0x0, 0x0, 0x0, 0x0, 0x3f, 0xe0, 0x0, 0x0,
    0x0, 0x0, 0x2f, 0xe0, 0x0, 0x0, 0x0, 0x0,

    /* U+0047 "G" */
    0x0, 0x18, 0xdf, 0xec, 0x60, 0x0, 0x3, 0xef,
    0xff, 0xff, 0xfb, 0x0, 0xe, 0xfc, 0x30, 0x6,
    0xef, 0x80, 0x5f, 0xe0, 0x0, 0x0, 0x5f, 0xe0,
    0x8f, 0x90, 0x0, 0x0, 0xf, 0xf0, 0x9f, 0x80,
    0x0, 0x0, 0x0, 0x0, 0x9f, 0x80, 0x0, 0x0,
    0x0, 0x0, 0x9f, 0x80, 0x4, 0xff, 0xff, 0xf1,
    0x9f, 0x80, 0x4, 0xff, 0xff, 0xf1, 0x9f, 0x80,
    0x0, 0x0, 0xf, 0xf1, 0x9f, 0x80, 0x0, 0x0,
    0xf, 0xf1, 0x8f, 0x90, 0x0, 0x0, 0x1f, 0xf0,
    0x5f, 0xe0, 0x0, 0x0, 0x6f, 0xc0, 0xe, 0xfc,
    0x30, 0x6, 0xff, 0x50, 0x3, 0xef, 0xff, 0xff,
    0xfa, 0x0, 0x0, 0x19, 0xdf, 0xfc, 0x50, 0x0,

    /* U+0048 "H" */
    0x2f, 0xe0, 0x0, 0x0, 0x9, 0xf7, 0x3f, 0xe0,
    0x0, 0x0, 0xa, 0xf7, 0x3f, 0xe0, 0x0, 0x0,
    0xa, 0xf7, 0x3f, 0xe0, 0x0, 0x0, 0xa, 0xf7,
    0x3f, 0xe0, 0x0, 0x0, 0xa, 0xf7, 0x3f, 0xe0,
    0x0, 0x0, 0xa, 0xf7, 0x3f, 0xe0, 0x0, 0x0,
    0xa, 0xf7, 0x3f, 0xff, 0xff, 0xff, 0xff, 0xf7,
    0x3f, 0xff, 0xff, 0xff, 0xff, 0xf7, 0x3f, 0xe0,
    0x0, 0x0, 0xa, 0xf7, 0x3f, 0xe0, 0x0, 0x0,
    0xa, 0xf7, 0x3f, 0xe0, 0x0, 0x0, 0xa, 0xf7,
    0x3f, 0xe0, 0x0, 0x0, 0xa, 0xf7, 0x3f, 0xe0,
    0x0, 0x0, 0xa, 0xf7, 0x3f, 0xe0, 0x0, 0x0,
    0xa, 0xf7, 0x2f, 0xe0, 0x0, 0x0, 0x9, 0xf7,

    /* U+0049 "I" */
    0x2f, 0xe3, 0xfe, 0x3f, 0xe3, 0xfe, 0x3f, 0xe3,
    0xfe, 0x3f, 0xe3, 0xfe, 0x3f, 0xe3, 0xfe, 0x3f,
    0xe3, 0xfe, 0x3f, 0xe3, 0xfe, 0x3f, 0xe2, 0xfe,

    /* U+004A "J" */
    0x0, 0x0, 0x0, 0x0, 0x2f, 0xe0, 0x0, 0x0,
    0x0, 0x2, 0xff, 0x0, 0x0, 0x0, 0x0, 0x2f,
    0xf0, 0x0, 0x0, 0x0, 0x2, 0xff, 0x0, 0x0,
    0x0, 0x0, 0x2f, 0xf0, 0x0, 0x0, 0x0, 0x2,
    0xff, 0x0, 0x0, 0x0, 0x0, 0x2f, 0xf0, 0x0,
    0x0, 0x0, 0x2, 0xff, 0x0, 0x0, 0x0, 0x0,
    0x2f, 0xf4, 0xb7, 0x0, 0x0, 0x2, 0xff, 0x7f,
    0xa0, 0x0, 0x0, 0x2f, 0xf6, 0xfb, 0x0, 0x0,
    0x3, 0xfe, 0x3f, 0xf1, 0x0, 0x0, 0x8f, 0xb0,
    0xdf, 0xc2, 0x0, 0x7f, 0xf5, 0x3, 0xef, 0xff,
    0xff, 0xf9, 0x0, 0x1, 0x9d, 0xfe, 0xb5, 0x0,

    /* U+004B "K" */
    0x2f, 0xe0, 0x0, 0x0, 0x1e, 0xf6, 0x3, 0xfe,
    0x0, 0x0, 0xc, 0xfa, 0x0, 0x3f, 0xe0, 0x0,
    0xa, 0xfc, 0x0, 0x3, 0xfe, 0x0, 0x8, 0xfe,
    0x10, 0x0, 0x3f, 0xe0, 0x6, 0xff, 0x30, 0x0,
    0x3, 0xfe, 0x4, 0xff, 0x50, 0x0, 0x0, 0x3f,
    0xe2, 0xef, 0x90, 0x0, 0x0, 0x3, 0xff, 0xdf,
    0xfc, 0x0, 0x0, 0x0, 0x3f, 0xff, 0xbe, 0xf6,
    0x0, 0x0, 0x3, 0xff, 0xc0, 0x5f, 0xf1, 0x0,
    0x0, 0x3f, 0xf1, 0x0, 0xbf, 0xb0, 0x0, 0x3,
    0xfe, 0x0, 0x2, 0xff, 0x50, 0x0, 0x3f, 0xe0,
    0x0, 0x7, 0xfe, 0x10, 0x3, 0xfe, 0x0, 0x0,
    0xc, 0xf9, 0x0, 0x3f, 0xe0, 0x0, 0x0, 0x3f,
    0xf3, 0x2, 0xfe, 0x0, 0x0, 0x0, 0x8f, 0xd0,

    /* U+004C "L" */
    0x2f, 0xe0, 0x0, 0x0, 0x0, 0x3, 0xfe, 0x0,
    0x0, 0x0, 0x0, 0x3f, 0xe0, 0x0, 0x0, 0x0,
    0x3, 0xfe, 0x0, 0x0, 0x0, 0x0, 0x3f, 0xe0,
    0x0, 0x0, 0x0, 0x3, 0xfe, 0x0, 0x0, 0x0,
    0x0, 0x3f, 0xe0, 0x0, 0x0, 0x0, 0x3, 0xfe,
    0x0, 0x0, 0x0, 0x0, 0x3f, 0xe0, 0x0, 0x0,
    0x0, 0x3, 0xfe, 0x0, 0x0, 0x0, 0x0, 0x3f,
    0xe0, 0x0, 0x0, 0x0, 0x3, 0xfe, 0x0, 0x0,
    0x0, 0x0, 0x3f, 0xe0, 0x0, 0x0, 0x0, 0x3,
    0xfe, 0x0, 0x0, 0x0, 0x0, 0x3f, 0xff, 0xff,
    0xff, 0xff, 0xc2, 0xff, 0xff, 0xff, 0xff, 0xfc,

    /* U+004D "M" */
    0x2f, 0xf3, 0x0, 0x0, 0x0, 0x7f, 0xe3, 0xff,
    0xc0, 0x0, 0x0, 0x2f, 0xfe, 0x3f, 0xff, 0x70,
    0x0, 0xb, 0xff, 0xe3, 0xff, 0xff, 0x20, 0x6,
    0xff, 0xfe, 0x3f, 0xeb, 0xfc, 0x1, 0xef, 0x9f,
    0xe3, 0xfe, 0x1f, 0xf6, 0xaf, 0xc3, 0xfe, 0x3f,
    0xe0, 0x6f, 0xff, 0xf2, 0x3f, 0xe3, 0xfe, 0x0,
    0xcf, 0xf8, 0x3, 0xfe, 0x3f, 0xe0, 0x2, 0xfd,
    0x0, 0x3f, 0xe3, 0xfe, 0x0, 0x1, 0x0, 0x3,
    0xfe, 0x3f, 0xe0, 0x0, 0x0, 0x0, 0x3f, 0xe3,
    0xfe, 0x0, 0x0, 0x0, 0x3, 0xfe, 0x3f, 0xe0,
    0x0, 0x0, 0x0, 0x3f, 0xe3, 0xfe, 0x0, 0x0,
    0x0, 0x3, 0xfe, 0x3f, 0xe0, 0x0, 0x0, 0x0,
    0x3f, 0xe2, 0xfe, 0x0, 0x0, 0x0, 0x2, 0xfe,

    /* U+004E "N" */
    0x2f, 0xf2, 0x0, 0x0, 0x1, 0xff, 0x3f, 0xfb,
    0x0, 0x0, 0x2, 0xff, 0x3f, 0xff, 0x40, 0x0,
    0x2, 0xff, 0x3f, 0xff, 0xd0, 0x0, 0x1, 0xff,
    0x3f, 0xec, 0xf7, 0x0, 0x1, 0xff, 0x3f, 0xe3,
    0xff, 0x10, 0x1, 0xff, 0x3f, 0xe0, 0x9f, 0xa0,
    0x1, 0xff, 0x3f, 0xe0, 0x1f, 0xf3, 0x1, 0xff,
    0x3f, 0xe0, 0x7, 0xfc, 0x1, 0xff, 0x3f, 0xe0,
    0x0, 0xdf, 0x61, 0xff, 0x3f, 0xe0, 0x0, 0x4f,
    0xe2, 0xff, 0x3f, 0xe0, 0x0, 0xa, 0xfb, 0xff,
    0x3f, 0xe0, 0x0, 0x1, 0xff, 0xff, 0x3f, 0xe0,
    0x0, 0x0, 0x7f, 0xff, 0x3f, 0xe0, 0x0, 0x0,
    0xd, 0xff, 0x2f, 0xe0, 0x0, 0x0, 0x4, 0xff,

    /* U+004F "O" */
    0x0, 0x18, 0xdf, 0xec, 0x50, 0x0, 0x2, 0xef,
    0xff, 0xff, 0xfb, 0x0, 0xd, 0xfc, 0x30, 0x6,
    0xff, 0x80, 0x4f, 0xe1, 0x0, 0x0, 0x5f, 0xe0,
    0x8f, 0xa0, 0x0, 0x0, 0xf, 0xf2, 0x9f, 0x80,
    0x0, 0x0, 0xd, 0xf4, 0x9f, 0x80, 0x0, 0x0,
    0xd, 0xf4, 0x9f, 0x80, 0x0, 0x0, 0xd, 0xf4,
    0x9f, 0x80, 0x0, 0x0, 0xd, 0xf4, 0x9f, 0x80,
    0x0, 0x0, 0xd, 0xf4, 0x9f, 0x80, 0x0, 0x0,
    0xd, 0xf4, 0x8f, 0xa0, 0x0, 0x0, 0xf, 0xf2,
    0x4f, 0xe1, 0x0, 0x0, 0x5f, 0xe0, 0xd, 0xfc,
    0x30, 0x5, 0xff, 0x80, 0x2, 0xef, 0xff, 0xff,
    0xfb, 0x0, 0x0, 0x18, 0xdf, 0xec, 0x60, 0x0,

    /* U+0050 "P" */
    0x4f, 0xff, 0xff, 0xfe, 0xb3, 0x0, 0x5f, 0xfe,
    0xee, 0xff, 0xff, 0x40, 0x5f, 0xc0, 0x0, 0x1,
    0xbf, 0xe0, 0x5f, 0xc0, 0x0, 0x0, 0xf, 0xf3,
    0x5f, 0xc0, 0x0, 0x0, 0xc, 0xf5, 0x5f, 0xc0,
    0x0, 0x0, 0xf, 0xf3, 0x5f, 0xc0, 0x0, 0x0,
    0xaf, 0xe0, 0x5f, 0xfd, 0xdd, 0xdf, 0xff, 0x40,
    0x5f, 0xff, 0xff, 0xfe, 0xb3, 0x0, 0x5f, 0xc0,
    0x0, 0x0, 0x0, 0x0, 0x5f, 0xc0, 0x0, 0x0,
    0x0, 0x0, 0x5f, 0xc0, 0x0, 0x0, 0x0, 0x0,
    0x5f, 0xc0, 0x0, 0x0, 0x0, 0x0, 0x5f, 0xc0,
    0x0, 0x0, 0x0, 0x0, 0x5f, 0xc0, 0x0, 0x0,
    0x0, 0x0, 0x4f, 0xc0, 0x0, 0x0, 0x0, 0x0,

    /* U+0051 "Q" */
    0x0, 0x3a, 0xef, 0xd9, 0x10, 0x0, 0x5f, 0xff,
    0xff, 0xfe, 0x30, 0x2f, 0xf9, 0x10, 0x2c, 0xfd,
    0x8, 0xfb, 0x0, 0x0, 0xe, 0xf5, 0xcf, 0x60,
    0x0, 0x0, 0x9f, 0x8d, 0xf4, 0x0, 0x0, 0x7,
    0xfa, 0xdf, 0x40, 0x0, 0x0, 0x7f, 0xad, 0xf4,
    0x0, 0x0, 0x7, 0xfa, 0xdf, 0x40, 0x0, 0x0,
    0x7f, 0xad, 0xf4, 0x0, 0x0, 0x7, 0xfa, 0xdf,
    0x40, 0x0, 0x0, 0x7f, 0xad, 0xf4, 0x0, 0x0,
    0x7, 0xfa, 0xbf, 0x70, 0x0, 0x0, 0xaf, 0x87,
    0xfe, 0x10, 0x0, 0x2f, 0xf4, 0x1e, 0xfe, 0x65,
    0x7f, 0xfc, 0x0, 0x2d, 0xff, 0xff, 0xfc, 0x10,
    0x0, 0x5, 0xdf, 0xb4, 0x0, 0x0, 0x0, 0xa,
    0xf7, 0x0, 0x0, 0x0, 0x0, 0xaf, 0x60, 0x0,
    0x0,

    /* U+0052 "R" */
    0x2f, 0xff, 0xff, 0xfe, 0xb3, 0x0, 0x3f, 0xff,
    0xff, 0xff, 0xff, 0x50, 0x3f, 0xe0, 0x0, 0x1,
    0xaf, 0xe0, 0x3f, 0xe0, 0x0, 0x0, 0xe, 0xf3,
    0x3f, 0xe0, 0x0, 0x0, 0xc, 0xf5, 0x3f, 0xe0,
    0x0, 0x0, 0xe, 0xf3, 0x3f, 0xe0, 0x0, 0x2,
    0xbf, 0xd0, 0x3f, 0xff, 0xff, 0xff, 0xff, 0x30,
    0x3f, 0xfd, 0xdd, 0xff, 0xa2, 0x0, 0x3f, 0xe0,
    0x0, 0x7f, 0x90, 0x0, 0x3f, 0xe0, 0x0, 0xf,
    0xf1, 0x0, 0x3f, 0xe0, 0x0, 0x9, 0xf8, 0x0,
    0x3f, 0xe0, 0x0, 0x2, 0xff, 0x0, 0x3f, 0xe0,
    0x0, 0x0, 0xbf, 0x70, 0x3f, 0xe0, 0x0, 0x0,
    0x4f, 0xe0, 0x2f, 0xe0, 0x0, 0x0, 0xc, 0xf5,

    /* U+0053 "S" */
    0x0, 0x6c, 0xff, 0xea, 0x30, 0x0, 0xbf, 0xff,
    0xff, 0xff, 0x70, 0x6f, 0xf5, 0x0, 0x29, 0xff,
    0x3a, 0xf7, 0x0, 0x0, 0xa, 0xf9, 0xaf, 0x60,
    0x0, 0x0, 0x6f, 0xb6, 0xfd, 0x10, 0x0, 0x0,
    0x21, 0xc, 0xff, 0x82, 0x0, 0x0, 0x0, 0x8,
    0xff, 0xfb, 0x40, 0x0, 0x0, 0x1, 0x7d, 0xff,
    0xc2, 0x0, 0x0, 0x0, 0x5, 0xdf, 0xe2, 0x34,
    0x0, 0x0, 0x0, 0xbf, 0xaf, 0xf1, 0x0, 0x0,
    0x4, 0xfd, 0xdf, 0x60, 0x0, 0x0, 0x6f, 0xc8,
    0xff, 0x61, 0x0, 0x4e, 0xf7, 0xb, 0xff, 0xff,
    0xff, 0xfc, 0x0, 0x6, 0xbe, 0xff, 0xc6, 0x0,

    /* U+0054 "T" */
    0x2f, 0xff, 0xff, 0xff, 0xff, 0xfc, 0x2f, 0xff,
    0xff, 0xff, 0xff, 0xfb, 0x0, 0x0, 0xd, 0xf4,
    0x0, 0x0, 0x0, 0x0, 0xd, 0xf4, 0x0, 0x0,
    0x0, 0x0, 0xd, 0xf4, 0x0, 0x0, 0x0, 0x0,
    0xd, 0xf4, 0x0, 0x0, 0x0, 0x0, 0xd, 0xf4,
    0x0, 0x0, 0x0, 0x0, 0xd, 0xf4, 0x0, 0x0,
    0x0, 0x0, 0xd, 0xf4, 0x0, 0x0, 0x0, 0x0,
    0xd, 0xf4, 0x0, 0x0, 0x0, 0x0, 0xd, 0xf4,
    0x0, 0x0, 0x0, 0x0, 0xd, 0xf4, 0x0, 0x0,
    0x0, 0x0, 0xd, 0xf4, 0x0, 0x0, 0x0, 0x0,
    0xd, 0xf4, 0x0, 0x0, 0x0, 0x0, 0xd, 0xf4,
    0x0, 0x0, 0x0, 0x0, 0xc, 0xf4, 0x0, 0x0,

    /* U+0055 "U" */
    0x5f, 0xb0, 0x0, 0x0, 0xa, 0xf6, 0x5f, 0xc0,
    0x0, 0x0, 0xa, 0xf7, 0x5f, 0xc0, 0x0, 0x0,
    0xa, 0xf7, 0x5f, 0xc0, 0x0, 0x0, 0xa, 0xf7,
    0x5f, 0xc0, 0x0, 0x0, 0xa, 0xf7, 0x5f, 0xc0,
    0x0, 0x0, 0xa, 0xf7, 0x5f, 0xc0, 0x0, 0x0,
    0xa, 0xf7, 0x5f, 0xc0, 0x0, 0x0, 0xa, 0xf7,
    0x5f, 0xc0, 0x0, 0x0, 0xa, 0xf7, 0x5f, 0xc0,
    0x0, 0x0, 0xa, 0xf7, 0x5f, 0xc0, 0x0, 0x0,
    0xa, 0xf7, 0x4f, 0xe0, 0x0, 0x0, 0xc, 0xf5,
    0x1f, 0xf3, 0x0, 0x0, 0x2f, 0xf2, 0xa, 0xfe,
    0x40, 0x3, 0xdf, 0xb0, 0x0, 0xcf, 0xff, 0xff,
    0xfd, 0x10, 0x0, 0x7, 0xcf, 0xfd, 0x80, 0x0,

    /* U+0056 "V" */
    0x2f, 0xf0, 0x0, 0x0, 0x0, 0xbf, 0x60, 0xef,
    0x50, 0x0, 0x0, 0xf, 0xf1, 0x9, 0xf9, 0x0,
    0x0, 0x5, 0xfd, 0x0, 0x4f, 0xe0, 0x0, 0x0,
    0x9f, 0x80, 0x0, 0xff, 0x30, 0x0, 0xe, 0xf3,
    0x0, 0xb, 0xf7, 0x0, 0x3, 0xfe, 0x0, 0x0,
    0x6f, 0xc0, 0x0, 0x7f, 0x90, 0x0, 0x1, 0xff,
    0x10, 0xc, 0xf4, 0x0, 0x0, 0xc, 0xf5, 0x1,
    0xff, 0x0, 0x0, 0x0, 0x7f, 0x90, 0x5f, 0xa0,
    0x0, 0x0, 0x2, 0xfe, 0xa, 0xf5, 0x0, 0x0,
    0x0, 0xd, 0xf3, 0xef, 0x10, 0x0, 0x0, 0x0,
    0x9f, 0xbf, 0xc0, 0x0, 0x0, 0x0, 0x4, 0xff,
    0xf7, 0x0, 0x0, 0x0, 0x0, 0xf, 0xff, 0x20,
    0x0, 0x0, 0x0, 0x0, 0xaf, 0xd0, 0x0, 0x0,

    /* U+0057 "W" */
    0x5f, 0xd0, 0x0, 0x0, 0x8f, 0xc0, 0x0, 0x0,
    0x7f, 0xa1, 0xff, 0x10, 0x0, 0xc, 0xff, 0x10,
    0x0, 0xb, 0xf6, 0xd, 0xf5, 0x0, 0x0, 0xff,
    0xf4, 0x0, 0x0, 0xff, 0x20, 0x9f, 0x90, 0x0,
    0x4f, 0xff, 0x90, 0x0, 0x3f, 0xe0, 0x4, 0xfe,
    0x0, 0x8, 0xfa, 0xfd, 0x0, 0x7, 0xfa, 0x0,
    0xf, 0xf2, 0x0, 0xcf, 0x3f, 0xf1, 0x0, 0xbf,
    0x60, 0x0, 0xcf, 0x60, 0xf, 0xf0, 0xbf, 0x50,
    0xf, 0xf1, 0x0, 0x8, 0xfa, 0x3, 0xfc, 0x7,
    0xf9, 0x4, 0xfd, 0x0, 0x0, 0x3f, 0xe0, 0x7f,
    0x80, 0x3f, 0xd0, 0x8f, 0x90, 0x0, 0x0, 0xff,
    0x2b, 0xf4, 0x0, 0xff, 0x1c, 0xf5, 0x0, 0x0,
    0xb, 0xf6, 0xff, 0x0, 0xb, 0xf6, 0xff, 0x10,
    0x0, 0x0, 0x7f, 0xdf, 0xd0, 0x0, 0x7f, 0xdf,
    0xd0, 0x0, 0x0, 0x2, 0xff, 0xf9, 0x0, 0x3,
    0xff, 0xf9, 0x0, 0x0, 0x0, 0xe, 0xff, 0x50,
    0x0, 0xf, 0xff, 0x50, 0x0, 0x0, 0x0, 0xaf,
    0xf1, 0x0, 0x0, 0xcf, 0xf1, 0x0, 0x0, 0x0,
    0x5, 0xfd, 0x0, 0x0, 0x7, 0xfc, 0x0, 0x0,

    /* U+0058 "X" */
    0x1f, 0xf3, 0x0, 0x0, 0x0, 0xef, 0x50, 0x7f,
    0xc0, 0x0, 0x0, 0x8f, 0xc0, 0x0, 0xdf, 0x60,
    0x0, 0x2f, 0xf2, 0x0, 0x4, 0xfe, 0x10, 0xb,
    0xf9, 0x0, 0x0, 0xb, 0xf9, 0x4, 0xfe, 0x10,
    0x0, 0x0, 0x2f, 0xf3, 0xdf, 0x60, 0x0, 0x0,
    0x0, 0x8f, 0xff, 0xc0, 0x0, 0x0, 0x0, 0x0,
    0xef, 0xf3, 0x0, 0x0, 0x0, 0x0, 0xe, 0xff,
    0x30, 0x0, 0x0, 0x0, 0x8, 0xff, 0xfc, 0x0,
    0x0, 0x0, 0x2, 0xff, 0x3d, 0xf6, 0x0, 0x0,
    0x0, 0xbf, 0x90, 0x4f, 0xe1, 0x0, 0x0, 0x4f,
    0xe1, 0x0, 0xbf, 0x90, 0x0, 0xd, 0xf6, 0x0,
    0x2, 0xff, 0x20, 0x7, 0xfc, 0x0, 0x0, 0x8,
    0xfb, 0x1, 0xff, 0x30, 0x0, 0x0, 0xe, 0xf4,

    /* U+0059 "Y" */
    0x1f, 0xf2, 0x0, 0x0, 0x4, 0xfe, 0x0, 0x9f,
    0xa0, 0x0, 0x0, 0xcf, 0x70, 0x1, 0xff, 0x20,
    0x0, 0x5f, 0xe0, 0x0, 0x9, 0xfa, 0x0, 0xd,
    0xf7, 0x0, 0x0, 0x1f, 0xf2, 0x5, 0xfe, 0x0,
    0x0, 0x0, 0x9f, 0xa0, 0xdf, 0x60, 0x0, 0x0,
    0x1, 0xff, 0x8f, 0xd0, 0x0, 0x0, 0x0, 0x8,
    0xff, 0xf6, 0x0, 0x0, 0x0, 0x0, 0x1f, 0xfd,
    0x0, 0x0, 0x0, 0x0, 0x0, 0xaf, 0x80, 0x0,
    0x0, 0x0, 0x0, 0xa, 0xf7, 0x0, 0x0, 0x0,
    0x0, 0x0, 0xaf, 0x70, 0x0, 0x0, 0x0, 0x0,
    0xa, 0xf7, 0x0, 0x0, 0x0, 0x0, 0x0, 0xaf,
    0x70, 0x0, 0x0, 0x0, 0x0, 0xa, 0xf7, 0x0,
    0x0, 0x0, 0x0, 0x0, 0x9f, 0x70, 0x0, 0x0,

    /* U+005A "Z" */
    0x1f, 0xff, 0xff, 0xff, 0xff, 0xf1, 0x1f, 0xff,
    0xff, 0xff, 0xff, 0xf1, 0x0, 0x0, 0x0, 0x0,
    0xaf, 0xc0, 0x0, 0x0, 0x0, 0x4, 0xff, 0x20,
    0x0, 0x0, 0x0, 0xe, 0xf7, 0x0, 0x0, 0x0,
    0x0, 0x9f, 0xd0, 0x0, 0x0, 0x0, 0x3, 0xff,
    0x30, 0x0, 0x0, 0x0, 0xd, 0xf8, 0x0, 0x0,
    0x0, 0x0, 0x8f, 0xd0, 0x0, 0x0, 0x0, 0x3,
    0xff, 0x30, 0x0, 0x0, 0x0, 0xd, 0xf9, 0x0,
    0x0, 0x0, 0x0, 0x7f, 0xe0, 0x0, 0x0, 0x0,
    0x2, 0xff, 0x40, 0x0, 0x0, 0x0, 0xc, 0xfa,
    0x0, 0x0, 0x0, 0x0, 0x1f, 0xff, 0xff, 0xff,
    0xff, 0xf1, 0x1f, 0xff, 0xff, 0xff, 0xff, 0xf1,

    /* U+005B "[" */
    0x4f, 0xff, 0xfc, 0x4f, 0xff, 0xfb, 0x4f, 0xd0,
    0x0, 0x4f, 0xd0, 0x0, 0x4f, 0xd0, 0x0, 0x4f,
    0xd0, 0x0, 0x4f, 0xd0, 0x0, 0x4f, 0xd0, 0x0,
    0x4f, 0xd0, 0x0, 0x4f, 0xd0, 0x0, 0x4f, 0xd0,
    0x0, 0x4f, 0xd0, 0x0, 0x4f, 0xd0, 0x0, 0x4f,
    0xd0, 0x0, 0x4f, 0xd0, 0x0, 0x4f, 0xd0, 0x0,
    0x4f, 0xd0, 0x0, 0x4f, 0xd0, 0x0, 0x4f, 0xd0,
    0x0, 0x4f, 0xff, 0xfc, 0x4f, 0xff, 0xfc,

    /* U+005C "\\" */
    0x6f, 0xa0, 0x0, 0x0, 0x1f, 0xf0, 0x0, 0x0,
    0xc, 0xf5, 0x0, 0x0, 0x7, 0xfa, 0x0, 0x0,
    0x2, 0xff, 0x0, 0x0, 0x0, 0xcf, 0x50, 0x0,
    0x0, 0x7f, 0xa0, 0x0, 0x0, 0x2f, 0xf0, 0x0,
    0x0, 0xc, 0xf5, 0x0, 0x0, 0x7, 0xfa, 0x0,
    0x0, 0x2, 0xff, 0x0, 0x0, 0x0, 0xcf, 0x50,
    0x0, 0x0, 0x7f, 0xa0, 0x0, 0x0, 0x2f, 0xf0,
    0x0, 0x0, 0xc, 0xf5, 0x0, 0x0, 0x7, 0xfa,

    /* U+005D "]" */
    0x2f, 0xff, 0xfe, 0x2f, 0xff, 0xfe, 0x0, 0x3,
    0xfe, 0x0, 0x3, 0xfe, 0x0, 0x3, 0xfe, 0x0,
    0x3, 0xfe, 0x0, 0x3, 0xfe, 0x0, 0x3, 0xfe,
    0x0, 0x3, 0xfe, 0x0, 0x3, 0xfe, 0x0, 0x3,
    0xfe, 0x0, 0x3, 0xfe, 0x0, 0x3, 0xfe, 0x0,
    0x3, 0xfe, 0x0, 0x3, 0xfe, 0x0, 0x3, 0xfe,
    0x0, 0x3, 0xfe, 0x0, 0x3, 0xfe, 0x0, 0x3,
    0xfe, 0x1e, 0xef, 0xfe, 0x2f, 0xff, 0xfe,

    /* U+005E "^" */
    0x0, 0x1, 0xff, 0x10, 0x0, 0x0, 0x7, 0xff,
    0x70, 0x0, 0x0, 0xd, 0xed, 0xd0, 0x0, 0x0,
    0x3f, 0x87, 0xf3, 0x0, 0x0, 0x9f, 0x31, 0xf9,
    0x0, 0x0, 0xed, 0x0, 0xcf, 0x0, 0x4, 0xf7,
    0x0, 0x6f, 0x60, 0xa, 0xf2, 0x0, 0x1f, 0xc0,
    0xf, 0xc0, 0x0, 0xb, 0xf1,

    /* U+005F "_" */
    0x4b, 0xbb, 0xbb, 0xbb, 0xbb, 0x46, 0xff, 0xff,
    0xff, 0xff, 0xf6,

    /* U+0060 "`" */
    0x1f, 0xc0, 0x8, 0xf4, 0x0, 0xdc,

    /* U+0061 "a" */
    0x0, 0x18, 0xdf, 0xea, 0x20, 0x0, 0x2e, 0xff,
    0xff, 0xff, 0x30, 0xa, 0xfd, 0x20, 0x1b, 0xfc,
    0x0, 0x37, 0x40, 0x0, 0x2f, 0xf0, 0x0, 0x0,
    0x0, 0x1, 0xff, 0x0, 0x4, 0xbe, 0xff, 0xff,
    0xf0, 0x6, 0xff, 0xfd, 0xcc, 0xff, 0x0, 0xff,
    0x80, 0x0, 0x1f, 0xf0, 0x2f, 0xf0, 0x0, 0x2,
    0xff, 0x1, 0xff, 0x30, 0x1, 0xbf, 0xf0, 0xa,
    0xff, 0xcb, 0xff, 0xff, 0x0, 0x7, 0xdf, 0xea,
    0x3f, 0xf0,

    /* U+0062 "b" */
    0x6f, 0xa0, 0x0, 0x0, 0x0, 0x7f, 0xa0, 0x0,
    0x0, 0x0, 0x7f, 0xa0, 0x0, 0x0, 0x0, 0x7f,
    0xa0, 0x0, 0x0, 0x0, 0x7f, 0xa6, 0xdf, 0xd7,
    0x0, 0x7f, 0xff, 0xff, 0xff, 0xa0, 0x7f, 0xfb,
    0x10, 0x6f, 0xf4, 0x7f, 0xf2, 0x0, 0xb, 0xfa,
    0x7f, 0xd0, 0x0, 0x6, 0xfd, 0x7f, 0xb0, 0x0,
    0x4, 0xfe, 0x7f, 0xb0, 0x0, 0x3, 0xfe, 0x7f,
    0xd0, 0x0, 0x5, 0xfd, 0x7f, 0xf1, 0x0, 0xa,
    0xf9, 0x7f, 0xfb, 0x10, 0x5f, 0xf3, 0x7f, 0xff,
    0xff, 0xff, 0x90, 0x6f, 0xa5, 0xdf, 0xd7, 0x0,

    /* U+0063 "c" */
    0x0, 0x4b, 0xee, 0xc5, 0x0, 0x7, 0xff, 0xff,
    0xff, 0x80, 0x2f, 0xf7, 0x0, 0x6f, 0xf3, 0x8f,
    0xa0, 0x0, 0x9, 0xf9, 0xbf, 0x70, 0x0, 0x1,
    0x30, 0xcf, 0x50, 0x0, 0x0, 0x0, 0xcf, 0x50,
    0x0, 0x0, 0x0, 0xbf, 0x70, 0x0, 0x1, 0x10,
    0x7f, 0xb0, 0x0, 0x9, 0xf8, 0x1f, 0xf7, 0x0,
    0x6f, 0xf3, 0x6, 0xff, 0xff, 0xff, 0x80, 0x0,
    0x4b, 0xee, 0xc5, 0x0,

    /* U+0064 "d" */
    0x0, 0x0, 0x0, 0x7, 0xf9, 0x0, 0x0, 0x0,
    0x8, 0xf9, 0x0, 0x0, 0x0, 0x8, 0xf9, 0x0,
    0x0, 0x0, 0x8, 0xf9, 0x0, 0x5c, 0xfe, 0x88,
    0xf9, 0x7, 0xff, 0xff, 0xff, 0xf9, 0x1f, 0xf8,
    0x0, 0x9f, 0xf9, 0x7f, 0xe0, 0x0, 0xf, 0xf9,
    0xaf, 0x80, 0x0, 0xb, 0xf9, 0xbf, 0x60, 0x0,
    0x9, 0xf9, 0xbf, 0x60, 0x0, 0x9, 0xf9, 0xaf,
    0x70, 0x0, 0xa, 0xf9, 0x6f, 0xc0, 0x0, 0xe,
    0xf9, 0x1f, 0xf5, 0x0, 0x7f, 0xf9, 0x7, 0xff,
    0xcd, 0xff, 0xf9, 0x0, 0x5c, 0xfe, 0x88, 0xf9,

    /* U+0065 "e" */
    0x0, 0x4c, 0xef, 0xc6, 0x0, 0x7, 0xff, 0xff,
    0xff, 0x80, 0x2f, 0xf6, 0x0, 0x7f, 0xf1, 0x8f,
    0xa0, 0x0, 0xb, 0xf6, 0xbf, 0x60, 0x0, 0x7,
    0xf9, 0xbf, 0xff, 0xff, 0xff, 0xfa, 0xbf, 0xee,
    0xee, 0xee, 0xe8, 0xaf, 0x60, 0x0, 0x0, 0x0,
    0x6f, 0xa0, 0x0, 0x2, 0x20, 0x1f, 0xf7, 0x0,
    0x3d, 0xf3, 0x6, 0xff, 0xff, 0xff, 0xc0, 0x0,
    0x4b, 0xef, 0xd7, 0x0,

    /* U+0066 "f" */
    0x0, 0x5, 0xcf, 0xf3, 0x0, 0x2f, 0xff, 0xf2,
    0x0, 0x7f, 0xd1, 0x0, 0x0, 0x8f, 0x90, 0x0,
    0x4f, 0xff, 0xff, 0xf2, 0x4f, 0xff, 0xff, 0xf2,
    0x1, 0x9f, 0x91, 0x10, 0x0, 0x8f, 0x90, 0x0,
    0x0, 0x8f, 0x90, 0x0, 0x0, 0x8f, 0x90, 0x0,
    0x0, 0x8f, 0x90, 0x0, 0x0, 0x8f, 0x90, 0x0,
    0x0, 0x8f, 0x90, 0x0, 0x0, 0x8f, 0x90, 0x0,
    0x0, 0x8f, 0x90, 0x0, 0x0, 0x8f, 0x80, 0x0,

    /* U+0067 "g" */
    0x0, 0x7d, 0xfd, 0x89, 0xf8, 0xa, 0xff, 0xcd,
    0xff, 0xf8, 0x4f, 0xf4, 0x0, 0x6f, 0xf8, 0x9f,
    0xa0, 0x0, 0xd, 0xf8, 0xcf, 0x60, 0x0, 0xa,
    0xf8, 0xdf, 0x40, 0x0, 0x9, 0xf8, 0xdf, 0x40,
    0x0, 0x9, 0xf8, 0xcf, 0x50, 0x0, 0xa, 0xf8,
    0xaf, 0xa0, 0x0, 0xd, 0xf8, 0x4f, 0xf5, 0x0,
    0x7f, 0xf8, 0xa, 0xff, 0xee, 0xff, 0xf8, 0x0,
    0x7d, 0xfe, 0x8a, 0xf7, 0x0, 0x0, 0x0, 0xd,
    0xf5, 0x0, 0x1, 0x13, 0xaf, 0xf1, 0x0, 0x4f,
    0xff, 0xff, 0x50, 0x0, 0x4f, 0xfd, 0x92, 0x0,

    /* U+0068 "h" */
    0x6f, 0xa0, 0x0, 0x0, 0x0, 0x7f, 0xa0, 0x0,
    0x0, 0x0, 0x7f, 0xa0, 0x0, 0x0, 0x0, 0x7f,
    0xa0, 0x0, 0x0, 0x0, 0x7f, 0xa6, 0xdf, 0xe8,
    0x0, 0x7f, 0xff, 0xff, 0xff, 0xa0, 0x7f, 0xf8,
    0x0, 0x8f, 0xf3, 0x7f, 0xd0, 0x0, 0xd, 0xf6,
    0x7f, 0xa0, 0x0, 0xa, 0xf7, 0x7f, 0xa0, 0x0,
    0xa, 0xf7, 0x7f, 0xa0, 0x0, 0xa, 0xf7, 0x7f,
    0xa0, 0x0, 0xa, 0xf7, 0x7f, 0xa0, 0x0, 0xa,
    0xf7, 0x7f, 0xa0, 0x0, 0xa, 0xf7, 0x7f, 0xa0,
    0x0, 0xa, 0xf7, 0x6f, 0xa0, 0x0, 0xa, 0xf6,

    /* U+0069 "i" */
    0x3e, 0xc0, 0x8f, 0xf2, 0x3e, 0xb0, 0x0, 0x0,
    0x4f, 0xc0, 0x4f, 0xd0, 0x4f, 0xd0, 0x4f, 0xd0,
    0x4f, 0xd0, 0x4f, 0xd0, 0x4f, 0xd0, 0x4f, 0xd0,
    0x4f, 0xd0, 0x4f, 0xd0, 0x4f, 0xd0, 0x4f, 0xc0,

    /* U+006A "j" */
    0x0, 0x5f, 0xa0, 0x0, 0xbf, 0xf0, 0x0, 0x5e,
    0x90, 0x0, 0x0, 0x0, 0x0, 0x5f, 0xb0, 0x0,
    0x6f, 0xb0, 0x0, 0x6f, 0xb0, 0x0, 0x6f, 0xb0,
    0x0, 0x6f, 0xb0, 0x0, 0x6f, 0xb0, 0x0, 0x6f,
    0xb0, 0x0, 0x6f, 0xb0, 0x0, 0x6f, 0xb0, 0x0,
    0x6f, 0xb0, 0x0, 0x6f, 0xb0, 0x0, 0x6f, 0xb0,
    0x0, 0x7f, 0xa0, 0x2, 0xdf, 0x80, 0xef, 0xff,
    0x20, 0xee, 0xb3, 0x0,

    /* U+006B "k" */
    0x6f, 0xa0, 0x0, 0x0, 0x0, 0x7f, 0xa0, 0x0,
    0x0, 0x0, 0x7f, 0xa0, 0x0, 0x0, 0x0, 0x7f,
    0xa0, 0x0, 0x0, 0x0, 0x7f, 0xa0, 0x0, 0x8f,
    0xe1, 0x7f, 0xa0, 0x5, 0xff, 0x30, 0x7f, 0xa0,
    0x3f, 0xf5, 0x0, 0x7f, 0xa2, 0xef, 0x90, 0x0,
    0x7f, 0xbd, 0xff, 0x80, 0x0, 0x7f, 0xff, 0xbf,
    0xe0, 0x0, 0x7f, 0xfc, 0xa, 0xf6, 0x0, 0x7f,
    0xe1, 0x4, 0xfd, 0x0, 0x7f, 0xa0, 0x0, 0xdf,
    0x40, 0x7f, 0xa0, 0x0, 0x7f, 0xb0, 0x7f, 0xa0,
    0x0, 0x1f, 0xf2, 0x6f, 0xa0, 0x0, 0xa, 0xf8,

    /* U+006C "l" */
    0x6f, 0xa7, 0xfa, 0x7f, 0xa7, 0xfa, 0x7f, 0xa7,
    0xfa, 0x7f, 0xa7, 0xfa, 0x7f, 0xa7, 0xfa, 0x7f,
    0xa7, 0xfa, 0x7f, 0xa7, 0xfa, 0x7f, 0xa6, 0xfa,

    /* U+006D "m" */
    0x6f, 0xa7, 0xdf, 0xe8, 0x2, 0xae, 0xfc, 0x30,
    0x7f, 0xff, 0xde, 0xff, 0xbe, 0xfd, 0xff, 0xf1,
    0x7f, 0xf4, 0x0, 0x9f, 0xfc, 0x10, 0x1d, 0xf8,
    0x7f, 0xc0, 0x0, 0xf, 0xf5, 0x0, 0x6, 0xfb,
    0x7f, 0xa0, 0x0, 0xe, 0xf3, 0x0, 0x4, 0xfc,
    0x7f, 0xa0, 0x0, 0xe, 0xf3, 0x0, 0x4, 0xfc,
    0x7f, 0xa0, 0x0, 0xe, 0xf3, 0x0, 0x4, 0xfc,
    0x7f, 0xa0, 0x0, 0xe, 0xf3, 0x0, 0x4, 0xfc,
    0x7f, 0xa0, 0x0, 0xe, 0xf3, 0x0, 0x4, 0xfc,
    0x7f, 0xa0, 0x0, 0xe, 0xf3, 0x0, 0x4, 0xfc,
    0x7f, 0xa0, 0x0, 0xe, 0xf3, 0x0, 0x4, 0xfc,
    0x6f, 0xa0, 0x0, 0xe, 0xf2, 0x0, 0x4, 0xfc,

    /* U+006E "n" */
    0x6f, 0xa7, 0xdf, 0xe8, 0x0, 0x7f, 0xff, 0xdd,
    0xff, 0xa0, 0x7f, 0xf6, 0x0, 0x6f, 0xf3, 0x7f,
    0xd0, 0x0, 0xd, 0xf6, 0x7f, 0xa0, 0x0, 0xa,
    0xf7, 0x7f, 0xa0, 0x0, 0xa, 0xf7, 0x7f, 0xa0,
    0x0, 0xa, 0xf7, 0x7f, 0xa0, 0x0, 0xa, 0xf7,
    0x7f, 0xa0, 0x0, 0xa, 0xf7, 0x7f, 0xa0, 0x0,
    0xa, 0xf7, 0x7f, 0xa0, 0x0, 0xa, 0xf7, 0x6f,
    0xa0, 0x0, 0xa, 0xf6,

    /* U+006F "o" */
    0x0, 0x4b, 0xef, 0xc5, 0x0, 0x6, 0xff, 0xff,
    0xff, 0x80, 0x1f, 0xf8, 0x0, 0x6f, 0xf3, 0x7f,
    0xb0, 0x0, 0x8, 0xfa, 0xbf, 0x70, 0x0, 0x4,
    0xfd, 0xcf, 0x50, 0x0, 0x2, 0xff, 0xcf, 0x50,
    0x0, 0x2, 0xff, 0xaf, 0x70, 0x0, 0x4, 0xfd,
    0x7f, 0xb0, 0x0, 0x9, 0xfa, 0x1f, 0xf7, 0x0,
    0x5f, 0xf3, 0x6, 0xff, 0xff, 0xff, 0x80, 0x0,
    0x3b, 0xef, 0xc5, 0x0,

    /* U+0070 "p" */
    0x4f, 0xc5, 0xdf, 0xd7, 0x0, 0x5, 0xff, 0xfe,
    0xcf, 0xfb, 0x0, 0x5f, 0xfb, 0x0, 0x2e, 0xf5,
    0x5, 0xff, 0x20, 0x0, 0x7f, 0xb0, 0x5f, 0xe0,
    0x0, 0x3, 0xfe, 0x5, 0xfd, 0x0, 0x0, 0x2f,
    0xf0, 0x5f, 0xd0, 0x0, 0x2, 0xff, 0x5, 0xff,
    0x0, 0x0, 0x4f, 0xf0, 0x5f, 0xf3, 0x0, 0x9,
    0xfb, 0x5, 0xff, 0xc1, 0x5, 0xff, 0x50, 0x5f,
    0xff, 0xff, 0xff, 0xb0, 0x5, 0xfc, 0x5d, 0xfd,
    0x80, 0x0, 0x5f, 0xc0, 0x0, 0x0, 0x0, 0x5,
    0xfc, 0x0, 0x0, 0x0, 0x0, 0x5f, 0xc0, 0x0,
    0x0, 0x0, 0x4, 0xfc, 0x0, 0x0, 0x0, 0x0,

    /* U+0071 "q" */
    0x0, 0x5c, 0xfe, 0x88, 0xf9, 0x7, 0xff, 0xcd,
    0xff, 0xf9, 0x1f, 0xf5, 0x0, 0x7f, 0xf9, 0x6f,
    0xc0, 0x0, 0xe, 0xf9, 0xaf, 0x70, 0x0, 0xa,
    0xf9, 0xbf, 0x60, 0x0, 0x9, 0xf9, 0xbf, 0x60,
    0x0, 0x9, 0xf9, 0xaf, 0x80, 0x0, 0xb, 0xf9,
    0x7f, 0xd0, 0x0, 0xf, 0xf9, 0x1f, 0xf8, 0x0,
    0x9f, 0xf9, 0x7, 0xff, 0xff, 0xff, 0xf9, 0x0,
    0x6c, 0xfe, 0x88, 0xf9, 0x0, 0x0, 0x0, 0x8,
    0xf9, 0x0, 0x0, 0x0, 0x8, 0xf9, 0x0, 0x0,
    0x0, 0x8, 0xf9, 0x0, 0x0, 0x0, 0x7, 0xf9,

    /* U+0072 "r" */
    0x6f, 0xa5, 0xdf, 0xa7, 0xfd, 0xff, 0xfa, 0x7f,
    0xfc, 0x43, 0x27, 0xfe, 0x10, 0x0, 0x7f, 0xb0,
    0x0, 0x7, 0xfa, 0x0, 0x0, 0x7f, 0xa0, 0x0,
    0x7, 0xfa, 0x0, 0x0, 0x7f, 0xa0, 0x0, 0x7,
    0xfa, 0x0, 0x0, 0x7f, 0xa0, 0x0, 0x6, 0xfa,
    0x0, 0x0,

    /* U+0073 "s" */
    0x3, 0xae, 0xfe, 0x91, 0x4, 0xff, 0xec, 0xef,
    0xe1, 0xbf, 0x70, 0x0, 0xbf, 0x8d, 0xf4, 0x0,
    0x3, 0xa6, 0x9f, 0xe6, 0x10, 0x0, 0x1, 0xdf,
    0xff, 0xc6, 0x0, 0x0, 0x6c, 0xff, 0xfd, 0x10,
    0x0, 0x1, 0x7e, 0xf9, 0x9a, 0x0, 0x0, 0x6f,
    0xcc, 0xf7, 0x0, 0xa, 0xfa, 0x4f, 0xfd, 0xbe,
    0xff, 0x30, 0x3a, 0xef, 0xda, 0x20,

    /* U+0074 "t" */
    0x0, 0x9f, 0x50, 0x0, 0x0, 0xaf, 0x60, 0x0,
    0x0, 0xaf, 0x60, 0x0, 0x4f, 0xff, 0xff, 0xf0,
    0x3d, 0xff, 0xed, 0xd0, 0x0, 0xaf, 0x60, 0x0,
    0x0, 0xaf, 0x60, 0x0, 0x0, 0xaf, 0x60, 0x0,
    0x0, 0xaf, 0x60, 0x0, 0x0, 0xaf, 0x60, 0x0,
    0x0, 0xaf, 0x60, 0x0, 0x0, 0xaf, 0x60, 0x0,
    0x0, 0x9f, 0xb0, 0x0, 0x0, 0x5f, 0xff, 0xd0,
    0x0, 0x7, 0xdf, 0xe0,

    /* U+0075 "u" */
    0x9f, 0x70, 0x0, 0xc, 0xf4, 0x9f, 0x70, 0x0,
    0xc, 0xf4, 0x9f, 0x70, 0x0, 0xc, 0xf4, 0x9f,
    0x70, 0x0, 0xc, 0xf4, 0x9f, 0x70, 0x0, 0xc,
    0xf4, 0x9f, 0x70, 0x0, 0xc, 0xf4, 0x9f, 0x70,
    0x0, 0xc, 0xf4, 0x9f, 0x70, 0x0, 0xc, 0xf4,
    0x9f, 0x90, 0x0, 0xf, 0xf4, 0x6f, 0xf3, 0x0,
    0x8f, 0xf4, 0xd, 0xff, 0xde, 0xff, 0xf4, 0x1,
    0x9e, 0xfd, 0x6c, 0xf4,

    /* U+0076 "v" */
    0x4f, 0xf0, 0x0, 0x3, 0xff, 0x10, 0xff, 0x40,
    0x0, 0x7f, 0xc0, 0xa, 0xf9, 0x0, 0xc, 0xf7,
    0x0, 0x5f, 0xd0, 0x1, 0xff, 0x20, 0x1, 0xff,
    0x20, 0x5f, 0xd0, 0x0, 0xb, 0xf6, 0x9, 0xf8,
    0x0, 0x0, 0x6f, 0xb0, 0xef, 0x30, 0x0, 0x1,
    0xff, 0x3f, 0xe0, 0x0, 0x0, 0xc, 0xfb, 0xf9,
    0x0, 0x0, 0x0, 0x7f, 0xff, 0x40, 0x0, 0x0,
    0x3, 0xff, 0xf0, 0x0, 0x0, 0x0, 0xd, 0xfa,
    0x0, 0x0,

    /* U+0077 "w" */
    0x4f, 0xd0, 0x0, 0xe, 0xf2, 0x0, 0x7, 0xf9,
    0x1f, 0xf1, 0x0, 0x3f, 0xf6, 0x0, 0xc, 0xf5,
    0xc, 0xf5, 0x0, 0x7f, 0xfb, 0x0, 0xf, 0xf1,
    0x8, 0xf9, 0x0, 0xbf, 0xfe, 0x0, 0x4f, 0xc0,
    0x3, 0xfd, 0x0, 0xfe, 0xaf, 0x30, 0x8f, 0x80,
    0x0, 0xff, 0x13, 0xf9, 0x6f, 0x70, 0xcf, 0x40,
    0x0, 0xaf, 0x47, 0xf5, 0x2f, 0xb0, 0xff, 0x0,
    0x0, 0x6f, 0x8b, 0xf1, 0xd, 0xf4, 0xfb, 0x0,
    0x0, 0x2f, 0xdf, 0xd0, 0x9, 0xfc, 0xf6, 0x0,
    0x0, 0xd, 0xff, 0x90, 0x5, 0xff, 0xf2, 0x0,
    0x0, 0x9, 0xff, 0x50, 0x0, 0xff, 0xe0, 0x0,
    0x0, 0x4, 0xff, 0x10, 0x0, 0xcf, 0x90, 0x0,

    /* U+0078 "x" */
    0x3f, 0xe1, 0x0, 0x3, 0xff, 0x30, 0x9f, 0xa0,
    0x0, 0xcf, 0x90, 0x1, 0xef, 0x40, 0x7f, 0xe0,
    0x0, 0x5, 0xfe, 0x2f, 0xf4, 0x0, 0x0, 0xa,
    0xff, 0xfa, 0x0, 0x0, 0x0, 0x1e, 0xfe, 0x10,
    0x0, 0x0, 0x1, 0xef, 0xe1, 0x0, 0x0, 0x0,
    0xaf, 0xff, 0xa0, 0x0, 0x0, 0x5f, 0xf2, 0xef,
    0x40, 0x0, 0x1e, 0xf6, 0x5, 0xfe, 0x0, 0x9,
    0xfc, 0x0, 0xb, 0xf9, 0x3, 0xff, 0x20, 0x0,
    0x1f, 0xf3,

    /* U+0079 "y" */
    0x6f, 0xc0, 0x0, 0x4, 0xfe, 0x1, 0xff, 0x10,
    0x0, 0x9f, 0x90, 0xc, 0xf6, 0x0, 0xd, 0xf3,
    0x0, 0x6f, 0xb0, 0x2, 0xfe, 0x0, 0x1, 0xff,
    0x0, 0x7f, 0x90, 0x0, 0xc, 0xf4, 0xb, 0xf3,
    0x0, 0x0, 0x6f, 0x90, 0xfe, 0x0, 0x0, 0x1,
    0xfd, 0x5f, 0x90, 0x0, 0x0, 0xc, 0xfc, 0xf3,
    0x0, 0x0, 0x0, 0x7f, 0xfe, 0x0, 0x0, 0x0,
    0x1, 0xff, 0x90, 0x0, 0x0, 0x0, 0xe, 0xf3,
    0x0, 0x0, 0x0, 0x2, 0xfe, 0x0, 0x0, 0x0,
    0x0, 0xbf, 0x80, 0x0, 0x0, 0xc, 0xff, 0xe1,
    0x0, 0x0, 0x0, 0xee, 0xb2, 0x0, 0x0, 0x0,

    /* U+007A "z" */
    0x3f, 0xff, 0xff, 0xff, 0xf2, 0x3f, 0xff, 0xff,
    0xff, 0xf2, 0x1, 0x11, 0x11, 0xcf, 0xc0, 0x0,
    0x0, 0x7, 0xfe, 0x10, 0x0, 0x0, 0x3f, 0xf4,
    0x0, 0x0, 0x1, 0xef, 0x80, 0x0, 0x0, 0xb,
    0xfb, 0x0, 0x0, 0x0, 0x7f, 0xe1, 0x0, 0x0,
    0x4, 0xff, 0x40, 0x0, 0x0, 0x1e, 0xf8, 0x11,
    0x11, 0x0, 0x5f, 0xff, 0xff, 0xff, 0xf2, 0x5f,
    0xff, 0xff, 0xff, 0xf2,

    /* U+007B "{" */
    0x0, 0x1b, 0xff, 0x70, 0x9, 0xff, 0xf6, 0x0,
    0xcf, 0x90, 0x0, 0xd, 0xf5, 0x0, 0x0, 0xdf,
    0x40, 0x0, 0xd, 0xf4, 0x0, 0x0, 0xdf, 0x40,
    0x0, 0xd, 0xf4, 0x0, 0x0, 0xff, 0x30, 0x1,
    0xbf, 0xe0, 0x0, 0x4f, 0xf6, 0x0, 0x1, 0xaf,
    0xf0, 0x0, 0x0, 0xef, 0x30, 0x0, 0xd, 0xf4,
    0x0, 0x0, 0xdf, 0x40, 0x0, 0xd, 0xf4, 0x0,
    0x0, 0xdf, 0x40, 0x0, 0xd, 0xf4, 0x0, 0x0,
    0xcf, 0x90, 0x0, 0xa, 0xff, 0xf6, 0x0, 0x1c,
    0xff, 0x70,

    /* U+007C "|" */
    0x7, 0x70, 0x1f, 0xf0, 0x1f, 0xf0, 0x1f, 0xf0,
    0x1f, 0xf0, 0x1f, 0xf0, 0x1f, 0xf0, 0x1f, 0xf0,
    0x1f, 0xf0, 0x1f, 0xf0, 0x1f, 0xf0, 0x1f, 0xf0,
    0x1f, 0xf0, 0x1f, 0xf0, 0x1f, 0xf0, 0x1f, 0xf0,
    0x1f, 0xf0, 0x1f, 0xf0, 0x1f, 0xf0, 0x1f, 0xf0,

    /* U+007D "}" */
    0x4f, 0xfd, 0x30, 0x3, 0xff, 0xfd, 0x0, 0x0,
    0x5f, 0xf0, 0x0, 0x1, 0xff, 0x10, 0x0, 0xf,
    0xf1, 0x0, 0x0, 0xff, 0x10, 0x0, 0xf, 0xf1,
    0x0, 0x0, 0xff, 0x10, 0x0, 0xf, 0xf3, 0x0,
    0x0, 0xbf, 0xd3, 0x0, 0x2, 0xff, 0x70, 0x0,
    0xcf, 0xc2, 0x0, 0xf, 0xf2, 0x0, 0x0, 0xff,
    0x10, 0x0, 0xf, 0xf1, 0x0, 0x0, 0xff, 0x10,
    0x0, 0xf, 0xf1, 0x0, 0x1, 0xff, 0x10, 0x0,
    0x5f, 0xf0, 0x3, 0xef, 0xfd, 0x0, 0x4f, 0xfd,
    0x30, 0x0,

    /* U+007E "~" */
    0x0, 0x0, 0x0, 0x0, 0x0, 0x0, 0x1b, 0xfe,
    0x92, 0x6, 0xb1, 0xd, 0xff, 0xff, 0xff, 0xff,
    0x20, 0xa8, 0x1, 0x6c, 0xfd, 0x40, 0x0, 0x0,
    0x0, 0x0, 0x0, 0x0,

    /* U+00A0 " " */

    /* U+00A1 "¡" */
    0x7f, 0x8d, 0xfe, 0x6e, 0x80, 0x0, 0x0, 0x2,
    0xd6, 0x4f, 0x84, 0xf8, 0x4f, 0x94, 0xf9, 0x5f,
    0x95, 0xf9, 0x5f, 0xa6, 0xfa, 0x6f, 0xa6, 0xfa,

    /* U+00A2 "¢" */
    0x0, 0x1, 0xfb, 0x0, 0x0, 0x0, 0x1, 0xfb,
    0x0, 0x0, 0x0, 0x5c, 0xff, 0xc5, 0x0, 0x8,
    0xff, 0xff, 0xff, 0x90, 0x2f, 0xf6, 0x0, 0x5f,
    0xf4, 0x8f, 0xa0, 0x0, 0x9, 0xf9, 0xbf, 0x60,
    0x0, 0x1, 0x20, 0xcf, 0x50, 0x0, 0x0, 0x0,
    0xcf, 0x50, 0x0, 0x0, 0x0, 0xbf, 0x70, 0x0,
    0x1, 0x10, 0x7f, 0xb0, 0x0, 0x9, 0xf8, 0x2f,
    0xf7, 0x0, 0x6f, 0xf3, 0x6, 0xff, 0xff, 0xff,
    0x90, 0x0, 0x4b, 0xff, 0xc5, 0x0, 0x0, 0x1,
    0xfb, 0x0, 0x0, 0x0, 0x1, 0xfb, 0x0, 0x0,

    /* U+00A3 "£" */
    0x0, 0x0, 0x3b, 0xef, 0xd6, 0x0, 0x0, 0x4,
    0xff, 0xff, 0xff, 0x90, 0x0, 0xe, 0xfa, 0x10,
    0x4f, 0xf3, 0x0, 0x2f, 0xf0, 0x0, 0x5, 0x93,
    0x0, 0x4f, 0xe0, 0x0, 0x0, 0x0, 0x0, 0x4f,
    0xd0, 0x0, 0x0, 0x0, 0x0, 0x4f, 0xd0, 0x0,
    0x0, 0x0, 0x2d, 0xef, 0xfd, 0xdd, 0xd3, 0x0,
    0x2f, 0xff, 0xff, 0xff, 0xf4, 0x0, 0x0, 0x4f,
    0xd0, 0x0, 0x0, 0x0, 0x0, 0x4f, 0xd0, 0x0,
    0x0, 0x0, 0x0, 0x4f, 0xd0, 0x0, 0x0, 0x0,
    0x0, 0x6f, 0xa0, 0x0, 0x0, 0x0, 0x1, 0xdf,
    0x30, 0x0, 0x0, 0x0, 0x7, 0xff, 0xff, 0xff,
    0xff, 0xfa, 0x7, 0xff, 0xff, 0xff, 0xff, 0xfa,

    /* U+00A4 "¤" */
    0x8, 0x20, 0x0, 0x0, 0x4, 0x70, 0x4f, 0xe6,
    0xbf, 0xea, 0x5f, 0xf3, 0x8, 0xff, 0xff, 0xff,
    0xff, 0x60, 0x1, 0xff, 0x60, 0x9, 0xfd, 0x0,
    0x7, 0xf8, 0x0, 0x0, 0xcf, 0x20, 0xa, 0xf3,
    0x0, 0x0, 0x7f, 0x50, 0xa, 0xf3, 0x0, 0x0,
    0x7f, 0x50, 0x7, 0xf8, 0x0, 0x0, 0xdf, 0x20,
    0x1, 0xff, 0x70, 0x1a, 0xfd, 0x0, 0x7, 0xff,
    0xff, 0xff, 0xff, 0x60, 0x2f, 0xf6, 0xad, 0xd8,
    0x5f, 0xf1, 0x5, 0x30, 0x0, 0x0, 0x5, 0x40,

    /* U+00A5 "¥" */
    0xe, 0xf5, 0x0, 0x0, 0x2, 0xff, 0x20, 0x6f,
    0xd0, 0x0, 0x0, 0xaf, 0x90, 0x0, 0xdf, 0x60,
    0x0, 0x3f, 0xf1, 0x0, 0x5, 0xfe, 0x0, 0xb,
    0xf8, 0x0, 0x0, 0xc, 0xf6, 0x3, 0xff, 0x10,
    0x0, 0x0, 0x4f, 0xe0, 0xcf, 0x70, 0x0, 0x0,
    0x0, 0xbf, 0xbf, 0xe0, 0x0, 0x0, 0x0, 0x14,
    0xff, 0xf8, 0x10, 0x0, 0x0, 0xbf, 0xff, 0xff,
    0xff, 0xd0, 0x0, 0x2, 0x44, 0x9f, 0xb4, 0x43,
    0x0, 0x0, 0x1, 0x18, 0xfa, 0x11, 0x0, 0x0,
    0xb, 0xff, 0xff, 0xff, 0xfd, 0x0, 0x0, 0x24,
    0x49, 0xfb, 0x44, 0x30, 0x0, 0x0, 0x0, 0x7f,
    0xa0, 0x0, 0x0, 0x0, 0x0, 0x7, 0xfa, 0x0,
    0x0, 0x0, 0x0, 0x0, 0x7f, 0xa0, 0x0, 0x0,

    /* U+00A6 "¦" */
    0x5, 0x50, 0x1f, 0xf0, 0x1f, 0xf0, 0x1f, 0xf0,
    0x1f, 0xf0, 0x1f, 0xf0, 0x1f, 0xf0, 0x1f, 0xf0,
    0x1f, 0xf0, 0x0, 0x0, 0x0, 0x0, 0x5, 0x50,
    0x1f, 0xf0, 0x1f, 0xf0, 0x1f, 0xf0, 0x1f, 0xf0,
    0x1f, 0xf0, 0x1f, 0xf0, 0x1f, 0xf0, 0x1f, 0xf0,

    /* U+00A7 "§" */
    0x2, 0xae, 0xfc, 0x40, 0x2, 0xef, 0xff, 0xff,
    0x50, 0x9f, 0xc1, 0x9, 0xfd, 0xc, 0xf5, 0x0,
    0x1f, 0xf0, 0xaf, 0x70, 0x0, 0x44, 0x3, 0xff,
    0x60, 0x0, 0x0, 0x4, 0xef, 0xf9, 0x20, 0x0,
    0xbf, 0xff, 0xff, 0x40, 0x9f, 0xc1, 0x8, 0xfe,
    0xe, 0xf3, 0x0, 0xf, 0xf2, 0xef, 0x30, 0x0,
    0xff, 0x2b, 0xfb, 0x10, 0x8f, 0xd0, 0x2e, 0xff,
    0xff, 0xe3, 0x0, 0x18, 0xef, 0xf7, 0x0, 0x0,
    0x0, 0x5e, 0xf7, 0x6, 0x82, 0x0, 0x2f, 0xf0,
    0xbf, 0x60, 0x0, 0xff, 0x18, 0xfd, 0x10, 0x8f,
    0xe0, 0x1f, 0xff, 0xff, 0xf6, 0x0, 0x2b, 0xef,
    0xc5, 0x0,

    /* U+00A8 "¨" */
    0x2d, 0xc1, 0x2d, 0xc1, 0x6f, 0xf5, 0x6f, 0xf5,
    0x2e, 0xd1, 0x2e, 0xd1,

    /* U+00A9 "©" */
    0x0, 0x0, 0x0, 0x57, 0x86, 0x30, 0x0, 0x0,
    0x0, 0x0, 0x8, 0xff, 0xff, 0xff, 0xe5, 0x0,
    0x0, 0x0, 0x2d, 0xfa, 0x41, 0x2, 0x6d, 0xf9,
    0x0, 0x0, 0xd, 0xf4, 0x0, 0x0, 0x0, 0x8,
    0xf8, 0x0, 0x8, 0xf4, 0x0, 0x3c, 0xeb, 0x10,
    0x9, 0xf4, 0x0, 0xfa, 0x0, 0xd, 0x93, 0xca,
    0x0, 0xe, 0xb0, 0x5f, 0x40, 0x1, 0xf1, 0x4,
    0xb0, 0x0, 0x9f, 0x8, 0xf0, 0x0, 0x2f, 0x10,
    0x0, 0x0, 0x5, 0xf3, 0x9f, 0x0, 0x2, 0xf1,
    0x0, 0x0, 0x0, 0x3f, 0x49, 0xf0, 0x0, 0x2f,
    0x10, 0x0, 0x0, 0x4, 0xf4, 0x6f, 0x20, 0x2,
    0xf1, 0x3, 0x80, 0x0, 0x7f, 0x22, 0xf7, 0x0,
    0xe, 0x60, 0xab, 0x0, 0xc, 0xe0, 0xc, 0xe1,
    0x0, 0x5f, 0xfd, 0x20, 0x4, 0xf7, 0x0, 0x3f,
    0xb0, 0x0, 0x1, 0x0, 0x2, 0xed, 0x0, 0x0,
    0x7f, 0xc3, 0x0, 0x0, 0x5, 0xff, 0x30, 0x0,
    0x0, 0x5f, 0xfc, 0xa9, 0xae, 0xfd, 0x20, 0x0,
    0x0, 0x0, 0x18, 0xcf, 0xfe, 0xb6, 0x0, 0x0,
    0x0,

    /* U+00AA "ª" */
    0x5, 0xce, 0xc3, 0x2, 0xf6, 0x27, 0xf1, 0x2,
    0x0, 0xe, 0x40, 0x5c, 0xee, 0xf5, 0x3f, 0x52,
    0x1e, 0x58, 0xb0, 0x0, 0xf5, 0x6e, 0x10, 0x8f,
    0x50, 0xbf, 0xfa, 0xd4, 0x1, 0x22, 0x11, 0x9,
    0xff, 0xff, 0xf8, 0x24, 0x44, 0x44, 0x20,

    /* U+00AB "«" */
    0x0, 0x0, 0x10, 0x1, 0x0, 0x3, 0xfe, 0x9,
    0xf8, 0x0, 0xdf, 0x44, 0xfc, 0x0, 0x9f, 0x81,
    0xef, 0x20, 0x3f, 0xd0, 0xaf, 0x70, 0x3, 0xfd,
    0x9, 0xf8, 0x0, 0x8, 0xf9, 0xe, 0xf3, 0x0,
    0xd, 0xf4, 0x4f, 0xd0, 0x0, 0x2f, 0xe0, 0x9f,
    0x80,

    /* U+00AC "¬" */
    0x3f, 0xff, 0xff, 0xff, 0xff, 0x13, 0xff, 0xff,
    0xff, 0xff, 0xf2, 0x0, 0x0, 0x0, 0x0, 0xbf,
    0x20, 0x0, 0x0, 0x0, 0xb, 0xf2, 0x0, 0x0,
    0x0, 0x0, 0x57, 0x0,

    /* U+00AD "­" */
    0x3e, 0xee, 0xee, 0xee, 0x3, 0xff, 0xff, 0xff,
    0xf0,

    /* U+00AE "®" */
    0x0, 0x2a, 0xdd, 0x92, 0x0, 0x4, 0xe7, 0x22,
    0x8e, 0x20, 0xe, 0x43, 0xcb, 0x16, 0xd0, 0x4b,
    0x4, 0x87, 0x50, 0xd2, 0x69, 0x4, 0xde, 0x10,
    0xb4, 0x5b, 0x4, 0x8c, 0x10, 0xd3, 0xe, 0x21,
    0x44, 0x24, 0xd0, 0x6, 0xe4, 0x0, 0x5e, 0x40,
    0x0, 0x5d, 0xff, 0xc4, 0x0, 0x0, 0x0, 0x0,
    0x0, 0x0,

    /* U+00AF "¯" */
    0x89, 0x99, 0x98, 0xf, 0xff, 0xff, 0xf1,

    /* U+00B0 "°" */
    0x0, 0x0, 0x10, 0x0, 0x1, 0xbf, 0xfd, 0x40,
    0xd, 0xe7, 0x6c, 0xf3, 0x4f, 0x30, 0x0, 0xea,
    0x6f, 0x0, 0x0, 0xbb, 0x4f, 0x50, 0x1, 0xe9,
    0xb, 0xfa, 0x9e, 0xe2, 0x0, 0x8e, 0xfb, 0x20,

    /* U+00B1 "±" */
    0x0, 0x0, 0x6d, 0x40, 0x0, 0x0, 0x0, 0x7,
    0xf5, 0x0, 0x0, 0x0, 0x0, 0x7f, 0x50, 0x0,
    0x0, 0x0, 0x7, 0xf5, 0x0, 0x0, 0x3f, 0xff,
    0xff, 0xff, 0xfe, 0x13, 0xff, 0xff, 0xff, 0xff,
    0xf1, 0x0, 0x0, 0x7f, 0x50, 0x0, 0x0, 0x0,
    0x7, 0xf5, 0x0, 0x0, 0x0, 0x0, 0x7f, 0x50,
    0x0, 0x0, 0x0, 0x7, 0xf5, 0x0, 0x0, 0x0,
    0x0, 0x0, 0x0, 0x0, 0x0, 0x0, 0x0, 0x0,
    0x0, 0x0, 0x3e, 0xee, 0xee, 0xee, 0xee, 0x13,
    0xff, 0xff, 0xff, 0xff, 0xf1,

    /* U+00B2 "²" */
    0x4, 0xcf, 0xd5, 0x1, 0xfa, 0x49, 0xf2, 0x4f,
    0x20, 0xf, 0x60, 0x0, 0x6, 0xf2, 0x0, 0x3,
    0xf8, 0x0, 0x2, 0xeb, 0x0, 0x2, 0xec, 0x0,
    0x1, 0xdf, 0x54, 0x42, 0x3f, 0xff, 0xff, 0xa0,

    /* U+00B3 "³" */
    0x2f, 0xff, 0xff, 0x40, 0x44, 0x5e, 0xe1, 0x0,
    0xc, 0xe2, 0x0, 0x9, 0xfb, 0x20, 0x0, 0x14,
    0xae, 0x10, 0x0, 0x1, 0xf5, 0x3e, 0x20, 0x1f,
    0x50, 0xeb, 0x5b, 0xf1, 0x3, 0xcf, 0xd4, 0x0,

    /* U+00B4 "´" */
    0x2, 0xea, 0xa, 0xf2, 0x2f, 0x70,

    /* U+00B5 "µ" */
    0x6f, 0xa0, 0x0, 0xa, 0xf6, 0x7f, 0xa0, 0x0,
    0xa, 0xf6, 0x7f, 0xa0, 0x0, 0xa, 0xf6, 0x7f,
    0xa0, 0x0, 0xa, 0xf6, 0x7f, 0xa0, 0x0, 0xa,
    0xf6, 0x7f, 0xa0, 0x0, 0xa, 0xf6, 0x7f, 0xa0,
    0x0, 0xa, 0xf6, 0x7f, 0xa0, 0x0, 0xa, 0xf6,
    0x7f, 0xc0, 0x0, 0xd, 0xf6, 0x7f, 0xf4, 0x0,
    0x6f, 0xf6, 0x7f, 0xff, 0xdd, 0xff, 0xf6, 0x7f,
    0xfe, 0xfe, 0x8a, 0xf6, 0x7f, 0xa0, 0x0, 0x0,
    0x0, 0x7f, 0xa0, 0x0, 0x0, 0x0, 0x7f, 0xa0,
    0x0, 0x0, 0x0, 0x6f, 0xa0, 0x0, 0x0, 0x0,

    /* U+00B6 "¶" */
    0x0, 0x7, 0xdf, 0xff, 0xff, 0xf5, 0x1, 0xdf,
    0xff, 0xfa, 0xab, 0xf5, 0xa, 0xff, 0xff, 0xf0,
    0x3, 0xf5, 0x1f, 0xff, 0xff, 0xf0, 0x3, 0xf5,
    0x3f, 0xff, 0xff, 0xf0, 0x3, 0xf5, 0x3f, 0xff,
    0xff, 0xf0, 0x3, 0xf5, 0x1f, 0xff, 0xff, 0xf0,
    0x3, 0xf5, 0xa, 0xff, 0xff, 0xf0, 0x3, 0xf5,
    0x1, 0xdf, 0xff, 0xf0, 0x3, 0xf5, 0x0, 0x18,
    0xef, 0xf0, 0x3, 0xf5, 0x0, 0x0, 0x9, 0xf0,
    0x3, 0xf5, 0x0, 0x0, 0x9, 0xf0, 0x3, 0xf5,
    0x0, 0x0, 0x9, 0xf0, 0x3, 0xf5, 0x0, 0x0,
    0x9, 0xf0, 0x3, 0xf5, 0x0, 0x0, 0x9, 0xf0,
    0x3, 0xf5, 0x0, 0x0, 0x9, 0xf0, 0x3, 0xf5,
    0x0, 0x0, 0x9, 0xf0, 0x3, 0xf5, 0x0, 0x0,
    0x9, 0xf0, 0x3, 0xf5, 0x0, 0x0, 0x9, 0xf0,
    0x3, 0xf5, 0x0, 0x0, 0x9, 0xf0, 0x3, 0xf5,

    /* U+00B7 "·" */
    0x8e, 0x6f, 0xfc, 0x9f, 0x60,

    /* U+00B8 "¸" */
    0x14, 0x0, 0xc, 0xa0, 0x4, 0xf2, 0x16, 0xf4,
    0xef, 0xd0, 0x13, 0x0,

    /* U+00B9 "¹" */
    0x5e, 0xf3, 0x27, 0xf3, 0x3, 0xf3, 0x3, 0xf3,
    0x3, 0xf3, 0x3, 0xf3, 0x3, 0xf3, 0x3, 0xf3,
    0x2, 0xf3,

    /* U+00BA "º" */
    0x1, 0xaf, 0xe8, 0x0, 0xb, 0xe4, 0x5f, 0x70,
    0x1f, 0x50, 0x8, 0xd0, 0x2f, 0x30, 0x6, 0xf0,
    0x1f, 0x50, 0x8, 0xe0, 0xc, 0xc1, 0x2e, 0x90,
    0x2, 0xdf, 0xfb, 0x0, 0x0, 0x2, 0x10, 0x0,
    0x2, 0x22, 0x22, 0x20, 0x6f, 0xff, 0xff, 0xf4,
    0x15, 0x55, 0x55, 0x51,

    /* U+00BB "»" */
    0x1, 0x10, 0x1, 0x0, 0x0, 0xc, 0xf5, 0x3f,
    0xe0, 0x0, 0x2, 0xfe, 0x18, 0xf9, 0x0, 0x0,
    0x6f, 0xb0, 0xcf, 0x40, 0x0, 0xb, 0xf6, 0x2f,
    0xe1, 0x0, 0xc, 0xf5, 0x3f, 0xe0, 0x0, 0x7f,
    0xa0, 0xdf, 0x40, 0x2, 0xfe, 0x19, 0xf9, 0x0,
    0xd, 0xf4, 0x3f, 0xd0, 0x0,

    /* U+00BC "¼" */
    0x4e, 0xf3, 0x0, 0x0, 0x0, 0xb, 0xd0, 0x0,
    0x3, 0x9f, 0x30, 0x0, 0x0, 0x4, 0xf4, 0x0,
    0x0, 0x3, 0xf3, 0x0, 0x0, 0x0, 0xdb, 0x0,
    0x0, 0x0, 0x3f, 0x30, 0x0, 0x0, 0x7f, 0x20,
    0x0, 0x0, 0x3, 0xf3, 0x0, 0x0, 0x1f, 0x80,
    0x0, 0x0, 0x0, 0x3f, 0x30, 0x0, 0xa, 0xe0,
    0x0, 0x0, 0x0, 0x3, 0xf3, 0x0, 0x4, 0xf5,
    0x0, 0x6, 0x40, 0x0, 0x3f, 0x30, 0x0, 0xdc,
    0x0, 0x3, 0xf4, 0x0, 0x3, 0xf3, 0x0, 0x6f,
    0x20, 0x0, 0xbc, 0x0, 0x0, 0x2b, 0x20, 0x1e,
    0x90, 0x0, 0x2f, 0x50, 0x10, 0x0, 0x0, 0x9,
    0xe1, 0x0, 0xa, 0xd0, 0x2f, 0x40, 0x0, 0x3,
    0xf6, 0x0, 0x1, 0xf8, 0x14, 0xf5, 0x0, 0x0,
    0xcc, 0x0, 0x0, 0x6f, 0xff, 0xff, 0xf0, 0x0,
    0x6f, 0x30, 0x0, 0x1, 0x44, 0x46, 0xf7, 0x0,
    0xe, 0xa0, 0x0, 0x0, 0x0, 0x0, 0x3f, 0x40,
    0x8, 0xe1, 0x0, 0x0, 0x0, 0x0, 0x2, 0xf3,

    /* U+00BD "½" */
    0x5e, 0xf3, 0x0, 0x0, 0x0, 0xb, 0xd0, 0x0,
    0x2, 0x7f, 0x30, 0x0, 0x0, 0x4, 0xf4, 0x0,
    0x0, 0x3, 0xf3, 0x0, 0x0, 0x0, 0xdb, 0x0,
    0x0, 0x0, 0x3f, 0x30, 0x0, 0x0, 0x7f, 0x20,
    0x0, 0x0, 0x3, 0xf3, 0x0, 0x0, 0x1f, 0x80,
    0x0, 0x0, 0x0, 0x3f, 0x30, 0x0, 0x9, 0xe1,
    0x0, 0x0, 0x0, 0x3, 0xf3, 0x0, 0x3, 0xf6,
    0x2, 0xcf, 0xe5, 0x0, 0x3f, 0x30, 0x0, 0xcc,
    0x0, 0xdd, 0x49, 0xf2, 0x3, 0xf3, 0x0, 0x5f,
    0x30, 0x2f, 0x40, 0xf, 0x60, 0x2b, 0x20, 0xe,
    0xa0, 0x2, 0xb2, 0x2, 0xf5, 0x0, 0x0, 0x8,
    0xf1, 0x0, 0x0, 0x0, 0xbe, 0x0, 0x0, 0x1,
    0xf8, 0x0, 0x0, 0x0, 0x7f, 0x60, 0x0, 0x0,
    0xae, 0x0, 0x0, 0x0, 0x4f, 0xa0, 0x0, 0x0,
    0x3f, 0x50, 0x0, 0x0, 0x1e, 0xd0, 0x0, 0x0,
    0xd, 0xc0, 0x0, 0x0, 0xc, 0xf3, 0x11, 0x0,
    0x6, 0xf3, 0x0, 0x0, 0x3, 0xff, 0xff, 0xfb,
    0x0, 0x23, 0x0, 0x0, 0x0, 0x4, 0x44, 0x44,
    0x20,

    /* U+00BE "¾" */
    0x1, 0x11, 0x11, 0x0, 0x0, 0x0, 0x0, 0x10,
    0x0, 0x0, 0x2f, 0xff, 0xff, 0x40, 0x0, 0x0,
    0x9, 0xe0, 0x0, 0x0, 0x4, 0x44, 0xee, 0x10,
    0x0, 0x0, 0x3f, 0x60, 0x0, 0x0, 0x0, 0xb,
    0xe2, 0x0, 0x0, 0x0, 0xcc, 0x0, 0x0, 0x0,
    0x0, 0x9f, 0xb2, 0x0, 0x0, 0x6, 0xf3, 0x0,
    0x0, 0x0, 0x0, 0x25, 0xbe, 0x0, 0x0, 0xe,
    0x90, 0x0, 0x0, 0x0, 0x0, 0x0, 0x2f, 0x50,
    0x0, 0x8f, 0x10, 0x0, 0x0, 0x0, 0x3c, 0x10,
    0x1f, 0x50, 0x2, 0xf7, 0x0, 0xa, 0x70, 0x0,
    0x1f, 0x92, 0x8f, 0x20, 0xb, 0xd0, 0x0, 0x3f,
    0x40, 0x0, 0x6, 0xff, 0xf8, 0x0, 0x5f, 0x40,
    0x0, 0xad, 0x0, 0x0, 0x0, 0x13, 0x10, 0x0,
    0xdb, 0x0, 0x2, 0xf6, 0x1, 0x0, 0x0, 0x0,
    0x0, 0x7, 0xf2, 0x0, 0x9, 0xe0, 0x1f, 0x50,
    0x0, 0x0, 0x0, 0x1f, 0x80, 0x0, 0xf, 0x91,
    0x2f, 0x70, 0x0, 0x0, 0x0, 0xae, 0x0, 0x0,
    0x4f, 0xff, 0xff, 0xf1, 0x0, 0x0, 0x4, 0xf5,
    0x0, 0x0, 0x14, 0x44, 0x5f, 0x80, 0x0, 0x0,
    0xd, 0xc0, 0x0, 0x0, 0x0, 0x0, 0x1f, 0x60,
    0x0, 0x0, 0x6f, 0x30, 0x0, 0x0, 0x0, 0x0,
    0x1f, 0x50,

    /* U+00BF "¿" */
    0x0, 0x0, 0x4e, 0xb0, 0x0, 0x0, 0x0, 0xaf,
    0xf1, 0x0, 0x0, 0x0, 0x4e, 0xa0, 0x0, 0x0,
    0x0, 0x0, 0x0, 0x0, 0x0, 0x0, 0x14, 0x20,
    0x0, 0x0, 0x0, 0x5f, 0xc0, 0x0, 0x0, 0x0,
    0x7f, 0xb0, 0x0, 0x0, 0x4, 0xff, 0x50, 0x0,
    0x0, 0x6f, 0xf7, 0x0, 0x0, 0x6, 0xff, 0x50,
    0x0, 0x0, 0xe, 0xf6, 0x0, 0x0, 0x0, 0x1f,
    0xf0, 0x0, 0x4, 0xfc, 0x1f, 0xf1, 0x0, 0x7,
    0xfb, 0xd, 0xfb, 0x20, 0x5e, 0xf6, 0x4, 0xff,
    0xff, 0xff, 0xc0, 0x0, 0x3b, 0xff, 0xd7, 0x0,

    /* U+00C0 "À" */
    0x0, 0x0, 0x38, 0x30, 0x0, 0x0, 0x0, 0x0,
    0x0, 0x1e, 0xd0, 0x0, 0x0, 0x0, 0x0, 0x0,
    0x6, 0xf5, 0x0, 0x0, 0x0, 0x0, 0x0, 0x0,
    0x75, 0x0, 0x0, 0x0, 0x0, 0x0, 0x0, 0x0,
    0x0, 0x0, 0x0, 0x0, 0x0, 0x8, 0xff, 0x50,
    0x0, 0x0, 0x0, 0x0, 0xd, 0xff, 0xa0, 0x0,
    0x0, 0x0, 0x0, 0x2f, 0xff, 0xf0, 0x0, 0x0,
    0x0, 0x0, 0x7f, 0x9c, 0xf4, 0x0, 0x0, 0x0,
    0x0, 0xcf, 0x47, 0xf9, 0x0, 0x0, 0x0, 0x1,
    0xff, 0x2, 0xfe, 0x0, 0x0, 0x0, 0x6, 0xfb,
    0x0, 0xdf, 0x30, 0x0, 0x0, 0xb, 0xf6, 0x0,
    0x9f, 0x80, 0x0, 0x0, 0xf, 0xf1, 0x0, 0x4f,
    0xd0, 0x0, 0x0, 0x5f, 0xc0, 0x0, 0xe, 0xf2,
    0x0, 0x0, 0xaf, 0x70, 0x0, 0xa, 0xf7, 0x0,
    0x0, 0xff, 0xdd, 0xdd, 0xde, 0xfc, 0x0, 0x4,
    0xff, 0xff, 0xff, 0xff, 0xff, 0x10, 0x9, 0xf9,
    0x0, 0x0, 0x0, 0xcf, 0x60, 0xe, 0xf5, 0x0,
    0x0, 0x0, 0x7f, 0xb0, 0x2f, 0xf0, 0x0, 0x0,
    0x0, 0x2f, 0xf0,

    /* U+00C1 "Á" */
    0x0, 0x0, 0x0, 0x1e, 0xc0, 0x0, 0x0, 0x0,
    0x0, 0x0, 0x8f, 0x30, 0x0, 0x0, 0x0, 0x0,
    0x1, 0xf9, 0x0, 0x0, 0x0, 0x0, 0x0, 0x0,
    0x0, 0x0, 0x0, 0x0, 0x0, 0x0, 0x0, 0x0,
    0x0, 0x0, 0x0, 0x0, 0x0, 0x8, 0xff, 0x50,
    0x0, 0x0, 0x0, 0x0, 0xd, 0xff, 0xa0, 0x0,
    0x0, 0x0, 0x0, 0x2f, 0xff, 0xf0, 0x0, 0x0,
    0x0, 0x0, 0x7f, 0x9c, 0xf4, 0x0, 0x0, 0x0,
    0x0, 0xcf, 0x47, 0xf9, 0x0, 0x0, 0x0, 0x1,
    0xff, 0x2, 0xfe, 0x0, 0x0, 0x0, 0x6, 0xfb,
    0x0, 0xdf, 0x30, 0x0, 0x0, 0xb, 0xf6, 0x0,
    0x9f, 0x80, 0x0, 0x0, 0xf, 0xf1, 0x0, 0x4f,
    0xd0, 0x0, 0x0, 0x5f, 0xc0, 0x0, 0xe, 0xf2,
    0x0, 0x0, 0xaf, 0x70, 0x0, 0xa, 0xf7, 0x0,
    0x0, 0xff, 0xdd, 0xdd, 0xde, 0xfc, 0x0, 0x4,
    0xff, 0xff, 0xff, 0xff, 0xff, 0x10, 0x9, 0xf9,
    0x0, 0x0, 0x0, 0xcf, 0x60, 0xe, 0xf5, 0x0,
    0x0, 0x0, 0x7f, 0xb0, 0x2f, 0xf0, 0x0, 0x0,
    0x0, 0x2f, 0xf0,

    /* U+00C2 "Â" */
    0x0, 0x0, 0x3, 0x87, 0x10, 0x0, 0x0, 0x0,
    0x0, 0xd, 0xdf, 0xb0, 0x0, 0x0, 0x0, 0x0,
    0x9f, 0x36, 0xf6, 0x0, 0x0, 0x0, 0x0, 0x75,
    0x0, 0x76, 0x0, 0x0, 0x0, 0x0, 0x0, 0x0,
    0x0, 0x0, 0x0, 0x0, 0x0, 0x8, 0xff, 0x50,
    0x0, 0x0, 0x0, 0x0, 0xd, 0xff, 0xa0, 0x0,
    0x0, 0x0, 0x0, 0x2f, 0xff, 0xf0, 0x0, 0x0,
    0x0, 0x0, 0x7f, 0x9c, 0xf4, 0x0, 0x0, 0x0,
    0x0, 0xcf, 0x47, 0xf9, 0x0, 0x0, 0x0, 0x1,
    0xff, 0x2, 0xfe, 0x0, 0x0, 0x0, 0x6, 0xfb,
    0x0, 0xdf, 0x30, 0x0, 0x0, 0xb, 0xf6, 0x0,
    0x9f, 0x80, 0x0, 0x0, 0xf, 0xf1, 0x0, 0x4f,
    0xd0, 0x0, 0x0, 0x5f, 0xc0, 0x0, 0xe, 0xf2,
    0x0, 0x0, 0xaf, 0x70, 0x0, 0xa, 0xf7, 0x0,
    0x0, 0xff, 0xdd, 0xdd, 0xde, 0xfc, 0x0, 0x4,
    0xff, 0xff, 0xff, 0xff, 0xff, 0x10, 0x9, 0xf9,
    0x0, 0x0, 0x0, 0xcf, 0x60, 0xe, 0xf5, 0x0,
    0x0, 0x0, 0x7f, 0xb0, 0x2f, 0xf0, 0x0, 0x0,
    0x0, 0x2f, 0xf0,

    /* U+00C3 "Ã" */
    0x0, 0x0, 0x39, 0x60, 0x1, 0x0, 0x0, 0x0,
    0x3, 0xff, 0xfd, 0x9f, 0x30, 0x0, 0x0, 0x0,
    0x71, 0x4c, 0xfa, 0x0, 0x0, 0x0, 0x0, 0x0,
    0x0, 0x0, 0x0, 0x0, 0x0, 0x0, 0x0, 0x0,
    0x0, 0x0, 0x0, 0x0, 0x0, 0x8, 0xff, 0x50,
    0x0, 0x0, 0x0, 0x0, 0xd, 0xff, 0xa0, 0x0,
    0x0, 0x0, 0x0, 0x2f, 0xff, 0xf0, 0x0, 0x0,
    0x0, 0x0, 0x7f, 0x9c, 0xf4, 0x0, 0x0, 0x0,
    0x0, 0xcf, 0x47, 0xf9, 0x0, 0x0, 0x0, 0x1,
    0xff, 0x2, 0xfe, 0x0, 0x0, 0x0, 0x6, 0xfb,
    0x0, 0xdf, 0x30, 0x0, 0x0, 0xb, 0xf6, 0x0,
    0x9f, 0x80, 0x0, 0x0, 0xf, 0xf1, 0x0, 0x4f,
    0xd0, 0x0, 0x0, 0x5f, 0xc0, 0x0, 0xe, 0xf2,
    0x0, 0x0, 0xaf, 0x70, 0x0, 0xa, 0xf7, 0x0,
    0x0, 0xff, 0xdd, 0xdd, 0xde, 0xfc, 0x0, 0x4,
    0xff, 0xff, 0xff, 0xff, 0xff, 0x10, 0x9, 0xf9,
    0x0, 0x0, 0x0, 0xcf, 0x60, 0xe, 0xf5, 0x0,
    0x0, 0x0, 0x7f, 0xb0, 0x2f, 0xf0, 0x0, 0x0,
    0x0, 0x2f, 0xf0,

    /* U+00C4 "Ä" */
    0x0, 0x3, 0xec, 0x2, 0xec, 0x0, 0x0, 0x0,
    0x7, 0xff, 0x47, 0xff, 0x40, 0x0, 0x0, 0x2,
    0xdc, 0x2, 0xdc, 0x0, 0x0, 0x0, 0x0, 0x0,
    0x0, 0x0, 0x0, 0x0, 0x0, 0x0, 0x0, 0x0,
    0x0, 0x0, 0x0, 0x0, 0x0, 0x8, 0xff, 0x50,
    0x0, 0x0, 0x0, 0x0, 0xd, 0xff, 0xa0, 0x0,
    0x0, 0x0, 0x0, 0x2f, 0xff, 0xf0, 0x0, 0x0,
    0x0, 0x0, 0x7f, 0x9c, 0xf4, 0x0, 0x0, 0x0,
    0x0, 0xcf, 0x47, 0xf9, 0x0, 0x0, 0x0, 0x1,
    0xff, 0x2, 0xfe, 0x0, 0x0, 0x0, 0x6, 0xfb,
    0x0, 0xdf, 0x30, 0x0, 0x0, 0xb, 0xf6, 0x0,
    0x9f, 0x80, 0x0, 0x0, 0xf, 0xf1, 0x0, 0x4f,
    0xd0, 0x0, 0x0, 0x5f, 0xc0, 0x0, 0xe, 0xf2,
    0x0, 0x0, 0xaf, 0x70, 0x0, 0xa, 0xf7, 0x0,
    0x0, 0xff, 0xdd, 0xdd, 0xde, 0xfc, 0x0, 0x4,
    0xff, 0xff, 0xff, 0xff, 0xff, 0x10, 0x9, 0xf9,
    0x0, 0x0, 0x0, 0xcf, 0x60, 0xe, 0xf5, 0x0,
    0x0, 0x0, 0x7f, 0xb0, 0x2f, 0xf0, 0x0, 0x0,
    0x0, 0x2f, 0xf0,

    /* U+00C5 "Å" */
    0x0, 0x0, 0x0, 0x0, 0x0, 0x0, 0x0, 0x0,
    0x0, 0x8, 0xee, 0x50, 0x0, 0x0, 0x0, 0x0,
    0x5e, 0x56, 0xf2, 0x0, 0x0, 0x0, 0x0, 0x99,
    0x0, 0xd5, 0x0, 0x0, 0x0, 0x0, 0x7d, 0x24,
    0xf3, 0x0, 0x0, 0x0, 0x0, 0xb, 0xff, 0x80,
    0x0, 0x0, 0x0, 0x0, 0x0, 0x21, 0x0, 0x0,
    0x0, 0x0, 0x0, 0x0, 0x0, 0x0, 0x0, 0x0,
    0x0, 0x0, 0x8, 0xff, 0x50, 0x0, 0x0, 0x0,
    0x0, 0xd, 0xff, 0xa0, 0x0, 0x0, 0x0, 0x0,
    0x2f, 0xff, 0xf0, 0x0, 0x0, 0x0, 0x0, 0x7f,
    0x9c, 0xf4, 0x0, 0x0, 0x0, 0x0, 0xcf, 0x47,
    0xf9, 0x0, 0x0, 0x0, 0x1, 0xff, 0x2, 0xfe,
    0x0, 0x0, 0x0, 0x6, 0xfb, 0x0, 0xdf, 0x30,
    0x0, 0x0, 0xb, 0xf6, 0x0, 0x9f, 0x80, 0x0,
    0x0, 0xf, 0xf1, 0x0, 0x4f, 0xd0, 0x0, 0x0,
    0x5f, 0xc0, 0x0, 0xe, 0xf2, 0x0, 0x0, 0xaf,
    0x70, 0x0, 0xa, 0xf7, 0x0, 0x0, 0xff, 0xdd,
    0xdd, 0xde, 0xfc, 0x0, 0x4, 0xff, 0xff, 0xff,
    0xff, 0xff, 0x10, 0x9, 0xf9, 0x0, 0x0, 0x0,
    0xcf, 0x60, 0xe, 0xf5, 0x0, 0x0, 0x0, 0x7f,
    0xb0, 0x2f, 0xf0, 0x0, 0x0, 0x0, 0x2f, 0xf0,

    /* U+00C6 "Æ" */
    0x0, 0x0, 0x0, 0x0, 0x9f, 0xff, 0xff, 0xff,
    0xff, 0xf6, 0x0, 0x0, 0x0, 0x2, 0xff, 0xff,
    0xff, 0xff, 0xff, 0xf6, 0x0, 0x0, 0x0, 0xa,
    0xfe, 0xfc, 0x0, 0x0, 0x0, 0x0, 0x0, 0x0,
    0x0, 0x2f, 0xf7, 0xfc, 0x0, 0x0, 0x0, 0x0,
    0x0, 0x0, 0x0, 0xaf, 0xa5, 0xfc, 0x0, 0x0,
    0x0, 0x0, 0x0, 0x0, 0x2, 0xff, 0x25, 0xfc,
    0x0, 0x0, 0x0, 0x0, 0x0, 0x0, 0xa, 0xfa,
    0x5, 0xfc, 0x0, 0x0, 0x0, 0x0, 0x0, 0x0,
    0x2f, 0xf2, 0x5, 0xff, 0xff, 0xff, 0xf0, 0x0,
    0x0, 0x0, 0xaf, 0xa0, 0x5, 0xff, 0xff, 0xff,
    0xf0, 0x0, 0x0, 0x2, 0xff, 0x20, 0x5, 0xfc,
    0x0, 0x0, 0x0, 0x0, 0x0, 0xa, 0xfa, 0x0,
    0x5, 0xfc, 0x0, 0x0, 0x0, 0x0, 0x0, 0x2f,
    0xfe, 0xdd, 0xde, 0xfc, 0x0, 0x0, 0x0, 0x0,
    0x0, 0xaf, 0xff, 0xff, 0xff, 0xfc, 0x0, 0x0,
    0x0, 0x0, 0x2, 0xff, 0x30, 0x0, 0x5, 0xfc,
    0x0, 0x0, 0x0, 0x0, 0xa, 0xfb, 0x0, 0x0,
    0x5, 0xff, 0xff, 0xff, 0xff, 0xf6, 0x1f, 0xf3,
    0x0, 0x0, 0x4, 0xff, 0xff, 0xff, 0xff, 0xf6,

    /* U+00C7 "Ç" */
    0x0, 0x18, 0xdf, 0xeb, 0x50, 0x0, 0x3, 0xef,
    0xff, 0xff, 0xfa, 0x0, 0xe, 0xfb, 0x20, 0x6,
    0xff, 0x70, 0x5f, 0xe0, 0x0, 0x0, 0x6f, 0xd0,
    0x8f, 0x90, 0x0, 0x0, 0x1f, 0xf0, 0x9f, 0x80,
    0x0, 0x0, 0x4, 0x40, 0x9f, 0x80, 0x0, 0x0,
    0x0, 0x0, 0x9f, 0x80, 0x0, 0x0, 0x0, 0x0,
    0x9f, 0x80, 0x0, 0x0, 0x0, 0x0, 0x9f, 0x80,
    0x0, 0x0, 0x0, 0x0, 0x9f, 0x80, 0x0, 0x0,
    0x3, 0x40, 0x9f, 0x90, 0x0, 0x0, 0x1f, 0xf0,
    0x5f, 0xe0, 0x0, 0x0, 0x6f, 0xd0, 0xe, 0xfb,
    0x20, 0x6, 0xff, 0x70, 0x3, 0xef, 0xff, 0xff,
    0xfb, 0x0, 0x0, 0x18, 0xef, 0xfc, 0x60, 0x0,
    0x0, 0x0, 0x2e, 0x60, 0x0, 0x0, 0x0, 0x0,
    0x7, 0xf0, 0x0, 0x0, 0x0, 0x0, 0x5c, 0xf0,
    0x0, 0x0, 0x0, 0x2, 0xee, 0x70, 0x0, 0x0,

    /* U+00C8 "È" */
    0x0, 0x3, 0x83, 0x0, 0x0, 0x0, 0x0, 0x1,
    0xfc, 0x0, 0x0, 0x0, 0x0, 0x0, 0x7f, 0x40,
    0x0, 0x0, 0x0, 0x0, 0x7, 0x40, 0x0, 0x0,
    0x0, 0x0, 0x0, 0x0, 0x0, 0x0, 0x2f, 0xff,
    0xff, 0xff, 0xff, 0xf0, 0x3f, 0xff, 0xff, 0xff,
    0xff, 0xe0, 0x3f, 0xe0, 0x0, 0x0, 0x0, 0x0,
    0x3f, 0xe0, 0x0, 0x0, 0x0, 0x0, 0x3f, 0xe0,
    0x0, 0x0, 0x0, 0x0, 0x3f, 0xe0, 0x0, 0x0,
    0x0, 0x0, 0x3f, 0xe0, 0x0, 0x0, 0x0, 0x0,
    0x3f, 0xff, 0xff, 0xff, 0x90, 0x0, 0x3f, 0xff,
    0xff, 0xff, 0x80, 0x0, 0x3f, 0xe0, 0x0, 0x0,
    0x0, 0x0, 0x3f, 0xe0, 0x0, 0x0, 0x0, 0x0,
    0x3f, 0xe0, 0x0, 0x0, 0x0, 0x0, 0x3f, 0xe0,
    0x0, 0x0, 0x0, 0x0, 0x3f, 0xe0, 0x0, 0x0,
    0x0, 0x0, 0x3f, 0xff, 0xff, 0xff, 0xff, 0xf0,
    0x2f, 0xff, 0xff, 0xff, 0xff, 0xf0,

    /* U+00C9 "É" */
    0x0, 0x0, 0x2, 0xeb, 0x0, 0x0, 0x0, 0x0,
    0xa, 0xf3, 0x0, 0x0, 0x0, 0x0, 0x2f, 0x80,
    0x0, 0x0, 0x0, 0x0, 0x0, 0x0, 0x0, 0x0,
    0x0, 0x0, 0x0, 0x0, 0x0, 0x0, 0x2f, 0xff,
    0xff, 0xff, 0xff, 0xf0, 0x3f, 0xff, 0xff, 0xff,
    0xff, 0xe0, 0x3f, 0xe0, 0x0, 0x0, 0x0, 0x0,
    0x3f, 0xe0, 0x0, 0x0, 0x0, 0x0, 0x3f, 0xe0,
    0x0, 0x0, 0x0, 0x0, 0x3f, 0xe0, 0x0, 0x0,
    0x0, 0x0, 0x3f, 0xe0, 0x0, 0x0, 0x0, 0x0,
    0x3f, 0xff, 0xff, 0xff, 0x90, 0x0, 0x3f, 0xff,
    0xff, 0xff, 0x80, 0x0, 0x3f, 0xe0, 0x0, 0x0,
    0x0, 0x0, 0x3f, 0xe0, 0x0, 0x0, 0x0, 0x0,
    0x3f, 0xe0, 0x0, 0x0, 0x0, 0x0, 0x3f, 0xe0,
    0x0, 0x0, 0x0, 0x0, 0x3f, 0xe0, 0x0, 0x0,
    0x0, 0x0, 0x3f, 0xff, 0xff, 0xff, 0xff, 0xf0,
    0x2f, 0xff, 0xff, 0xff, 0xff, 0xf0,

    /* U+00CA "Ê" */
    0x0, 0x0, 0x38, 0x71, 0x0, 0x0, 0x0, 0x1,
    0xed, 0xfa, 0x0, 0x0, 0x0, 0xa, 0xf3, 0x7f,
    0x40, 0x0, 0x0, 0x7, 0x50, 0x7, 0x60, 0x0,
    0x0, 0x0, 0x0, 0x0, 0x0, 0x0, 0x2f, 0xff,
    0xff, 0xff, 0xff, 0xf0, 0x3f, 0xff, 0xff, 0xff,
    0xff, 0xe0, 0x3f, 0xe0, 0x0, 0x0, 0x0, 0x0,
    0x3f, 0xe0, 0x0, 0x0, 0x0, 0x0, 0x3f, 0xe0,
    0x0, 0x0, 0x0, 0x0, 0x3f, 0xe0, 0x0, 0x0,
    0x0, 0x0, 0x3f, 0xe0, 0x0, 0x0, 0x0, 0x0,
    0x3f, 0xff, 0xff, 0xff, 0x90, 0x0, 0x3f, 0xff,
    0xff, 0xff, 0x80, 0x0, 0x3f, 0xe0, 0x0, 0x0,
    0x0, 0x0, 0x3f, 0xe0, 0x0, 0x0, 0x0, 0x0,
    0x3f, 0xe0, 0x0, 0x0, 0x0, 0x0, 0x3f, 0xe0,
    0x0, 0x0, 0x0, 0x0, 0x3f, 0xe0, 0x0, 0x0,
    0x0, 0x0, 0x3f, 0xff, 0xff, 0xff, 0xff, 0xf0,
    0x2f, 0xff, 0xff, 0xff, 0xff, 0xf0,

    /* U+00CB "Ë" */
    0x0, 0x3e, 0xc0, 0x3e, 0xc0, 0x0, 0x0, 0x8f,
    0xf3, 0x8f, 0xf3, 0x0, 0x0, 0x3e, 0xb0, 0x3e,
    0xb0, 0x0, 0x0, 0x0, 0x0, 0x0, 0x0, 0x0,
    0x0, 0x0, 0x0, 0x0, 0x0, 0x0, 0x2f, 0xff,
    0xff, 0xff, 0xff, 0xf0, 0x3f, 0xff, 0xff, 0xff,
    0xff, 0xe0, 0x3f, 0xe0, 0x0, 0x0, 0x0, 0x0,
    0x3f, 0xe0, 0x0, 0x0, 0x0, 0x0, 0x3f, 0xe0,
    0x0, 0x0, 0x0, 0x0, 0x3f, 0xe0, 0x0, 0x0,
    0x0, 0x0, 0x3f, 0xe0, 0x0, 0x0, 0x0, 0x0,
    0x3f, 0xff, 0xff, 0xff, 0x90, 0x0, 0x3f, 0xff,
    0xff, 0xff, 0x80, 0x0, 0x3f, 0xe0, 0x0, 0x0,
    0x0, 0x0, 0x3f, 0xe0, 0x0, 0x0, 0x0, 0x0,
    0x3f, 0xe0, 0x0, 0x0, 0x0, 0x0, 0x3f, 0xe0,
    0x0, 0x0, 0x0, 0x0, 0x3f, 0xe0, 0x0, 0x0,
    0x0, 0x0, 0x3f, 0xff, 0xff, 0xff, 0xff, 0xf0,
    0x2f, 0xff, 0xff, 0xff, 0xff, 0xf0,

    /* U+00CC "Ì" */
    0x38, 0x30, 0x1f, 0xc0, 0x7, 0xf4, 0x0, 0x75,
    0x0, 0x0, 0x2, 0xfe, 0x3, 0xfe, 0x3, 0xfe,
    0x3, 0xfe, 0x3, 0xfe, 0x3, 0xfe, 0x3, 0xfe,
    0x3, 0xfe, 0x3, 0xfe, 0x3, 0xfe, 0x3, 0xfe,
    0x3, 0xfe, 0x3, 0xfe, 0x3, 0xfe, 0x3, 0xfe,
    0x2, 0xfe,

    /* U+00CD "Í" */
    0x1, 0xec, 0x0, 0x9f, 0x30, 0x1f, 0x90, 0x0,
    0x0, 0x0, 0x0, 0x0, 0x2, 0xfe, 0x0, 0x3f,
    0xe0, 0x3, 0xfe, 0x0, 0x3f, 0xe0, 0x3, 0xfe,
    0x0, 0x3f, 0xe0, 0x3, 0xfe, 0x0, 0x3f, 0xe0,
    0x3, 0xfe, 0x0, 0x3f, 0xe0, 0x3, 0xfe, 0x0,
    0x3f, 0xe0, 0x3, 0xfe, 0x0, 0x3f, 0xe0, 0x3,
    0xfe, 0x0, 0x2f, 0xe0, 0x0,

    /* U+00CE "Î" */
    0x0, 0x38, 0x71, 0x0, 0xe, 0xdf, 0xa0, 0x9,
    0xf3, 0x6f, 0x50, 0x75, 0x0, 0x76, 0x0, 0x0,
    0x0, 0x0, 0x2, 0xfe, 0x0, 0x0, 0x3f, 0xe0,
    0x0, 0x3, 0xfe, 0x0, 0x0, 0x3f, 0xe0, 0x0,
    0x3, 0xfe, 0x0, 0x0, 0x3f, 0xe0, 0x0, 0x3,
    0xfe, 0x0, 0x0, 0x3f, 0xe0, 0x0, 0x3, 0xfe,
    0x0, 0x0, 0x3f, 0xe0, 0x0, 0x3, 0xfe, 0x0,
    0x0, 0x3f, 0xe0, 0x0, 0x3, 0xfe, 0x0, 0x0,
    0x3f, 0xe0, 0x0, 0x3, 0xfe, 0x0, 0x0, 0x2f,
    0xe0, 0x0,

    /* U+00CF "Ï" */
    0x3e, 0xc0, 0x3e, 0xc0, 0x8f, 0xf3, 0x8f, 0xf3,
    0x3e, 0xc0, 0x3e, 0xc0, 0x0, 0x0, 0x0, 0x0,
    0x0, 0x0, 0x0, 0x0, 0x0, 0x2f, 0xe0, 0x0,
    0x0, 0x3f, 0xe0, 0x0, 0x0, 0x3f, 0xe0, 0x0,
    0x0, 0x3f, 0xe0, 0x0, 0x0, 0x3f, 0xe0, 0x0,
    0x0, 0x3f, 0xe0, 0x0, 0x0, 0x3f, 0xe0, 0x0,
    0x0, 0x3f, 0xe0, 0x0, 0x0, 0x3f, 0xe0, 0x0,
    0x0, 0x3f, 0xe0, 0x0, 0x0, 0x3f, 0xe0, 0x0,
    0x0, 0x3f, 0xe0, 0x0, 0x0, 0x3f, 0xe0, 0x0,
    0x0, 0x3f, 0xe0, 0x0, 0x0, 0x3f, 0xe0, 0x0,
    0x0, 0x2f, 0xe0, 0x0,

    /* U+00D0 "Ð" */
    0x0, 0xdf, 0xff, 0xff, 0xeb, 0x40, 0x0, 0xd,
    0xff, 0xff, 0xff, 0xff, 0x80, 0x0, 0xdf, 0x40,
    0x0, 0x18, 0xff, 0x30, 0xd, 0xf4, 0x0, 0x0,
    0xb, 0xf9, 0x0, 0xdf, 0x40, 0x0, 0x0, 0x7f,
    0xb0, 0xd, 0xf4, 0x0, 0x0, 0x6, 0xfb, 0x0,
    0xdf, 0x40, 0x0, 0x0, 0x6f, 0xb2, 0xff, 0xff,
    0xfd, 0x0, 0x6, 0xfb, 0x19, 0xff, 0xb9, 0x70,
    0x0, 0x6f, 0xb0, 0xd, 0xf4, 0x0, 0x0, 0x6,
    0xfb, 0x0, 0xdf, 0x40, 0x0, 0x0, 0x6f, 0xb0,
    0xd, 0xf4, 0x0, 0x0, 0x7, 0xfb, 0x0, 0xdf,
    0x40, 0x0, 0x0, 0xcf, 0x90, 0xd, 0xf4, 0x0,
    0x1, 0x9f, 0xf3, 0x0, 0xdf, 0xff, 0xff, 0xff,
    0xf8, 0x0, 0xd, 0xff, 0xff, 0xfe, 0xb4, 0x0,

    /* U+00D1 "Ñ" */
    0x0, 0x1, 0x88, 0x10, 0x0, 0x0, 0x0, 0xc,
    0xff, 0xf9, 0xd9, 0x0, 0x0, 0x5, 0x31, 0x9f,
    0xd3, 0x0, 0x0, 0x0, 0x0, 0x0, 0x0, 0x0,
    0x0, 0x0, 0x0, 0x0, 0x0, 0x0, 0x2f, 0xf2,
    0x0, 0x0, 0x1, 0xff, 0x3f, 0xfb, 0x0, 0x0,
    0x2, 0xff, 0x3f, 0xff, 0x40, 0x0, 0x2, 0xff,
    0x3f, 0xff, 0xd0, 0x0, 0x1, 0xff, 0x3f, 0xec,
    0xf7, 0x0, 0x1, 0xff, 0x3f, 0xe3, 0xff, 0x10,
    0x1, 0xff, 0x3f, 0xe0, 0x9f, 0xa0, 0x1, 0xff,
    0x3f, 0xe0, 0x1f, 0xf3, 0x1, 0xff, 0x3f, 0xe0,
    0x7, 0xfc, 0x1, 0xff, 0x3f, 0xe0, 0x0, 0xdf,
    0x61, 0xff, 0x3f, 0xe0, 0x0, 0x4f, 0xe2, 0xff,
    0x3f, 0xe0, 0x0, 0xa, 0xfb, 0xff, 0x3f, 0xe0,
    0x0, 0x1, 0xff, 0xff, 0x3f, 0xe0, 0x0, 0x0,
    0x7f, 0xff, 0x3f, 0xe0, 0x0, 0x0, 0xd, 0xff,
    0x2f, 0xe0, 0x0, 0x0, 0x4, 0xff,

    /* U+00D2 "Ò" */
    0x0, 0x5, 0xf8, 0x0, 0x0, 0x0, 0x0, 0x0,
    0xcf, 0x10, 0x0, 0x0, 0x0, 0x0, 0x3f, 0x80,
    0x0, 0x0, 0x0, 0x0, 0x0, 0x0, 0x0, 0x0,
    0x0, 0x0, 0x0, 0x0, 0x0, 0x0, 0x0, 0x18,
    0xdf, 0xec, 0x50, 0x0, 0x2, 0xef, 0xff, 0xff,
    0xfb, 0x0, 0xd, 0xfc, 0x30, 0x6, 0xff, 0x80,
    0x4f, 0xe1, 0x0, 0x0, 0x5f, 0xe0, 0x8f, 0xa0,
    0x0, 0x0, 0xf, 0xf2, 0x9f, 0x80, 0x0, 0x0,
    0xd, 0xf4, 0x9f, 0x80, 0x0, 0x0, 0xd, 0xf4,
    0x9f, 0x80, 0x0, 0x0, 0xd, 0xf4, 0x9f, 0x80,
    0x0, 0x0, 0xd, 0xf4, 0x9f, 0x80, 0x0, 0x0,
    0xd, 0xf4, 0x9f, 0x80, 0x0, 0x0, 0xd, 0xf4,
    0x8f, 0xa0, 0x0, 0x0, 0xf, 0xf2, 0x4f, 0xe1,
    0x0, 0x0, 0x5f, 0xe0, 0xd, 0xfc, 0x30, 0x5,
    0xff, 0x80, 0x2, 0xef, 0xff, 0xff, 0xfb, 0x0,
    0x0, 0x18, 0xdf, 0xec, 0x60, 0x0,

    /* U+00D3 "Ó" */
    0x0, 0x0, 0x2, 0xeb, 0x0, 0x0, 0x0, 0x0,
    0xa, 0xf2, 0x0, 0x0, 0x0, 0x0, 0x2f, 0x80,
    0x0, 0x0, 0x0, 0x0, 0x0, 0x0, 0x0, 0x0,
    0x0, 0x0, 0x0, 0x0, 0x0, 0x0, 0x0, 0x18,
    0xdf, 0xec, 0x50, 0x0, 0x2, 0xef, 0xff, 0xff,
    0xfb, 0x0, 0xd, 0xfc, 0x30, 0x6, 0xff, 0x80,
    0x4f, 0xe1, 0x0, 0x0, 0x5f, 0xe0, 0x8f, 0xa0,
    0x0, 0x0, 0xf, 0xf2, 0x9f, 0x80, 0x0, 0x0,
    0xd, 0xf4, 0x9f, 0x80, 0x0, 0x0, 0xd, 0xf4,
    0x9f, 0x80, 0x0, 0x0, 0xd, 0xf4, 0x9f, 0x80,
    0x0, 0x0, 0xd, 0xf4, 0x9f, 0x80, 0x0, 0x0,
    0xd, 0xf4, 0x9f, 0x80, 0x0, 0x0, 0xd, 0xf4,
    0x8f, 0xa0, 0x0, 0x0, 0xf, 0xf2, 0x4f, 0xe1,
    0x0, 0x0, 0x5f, 0xe0, 0xd, 0xfc, 0x30, 0x5,
    0xff, 0x80, 0x2, 0xef, 0xff, 0xff, 0xfb, 0x0,
    0x0, 0x18, 0xdf, 0xec, 0x60, 0x0,

    /* U+00D4 "Ô" */
    0x0, 0x0, 0xaf, 0xf4, 0x0, 0x0, 0x0, 0x5,
    0xf8, 0xce, 0x0, 0x0, 0x0, 0x1e, 0xc0, 0x2f,
    0x90, 0x0, 0x0, 0x0, 0x0, 0x0, 0x0, 0x0,
    0x0, 0x0, 0x0, 0x0, 0x0, 0x0, 0x0, 0x18,
    0xdf, 0xec, 0x50, 0x0, 0x2, 0xef, 0xff, 0xff,
    0xfb, 0x0, 0xd, 0xfc, 0x30, 0x6, 0xff, 0x80,
    0x4f, 0xe1, 0x0, 0x0, 0x5f, 0xe0, 0x8f, 0xa0,
    0x0, 0x0, 0xf, 0xf2, 0x9f, 0x80, 0x0, 0x0,
    0xd, 0xf4, 0x9f, 0x80, 0x0, 0x0, 0xd, 0xf4,
    0x9f, 0x80, 0x0, 0x0, 0xd, 0xf4, 0x9f, 0x80,
    0x0, 0x0, 0xd, 0xf4, 0x9f, 0x80, 0x0, 0x0,
    0xd, 0xf4, 0x9f, 0x80, 0x0, 0x0, 0xd, 0xf4,
    0x8f, 0xa0, 0x0, 0x0, 0xf, 0xf2, 0x4f, 0xe1,
    0x0, 0x0, 0x5f, 0xe0, 0xd, 0xfc, 0x30, 0x5,
    0xff, 0x80, 0x2, 0xef, 0xff, 0xff, 0xfb, 0x0,
    0x0, 0x18, 0xdf, 0xec, 0x60, 0x0,

    /* U+00D5 "Õ" */
    0x0, 0xa, 0xfc, 0x31, 0x80, 0x0, 0x0, 0x5f,
    0xae, 0xff, 0xf2, 0x0, 0x0, 0x1, 0x0, 0x67,
    0x20, 0x0, 0x0, 0x0, 0x0, 0x0, 0x0, 0x0,
    0x0, 0x0, 0x0, 0x0, 0x0, 0x0, 0x0, 0x18,
    0xdf, 0xec, 0x50, 0x0, 0x2, 0xef, 0xff, 0xff,
    0xfb, 0x0, 0xd, 0xfc, 0x30, 0x6, 0xff, 0x80,
    0x4f, 0xe1, 0x0, 0x0, 0x5f, 0xe0, 0x8f, 0xa0,
    0x0, 0x0, 0xf, 0xf2, 0x9f, 0x80, 0x0, 0x0,
    0xd, 0xf4, 0x9f, 0x80, 0x0, 0x0, 0xd, 0xf4,
    0x9f, 0x80, 0x0, 0x0, 0xd, 0xf4, 0x9f, 0x80,
    0x0, 0x0, 0xd, 0xf4, 0x9f, 0x80, 0x0, 0x0,
    0xd, 0xf4, 0x9f, 0x80, 0x0, 0x0, 0xd, 0xf4,
    0x8f, 0xa0, 0x0, 0x0, 0xf, 0xf2, 0x4f, 0xe1,
    0x0, 0x0, 0x5f, 0xe0, 0xd, 0xfc, 0x30, 0x5,
    0xff, 0x80, 0x2, 0xef, 0xff, 0xff, 0xfb, 0x0,
    0x0, 0x18, 0xdf, 0xec, 0x60, 0x0,

    /* U+00D6 "Ö" */
    0x0, 0x3e, 0xc0, 0x3e, 0xc0, 0x0, 0x0, 0x8f,
    0xf2, 0x8f, 0xf3, 0x0, 0x0, 0x3e, 0xb0, 0x3e,
    0xb0, 0x0, 0x0, 0x0, 0x0, 0x0, 0x0, 0x0,
    0x0, 0x0, 0x0, 0x0, 0x0, 0x0, 0x0, 0x18,
    0xdf, 0xec, 0x50, 0x0, 0x2, 0xef, 0xff, 0xff,
    0xfb, 0x0, 0xd, 0xfc, 0x30, 0x6, 0xff, 0x80,
    0x4f, 0xe1, 0x0, 0x0, 0x5f, 0xe0, 0x8f, 0xa0,
    0x0, 0x0, 0xf, 0xf2, 0x9f, 0x80, 0x0, 0x0,
    0xd, 0xf4, 0x9f, 0x80, 0x0, 0x0, 0xd, 0xf4,
    0x9f, 0x80, 0x0, 0x0, 0xd, 0xf4, 0x9f, 0x80,
    0x0, 0x0, 0xd, 0xf4, 0x9f, 0x80, 0x0, 0x0,
    0xd, 0xf4, 0x9f, 0x80, 0x0, 0x0, 0xd, 0xf4,
    0x8f, 0xa0, 0x0, 0x0, 0xf, 0xf2, 0x4f, 0xe1,
    0x0, 0x0, 0x5f, 0xe0, 0xd, 0xfc, 0x30, 0x5,
    0xff, 0x80, 0x2, 0xef, 0xff, 0xff, 0xfb, 0x0,
    0x0, 0x18, 0xdf, 0xec, 0x60, 0x0,

    /* U+00D7 "×" */
    0x1, 0x20, 0x0, 0x3, 0x0, 0xde, 0x20, 0x8,
    0xf5, 0x9, 0xfe, 0x17, 0xfe, 0x20, 0x9, 0xfe,
    0xfe, 0x20, 0x0, 0xc, 0xff, 0x40, 0x0, 0x5,
    0xff, 0xfc, 0x0, 0x4, 0xff, 0x5b, 0xfb, 0x0,
    0xef, 0x50, 0xc, 0xf6, 0x3, 0x50, 0x0, 0x17,
    0x0,

    /* U+00D8 "Ø" */
    0x0, 0x0, 0x0, 0x0, 0x0, 0x4, 0x0, 0x0,
    0x18, 0xdf, 0xeb, 0x56, 0xf8, 0x0, 0x2e, 0xff,
    0xff, 0xff, 0xff, 0x40, 0xd, 0xfd, 0x30, 0x6,
    0xff, 0xb0, 0x4, 0xfe, 0x10, 0x0, 0x5f, 0xfe,
    0x0, 0x8f, 0xa0, 0x0, 0x1e, 0xff, 0xf3, 0x9,
    0xf8, 0x0, 0xa, 0xfa, 0xdf, 0x40, 0x9f, 0x80,
    0x5, 0xfe, 0x1d, 0xf4, 0x9, 0xf8, 0x1, 0xef,
    0x50, 0xdf, 0x40, 0x9f, 0x80, 0xaf, 0xa0, 0xd,
    0xf4, 0x9, 0xf8, 0x5f, 0xe1, 0x0, 0xdf, 0x40,
    0x9f, 0x9e, 0xf5, 0x0, 0xd, 0xf4, 0x7, 0xff,
    0xfb, 0x0, 0x0, 0xff, 0x30, 0x4f, 0xff, 0x10,
    0x0, 0x5f, 0xf0, 0x1, 0xff, 0xd3, 0x0, 0x5e,
    0xf8, 0x0, 0x9f, 0xff, 0xff, 0xff, 0xfb, 0x0,
    0xe, 0xf3, 0x7d, 0xfe, 0xc6, 0x0, 0x0, 0x14,
    0x0, 0x0, 0x0, 0x0, 0x0,

    /* U+00D9 "Ù" */
    0x0, 0x2, 0xfb, 0x0, 0x0, 0x0, 0x0, 0x0,
    0x8f, 0x40, 0x0, 0x0, 0x0, 0x0, 0xe, 0xb0,
    0x0, 0x0, 0x0, 0x0, 0x0, 0x0, 0x0, 0x0,
    0x0, 0x0, 0x0, 0x0, 0x0, 0x0, 0x5f, 0xb0,
    0x0, 0x0, 0xa, 0xf6, 0x5f, 0xc0, 0x0, 0x0,
    0xa, 0xf7, 0x5f, 0xc0, 0x0, 0x0, 0xa, 0xf7,
    0x5f, 0xc0, 0x0, 0x0, 0xa, 0xf7, 0x5f, 0xc0,
    0x0, 0x0, 0xa, 0xf7, 0x5f, 0xc0, 0x0, 0x0,
    0xa, 0xf7, 0x5f, 0xc0, 0x0, 0x0, 0xa, 0xf7,
    0x5f, 0xc0, 0x0, 0x0, 0xa, 0xf7, 0x5f, 0xc0,
    0x0, 0x0, 0xa, 0xf7, 0x5f, 0xc0, 0x0, 0x0,
    0xa, 0xf7, 0x5f, 0xc0, 0x0, 0x0, 0xa, 0xf7,
    0x4f, 0xe0, 0x0, 0x0, 0xc, 0xf5, 0x1f, 0xf3,
    0x0, 0x0, 0x2f, 0xf2, 0xa, 0xfe, 0x40, 0x3,
    0xdf, 0xb0, 0x0, 0xcf, 0xff, 0xff, 0xfd, 0x10,
    0x0, 0x7, 0xcf, 0xfd, 0x80, 0x0,

    /* U+00DA "Ú" */
    0x0, 0x0, 0x0, 0xcd, 0x0, 0x0, 0x0, 0x0,
    0x6, 0xf6, 0x0, 0x0, 0x0, 0x0, 0xe, 0xc0,
    0x0, 0x0, 0x0, 0x0, 0x0, 0x0, 0x0, 0x0,
    0x0, 0x0, 0x0, 0x0, 0x0, 0x0, 0x5f, 0xb0,
    0x0, 0x0, 0xa, 0xf6, 0x5f, 0xc0, 0x0, 0x0,
    0xa, 0xf7, 0x5f, 0xc0, 0x0, 0x0, 0xa, 0xf7,
    0x5f, 0xc0, 0x0, 0x0, 0xa, 0xf7, 0x5f, 0xc0,
    0x0, 0x0, 0xa, 0xf7, 0x5f, 0xc0, 0x0, 0x0,
    0xa, 0xf7, 0x5f, 0xc0, 0x0, 0x0, 0xa, 0xf7,
    0x5f, 0xc0, 0x0, 0x0, 0xa, 0xf7, 0x5f, 0xc0,
    0x0, 0x0, 0xa, 0xf7, 0x5f, 0xc0, 0x0, 0x0,
    0xa, 0xf7, 0x5f, 0xc0, 0x0, 0x0, 0xa, 0xf7,
    0x4f, 0xe0, 0x0, 0x0, 0xc, 0xf5, 0x1f, 0xf3,
    0x0, 0x0, 0x2f, 0xf2, 0xa, 0xfe, 0x40, 0x3,
    0xdf, 0xb0, 0x0, 0xcf, 0xff, 0xff, 0xfd, 0x10,
    0x0, 0x7, 0xcf, 0xfd, 0x80, 0x0,

    /* U+00DB "Û" */
    0x0, 0x0, 0x6f, 0xf8, 0x0, 0x0, 0x0, 0x2,
    0xfb, 0x9f, 0x30, 0x0, 0x0, 0xb, 0xe1, 0xd,
    0xd0, 0x0, 0x0, 0x0, 0x0, 0x0, 0x0, 0x0,
    0x0, 0x0, 0x0, 0x0, 0x0, 0x0, 0x5f, 0xb0,
    0x0, 0x0, 0xa, 0xf6, 0x5f, 0xc0, 0x0, 0x0,
    0xa, 0xf7, 0x5f, 0xc0, 0x0, 0x0, 0xa, 0xf7,
    0x5f, 0xc0, 0x0, 0x0, 0xa, 0xf7, 0x5f, 0xc0,
    0x0, 0x0, 0xa, 0xf7, 0x5f, 0xc0, 0x0, 0x0,
    0xa, 0xf7, 0x5f, 0xc0, 0x0, 0x0, 0xa, 0xf7,
    0x5f, 0xc0, 0x0, 0x0, 0xa, 0xf7, 0x5f, 0xc0,
    0x0, 0x0, 0xa, 0xf7, 0x5f, 0xc0, 0x0, 0x0,
    0xa, 0xf7, 0x5f, 0xc0, 0x0, 0x0, 0xa, 0xf7,
    0x4f, 0xe0, 0x0, 0x0, 0xc, 0xf5, 0x1f, 0xf3,
    0x0, 0x0, 0x2f, 0xf2, 0xa, 0xfe, 0x40, 0x3,
    0xdf, 0xb0, 0x0, 0xcf, 0xff, 0xff, 0xfd, 0x10,
    0x0, 0x7, 0xcf, 0xfd, 0x80, 0x0,

    /* U+00DC "Ü" */
    0x0, 0x1d, 0xd2, 0x1d, 0xd2, 0x0, 0x0, 0x5f,
    0xf6, 0x5f, 0xf6, 0x0, 0x0, 0x1d, 0xd2, 0x1d,
    0xd2, 0x0, 0x0, 0x0, 0x0, 0x0, 0x0, 0x0,
    0x0, 0x0, 0x0, 0x0, 0x0, 0x0, 0x5f, 0xb0,
    0x0, 0x0, 0xa, 0xf6, 0x5f, 0xc0, 0x0, 0x0,
    0xa, 0xf7, 0x5f, 0xc0, 0x0, 0x0, 0xa, 0xf7,
    0x5f, 0xc0, 0x0, 0x0, 0xa, 0xf7, 0x5f, 0xc0,
    0x0, 0x0, 0xa, 0xf7, 0x5f, 0xc0, 0x0, 0x0,
    0xa, 0xf7, 0x5f, 0xc0, 0x0, 0x0, 0xa, 0xf7,
    0x5f, 0xc0, 0x0, 0x0, 0xa, 0xf7, 0x5f, 0xc0,
    0x0, 0x0, 0xa, 0xf7, 0x5f, 0xc0, 0x0, 0x0,
    0xa, 0xf7, 0x5f, 0xc0, 0x0, 0x0, 0xa, 0xf7,
    0x4f, 0xe0, 0x0, 0x0, 0xc, 0xf5, 0x1f, 0xf3,
    0x0, 0x0, 0x2f, 0xf2, 0xa, 0xfe, 0x40, 0x3,
    0xdf, 0xb0, 0x0, 0xcf, 0xff, 0xff, 0xfd, 0x10,
    0x0, 0x7, 0xcf, 0xfd, 0x80, 0x0,

    /* U+00DD "Ý" */
    0x0, 0x0, 0x0, 0x7f, 0x50, 0x0, 0x0, 0x0,
    0x0, 0x1f, 0xc0, 0x0, 0x0, 0x0, 0x0, 0x8,
    0xf2, 0x0, 0x0, 0x0, 0x0, 0x0, 0x0, 0x0,
    0x0, 0x0, 0x0, 0x0, 0x0, 0x0, 0x0, 0x0,
    0x1, 0xff, 0x20, 0x0, 0x0, 0x4f, 0xe0, 0x9,
    0xfa, 0x0, 0x0, 0xc, 0xf7, 0x0, 0x1f, 0xf2,
    0x0, 0x5, 0xfe, 0x0, 0x0, 0x9f, 0xa0, 0x0,
    0xdf, 0x70, 0x0, 0x1, 0xff, 0x20, 0x5f, 0xe0,
    0x0, 0x0, 0x9, 0xfa, 0xd, 0xf6, 0x0, 0x0,
    0x0, 0x1f, 0xf8, 0xfd, 0x0, 0x0, 0x0, 0x0,
    0x8f, 0xff, 0x60, 0x0, 0x0, 0x0, 0x1, 0xff,
    0xd0, 0x0, 0x0, 0x0, 0x0, 0xa, 0xf8, 0x0,
    0x0, 0x0, 0x0, 0x0, 0xaf, 0x70, 0x0, 0x0,
    0x0, 0x0, 0xa, 0xf7, 0x0, 0x0, 0x0, 0x0,
    0x0, 0xaf, 0x70, 0x0, 0x0, 0x0, 0x0, 0xa,
    0xf7, 0x0, 0x0, 0x0, 0x0, 0x0, 0xaf, 0x70,
    0x0, 0x0, 0x0, 0x0, 0x9, 0xf7, 0x0, 0x0,
    0x0,

    /* U+00DE "Þ" */
    0x4f, 0xc0, 0x0, 0x0, 0x0, 0x5, 0xfc, 0x0,
    0x0, 0x0, 0x0, 0x5f, 0xc0, 0x0, 0x0, 0x0,
    0x5, 0xff, 0xff, 0xff, 0xd7, 0x0, 0x5f, 0xff,
    0xff, 0xff, 0xfa, 0x5, 0xfc, 0x0, 0x1, 0x7f,
    0xf5, 0x5f, 0xc0, 0x0, 0x0, 0x9f, 0xa5, 0xfc,
    0x0, 0x0, 0x5, 0xfd, 0x5f, 0xc0, 0x0, 0x0,
    0x4f, 0xd5, 0xfc, 0x0, 0x0, 0x9, 0xfa, 0x5f,
    0xc0, 0x0, 0x17, 0xff, 0x45, 0xff, 0xff, 0xff,
    0xff, 0x80, 0x5f, 0xfe, 0xee, 0xdb, 0x40, 0x5,
    0xfc, 0x0, 0x0, 0x0, 0x0, 0x5f, 0xc0, 0x0,
    0x0, 0x0, 0x4, 0xfc, 0x0, 0x0, 0x0, 0x0,

    /* U+00DF "ß" */
    0x0, 0x4b, 0xff, 0xd9, 0x10, 0x0, 0x6f, 0xff,
    0xff, 0xfe, 0x20, 0xf, 0xfa, 0x10, 0x2c, 0xfb,
    0x5, 0xfe, 0x0, 0x0, 0x3f, 0xf0, 0x6f, 0xb0,
    0x0, 0x2, 0xff, 0x7, 0xfa, 0x0, 0x0, 0xaf,
    0xa0, 0x7f, 0xa0, 0xac, 0xff, 0xc1, 0x7, 0xfa,
    0xd, 0xff, 0xfa, 0x0, 0x7f, 0xa0, 0x0, 0x3d,
    0xf8, 0x7, 0xfa, 0x0, 0x0, 0x3f, 0xe0, 0x7f,
    0xa0, 0x0, 0x0, 0xff, 0x27, 0xfa, 0x0, 0x0,
    0xf, 0xf2, 0x7f, 0xa0, 0x0, 0x3, 0xff, 0x17,
    0xfa, 0x0, 0x3, 0xdf, 0xb0, 0x7f, 0xa3, 0xef,
    0xff, 0xe2, 0x6, 0xfa, 0x4f, 0xfd, 0x91, 0x0,

    /* U+00E0 "à" */
    0x0, 0x7, 0xf5, 0x0, 0x0, 0x0, 0x0, 0xd,
    0xe0, 0x0, 0x0, 0x0, 0x0, 0x3c, 0x40, 0x0,
    0x0, 0x0, 0x0, 0x0, 0x0, 0x0, 0x0, 0x18,
    0xdf, 0xea, 0x20, 0x0, 0x2e, 0xff, 0xff, 0xff,
    0x30, 0xa, 0xfd, 0x20, 0x1b, 0xfc, 0x0, 0x37,
    0x40, 0x0, 0x2f, 0xf0, 0x0, 0x0, 0x0, 0x1,
    0xff, 0x0, 0x4, 0xbe, 0xff, 0xff, 0xf0, 0x6,
    0xff, 0xfd, 0xcc, 0xff, 0x0, 0xff, 0x80, 0x0,
    0x1f, 0xf0, 0x2f, 0xf0, 0x0, 0x2, 0xff, 0x1,
    0xff, 0x30, 0x1, 0xbf, 0xf0, 0xa, 0xff, 0xcb,
    0xff, 0xff, 0x0, 0x7, 0xdf, 0xea, 0x3f, 0xf0,

    /* U+00E1 "á" */
    0x0, 0x0, 0x4, 0xf9, 0x0, 0x0, 0x0, 0x0,
    0xce, 0x10, 0x0, 0x0, 0x0, 0x4f, 0x50, 0x0,
    0x0, 0x0, 0x0, 0x0, 0x0, 0x0, 0x0, 0x18,
    0xdf, 0xea, 0x20, 0x0, 0x2e, 0xff, 0xff, 0xff,
    0x30, 0xa, 0xfd, 0x20, 0x1b, 0xfc, 0x0, 0x37,
    0x40, 0x0, 0x2f, 0xf0, 0x0, 0x0, 0x0, 0x1,
    0xff, 0x0, 0x4, 0xbe, 0xff, 0xff, 0xf0, 0x6,
    0xff, 0xfd, 0xcc, 0xff, 0x0, 0xff, 0x80, 0x0,
    0x1f, 0xf0, 0x2f, 0xf0, 0x0, 0x2, 0xff, 0x1,
    0xff, 0x30, 0x1, 0xbf, 0xf0, 0xa, 0xff, 0xcb,
    0xff, 0xff, 0x0, 0x7, 0xdf, 0xea, 0x3f, 0xf0,

    /* U+00E2 "â" */
    0x0, 0x0, 0xcf, 0xf3, 0x0, 0x0, 0x0, 0x8f,
    0x5d, 0xd0, 0x0, 0x0, 0x1c, 0x70, 0x2c, 0x60,
    0x0, 0x0, 0x0, 0x0, 0x0, 0x0, 0x0, 0x18,
    0xdf, 0xea, 0x20, 0x0, 0x2e, 0xff, 0xff, 0xff,
    0x30, 0xa, 0xfd, 0x20, 0x1b, 0xfc, 0x0, 0x37,
    0x40, 0x0, 0x2f, 0xf0, 0x0, 0x0, 0x0, 0x1,
    0xff, 0x0, 0x4, 0xbe, 0xff, 0xff, 0xf0, 0x6,
    0xff, 0xfd, 0xcc, 0xff, 0x0, 0xff, 0x80, 0x0,
    0x1f, 0xf0, 0x2f, 0xf0, 0x0, 0x2, 0xff, 0x1,
    0xff, 0x30, 0x1, 0xbf, 0xf0, 0xa, 0xff, 0xcb,
    0xff, 0xff, 0x0, 0x7, 0xdf, 0xea, 0x3f, 0xf0,

    /* U+00E3 "ã" */
    0x0, 0x0, 0x0, 0x0, 0x10, 0x0, 0x1, 0xbf,
    0xd9, 0xaf, 0x0, 0x0, 0x7f, 0xac, 0xfe, 0x70,
    0x0, 0x0, 0x10, 0x0, 0x0, 0x0, 0x0, 0x0,
    0x0, 0x0, 0x0, 0x0, 0x1, 0x8d, 0xfe, 0xa2,
    0x0, 0x2, 0xef, 0xff, 0xff, 0xf3, 0x0, 0xaf,
    0xd2, 0x1, 0xbf, 0xc0, 0x3, 0x74, 0x0, 0x2,
    0xff, 0x0, 0x0, 0x0, 0x0, 0x1f, 0xf0, 0x0,
    0x4b, 0xef, 0xff, 0xff, 0x0, 0x6f, 0xff, 0xdc,
    0xcf, 0xf0, 0xf, 0xf8, 0x0, 0x1, 0xff, 0x2,
    0xff, 0x0, 0x0, 0x2f, 0xf0, 0x1f, 0xf3, 0x0,
    0x1b, 0xff, 0x0, 0xaf, 0xfc, 0xbf, 0xff, 0xf0,
    0x0, 0x7d, 0xfe, 0xa3, 0xff, 0x0,

    /* U+00E4 "ä" */
    0x0, 0x5f, 0xa0, 0x5f, 0xa0, 0x0, 0xb, 0xff,
    0xb, 0xff, 0x0, 0x0, 0x5e, 0xa0, 0x5e, 0xa0,
    0x0, 0x0, 0x0, 0x0, 0x0, 0x0, 0x0, 0x18,
    0xdf, 0xea, 0x20, 0x0, 0x2e, 0xff, 0xff, 0xff,
    0x30, 0xa, 0xfd, 0x20, 0x1b, 0xfc, 0x0, 0x37,
    0x40, 0x0, 0x2f, 0xf0, 0x0, 0x0, 0x0, 0x1,
    0xff, 0x0, 0x4, 0xbe, 0xff, 0xff, 0xf0, 0x6,
    0xff, 0xfd, 0xcc, 0xff, 0x0, 0xff, 0x80, 0x0,
    0x1f, 0xf0, 0x2f, 0xf0, 0x0, 0x2, 0xff, 0x1,
    0xff, 0x30, 0x1, 0xbf, 0xf0, 0xa, 0xff, 0xcb,
    0xff, 0xff, 0x0, 0x7, 0xdf, 0xea, 0x3f, 0xf0,

    /* U+00E5 "å" */
    0x0, 0x0, 0x0, 0x0, 0x0, 0x0, 0x0, 0xa,
    0xfd, 0x30, 0x0, 0x0, 0x9, 0xd4, 0x9e, 0x0,
    0x0, 0x0, 0xd6, 0x0, 0xf2, 0x0, 0x0, 0xa,
    0xb1, 0x6f, 0x0, 0x0, 0x0, 0x2d, 0xff, 0x50,
    0x0, 0x0, 0x0, 0x2, 0x10, 0x0, 0x0, 0x0,
    0x0, 0x0, 0x0, 0x0, 0x0, 0x18, 0xdf, 0xea,
    0x20, 0x0, 0x2e, 0xff, 0xff, 0xff, 0x30, 0xa,
    0xfd, 0x20, 0x1b, 0xfc, 0x0, 0x37, 0x40, 0x0,
    0x2f, 0xf0, 0x0, 0x0, 0x0, 0x1, 0xff, 0x0,
    0x4, 0xbe, 0xff, 0xff, 0xf0, 0x6, 0xff, 0xfd,
    0xcc, 0xff, 0x0, 0xff, 0x80, 0x0, 0x1f, 0xf0,
    0x2f, 0xf0, 0x0, 0x2, 0xff, 0x1, 0xff, 0x30,
    0x1, 0xbf, 0xf0, 0xa, 0xff, 0xcb, 0xff, 0xff,
    0x0, 0x7, 0xdf, 0xea, 0x3f, 0xf0,

    /* U+00E6 "æ" */
    0x0, 0x19, 0xdf, 0xd8, 0x0, 0x5c, 0xfd, 0x81,
    0x0, 0x2, 0xef, 0xff, 0xff, 0xc7, 0xff, 0xff,
    0xfd, 0x10, 0xa, 0xfc, 0x20, 0x1b, 0xff, 0xe3,
    0x2, 0xcf, 0x90, 0x3, 0x73, 0x0, 0x3, 0xff,
    0x50, 0x0, 0x2f, 0xf0, 0x0, 0x0, 0x0, 0x1,
    0xff, 0x10, 0x0, 0xe, 0xf2, 0x0, 0x4b, 0xef,
    0xff, 0xff, 0xff, 0xff, 0xff, 0xf2, 0x6, 0xff,
    0xfe, 0xee, 0xff, 0xee, 0xee, 0xee, 0xe2, 0xe,
    0xf8, 0x0, 0x1, 0xff, 0x10, 0x0, 0x0, 0x0,
    0x2f, 0xf0, 0x0, 0x3, 0xff, 0x50, 0x0, 0x6,
    0x20, 0x1f, 0xf5, 0x0, 0x1c, 0xff, 0xf6, 0x22,
    0x8f, 0xd0, 0xa, 0xff, 0xdd, 0xff, 0xaa, 0xff,
    0xff, 0xff, 0x30, 0x0, 0x7d, 0xff, 0xc6, 0x0,
    0x7d, 0xfe, 0xa2, 0x0,

    /* U+00E7 "ç" */
    0x0, 0x4b, 0xee, 0xc5, 0x0, 0x7, 0xff, 0xff,
    0xff, 0x80, 0x2f, 0xf7, 0x0, 0x6f, 0xf3, 0x8f,
    0xa0, 0x0, 0x9, 0xf9, 0xbf, 0x70, 0x0, 0x1,
    0x30, 0xcf, 0x50, 0x0, 0x0, 0x0, 0xcf, 0x50,
    0x0, 0x0, 0x0, 0xbf, 0x70, 0x0, 0x1, 0x10,
    0x7f, 0xb0, 0x0, 0x9, 0xf8, 0x1f, 0xf7, 0x0,
    0x6f, 0xf3, 0x6, 0xff, 0xff, 0xff, 0x80, 0x0,
    0x3a, 0xff, 0xb4, 0x0, 0x0, 0x0, 0x4f, 0x20,
    0x0, 0x0, 0x0, 0xc, 0xa0, 0x0, 0x0, 0x2,
    0x6e, 0xb0, 0x0, 0x0, 0x5, 0xfd, 0x30, 0x0,

    /* U+00E8 "è" */
    0x0, 0x4f, 0x90, 0x0, 0x0, 0x0, 0xa, 0xf2,
    0x0, 0x0, 0x0, 0x1, 0xb7, 0x0, 0x0, 0x0,
    0x0, 0x0, 0x0, 0x0, 0x0, 0x4c, 0xef, 0xc6,
    0x0, 0x7, 0xff, 0xff, 0xff, 0x80, 0x2f, 0xf6,
    0x0, 0x7f, 0xf1, 0x8f, 0xa0, 0x0, 0xb, 0xf6,
    0xbf, 0x60, 0x0, 0x7, 0xf9, 0xbf, 0xff, 0xff,
    0xff, 0xfa, 0xbf, 0xee, 0xee, 0xee, 0xe8, 0xaf,
    0x60, 0x0, 0x0, 0x0, 0x6f, 0xa0, 0x0, 0x2,
    0x20, 0x1f, 0xf7, 0x0, 0x3d, 0xf3, 0x6, 0xff,
    0xff, 0xff, 0xc0, 0x0, 0x4b, 0xef, 0xd7, 0x0,

    /* U+00E9 "é" */
    0x0, 0x0, 0x1f, 0xc0, 0x0, 0x0, 0x0, 0x9f,
    0x30, 0x0, 0x0, 0x1, 0xe8, 0x0, 0x0, 0x0,
    0x0, 0x0, 0x0, 0x0, 0x0, 0x4c, 0xef, 0xc6,
    0x0, 0x7, 0xff, 0xff, 0xff, 0x80, 0x2f, 0xf6,
    0x0, 0x7f, 0xf1, 0x8f, 0xa0, 0x0, 0xb, 0xf6,
    0xbf, 0x60, 0x0, 0x7, 0xf9, 0xbf, 0xff, 0xff,
    0xff, 0xfa, 0xbf, 0xee, 0xee, 0xee, 0xe8, 0xaf,
    0x60, 0x0, 0x0, 0x0, 0x6f, 0xa0, 0x0, 0x2,
    0x20, 0x1f, 0xf7, 0x0, 0x3d, 0xf3, 0x6, 0xff,
    0xff, 0xff, 0xc0, 0x0, 0x4b, 0xef, 0xd7, 0x0,

    /* U+00EA "ê" */
    0x0, 0x9, 0xff, 0x50, 0x0, 0x0, 0x5f, 0x7a,
    0xf2, 0x0, 0x0, 0xba, 0x1, 0xb9, 0x0, 0x0,
    0x0, 0x0, 0x0, 0x0, 0x0, 0x4c, 0xef, 0xc6,
    0x0, 0x7, 0xff, 0xff, 0xff, 0x80, 0x2f, 0xf6,
    0x0, 0x7f, 0xf1, 0x8f, 0xa0, 0x0, 0xb, 0xf6,
    0xbf, 0x60, 0x0, 0x7, 0xf9, 0xbf, 0xff, 0xff,
    0xff, 0xfa, 0xbf, 0xee, 0xee, 0xee, 0xe8, 0xaf,
    0x60, 0x0, 0x0, 0x0, 0x6f, 0xa0, 0x0, 0x2,
    0x20, 0x1f, 0xf7, 0x0, 0x3d, 0xf3, 0x6, 0xff,
    0xff, 0xff, 0xc0, 0x0, 0x4b, 0xef, 0xd7, 0x0,

    /* U+00EB "ë" */
    0x2, 0xec, 0x2, 0xec, 0x0, 0x7, 0xff, 0x47,
    0xff, 0x40, 0x2, 0xdc, 0x2, 0xdc, 0x0, 0x0,
    0x0, 0x0, 0x0, 0x0, 0x0, 0x4c, 0xef, 0xc6,
    0x0, 0x7, 0xff, 0xff, 0xff, 0x80, 0x2f, 0xf6,
    0x0, 0x7f, 0xf1, 0x8f, 0xa0, 0x0, 0xb, 0xf6,
    0xbf, 0x60, 0x0, 0x7, 0xf9, 0xbf, 0xff, 0xff,
    0xff, 0xfa, 0xbf, 0xee, 0xee, 0xee, 0xe8, 0xaf,
    0x60, 0x0, 0x0, 0x0, 0x6f, 0xa0, 0x0, 0x2,
    0x20, 0x1f, 0xf7, 0x0, 0x3d, 0xf3, 0x6, 0xff,
    0xff, 0xff, 0xc0, 0x0, 0x4b, 0xef, 0xd7, 0x0,

    /* U+00EC "ì" */
    0xbf, 0x20, 0x2f, 0xb0, 0x5, 0xa1, 0x0, 0x0,
    0x9, 0xf7, 0xa, 0xf7, 0xa, 0xf7, 0xa, 0xf7,
    0xa, 0xf7, 0xa, 0xf7, 0xa, 0xf7, 0xa, 0xf7,
    0xa, 0xf7, 0xa, 0xf7, 0xa, 0xf7, 0x9, 0xf7,

    /* U+00ED "í" */
    0x8, 0xf5, 0x1f, 0xb0, 0x8e, 0x20, 0x0, 0x0,
    0x9f, 0x70, 0xaf, 0x70, 0xaf, 0x70, 0xaf, 0x70,
    0xaf, 0x70, 0xaf, 0x70, 0xaf, 0x70, 0xaf, 0x70,
    0xaf, 0x70, 0xaf, 0x70, 0xaf, 0x70, 0x9f, 0x70,

    /* U+00EE "î" */
    0x2, 0xef, 0xd1, 0x0, 0xce, 0x3e, 0xb0, 0x4a,
    0x30, 0x4a, 0x30, 0x0, 0x0, 0x0, 0x0, 0x9f,
    0x70, 0x0, 0xa, 0xf7, 0x0, 0x0, 0xaf, 0x70,
    0x0, 0xa, 0xf7, 0x0, 0x0, 0xaf, 0x70, 0x0,
    0xa, 0xf7, 0x0, 0x0, 0xaf, 0x70, 0x0, 0xa,
    0xf7, 0x0, 0x0, 0xaf, 0x70, 0x0, 0xa, 0xf7,
    0x0, 0x0, 0xaf, 0x70, 0x0, 0x9, 0xf7, 0x0,

    /* U+00EF "ï" */
    0x8f, 0x60, 0x8f, 0x6f, 0xfc, 0xf, 0xfc, 0x8e,
    0x60, 0x8e, 0x60, 0x0, 0x0, 0x0, 0x0, 0x9f,
    0x70, 0x0, 0xa, 0xf7, 0x0, 0x0, 0xaf, 0x70,
    0x0, 0xa, 0xf7, 0x0, 0x0, 0xaf, 0x70, 0x0,
    0xa, 0xf7, 0x0, 0x0, 0xaf, 0x70, 0x0, 0xa,
    0xf7, 0x0, 0x0, 0xaf, 0x70, 0x0, 0xa, 0xf7,
    0x0, 0x0, 0xaf, 0x70, 0x0, 0x9, 0xf7, 0x0,

    /* U+00F0 "ð" */
    0x0, 0xd, 0xf6, 0x0, 0x0, 0x0, 0x1, 0xcf,
    0x8b, 0x90, 0x0, 0x9, 0xef, 0xfb, 0x30, 0x0,
    0xa, 0x65, 0xfd, 0x0, 0x0, 0x0, 0x0, 0xaf,
    0x60, 0x1, 0x9e, 0xfe, 0xbf, 0xd0, 0xd, 0xfe,
    0x89, 0xff, 0xf1, 0x6f, 0xe1, 0x0, 0x3f, 0xf4,
    0xbf, 0x80, 0x0, 0xc, 0xf6, 0xcf, 0x50, 0x0,
    0xa, 0xf7, 0xcf, 0x50, 0x0, 0xa, 0xf8, 0xbf,
    0x60, 0x0, 0xa, 0xf7, 0x9f, 0x90, 0x0, 0xd,
    0xf5, 0x3f, 0xf3, 0x0, 0x6f, 0xe0, 0x8, 0xff,
    0xcd, 0xff, 0x50, 0x0, 0x5c, 0xfe, 0xb3, 0x0,

    /* U+00F1 "ñ" */
    0x0, 0x0, 0x0, 0x1, 0x0, 0x0, 0x8f, 0xea,
    0x9e, 0x50, 0x2, 0xfb, 0xbe, 0xfb, 0x10, 0x0,
    0x10, 0x0, 0x0, 0x0, 0x0, 0x0, 0x0, 0x0,
    0x0, 0x6f, 0xa7, 0xdf, 0xe8, 0x0, 0x7f, 0xff,
    0xdd, 0xff, 0xa0, 0x7f, 0xf6, 0x0, 0x6f, 0xf3,
    0x7f, 0xd0, 0x0, 0xd, 0xf6, 0x7f, 0xa0, 0x0,
    0xa, 0xf7, 0x7f, 0xa0, 0x0, 0xa, 0xf7, 0x7f,
    0xa0, 0x0, 0xa, 0xf7, 0x7f, 0xa0, 0x0, 0xa,
    0xf7, 0x7f, 0xa0, 0x0, 0xa, 0xf7, 0x7f, 0xa0,
    0x0, 0xa, 0xf7, 0x7f, 0xa0, 0x0, 0xa, 0xf7,
    0x6f, 0xa0, 0x0, 0xa, 0xf6,

    /* U+00F2 "ò" */
    0x0, 0x3f, 0xa0, 0x0, 0x0, 0x0, 0x9, 0xf3,
    0x0, 0x0, 0x0, 0x0, 0xb8, 0x0, 0x0, 0x0,
    0x0, 0x0, 0x0, 0x0, 0x0, 0x4b, 0xef, 0xc5,
    0x0, 0x6, 0xff, 0xff, 0xff, 0x80, 0x1f, 0xf8,
    0x0, 0x6f, 0xf3, 0x7f, 0xb0, 0x0, 0x8, 0xfa,
    0xbf, 0x70, 0x0, 0x4, 0xfd, 0xcf, 0x50, 0x0,
    0x2, 0xff, 0xcf, 0x50, 0x0, 0x2, 0xff, 0xaf,
    0x70, 0x0, 0x4, 0xfd, 0x7f, 0xb0, 0x0, 0x9,
    0xfa, 0x1f, 0xf7, 0x0, 0x5f, 0xf3, 0x6, 0xff,
    0xff, 0xff, 0x80, 0x0, 0x3b, 0xef, 0xc5, 0x0,

    /* U+00F3 "ó" */
    0x0, 0x0, 0x1e, 0xd0, 0x0, 0x0, 0x0, 0x8f,
    0x40, 0x0, 0x0, 0x0, 0xe9, 0x0, 0x0, 0x0,
    0x0, 0x0, 0x0, 0x0, 0x0, 0x4b, 0xef, 0xc5,
    0x0, 0x6, 0xff, 0xff, 0xff, 0x80, 0x1f, 0xf8,
    0x0, 0x6f, 0xf3, 0x7f, 0xb0, 0x0, 0x8, 0xfa,
    0xbf, 0x70, 0x0, 0x4, 0xfd, 0xcf, 0x50, 0x0,
    0x2, 0xff, 0xcf, 0x50, 0x0, 0x2, 0xff, 0xaf,
    0x70, 0x0, 0x4, 0xfd, 0x7f, 0xb0, 0x0, 0x9,
    0xfa, 0x1f, 0xf7, 0x0, 0x5f, 0xf3, 0x6, 0xff,
    0xff, 0xff, 0x80, 0x0, 0x3b, 0xef, 0xc5, 0x0,

    /* U+00F4 "ô" */
    0x0, 0x8, 0xff, 0x60, 0x0, 0x0, 0x4f, 0x89,
    0xf3, 0x0, 0x0, 0xba, 0x0, 0xb9, 0x0, 0x0,
    0x0, 0x0, 0x0, 0x0, 0x0, 0x4b, 0xef, 0xc5,
    0x0, 0x6, 0xff, 0xff, 0xff, 0x80, 0x1f, 0xf8,
    0x0, 0x6f, 0xf3, 0x7f, 0xb0, 0x0, 0x8, 0xfa,
    0xbf, 0x70, 0x0, 0x4, 0xfd, 0xcf, 0x50, 0x0,
    0x2, 0xff, 0xcf, 0x50, 0x0, 0x2, 0xff, 0xaf,
    0x70, 0x0, 0x4, 0xfd, 0x7f, 0xb0, 0x0, 0x9,
    0xfa, 0x1f, 0xf7, 0x0, 0x5f, 0xf3, 0x6, 0xff,
    0xff, 0xff, 0x80, 0x0, 0x3b, 0xef, 0xc5, 0x0,

    /* U+00F5 "õ" */
    0x0, 0x0, 0x0, 0x1, 0x0, 0x0, 0x9f, 0xea,
    0x9f, 0x40, 0x3, 0xfb, 0xbe, 0xfa, 0x0, 0x0,
    0x10, 0x0, 0x0, 0x0, 0x0, 0x0, 0x0, 0x0,
    0x0, 0x0, 0x4b, 0xef, 0xc5, 0x0, 0x6, 0xff,
    0xff, 0xff, 0x80, 0x1f, 0xf8, 0x0, 0x6f, 0xf3,
    0x7f, 0xb0, 0x0, 0x8, 0xfa, 0xbf, 0x70, 0x0,
    0x4, 0xfd, 0xcf, 0x50, 0x0, 0x2, 0xff, 0xcf,
    0x50, 0x0, 0x2, 0xff, 0xaf, 0x70, 0x0, 0x4,
    0xfd, 0x7f, 0xb0, 0x0, 0x9, 0xfa, 0x1f, 0xf7,
    0x0, 0x5f, 0xf3, 0x6, 0xff, 0xff, 0xff, 0x80,
    0x0, 0x3b, 0xef, 0xc5, 0x0,

    /* U+00F6 "ö" */
    0x2, 0xed, 0x12, 0xed, 0x10, 0x6, 0xff, 0x46,
    0xff, 0x40, 0x2, 0xdc, 0x12, 0xdc, 0x10, 0x0,
    0x0, 0x0, 0x0, 0x0, 0x0, 0x4b, 0xef, 0xc5,
    0x0, 0x6, 0xff, 0xff, 0xff, 0x80, 0x1f, 0xf8,
    0x0, 0x6f, 0xf3, 0x7f, 0xb0, 0x0, 0x8, 0xfa,
    0xbf, 0x70, 0x0, 0x4, 0xfd, 0xcf, 0x50, 0x0,
    0x2, 0xff, 0xcf, 0x50, 0x0, 0x2, 0xff, 0xaf,
    0x70, 0x0, 0x4, 0xfd, 0x7f, 0xb0, 0x0, 0x9,
    0xfa, 0x1f, 0xf7, 0x0, 0x5f, 0xf3, 0x6, 0xff,
    0xff, 0xff, 0x80, 0x0, 0x3b, 0xef, 0xc5, 0x0,

    /* U+00F7 "÷" */
    0x0, 0x0, 0x7f, 0x50, 0x0, 0x0, 0x0, 0xc,
    0xfa, 0x0, 0x0, 0x0, 0x0, 0x4a, 0x20, 0x0,
    0x0, 0x0, 0x0, 0x0, 0x0, 0x0, 0x2e, 0xee,
    0xee, 0xee, 0xee, 0x13, 0xff, 0xff, 0xff, 0xff,
    0xf1, 0x0, 0x0, 0x0, 0x0, 0x0, 0x0, 0x0,
    0x3, 0xa2, 0x0, 0x0, 0x0, 0x0, 0xcf, 0xa0,
    0x0, 0x0, 0x0, 0x7, 0xf5, 0x0, 0x0,

    /* U+00F8 "ø" */
    0x0, 0x0, 0x0, 0x0, 0x28, 0x0, 0x0, 0x5c,
    0xfe, 0xbc, 0xf7, 0x0, 0x9f, 0xff, 0xff, 0xfe,
    0x0, 0x4f, 0xf5, 0x2, 0xff, 0xf1, 0xb, 0xf8,
    0x0, 0xbf, 0xff, 0x70, 0xef, 0x30, 0x6f, 0xe8,
    0xfa, 0xf, 0xf2, 0x1f, 0xf4, 0x6f, 0xb0, 0xff,
    0x2b, 0xf9, 0x6, 0xfb, 0xd, 0xfa, 0xfe, 0x0,
    0x7f, 0xa0, 0xaf, 0xff, 0x40, 0xc, 0xf7, 0x4,
    0xff, 0xc0, 0x8, 0xff, 0x10, 0x6f, 0xff, 0xff,
    0xff, 0x50, 0xd, 0xf8, 0xcf, 0xeb, 0x30, 0x0,
    0x17, 0x0, 0x0, 0x0, 0x0,

    /* U+00F9 "ù" */
    0x0, 0x3f, 0xa0, 0x0, 0x0, 0x0, 0x8, 0xf3,
    0x0, 0x0, 0x0, 0x0, 0x97, 0x0, 0x0, 0x0,
    0x0, 0x0, 0x0, 0x0, 0x9f, 0x70, 0x0, 0xc,
    0xf4, 0x9f, 0x70, 0x0, 0xc, 0xf4, 0x9f, 0x70,
    0x0, 0xc, 0xf4, 0x9f, 0x70, 0x0, 0xc, 0xf4,
    0x9f, 0x70, 0x0, 0xc, 0xf4, 0x9f, 0x70, 0x0,
    0xc, 0xf4, 0x9f, 0x70, 0x0, 0xc, 0xf4, 0x9f,
    0x70, 0x0, 0xc, 0xf4, 0x9f, 0x90, 0x0, 0xf,
    0xf4, 0x6f, 0xf3, 0x0, 0x8f, 0xf4, 0xd, 0xff,
    0xde, 0xff, 0xf4, 0x1, 0x9e, 0xfd, 0x6c, 0xf4,

    /* U+00FA "ú" */
    0x0, 0x0, 0x1e, 0xd0, 0x0, 0x0, 0x0, 0x8f,
    0x40, 0x0, 0x0, 0x1, 0xe9, 0x0, 0x0, 0x0,
    0x0, 0x0, 0x0, 0x0, 0x9f, 0x70, 0x0, 0xc,
    0xf4, 0x9f, 0x70, 0x0, 0xc, 0xf4, 0x9f, 0x70,
    0x0, 0xc, 0xf4, 0x9f, 0x70, 0x0, 0xc, 0xf4,
    0x9f, 0x70, 0x0, 0xc, 0xf4, 0x9f, 0x70, 0x0,
    0xc, 0xf4, 0x9f, 0x70, 0x0, 0xc, 0xf4, 0x9f,
    0x70, 0x0, 0xc, 0xf4, 0x9f, 0x90, 0x0, 0xf,
    0xf4, 0x6f, 0xf3, 0x0, 0x8f, 0xf4, 0xd, 0xff,
    0xde, 0xff, 0xf4, 0x1, 0x9e, 0xfd, 0x6c, 0xf4,

    /* U+00FB "û" */
    0x0, 0x8, 0xff, 0x70, 0x0, 0x0, 0x5f, 0x78,
    0xf3, 0x0, 0x0, 0x98, 0x0, 0x98, 0x0, 0x0,
    0x0, 0x0, 0x0, 0x0, 0x9f, 0x70, 0x0, 0xc,
    0xf4, 0x9f, 0x70, 0x0, 0xc, 0xf4, 0x9f, 0x70,
    0x0, 0xc, 0xf4, 0x9f, 0x70, 0x0, 0xc, 0xf4,
    0x9f, 0x70, 0x0, 0xc, 0xf4, 0x9f, 0x70, 0x0,
    0xc, 0xf4, 0x9f, 0x70, 0x0, 0xc, 0xf4, 0x9f,
    0x70, 0x0, 0xc, 0xf4, 0x9f, 0x90, 0x0, 0xf,
    0xf4, 0x6f, 0xf3, 0x0, 0x8f, 0xf4, 0xd, 0xff,
    0xde, 0xff, 0xf4, 0x1, 0x9e, 0xfd, 0x6c, 0xf4,

    /* U+00FC "ü" */
    0x2, 0xed, 0x12, 0xed, 0x10, 0x6, 0xff, 0x46,
    0xff, 0x40, 0x2, 0xdc, 0x12, 0xdc, 0x10, 0x0,
    0x0, 0x0, 0x0, 0x0, 0x9f, 0x70, 0x0, 0xc,
    0xf4, 0x9f, 0x70, 0x0, 0xc, 0xf4, 0x9f, 0x70,
    0x0, 0xc, 0xf4, 0x9f, 0x70, 0x0, 0xc, 0xf4,
    0x9f, 0x70, 0x0, 0xc, 0xf4, 0x9f, 0x70, 0x0,
    0xc, 0xf4, 0x9f, 0x70, 0x0, 0xc, 0xf4, 0x9f,
    0x70, 0x0, 0xc, 0xf4, 0x9f, 0x90, 0x0, 0xf,
    0xf4, 0x6f, 0xf3, 0x0, 0x8f, 0xf4, 0xd, 0xff,
    0xde, 0xff, 0xf4, 0x1, 0x9e, 0xfd, 0x6c, 0xf4,

    /* U+00FD "ý" */
    0x0, 0x0, 0xb, 0xf2, 0x0, 0x0, 0x0, 0x4,
    0xf8, 0x0, 0x0, 0x0, 0x0, 0xbd, 0x0, 0x0,
    0x0, 0x0, 0x0, 0x0, 0x0, 0x0, 0x6f, 0xc0,
    0x0, 0x4, 0xfe, 0x1, 0xff, 0x10, 0x0, 0x9f,
    0x90, 0xc, 0xf6, 0x0, 0xd, 0xf3, 0x0, 0x6f,
    0xb0, 0x2, 0xfe, 0x0, 0x1, 0xff, 0x0, 0x7f,
    0x90, 0x0, 0xc, 0xf4, 0xb, 0xf3, 0x0, 0x0,
    0x6f, 0x90, 0xfe, 0x0, 0x0, 0x1, 0xfd, 0x5f,
    0x90, 0x0, 0x0, 0xc, 0xfc, 0xf3, 0x0, 0x0,
    0x0, 0x7f, 0xfe, 0x0, 0x0, 0x0, 0x1, 0xff,
    0x90, 0x0, 0x0, 0x0, 0xe, 0xf3, 0x0, 0x0,
    0x0, 0x2, 0xfe, 0x0, 0x0, 0x0, 0x0, 0xbf,
    0x80, 0x0, 0x0, 0xc, 0xff, 0xe1, 0x0, 0x0,
    0x0, 0xee, 0xb2, 0x0, 0x0, 0x0,

    /* U+00FE "þ" */
    0x6f, 0xa0, 0x0, 0x0, 0x0, 0x7f, 0xa0, 0x0,
    0x0, 0x0, 0x7f, 0xa0, 0x0, 0x0, 0x0, 0x7f,
    0xa0, 0x0, 0x0, 0x0, 0x7f, 0xa6, 0xdf, 0xd6,
    0x0, 0x7f, 0xef, 0xff, 0xff, 0x90, 0x7f, 0xf7,
    0x0, 0x8f, 0xf3, 0x7f, 0xc0, 0x0, 0xc, 0xf8,
    0x7f, 0xa0, 0x0, 0x8, 0xfb, 0x7f, 0xa0, 0x0,
    0x7, 0xfc, 0x7f, 0xa0, 0x0, 0x7, 0xfc, 0x7f,
    0xa0, 0x0, 0x8, 0xfb, 0x7f, 0xc0, 0x0, 0xc,
    0xf8, 0x7f, 0xf7, 0x0, 0x7f, 0xf3, 0x7f, 0xef,
    0xff, 0xff, 0x90, 0x7f, 0xa5, 0xdf, 0xd6, 0x0,
    0x7f, 0xa0, 0x0, 0x0, 0x0, 0x7f, 0xa0, 0x0,
    0x0, 0x0, 0x7f, 0xa0, 0x0, 0x0, 0x0, 0x6f,
    0xa0, 0x0, 0x0, 0x0,

    /* U+00FF "ÿ" */
    0x0, 0xbe, 0x40, 0xbe, 0x40, 0x0, 0x2f, 0xf9,
    0x2f, 0xf9, 0x0, 0x0, 0xbe, 0x30, 0xbe, 0x40,
    0x0, 0x0, 0x0, 0x0, 0x0, 0x0, 0x6f, 0xc0,
    0x0, 0x4, 0xfe, 0x1, 0xff, 0x10, 0x0, 0x9f,
    0x90, 0xc, 0xf6, 0x0, 0xd, 0xf3, 0x0, 0x6f,
    0xb0, 0x2, 0xfe, 0x0, 0x1, 0xff, 0x0, 0x7f,
    0x90, 0x0, 0xc, 0xf4, 0xb, 0xf3, 0x0, 0x0,
    0x6f, 0x90, 0xfe, 0x0, 0x0, 0x1, 0xfd, 0x5f,
    0x90, 0x0, 0x0, 0xc, 0xfc, 0xf3, 0x0, 0x0,
    0x0, 0x7f, 0xfe, 0x0, 0x0, 0x0, 0x1, 0xff,
    0x90, 0x0, 0x0, 0x0, 0xe, 0xf3, 0x0, 0x0,
    0x0, 0x2, 0xfe, 0x0, 0x0, 0x0, 0x0, 0xbf,
    0x80, 0x0, 0x0, 0xc, 0xff, 0xe1, 0x0, 0x0,
    0x0, 0xee, 0xb2, 0x0, 0x0, 0x0,

    /* U+F001 "" */
    0x0, 0x0, 0x0, 0x0, 0x0, 0x0, 0x0, 0x0,
    0x0, 0x0, 0x1, 0x0, 0x0, 0x0, 0x0, 0x0,
    0x0, 0x0, 0x0, 0x0, 0x5, 0x9e, 0xf8, 0x0,
    0x0, 0x0, 0x0, 0x0, 0x0, 0x0, 0x26, 0xbf,
    0xff, 0xff, 0xd0, 0x0, 0x0, 0x0, 0x0, 0x0,
    0x48, 0xdf, 0xff, 0xff, 0xff, 0xfd, 0x0, 0x0,
    0x0, 0x1, 0x5a, 0xff, 0xff, 0xff, 0xff, 0xff,
    0xff, 0xd0, 0x0, 0x0, 0x5, 0xff, 0xff, 0xff,
    0xff, 0xff, 0xff, 0xff, 0xfd, 0x0, 0x0, 0x0,
    0xaf, 0xff, 0xff, 0xff, 0xff, 0xff, 0xff, 0xff,
    0xd0, 0x0, 0x0, 0xa, 0xff, 0xff, 0xff, 0xff,
    0xfd, 0x94, 0xe, 0xfd, 0x0, 0x0, 0x0, 0xaf,
    0xff, 0xff, 0xfc, 0x72, 0x0, 0x0, 0xef, 0xd0,
    0x0, 0x0, 0xa, 0xff, 0xea, 0x51, 0x0, 0x0,
    0x0, 0xe, 0xfd, 0x0, 0x0, 0x0, 0xaf, 0xf1,
    0x0, 0x0, 0x0, 0x0, 0x0, 0xef, 0xd0, 0x0,
    0x0, 0xa, 0xff, 0x10, 0x0, 0x0, 0x0, 0x0,
    0xe, 0xfd, 0x0, 0x0, 0x0, 0xaf, 0xf1, 0x0,
    0x0, 0x0, 0x0, 0x0, 0xef, 0xd0, 0x0, 0x0,
    0xa, 0xff, 0x10, 0x0, 0x0, 0x0, 0x0, 0xe,
    0xfd, 0x0, 0x0, 0x0, 0xaf, 0xf1, 0x0, 0x0,
    0x0, 0x3, 0x54, 0xff, 0xd0, 0x0, 0x0, 0xa,
    0xff, 0x10, 0x0, 0x0, 0x5e, 0xff, 0xff, 0xfd,
    0x0, 0x0, 0x0, 0xaf, 0xf1, 0x0, 0x0, 0x3f,
    0xff, 0xff, 0xff, 0xd0, 0x1, 0x69, 0x9d, 0xff,
    0x10, 0x0, 0x6, 0xff, 0xff, 0xff, 0xfc, 0x6,
    0xff, 0xff, 0xff, 0xf1, 0x0, 0x0, 0x1e, 0xff,
    0xff, 0xff, 0x61, 0xff, 0xff, 0xff, 0xff, 0x10,
    0x0, 0x0, 0x2a, 0xff, 0xfc, 0x50, 0x1f, 0xff,
    0xff, 0xff, 0xf0, 0x0, 0x0, 0x0, 0x0, 0x10,
    0x0, 0x0, 0x9f, 0xff, 0xff, 0xf7, 0x0, 0x0,
    0x0, 0x0, 0x0, 0x0, 0x0, 0x0, 0x4a, 0xcc,
    0xa3, 0x0, 0x0, 0x0, 0x0, 0x0, 0x0, 0x0,
    0x0,

    /* U+F008 "" */
    0x42, 0x0, 0x78, 0x88, 0x88, 0x88, 0x88, 0x88,
    0x87, 0x0, 0x24, 0xf8, 0x22, 0xef, 0xff, 0xff,
    0xff, 0xff, 0xff, 0xfe, 0x22, 0x8f, 0xff, 0xff,
    0xff, 0xb9, 0x99, 0x99, 0x99, 0x9b, 0xff, 0xff,
    0xff, 0xf9, 0x44, 0xff, 0x30, 0x0, 0x0, 0x0,
    0x3, 0xff, 0x44, 0x9f, 0xf6, 0x0, 0xef, 0x30,
    0x0, 0x0, 0x0, 0x3, 0xfe, 0x0, 0x6f, 0xf7,
    0x0, 0xef, 0x30, 0x0, 0x0, 0x0, 0x3, 0xfe,
    0x0, 0x7f, 0xff, 0xff, 0xff, 0x30, 0x0, 0x0,
    0x0, 0x3, 0xff, 0xff, 0xff, 0xfa, 0x66, 0xff,
    0x74, 0x44, 0x44, 0x44, 0x47, 0xff, 0x66, 0xaf,
    0xf6, 0x0, 0xef, 0xff, 0xff, 0xff, 0xff, 0xff,
    0xfe, 0x0, 0x6f, 0xf6, 0x0, 0xef, 0xdc, 0xcc,
    0xcc, 0xcc, 0xcd, 0xfe, 0x0, 0x6f, 0xff, 0xee,
    0xff, 0x30, 0x0, 0x0, 0x0, 0x3, 0xff, 0xee,
    0xff, 0xfc, 0x88, 0xff, 0x30, 0x0, 0x0, 0x0,
    0x3, 0xff, 0x88, 0xcf, 0xf6, 0x0, 0xef, 0x30,
    0x0, 0x0, 0x0, 0x3, 0xfe, 0x0, 0x6f, 0xf6,
    0x0, 0xef, 0x30, 0x0, 0x0, 0x0, 0x3, 0xfe,
    0x0, 0x6f, 0xfe, 0xcc, 0xff, 0x41, 0x11, 0x11,
    0x11, 0x14, 0xff, 0xcc, 0xef, 0xfd, 0xaa, 0xff,
    0xff, 0xff, 0xff, 0xff, 0xff, 0xff, 0xaa, 0xdf,
    0xc6, 0x0, 0xef, 0xff, 0xff, 0xff, 0xff, 0xff,
    0xfe, 0x0, 0x6c,

    /* U+F00B "" */
    0xbf, 0xff, 0xfe, 0x31, 0xdf, 0xff, 0xff, 0xff,
    0xff, 0xff, 0xfb, 0xff, 0xff, 0xff, 0x63, 0xff,
    0xff, 0xff, 0xff, 0xff, 0xff, 0xff, 0xff, 0xff,
    0xff, 0x63, 0xff, 0xff, 0xff, 0xff, 0xff, 0xff,
    0xff, 0xff, 0xff, 0xff, 0x63, 0xff, 0xff, 0xff,
    0xff, 0xff, 0xff, 0xff, 0xff, 0xff, 0xff, 0x63,
    0xff, 0xff, 0xff, 0xff, 0xff, 0xff, 0xff, 0x58,
    0x88, 0x87, 0x0, 0x78, 0x88, 0x88, 0x88, 0x88,
    0x88, 0x85, 0x0, 0x0, 0x0, 0x0, 0x0, 0x0,
    0x0, 0x0, 0x0, 0x0, 0x0, 0xcf, 0xff, 0xff,
    0x31, 0xef, 0xff, 0xff, 0xff, 0xff, 0xff, 0xfc,
    0xff, 0xff, 0xff, 0x63, 0xff, 0xff, 0xff, 0xff,
    0xff, 0xff, 0xff, 0xff, 0xff, 0xff, 0x63, 0xff,
    0xff, 0xff, 0xff, 0xff, 0xff, 0xff, 0xff, 0xff,
    0xff, 0x63, 0xff, 0xff, 0xff, 0xff, 0xff, 0xff,
    0xff, 0xff, 0xff, 0xff, 0x53, 0xff, 0xff, 0xff,
    0xff, 0xff, 0xff, 0xff, 0x47, 0x88, 0x87, 0x0,
    0x68, 0x88, 0x88, 0x88, 0x88, 0x88, 0x74, 0x0,
    0x0, 0x0, 0x0, 0x0, 0x0, 0x0, 0x0, 0x0,
    0x0, 0x0, 0xcf, 0xff, 0xff, 0x31, 0xef, 0xff,
    0xff, 0xff, 0xff, 0xff, 0xfc, 0xff, 0xff, 0xff,
    0x63, 0xff, 0xff, 0xff, 0xff, 0xff, 0xff, 0xff,
    0xff, 0xff, 0xff, 0x63, 0xff, 0xff, 0xff, 0xff,
    0xff, 0xff, 0xff, 0xff, 0xff, 0xff, 0x63, 0xff,
    0xff, 0xff, 0xff, 0xff, 0xff, 0xff, 0xff, 0xff,
    0xff, 0x52, 0xff, 0xff, 0xff, 0xff, 0xff, 0xff,
    0xff, 0x37, 0x77, 0x76, 0x0, 0x57, 0x77, 0x77,
    0x77, 0x77, 0x77, 0x74,

    /* U+F00C "" */
    0x0, 0x0, 0x0, 0x0, 0x0, 0x0, 0x0, 0x0,
    0x0, 0x16, 0x0, 0x0, 0x0, 0x0, 0x0, 0x0,
    0x0, 0x0, 0x0, 0x2, 0xef, 0xb0, 0x0, 0x0,
    0x0, 0x0, 0x0, 0x0, 0x0, 0x0, 0x2e, 0xff,
    0xfb, 0x0, 0x0, 0x0, 0x0, 0x0, 0x0, 0x0,
    0x2, 0xef, 0xff, 0xfe, 0x0, 0x0, 0x0, 0x0,
    0x0, 0x0, 0x0, 0x2e, 0xff, 0xff, 0xf3, 0x0,
    0x0, 0x0, 0x0, 0x0, 0x0, 0x2, 0xef, 0xff,
    0xff, 0x30, 0x4, 0xe8, 0x0, 0x0, 0x0, 0x0,
    0x2e, 0xff, 0xff, 0xf3, 0x0, 0x4f, 0xff, 0x80,
    0x0, 0x0, 0x2, 0xef, 0xff, 0xff, 0x30, 0x0,
    0xef, 0xff, 0xf8, 0x0, 0x0, 0x2e, 0xff, 0xff,
    0xf3, 0x0, 0x0, 0xaf, 0xff, 0xff, 0x80, 0x2,
    0xef, 0xff, 0xff, 0x30, 0x0, 0x0, 0xa, 0xff,
    0xff, 0xf8, 0x2e, 0xff, 0xff, 0xf3, 0x0, 0x0,
    0x0, 0x0, 0xaf, 0xff, 0xff, 0xff, 0xff, 0xff,
    0x30, 0x0, 0x0, 0x0, 0x0, 0xa, 0xff, 0xff,
    0xff, 0xff, 0xf3, 0x0, 0x0, 0x0, 0x0, 0x0,
    0x0, 0xaf, 0xff, 0xff, 0xff, 0x30, 0x0, 0x0,
    0x0, 0x0, 0x0, 0x0, 0xa, 0xff, 0xff, 0xf3,
    0x0, 0x0, 0x0, 0x0, 0x0, 0x0, 0x0, 0x0,
    0xaf, 0xfe, 0x30, 0x0, 0x0, 0x0, 0x0, 0x0,
    0x0, 0x0, 0x0, 0x9, 0xd3, 0x0, 0x0, 0x0,
    0x0, 0x0, 0x0,

    /* U+F00D "" */
    0x8, 0xc4, 0x0, 0x0, 0x0, 0x2, 0xc9, 0x0,
    0x9f, 0xff, 0x40, 0x0, 0x0, 0x2e, 0xff, 0xb0,
    0xff, 0xff, 0xf4, 0x0, 0x2, 0xef, 0xff, 0xf1,
    0x7f, 0xff, 0xff, 0x40, 0x2e, 0xff, 0xff, 0x90,
    0x8, 0xff, 0xff, 0xf6, 0xef, 0xff, 0xfa, 0x0,
    0x0, 0x8f, 0xff, 0xff, 0xff, 0xff, 0xa0, 0x0,
    0x0, 0x8, 0xff, 0xff, 0xff, 0xfa, 0x0, 0x0,
    0x0, 0x0, 0x9f, 0xff, 0xff, 0xb0, 0x0, 0x0,
    0x0, 0x2, 0xef, 0xff, 0xff, 0xf4, 0x0, 0x0,
    0x0, 0x2e, 0xff, 0xff, 0xff, 0xff, 0x40, 0x0,
    0x2, 0xef, 0xff, 0xfd, 0xff, 0xff, 0xf4, 0x0,
    0x2e, 0xff, 0xff, 0xa0, 0x8f, 0xff, 0xff, 0x40,
    0xdf, 0xff, 0xfa, 0x0, 0x8, 0xff, 0xff, 0xf0,
    0xdf, 0xff, 0xa0, 0x0, 0x0, 0x8f, 0xff, 0xe0,
    0x2e, 0xfa, 0x0, 0x0, 0x0, 0x8, 0xff, 0x30,
    0x0, 0x30, 0x0, 0x0, 0x0, 0x0, 0x21, 0x0,

    /* U+F011 "" */
    0x0, 0x0, 0x0, 0x0, 0x1, 0x33, 0x0, 0x0,
    0x0, 0x0, 0x0, 0x0, 0x0, 0x0, 0x0, 0xd,
    0xff, 0x60, 0x0, 0x0, 0x0, 0x0, 0x0, 0x0,
    0x0, 0x0, 0xe, 0xff, 0x80, 0x0, 0x0, 0x0,
    0x0, 0x0, 0x0, 0xaf, 0x50, 0xe, 0xff, 0x80,
    0xb, 0xf4, 0x0, 0x0, 0x0, 0xb, 0xff, 0xe0,
    0xe, 0xff, 0x80, 0x4f, 0xff, 0x50, 0x0, 0x0,
    0x9f, 0xff, 0xe0, 0xe, 0xff, 0x80, 0x5f, 0xff,
    0xf2, 0x0, 0x3, 0xff, 0xfe, 0x30, 0xe, 0xff,
    0x80, 0x8, 0xff, 0xfc, 0x0, 0xb, 0xff, 0xf3,
    0x0, 0xe, 0xff, 0x80, 0x0, 0xaf, 0xff, 0x50,
    0x1f, 0xff, 0x90, 0x0, 0xe, 0xff, 0x80, 0x0,
    0x1f, 0xff, 0xb0, 0x6f, 0xff, 0x30, 0x0, 0xe,
    0xff, 0x80, 0x0, 0x9, 0xff, 0xf0, 0x8f, 0xff,
    0x0, 0x0, 0xe, 0xff, 0x80, 0x0, 0x5, 0xff,
    0xf2, 0xaf, 0xfd, 0x0, 0x0, 0xe, 0xff, 0x80,
    0x0, 0x3, 0xff, 0xf3, 0x9f, 0xfd, 0x0, 0x0,
    0xc, 0xff, 0x50, 0x0, 0x4, 0xff, 0xf2, 0x8f,
    0xff, 0x0, 0x0, 0x0, 0x11, 0x0, 0x0, 0x6,
    0xff, 0xf1, 0x4f, 0xff, 0x50, 0x0, 0x0, 0x0,
    0x0, 0x0, 0xb, 0xff, 0xe0, 0xf, 0xff, 0xc0,
    0x0, 0x0, 0x0, 0x0, 0x0, 0x3f, 0xff, 0x90,
    0x8, 0xff, 0xf8, 0x0, 0x0, 0x0, 0x0, 0x1,
    0xef, 0xff, 0x20, 0x1, 0xef, 0xff, 0x90, 0x0,
    0x0, 0x0, 0x2d, 0xff, 0xf9, 0x0, 0x0, 0x4f,
    0xff, 0xfd, 0x62, 0x1, 0x49, 0xff, 0xff, 0xc0,
    0x0, 0x0, 0x6, 0xff, 0xff, 0xff, 0xff, 0xff,
    0xff, 0xfd, 0x10, 0x0, 0x0, 0x0, 0x4e, 0xff,
    0xff, 0xff, 0xff, 0xff, 0xa0, 0x0, 0x0, 0x0,
    0x0, 0x0, 0x7d, 0xff, 0xff, 0xff, 0xb4, 0x0,
    0x0, 0x0, 0x0, 0x0, 0x0, 0x0, 0x25, 0x65,
    0x30, 0x0, 0x0, 0x0, 0x0,

    /* U+F013 "" */
    0x0, 0x0, 0x0, 0x0, 0x0, 0x0, 0x0, 0x0,
    0x0, 0x0, 0x0, 0x0, 0x0, 0x0, 0x0, 0x6c,
    0xee, 0xc7, 0x0, 0x0, 0x0, 0x0, 0x0, 0x0,
    0x0, 0x0, 0xbf, 0xff, 0xfc, 0x0, 0x0, 0x0,
    0x0, 0x0, 0x0, 0x0, 0x0, 0xbf, 0xff, 0xfc,
    0x0, 0x0, 0x0, 0x0, 0x0, 0x8, 0x30, 0x2a,
    0xff, 0xff, 0xff, 0xb2, 0x3, 0x80, 0x0, 0x0,
    0x8f, 0xfb, 0xff, 0xff, 0xff, 0xff, 0xff, 0xbf,
    0xf8, 0x0, 0x3, 0xff, 0xff, 0xff, 0xff, 0xff,
    0xff, 0xff, 0xff, 0xff, 0x40, 0xb, 0xff, 0xff,
    0xff, 0xff, 0xff, 0xff, 0xff, 0xff, 0xff, 0xb0,
    0x1f, 0xff, 0xff, 0xff, 0xfa, 0x55, 0xaf, 0xff,
    0xff, 0xff, 0xf2, 0x6, 0xef, 0xff, 0xff, 0x70,
    0x0, 0x7, 0xff, 0xff, 0xff, 0x60, 0x0, 0x2f,
    0xff, 0xfd, 0x0, 0x0, 0x0, 0xcf, 0xff, 0xf3,
    0x0, 0x0, 0x3f, 0xff, 0xfa, 0x0, 0x0, 0x0,
    0x9f, 0xff, 0xf3, 0x0, 0x0, 0x2f, 0xff, 0xfb,
    0x0, 0x0, 0x0, 0xaf, 0xff, 0xf3, 0x0, 0x0,
    0x8f, 0xff, 0xff, 0x20, 0x0, 0x1, 0xff, 0xff,
    0xf9, 0x0, 0x1e, 0xff, 0xff, 0xff, 0xd3, 0x0,
    0x3d, 0xff, 0xff, 0xff, 0xe1, 0xe, 0xff, 0xff,
    0xff, 0xff, 0xee, 0xff, 0xff, 0xff, 0xff, 0xe0,
    0x7, 0xff, 0xff, 0xff, 0xff, 0xff, 0xff, 0xff,
    0xff, 0xff, 0x80, 0x0, 0xdf, 0xff, 0xff, 0xff,
    0xff, 0xff, 0xff, 0xff, 0xfd, 0x0, 0x0, 0x2f,
    0xb2, 0x9f, 0xff, 0xff, 0xff, 0xfa, 0x2a, 0xf3,
    0x0, 0x0, 0x1, 0x0, 0x2, 0xdf, 0xff, 0xfe,
    0x30, 0x0, 0x10, 0x0, 0x0, 0x0, 0x0, 0x0,
    0xbf, 0xff, 0xfc, 0x0, 0x0, 0x0, 0x0, 0x0,
    0x0, 0x0, 0x0, 0xbf, 0xff, 0xfb, 0x0, 0x0,
    0x0, 0x0, 0x0, 0x0, 0x0, 0x0, 0x14, 0x66,
    0x41, 0x0, 0x0, 0x0, 0x0,

    /* U+F015 "" */
    0x0, 0x0, 0x0, 0x0, 0x0, 0x1b, 0xe9, 0x0,
    0x5, 0xff, 0xd0, 0x0, 0x0, 0x0, 0x0, 0x0,
    0x0, 0x3e, 0xff, 0xfc, 0x10, 0x7f, 0xff, 0x0,
    0x0, 0x0, 0x0, 0x0, 0x0, 0x6f, 0xff, 0xff,
    0xfe, 0x37, 0xff, 0xf0, 0x0, 0x0, 0x0, 0x0,
    0x0, 0x9f, 0xff, 0xb4, 0xdf, 0xff, 0xbf, 0xff,
    0x0, 0x0, 0x0, 0x0, 0x1, 0xbf, 0xff, 0x80,
    0x1, 0xbf, 0xff, 0xff, 0xf0, 0x0, 0x0, 0x0,
    0x2, 0xdf, 0xff, 0x50, 0x8f, 0x50, 0x9f, 0xff,
    0xff, 0x0, 0x0, 0x0, 0x4, 0xff, 0xfe, 0x30,
    0xbf, 0xff, 0x70, 0x6f, 0xff, 0xf1, 0x0, 0x0,
    0x7, 0xff, 0xfc, 0x12, 0xdf, 0xff, 0xff, 0xa0,
    0x3e, 0xff, 0xe3, 0x0, 0xa, 0xff, 0xfa, 0x3,
    0xef, 0xff, 0xff, 0xff, 0xc1, 0x2d, 0xff, 0xf6,
    0xc, 0xff, 0xf7, 0x6, 0xff, 0xff, 0xff, 0xff,
    0xff, 0xe3, 0xb, 0xff, 0xf8, 0x9f, 0xf5, 0x9,
    0xff, 0xff, 0xff, 0xff, 0xff, 0xff, 0xf5, 0x8,
    0xff, 0x50, 0x93, 0xa, 0xff, 0xff, 0xff, 0xff,
    0xff, 0xff, 0xff, 0xf6, 0x5, 0x70, 0x0, 0x0,
    0xef, 0xff, 0xff, 0xff, 0xff, 0xff, 0xff, 0xff,
    0xa0, 0x0, 0x0, 0x0, 0xe, 0xff, 0xff, 0xff,
    0xcc, 0xcf, 0xff, 0xff, 0xfa, 0x0, 0x0, 0x0,
    0x0, 0xef, 0xff, 0xff, 0x50, 0x0, 0x9f, 0xff,
    0xff, 0xa0, 0x0, 0x0, 0x0, 0xe, 0xff, 0xff,
    0xf5, 0x0, 0x9, 0xff, 0xff, 0xfa, 0x0, 0x0,
    0x0, 0x0, 0xef, 0xff, 0xff, 0x50, 0x0, 0x9f,
    0xff, 0xff, 0xa0, 0x0, 0x0, 0x0, 0xe, 0xff,
    0xff, 0xf5, 0x0, 0x9, 0xff, 0xff, 0xfa, 0x0,
    0x0, 0x0, 0x0, 0xdf, 0xff, 0xff, 0x40, 0x0,
    0x8f, 0xff, 0xff, 0x90, 0x0, 0x0, 0x0, 0x2,
    0x44, 0x44, 0x40, 0x0, 0x1, 0x44, 0x44, 0x41,
    0x0, 0x0,

    /* U+F019 "" */
    0x0, 0x0, 0x0, 0x0, 0x2, 0x22, 0x20, 0x0,
    0x0, 0x0, 0x0, 0x0, 0x0, 0x0, 0x0, 0x9f,
    0xff, 0xf9, 0x0, 0x0, 0x0, 0x0, 0x0, 0x0,
    0x0, 0x0, 0xcf, 0xff, 0xfc, 0x0, 0x0, 0x0,
    0x0, 0x0, 0x0, 0x0, 0x0, 0xcf, 0xff, 0xfc,
    0x0, 0x0, 0x0, 0x0, 0x0, 0x0, 0x0, 0x0,
    0xcf, 0xff, 0xfc, 0x0, 0x0, 0x0, 0x0, 0x0,
    0x0, 0x0, 0x0, 0xcf, 0xff, 0xfc, 0x0, 0x0,
    0x0, 0x0, 0x0, 0x0, 0x0, 0x0, 0xcf, 0xff,
    0xfc, 0x0, 0x0, 0x0, 0x0, 0x0, 0x0, 0x0,
    0x0, 0xcf, 0xff, 0xfc, 0x0, 0x0, 0x0, 0x0,
    0x0, 0x0, 0x0, 0x0, 0xcf, 0xff, 0xfc, 0x0,
    0x0, 0x0, 0x0, 0x0, 0x3, 0xee, 0xee, 0xff,
    0xff, 0xff, 0xee, 0xee, 0x20, 0x0, 0x0, 0x2,
    0xff, 0xff, 0xff, 0xff, 0xff, 0xff, 0xff, 0x20,
    0x0, 0x0, 0x0, 0x3f, 0xff, 0xff, 0xff, 0xff,
    0xff, 0xf3, 0x0, 0x0, 0x0, 0x0, 0x3, 0xff,
    0xff, 0xff, 0xff, 0xff, 0x30, 0x0, 0x0, 0x0,
    0x0, 0x0, 0x3f, 0xff, 0xff, 0xff, 0xf3, 0x0,
    0x0, 0x0, 0x0, 0x0, 0x0, 0x3, 0xff, 0xff,
    0xff, 0x40, 0x0, 0x0, 0x0, 0x0, 0x0, 0x0,
    0x0, 0x4f, 0xff, 0xf4, 0x0, 0x0, 0x0, 0x0,
    0xcf, 0xff, 0xff, 0xfc, 0x4, 0xff, 0x40, 0xcf,
    0xff, 0xff, 0xfc, 0xff, 0xff, 0xff, 0xff, 0xc0,
    0x23, 0xc, 0xff, 0xff, 0xff, 0xff, 0xff, 0xff,
    0xff, 0xff, 0xfc, 0x44, 0xcf, 0xff, 0xff, 0xff,
    0xff, 0xff, 0xff, 0xff, 0xff, 0xff, 0xff, 0xff,
    0xff, 0xff, 0xff, 0xff, 0xff, 0xff, 0xff, 0xff,
    0xff, 0xff, 0xff, 0xf1, 0x6e, 0xb, 0xff, 0xff,
    0xff, 0xff, 0xff, 0xff, 0xff, 0xff, 0xf6, 0xaf,
    0x5d, 0xff, 0xbf, 0xff, 0xff, 0xff, 0xff, 0xff,
    0xff, 0xff, 0xff, 0xff, 0xfb,

    /* U+F01C "" */
    0x0, 0x0, 0x4, 0xab, 0xbb, 0xbb, 0xbb, 0xbb,
    0xbb, 0xa2, 0x0, 0x0, 0x0, 0x0, 0x4, 0xff,
    0xff, 0xff, 0xff, 0xff, 0xff, 0xff, 0xe1, 0x0,
    0x0, 0x0, 0x0, 0xef, 0xff, 0xff, 0xff, 0xff,
    0xff, 0xff, 0xff, 0xb0, 0x0, 0x0, 0x0, 0x9f,
    0xfa, 0x0, 0x0, 0x0, 0x0, 0x0, 0x1d, 0xff,
    0x50, 0x0, 0x0, 0x4f, 0xfe, 0x10, 0x0, 0x0,
    0x0, 0x0, 0x0, 0x4f, 0xfe, 0x10, 0x0, 0xd,
    0xff, 0x60, 0x0, 0x0, 0x0, 0x0, 0x0, 0x0,
    0xaf, 0xfa, 0x0, 0x9, 0xff, 0xc0, 0x0, 0x0,
    0x0, 0x0, 0x0, 0x0, 0x1, 0xef, 0xf5, 0x3,
    0xff, 0xf2, 0x0, 0x0, 0x0, 0x0, 0x0, 0x0,
    0x0, 0x5, 0xff, 0xe1, 0xdf, 0xfa, 0x44, 0x44,
    0x20, 0x0, 0x0, 0x0, 0x34, 0x44, 0x4d, 0xff,
    0x8f, 0xff, 0xff, 0xff, 0xfe, 0x0, 0x0, 0x0,
    0x3f, 0xff, 0xff, 0xff, 0xfb, 0xff, 0xff, 0xff,
    0xff, 0xf7, 0x0, 0x0, 0xb, 0xff, 0xff, 0xff,
    0xff, 0xcf, 0xff, 0xff, 0xff, 0xff, 0xe8, 0x88,
    0x88, 0xff, 0xff, 0xff, 0xff, 0xfc, 0xff, 0xff,
    0xff, 0xff, 0xff, 0xff, 0xff, 0xff, 0xff, 0xff,
    0xff, 0xff, 0xcf, 0xff, 0xff, 0xff, 0xff, 0xff,
    0xff, 0xff, 0xff, 0xff, 0xff, 0xff, 0xfc, 0xff,
    0xff, 0xff, 0xff, 0xff, 0xff, 0xff, 0xff, 0xff,
    0xff, 0xff, 0xff, 0xbd, 0xff, 0xff, 0xff, 0xff,
    0xff, 0xff, 0xff, 0xff, 0xff, 0xff, 0xff, 0xf9,
    0x4e, 0xff, 0xff, 0xff, 0xff, 0xff, 0xff, 0xff,
    0xff, 0xff, 0xff, 0xfc, 0x10,

    /* U+F021 "" */
    0x0, 0x0, 0x0, 0x0, 0x0, 0x0, 0x0, 0x0,
    0x0, 0x6, 0x76, 0x0, 0x0, 0x0, 0x5, 0x9c,
    0xdd, 0xb8, 0x30, 0x0, 0xf, 0xff, 0x0, 0x0,
    0x6, 0xef, 0xff, 0xff, 0xff, 0xfc, 0x40, 0xf,
    0xff, 0x0, 0x0, 0xbf, 0xff, 0xff, 0xff, 0xff,
    0xff, 0xf9, 0xf, 0xff, 0x0, 0xc, 0xff, 0xff,
    0xa5, 0x34, 0x6b, 0xff, 0xff, 0xce, 0xff, 0x0,
    0xaf, 0xff, 0xb2, 0x0, 0x0, 0x0, 0x2b, 0xff,
    0xff, 0xff, 0x5, 0xff, 0xf9, 0x0, 0x0, 0x0,
    0x0, 0x0, 0x8f, 0xff, 0xff, 0xd, 0xff, 0xb0,
    0x0, 0x0, 0x0, 0x7d, 0xdc, 0xbf, 0xff, 0xff,
    0x2f, 0xff, 0x20, 0x0, 0x0, 0x0, 0xaf, 0xff,
    0xff, 0xff, 0xff, 0x6f, 0xfb, 0x0, 0x0, 0x0,
    0x0, 0x9f, 0xff, 0xff, 0xff, 0xff, 0x2, 0x20,
    0x0, 0x0, 0x0, 0x0, 0x2, 0x22, 0x22, 0x22,
    0x21, 0x0, 0x0, 0x0, 0x0, 0x0, 0x0, 0x0,
    0x0, 0x0, 0x0, 0x0, 0x0, 0x0, 0x0, 0x0,
    0x0, 0x0, 0x0, 0x0, 0x0, 0x0, 0x0, 0xde,
    0xee, 0xee, 0xee, 0xe7, 0x0, 0x0, 0x0, 0x0,
    0x9e, 0xe5, 0xff, 0xff, 0xff, 0xff, 0xfa, 0x0,
    0x0, 0x0, 0x1, 0xff, 0xf3, 0xff, 0xff, 0xff,
    0xff, 0xf9, 0x0, 0x0, 0x0, 0x9, 0xff, 0xe0,
    0xff, 0xff, 0xf4, 0x0, 0x10, 0x0, 0x0, 0x0,
    0x5f, 0xff, 0x70, 0xff, 0xff, 0xff, 0x70, 0x0,
    0x0, 0x0, 0x7, 0xff, 0xfd, 0x0, 0xff, 0xff,
    0xff, 0xfd, 0x61, 0x0, 0x5, 0xcf, 0xff, 0xf2,
    0x0, 0xff, 0xe3, 0xef, 0xff, 0xff, 0xee, 0xff,
    0xff, 0xfe, 0x30, 0x0, 0xff, 0xf0, 0x19, 0xff,
    0xff, 0xff, 0xff, 0xff, 0xb1, 0x0, 0x0, 0xff,
    0xf0, 0x0, 0x28, 0xdf, 0xff, 0xfe, 0xa3, 0x0,
    0x0, 0x0, 0xab, 0xa0, 0x0, 0x0, 0x1, 0x33,
    0x10, 0x0, 0x0, 0x0, 0x0,

    /* U+F026 "" */
    0x0, 0x0, 0x0, 0x0, 0x3, 0x30, 0x0, 0x0,
    0x0, 0x6, 0xff, 0x0, 0x0, 0x0, 0x6, 0xff,
    0xf0, 0x0, 0x0, 0x6, 0xff, 0xff, 0x24, 0x44,
    0x47, 0xff, 0xff, 0xfe, 0xff, 0xff, 0xff, 0xff,
    0xff, 0xff, 0xff, 0xff, 0xff, 0xff, 0xff, 0xff,
    0xff, 0xff, 0xff, 0xff, 0xff, 0xff, 0xff, 0xff,
    0xff, 0xff, 0xff, 0xff, 0xff, 0xff, 0xff, 0xff,
    0xff, 0xff, 0xff, 0xff, 0xff, 0xff, 0xff, 0xff,
    0xff, 0xff, 0xbf, 0xff, 0xff, 0xff, 0xff, 0xf0,
    0x0, 0x0, 0x2e, 0xff, 0xff, 0x0, 0x0, 0x0,
    0x2e, 0xff, 0xf0, 0x0, 0x0, 0x0, 0x2e, 0xff,
    0x0, 0x0, 0x0, 0x0, 0x2e, 0xc0, 0x0, 0x0,
    0x0, 0x0, 0x0,

    /* U+F027 "" */
    0x0, 0x0, 0x0, 0x0, 0x3, 0x30, 0x0, 0x0,
    0x0, 0x0, 0x0, 0x0, 0x6, 0xff, 0x0, 0x0,
    0x0, 0x0, 0x0, 0x0, 0x6, 0xff, 0xf0, 0x0,
    0x0, 0x0, 0x0, 0x0, 0x6, 0xff, 0xff, 0x0,
    0x0, 0x0, 0x24, 0x44, 0x47, 0xff, 0xff, 0xf0,
    0x0, 0x0, 0xe, 0xff, 0xff, 0xff, 0xff, 0xff,
    0x0, 0x75, 0x0, 0xff, 0xff, 0xff, 0xff, 0xff,
    0xf0, 0x2f, 0xf7, 0xf, 0xff, 0xff, 0xff, 0xff,
    0xff, 0x0, 0x7f, 0xf0, 0xff, 0xff, 0xff, 0xff,
    0xff, 0xf0, 0x0, 0xdf, 0x3f, 0xff, 0xff, 0xff,
    0xff, 0xff, 0x0, 0xf, 0xf3, 0xff, 0xff, 0xff,
    0xff, 0xff, 0xf0, 0xc, 0xfd, 0xf, 0xff, 0xff,
    0xff, 0xff, 0xff, 0x1, 0xfe, 0x20, 0xbf, 0xff,
    0xff, 0xff, 0xff, 0xf0, 0x1, 0x0, 0x0, 0x0,
    0x0, 0x2e, 0xff, 0xff, 0x0, 0x0, 0x0, 0x0,
    0x0, 0x0, 0x2e, 0xff, 0xf0, 0x0, 0x0, 0x0,
    0x0, 0x0, 0x0, 0x2e, 0xff, 0x0, 0x0, 0x0,
    0x0, 0x0, 0x0, 0x0, 0x2d, 0xc0, 0x0, 0x0,
    0x0, 0x0, 0x0, 0x0, 0x0, 0x0, 0x0, 0x0,
    0x0,

    /* U+F028 "" */
    0x0, 0x0, 0x0, 0x0, 0x0, 0x0, 0x0, 0x0,
    0x0, 0x73, 0x0, 0x0, 0x0, 0x0, 0x0, 0x0,
    0x0, 0x0, 0x0, 0x0, 0x0, 0x4f, 0xf7, 0x0,
    0x0, 0x0, 0x0, 0x0, 0x0, 0x3, 0x30, 0x0,
    0x0, 0x0, 0x9f, 0xf7, 0x0, 0x0, 0x0, 0x0,
    0x0, 0x6, 0xff, 0x0, 0x0, 0x1, 0x0, 0x7f,
    0xf5, 0x0, 0x0, 0x0, 0x0, 0x6, 0xff, 0xf0,
    0x0, 0x5, 0xf9, 0x0, 0x9f, 0xe1, 0x0, 0x0,
    0x0, 0x6, 0xff, 0xff, 0x0, 0x0, 0x4f, 0xfb,
    0x0, 0xdf, 0x80, 0x24, 0x44, 0x47, 0xff, 0xff,
    0xf0, 0x0, 0x0, 0x3f, 0xf7, 0x4, 0xff, 0xe,
    0xff, 0xff, 0xff, 0xff, 0xff, 0x0, 0x86, 0x0,
    0x4f, 0xf1, 0xd, 0xf4, 0xff, 0xff, 0xff, 0xff,
    0xff, 0xf0, 0x2f, 0xf7, 0x0, 0xcf, 0x60, 0x9f,
    0x8f, 0xff, 0xff, 0xff, 0xff, 0xff, 0x0, 0x6f,
    0xf1, 0x7, 0xf9, 0x6, 0xfa, 0xff, 0xff, 0xff,
    0xff, 0xff, 0xf0, 0x0, 0xdf, 0x40, 0x5f, 0xb0,
    0x5f, 0xbf, 0xff, 0xff, 0xff, 0xff, 0xff, 0x0,
    0x1f, 0xf2, 0x5, 0xfa, 0x5, 0xfb, 0xff, 0xff,
    0xff, 0xff, 0xff, 0xf0, 0xd, 0xfc, 0x0, 0x9f,
    0x80, 0x7f, 0x9f, 0xff, 0xff, 0xff, 0xff, 0xff,
    0x1, 0xfd, 0x20, 0x1e, 0xf3, 0xb, 0xf6, 0xbf,
    0xff, 0xff, 0xff, 0xff, 0xf0, 0x1, 0x0, 0xa,
    0xfc, 0x1, 0xff, 0x20, 0x0, 0x0, 0x2e, 0xff,
    0xff, 0x0, 0x0, 0xb, 0xff, 0x20, 0x8f, 0xc0,
    0x0, 0x0, 0x0, 0x2e, 0xff, 0xf0, 0x0, 0x7,
    0xff, 0x40, 0x2f, 0xf4, 0x0, 0x0, 0x0, 0x0,
    0x2e, 0xff, 0x0, 0x0, 0x19, 0x20, 0x1d, 0xfa,
    0x0, 0x0, 0x0, 0x0, 0x0, 0x2e, 0xc0, 0x0,
    0x0, 0x0, 0x2d, 0xfd, 0x10, 0x0, 0x0, 0x0,
    0x0, 0x0, 0x0, 0x0, 0x0, 0x0, 0x2f, 0xfd,
    0x20, 0x0, 0x0, 0x0, 0x0, 0x0, 0x0, 0x0,
    0x0, 0x0, 0x2, 0xfb, 0x10, 0x0, 0x0, 0x0,
    0x0, 0x0, 0x0, 0x0, 0x0, 0x0, 0x0, 0x0,
    0x0, 0x0, 0x0,

    /* U+F03E "" */
    0x5, 0x77, 0x77, 0x77, 0x77, 0x77, 0x77, 0x77,
    0x77, 0x77, 0x50, 0x9f, 0xff, 0xff, 0xff, 0xff,
    0xff, 0xff, 0xff, 0xff, 0xff, 0xf9, 0xff, 0xff,
    0xff, 0xff, 0xff, 0xff, 0xff, 0xff, 0xff, 0xff,
    0xff, 0xff, 0xf6, 0x1, 0xbf, 0xff, 0xff, 0xff,
    0xff, 0xff, 0xff, 0xff, 0xff, 0x90, 0x0, 0xf,
    0xff, 0xff, 0xff, 0xff, 0xff, 0xff, 0xff, 0xff,
    0x70, 0x0, 0xd, 0xff, 0xff, 0xff, 0xdb, 0xff,
    0xff, 0xff, 0xff, 0xc0, 0x0, 0x2f, 0xff, 0xff,
    0xfd, 0x10, 0xaf, 0xff, 0xff, 0xff, 0xfb, 0x56,
    0xef, 0xff, 0xff, 0xd1, 0x0, 0xa, 0xff, 0xff,
    0xff, 0xff, 0xff, 0xff, 0xff, 0xfd, 0x10, 0x0,
    0x0, 0xaf, 0xff, 0xff, 0xff, 0xf7, 0x2e, 0xff,
    0xd1, 0x0, 0x0, 0x0, 0xd, 0xff, 0xff, 0xff,
    0x70, 0x2, 0xed, 0x10, 0x0, 0x0, 0x0, 0xc,
    0xff, 0xff, 0xf7, 0x0, 0x0, 0x21, 0x0, 0x0,
    0x0, 0x0, 0xc, 0xff, 0xff, 0xc0, 0x0, 0x0,
    0x0, 0x0, 0x0, 0x0, 0x0, 0xc, 0xff, 0xff,
    0xc0, 0x0, 0x0, 0x0, 0x0, 0x0, 0x0, 0x0,
    0xc, 0xff, 0xff, 0xfc, 0xcc, 0xcc, 0xcc, 0xcc,
    0xcc, 0xcc, 0xcc, 0xcf, 0xff, 0xef, 0xff, 0xff,
    0xff, 0xff, 0xff, 0xff, 0xff, 0xff, 0xff, 0xfd,
    0x4e, 0xff, 0xff, 0xff, 0xff, 0xff, 0xff, 0xff,
    0xff, 0xff, 0xe4,

    /* U+F048 "" */
    0x0, 0x0, 0x0, 0x0, 0x0, 0x0, 0x0, 0x1,
    0xef, 0xc0, 0x0, 0x0, 0x0, 0xb, 0xd3, 0x2f,
    0xfe, 0x0, 0x0, 0x0, 0x1d, 0xff, 0x82, 0xff,
    0xe0, 0x0, 0x0, 0x2d, 0xff, 0xf9, 0x2f, 0xfe,
    0x0, 0x0, 0x2e, 0xff, 0xff, 0x92, 0xff, 0xe0,
    0x0, 0x3e, 0xff, 0xff, 0xf9, 0x2f, 0xfe, 0x0,
    0x4f, 0xff, 0xff, 0xff, 0x92, 0xff, 0xe0, 0x5f,
    0xff, 0xff, 0xff, 0xf9, 0x2f, 0xfe, 0x6f, 0xff,
    0xff, 0xff, 0xff, 0x92, 0xff, 0xff, 0xff, 0xff,
    0xff, 0xff, 0xf9, 0x2f, 0xff, 0xff, 0xff, 0xff,
    0xff, 0xff, 0x92, 0xff, 0xff, 0xff, 0xff, 0xff,
    0xff, 0xf9, 0x2f, 0xff, 0xcf, 0xff, 0xff, 0xff,
    0xff, 0x92, 0xff, 0xe0, 0xbf, 0xff, 0xff, 0xff,
    0xf9, 0x2f, 0xfe, 0x0, 0xaf, 0xff, 0xff, 0xff,
    0x92, 0xff, 0xe0, 0x0, 0x8f, 0xff, 0xff, 0xf9,
    0x2f, 0xfe, 0x0, 0x0, 0x7f, 0xff, 0xff, 0x92,
    0xff, 0xe0, 0x0, 0x0, 0x6f, 0xff, 0xf9, 0x2f,
    0xfe, 0x0, 0x0, 0x0, 0x5f, 0xff, 0x92, 0xff,
    0xe0, 0x0, 0x0, 0x0, 0x4f, 0xf5, 0x4, 0x43,
    0x0, 0x0, 0x0, 0x0, 0x13, 0x0,

    /* U+F04B "" */
    0x2, 0x20, 0x0, 0x0, 0x0, 0x0, 0x0, 0x0,
    0x0, 0x0, 0x8f, 0xfb, 0x20, 0x0, 0x0, 0x0,
    0x0, 0x0, 0x0, 0x0, 0xff, 0xff, 0xf8, 0x0,
    0x0, 0x0, 0x0, 0x0, 0x0, 0x0, 0xff, 0xff,
    0xff, 0xe5, 0x0, 0x0, 0x0, 0x0, 0x0, 0x0,
    0xff, 0xff, 0xff, 0xff, 0xc2, 0x0, 0x0, 0x0,
    0x0, 0x0, 0xff, 0xff, 0xff, 0xff, 0xff, 0x91,
    0x0, 0x0, 0x0, 0x0, 0xff, 0xff, 0xff, 0xff,
    0xff, 0xfe, 0x60, 0x0, 0x0, 0x0, 0xff, 0xff,
    0xff, 0xff, 0xff, 0xff, 0xfc, 0x30, 0x0, 0x0,
    0xff, 0xff, 0xff, 0xff, 0xff, 0xff, 0xff, 0xf9,
    0x10, 0x0, 0xff, 0xff, 0xff, 0xff, 0xff, 0xff,
    0xff, 0xff, 0xf7, 0x0, 0xff, 0xff, 0xff, 0xff,
    0xff, 0xff, 0xff, 0xff, 0xff, 0xc0, 0xff, 0xff,
    0xff, 0xff, 0xff, 0xff, 0xff, 0xff, 0xff, 0xf3,
    0xff, 0xff, 0xff, 0xff, 0xff, 0xff, 0xff, 0xff,
    0xff, 0xf1, 0xff, 0xff, 0xff, 0xff, 0xff, 0xff,
    0xff, 0xff, 0xfe, 0x40, 0xff, 0xff, 0xff, 0xff,
    0xff, 0xff, 0xff, 0xff, 0x80, 0x0, 0xff, 0xff,
    0xff, 0xff, 0xff, 0xff, 0xff, 0xb2, 0x0, 0x0,
    0xff, 0xff, 0xff, 0xff, 0xff, 0xff, 0xd4, 0x0,
    0x0, 0x0, 0xff, 0xff, 0xff, 0xff, 0xff, 0xf7,
    0x0, 0x0, 0x0, 0x0, 0xff, 0xff, 0xff, 0xff,
    0xfa, 0x10, 0x0, 0x0, 0x0, 0x0, 0xff, 0xff,
    0xff, 0xfd, 0x40, 0x0, 0x0, 0x0, 0x0, 0x0,
    0xff, 0xff, 0xff, 0x70, 0x0, 0x0, 0x0, 0x0,
    0x0, 0x0, 0xcf, 0xff, 0x91, 0x0, 0x0, 0x0,
    0x0, 0x0, 0x0, 0x0, 0x2a, 0xa3, 0x0, 0x0,
    0x0, 0x0, 0x0, 0x0, 0x0, 0x0, 0x0, 0x0,
    0x0, 0x0, 0x0, 0x0, 0x0, 0x0, 0x0, 0x0,

    /* U+F04C "" */
    0x3d, 0xff, 0xff, 0xe6, 0x0, 0x3, 0xdf, 0xff,
    0xfe, 0x60, 0xdf, 0xff, 0xff, 0xff, 0x10, 0xd,
    0xff, 0xff, 0xff, 0xf1, 0xff, 0xff, 0xff, 0xff,
    0x30, 0xf, 0xff, 0xff, 0xff, 0xf3, 0xff, 0xff,
    0xff, 0xff, 0x40, 0xf, 0xff, 0xff, 0xff, 0xf4,
    0xff, 0xff, 0xff, 0xff, 0x40, 0xf, 0xff, 0xff,
    0xff, 0xf4, 0xff, 0xff, 0xff, 0xff, 0x40, 0xf,
    0xff, 0xff, 0xff, 0xf4, 0xff, 0xff, 0xff, 0xff,
    0x40, 0xf, 0xff, 0xff, 0xff, 0xf4, 0xff, 0xff,
    0xff, 0xff, 0x40, 0xf, 0xff, 0xff, 0xff, 0xf4,
    0xff, 0xff, 0xff, 0xff, 0x40, 0xf, 0xff, 0xff,
    0xff, 0xf4, 0xff, 0xff, 0xff, 0xff, 0x40, 0xf,
    0xff, 0xff, 0xff, 0xf4, 0xff, 0xff, 0xff, 0xff,
    0x40, 0xf, 0xff, 0xff, 0xff, 0xf4, 0xff, 0xff,
    0xff, 0xff, 0x40, 0xf, 0xff, 0xff, 0xff, 0xf4,
    0xff, 0xff, 0xff, 0xff, 0x40, 0xf, 0xff, 0xff,
    0xff, 0xf4, 0xff, 0xff, 0xff, 0xff, 0x40, 0xf,
    0xff, 0xff, 0xff, 0xf4, 0xff, 0xff, 0xff, 0xff,
    0x40, 0xf, 0xff, 0xff, 0xff, 0xf4, 0xff, 0xff,
    0xff, 0xff, 0x40, 0xf, 0xff, 0xff, 0xff, 0xf4,
    0xff, 0xff, 0xff, 0xff, 0x40, 0xf, 0xff, 0xff,
    0xff, 0xf4, 0xff, 0xff, 0xff, 0xff, 0x30, 0xf,
    0xff, 0xff, 0xff, 0xf3, 0x8f, 0xff, 0xff, 0xfb,
    0x0, 0x8, 0xff, 0xff, 0xff, 0xb0, 0x2, 0x44,
    0x44, 0x30, 0x0, 0x0, 0x24, 0x44, 0x43, 0x0,

    /* U+F04D "" */
    0x3d, 0xff, 0xff, 0xff, 0xff, 0xff, 0xff, 0xff,
    0xfe, 0x60, 0xdf, 0xff, 0xff, 0xff, 0xff, 0xff,
    0xff, 0xff, 0xff, 0xf1, 0xff, 0xff, 0xff, 0xff,
    0xff, 0xff, 0xff, 0xff, 0xff, 0xf3, 0xff, 0xff,
    0xff, 0xff, 0xff, 0xff, 0xff, 0xff, 0xff, 0xf4,
    0xff, 0xff, 0xff, 0xff, 0xff, 0xff, 0xff, 0xff,
    0xff, 0xf4, 0xff, 0xff, 0xff, 0xff, 0xff, 0xff,
    0xff, 0xff, 0xff, 0xf4, 0xff, 0xff, 0xff, 0xff,
    0xff, 0xff, 0xff, 0xff, 0xff, 0xf4, 0xff, 0xff,
    0xff, 0xff, 0xff, 0xff, 0xff, 0xff, 0xff, 0xf4,
    0xff, 0xff, 0xff, 0xff, 0xff, 0xff, 0xff, 0xff,
    0xff, 0xf4, 0xff, 0xff, 0xff, 0xff, 0xff, 0xff,
    0xff, 0xff, 0xff, 0xf4, 0xff, 0xff, 0xff, 0xff,
    0xff, 0xff, 0xff, 0xff, 0xff, 0xf4, 0xff, 0xff,
    0xff, 0xff, 0xff, 0xff, 0xff, 0xff, 0xff, 0xf4,
    0xff, 0xff, 0xff, 0xff, 0xff, 0xff, 0xff, 0xff,
    0xff, 0xf4, 0xff, 0xff, 0xff, 0xff, 0xff, 0xff,
    0xff, 0xff, 0xff, 0xf4, 0xff, 0xff, 0xff, 0xff,
    0xff, 0xff, 0xff, 0xff, 0xff, 0xf4, 0xff, 0xff,
    0xff, 0xff, 0xff, 0xff, 0xff, 0xff, 0xff, 0xf4,
    0xff, 0xff, 0xff, 0xff, 0xff, 0xff, 0xff, 0xff,
    0xff, 0xf4, 0xff, 0xff, 0xff, 0xff, 0xff, 0xff,
    0xff, 0xff, 0xff, 0xf3, 0x8f, 0xff, 0xff, 0xff,
    0xff, 0xff, 0xff, 0xff, 0xff, 0xb0, 0x2, 0x44,
    0x44, 0x44, 0x44, 0x44, 0x44, 0x44, 0x43, 0x0,

    /* U+F051 "" */
    0x0, 0x0, 0x0, 0x0, 0x0, 0x0, 0x0, 0x2,
    0xdc, 0x10, 0x0, 0x0, 0x0, 0xbf, 0xf3, 0x7f,
    0xfd, 0x20, 0x0, 0x0, 0xd, 0xff, 0x47, 0xff,
    0xfe, 0x30, 0x0, 0x0, 0xdf, 0xf4, 0x7f, 0xff,
    0xff, 0x40, 0x0, 0xd, 0xff, 0x47, 0xff, 0xff,
    0xff, 0x50, 0x0, 0xdf, 0xf4, 0x7f, 0xff, 0xff,
    0xff, 0x60, 0xd, 0xff, 0x47, 0xff, 0xff, 0xff,
    0xff, 0x70, 0xdf, 0xf4, 0x7f, 0xff, 0xff, 0xff,
    0xff, 0x8d, 0xff, 0x47, 0xff, 0xff, 0xff, 0xff,
    0xff, 0xff, 0xf4, 0x7f, 0xff, 0xff, 0xff, 0xff,
    0xff, 0xff, 0x47, 0xff, 0xff, 0xff, 0xff, 0xff,
    0xff, 0xf4, 0x7f, 0xff, 0xff, 0xff, 0xff, 0xcd,
    0xff, 0x47, 0xff, 0xff, 0xff, 0xff, 0xb0, 0xdf,
    0xf4, 0x7f, 0xff, 0xff, 0xff, 0xb0, 0xd, 0xff,
    0x47, 0xff, 0xff, 0xff, 0x90, 0x0, 0xdf, 0xf4,
    0x7f, 0xff, 0xff, 0x80, 0x0, 0xd, 0xff, 0x47,
    0xff, 0xff, 0x70, 0x0, 0x0, 0xdf, 0xf4, 0x7f,
    0xff, 0x60, 0x0, 0x0, 0xd, 0xff, 0x44, 0xff,
    0x50, 0x0, 0x0, 0x0, 0xcf, 0xf4, 0x2, 0x20,
    0x0, 0x0, 0x0, 0x2, 0x44, 0x0,

    /* U+F052 "" */
    0x0, 0x0, 0x0, 0x0, 0x8, 0xea, 0x10, 0x0,
    0x0, 0x0, 0x0, 0x0, 0x0, 0x0, 0x9, 0xff,
    0xfc, 0x0, 0x0, 0x0, 0x0, 0x0, 0x0, 0x0,
    0x7, 0xff, 0xff, 0xfb, 0x0, 0x0, 0x0, 0x0,
    0x0, 0x0, 0x6, 0xff, 0xff, 0xff, 0xfa, 0x0,
    0x0, 0x0, 0x0, 0x0, 0x5, 0xff, 0xff, 0xff,
    0xff, 0xf9, 0x0, 0x0, 0x0, 0x0, 0x4, 0xff,
    0xff, 0xff, 0xff, 0xff, 0xf7, 0x0, 0x0, 0x0,
    0x3, 0xff, 0xff, 0xff, 0xff, 0xff, 0xff, 0xf6,
    0x0, 0x0, 0x2, 0xef, 0xff, 0xff, 0xff, 0xff,
    0xff, 0xff, 0xf5, 0x0, 0x1, 0xef, 0xff, 0xff,
    0xff, 0xff, 0xff, 0xff, 0xff, 0xf4, 0x0, 0xcf,
    0xff, 0xff, 0xff, 0xff, 0xff, 0xff, 0xff, 0xff,
    0xe1, 0xf, 0xff, 0xff, 0xff, 0xff, 0xff, 0xff,
    0xff, 0xff, 0xff, 0x30, 0x9f, 0xff, 0xff, 0xff,
    0xff, 0xff, 0xff, 0xff, 0xff, 0xd0, 0x0, 0x56,
    0x66, 0x66, 0x66, 0x66, 0x66, 0x66, 0x66, 0x61,
    0x0, 0x0, 0x0, 0x0, 0x0, 0x0, 0x0, 0x0,
    0x0, 0x0, 0x0, 0xa, 0xff, 0xff, 0xff, 0xff,
    0xff, 0xff, 0xff, 0xff, 0xfd, 0x0, 0xff, 0xff,
    0xff, 0xff, 0xff, 0xff, 0xff, 0xff, 0xff, 0xf3,
    0xf, 0xff, 0xff, 0xff, 0xff, 0xff, 0xff, 0xff,
    0xff, 0xff, 0x40, 0xff, 0xff, 0xff, 0xff, 0xff,
    0xff, 0xff, 0xff, 0xff, 0xf4, 0xe, 0xff, 0xff,
    0xff, 0xff, 0xff, 0xff, 0xff, 0xff, 0xff, 0x20,
    0x27, 0x77, 0x77, 0x77, 0x77, 0x77, 0x77, 0x77,
    0x77, 0x30,

    /* U+F053 "" */
    0x0, 0x0, 0x0, 0x0, 0x19, 0x20, 0x0, 0x0,
    0x0, 0x1, 0xdf, 0xe2, 0x0, 0x0, 0x0, 0x1d,
    0xff, 0xf8, 0x0, 0x0, 0x1, 0xdf, 0xff, 0xd1,
    0x0, 0x0, 0x1d, 0xff, 0xfc, 0x10, 0x0, 0x1,
    0xdf, 0xff, 0xc1, 0x0, 0x0, 0x1d, 0xff, 0xfc,
    0x10, 0x0, 0x1, 0xdf, 0xff, 0xc1, 0x0, 0x0,
    0x1d, 0xff, 0xfc, 0x10, 0x0, 0x0, 0xbf, 0xff,
    0xd1, 0x0, 0x0, 0x0, 0x7f, 0xff, 0xf6, 0x0,
    0x0, 0x0, 0x7, 0xff, 0xff, 0x60, 0x0, 0x0,
    0x0, 0x7f, 0xff, 0xf6, 0x0, 0x0, 0x0, 0x7,
    0xff, 0xff, 0x60, 0x0, 0x0, 0x0, 0x7f, 0xff,
    0xf6, 0x0, 0x0, 0x0, 0x7, 0xff, 0xff, 0x60,
    0x0, 0x0, 0x0, 0x7f, 0xff, 0xf5, 0x0, 0x0,
    0x0, 0x7, 0xff, 0xf6, 0x0, 0x0, 0x0, 0x0,
    0x7f, 0x90, 0x0, 0x0, 0x0, 0x0, 0x1, 0x0,

    /* U+F054 "" */
    0x5, 0x80, 0x0, 0x0, 0x0, 0x0, 0x5f, 0xfb,
    0x0, 0x0, 0x0, 0x0, 0xcf, 0xff, 0xb0, 0x0,
    0x0, 0x0, 0x3e, 0xff, 0xfb, 0x0, 0x0, 0x0,
    0x3, 0xef, 0xff, 0xb0, 0x0, 0x0, 0x0, 0x3e,
    0xff, 0xfb, 0x0, 0x0, 0x0, 0x3, 0xef, 0xff,
    0xb0, 0x0, 0x0, 0x0, 0x3e, 0xff, 0xfb, 0x0,
    0x0, 0x0, 0x3, 0xef, 0xff, 0xb0, 0x0, 0x0,
    0x0, 0x3f, 0xff, 0xf7, 0x0, 0x0, 0x0, 0x9f,
    0xff, 0xf3, 0x0, 0x0, 0x9, 0xff, 0xff, 0x40,
    0x0, 0x0, 0x9f, 0xff, 0xf4, 0x0, 0x0, 0x9,
    0xff, 0xff, 0x40, 0x0, 0x0, 0x9f, 0xff, 0xf4,
    0x0, 0x0, 0x9, 0xff, 0xff, 0x40, 0x0, 0x0,
    0x8f, 0xff, 0xf4, 0x0, 0x0, 0x0, 0xaf, 0xff,
    0x40, 0x0, 0x0, 0x0, 0x1c, 0xf4, 0x0, 0x0,
    0x0, 0x0, 0x0, 0x0, 0x0, 0x0, 0x0, 0x0,

    /* U+F067 "" */
    0x0, 0x0, 0x0, 0x1, 0xbe, 0xd3, 0x0, 0x0,
    0x0, 0x0, 0x0, 0x0, 0x0, 0x6, 0xff, 0xfa,
    0x0, 0x0, 0x0, 0x0, 0x0, 0x0, 0x0, 0x7,
    0xff, 0xfb, 0x0, 0x0, 0x0, 0x0, 0x0, 0x0,
    0x0, 0x7, 0xff, 0xfb, 0x0, 0x0, 0x0, 0x0,
    0x0, 0x0, 0x0, 0x7, 0xff, 0xfb, 0x0, 0x0,
    0x0, 0x0, 0x0, 0x0, 0x0, 0x7, 0xff, 0xfb,
    0x0, 0x0, 0x0, 0x0, 0x0, 0x0, 0x0, 0x7,
    0xff, 0xfb, 0x0, 0x0, 0x0, 0x0, 0x14, 0x55,
    0x55, 0x59, 0xff, 0xfc, 0x55, 0x55, 0x54, 0x20,
    0xdf, 0xff, 0xff, 0xff, 0xff, 0xff, 0xff, 0xff,
    0xff, 0xf1, 0xff, 0xff, 0xff, 0xff, 0xff, 0xff,
    0xff, 0xff, 0xff, 0xf3, 0xff, 0xff, 0xff, 0xff,
    0xff, 0xff, 0xff, 0xff, 0xff, 0xf3, 0x6c, 0xdd,
    0xdd, 0xde, 0xff, 0xff, 0xdd, 0xdd, 0xdc, 0x90,
    0x0, 0x0, 0x0, 0x7, 0xff, 0xfb, 0x0, 0x0,
    0x0, 0x0, 0x0, 0x0, 0x0, 0x7, 0xff, 0xfb,
    0x0, 0x0, 0x0, 0x0, 0x0, 0x0, 0x0, 0x7,
    0xff, 0xfb, 0x0, 0x0, 0x0, 0x0, 0x0, 0x0,
    0x0, 0x7, 0xff, 0xfb, 0x0, 0x0, 0x0, 0x0,
    0x0, 0x0, 0x0, 0x7, 0xff, 0xfb, 0x0, 0x0,
    0x0, 0x0, 0x0, 0x0, 0x0, 0x7, 0xff, 0xfb,
    0x0, 0x0, 0x0, 0x0, 0x0, 0x0, 0x0, 0x4,
    0xff, 0xf8, 0x0, 0x0, 0x0, 0x0, 0x0, 0x0,
    0x0, 0x0, 0x36, 0x50, 0x0, 0x0, 0x0, 0x0,

    /* U+F068 "" */
    0x2, 0x22, 0x22, 0x22, 0x22, 0x22, 0x22, 0x22,
    0x22, 0x0, 0xbf, 0xff, 0xff, 0xff, 0xff, 0xff,
    0xff, 0xff, 0xff, 0xe1, 0xff, 0xff, 0xff, 0xff,
    0xff, 0xff, 0xff, 0xff, 0xff, 0xf3, 0xff, 0xff,
    0xff, 0xff, 0xff, 0xff, 0xff, 0xff, 0xff, 0xf3,
    0x8f, 0xff, 0xff, 0xff, 0xff, 0xff, 0xff, 0xff,
    0xff, 0xb0,

    /* U+F06E "" */
    0x0, 0x0, 0x0, 0x0, 0x0, 0x23, 0x43, 0x10,
    0x0, 0x0, 0x0, 0x0, 0x0, 0x0, 0x0, 0x0,
    0x5b, 0xff, 0xff, 0xff, 0xea, 0x40, 0x0, 0x0,
    0x0, 0x0, 0x0, 0x5, 0xef, 0xff, 0xfd, 0xce,
    0xff, 0xff, 0xc3, 0x0, 0x0, 0x0, 0x0, 0x1b,
    0xff, 0xff, 0x71, 0x0, 0x2, 0x9f, 0xff, 0xf8,
    0x0, 0x0, 0x0, 0x2d, 0xff, 0xfe, 0x20, 0x2,
    0x53, 0x0, 0x5f, 0xff, 0xfb, 0x0, 0x0, 0x1e,
    0xff, 0xff, 0x30, 0x0, 0x6f, 0xfc, 0x10, 0x7f,
    0xff, 0xfb, 0x0, 0xc, 0xff, 0xff, 0xa0, 0x0,
    0x6, 0xff, 0xfc, 0x0, 0xef, 0xff, 0xf8, 0x6,
    0xff, 0xff, 0xf5, 0x1, 0x3, 0xef, 0xff, 0xf4,
    0x9, 0xff, 0xff, 0xf3, 0xef, 0xff, 0xff, 0x30,
    0xbf, 0xff, 0xff, 0xff, 0x70, 0x7f, 0xff, 0xff,
    0xad, 0xff, 0xff, 0xf3, 0xa, 0xff, 0xff, 0xff,
    0xf6, 0x7, 0xff, 0xff, 0xf9, 0x3f, 0xff, 0xff,
    0x60, 0x5f, 0xff, 0xff, 0xff, 0x10, 0xaf, 0xff,
    0xfe, 0x10, 0x8f, 0xff, 0xfc, 0x0, 0xaf, 0xff,
    0xff, 0x60, 0x1f, 0xff, 0xff, 0x50, 0x0, 0xaf,
    0xff, 0xf6, 0x0, 0x6c, 0xdb, 0x40, 0xa, 0xff,
    0xff, 0x70, 0x0, 0x0, 0xaf, 0xff, 0xf6, 0x0,
    0x0, 0x0, 0x9, 0xff, 0xff, 0x70, 0x0, 0x0,
    0x0, 0x6f, 0xff, 0xfc, 0x52, 0x12, 0x6d, 0xff,
    0xfe, 0x40, 0x0, 0x0, 0x0, 0x0, 0x19, 0xff,
    0xff, 0xff, 0xff, 0xff, 0xf8, 0x0, 0x0, 0x0,
    0x0, 0x0, 0x0, 0x1, 0x5a, 0xde, 0xfe, 0xd9,
    0x50, 0x0, 0x0, 0x0, 0x0,

    /* U+F070 "" */
    0x0, 0x0, 0x0, 0x0, 0x0, 0x0, 0x0, 0x0,
    0x0, 0x0, 0x0, 0x0, 0x0, 0x0, 0x4e, 0x70,
    0x0, 0x0, 0x0, 0x0, 0x0, 0x0, 0x0, 0x0,
    0x0, 0x0, 0x0, 0x0, 0xef, 0xfb, 0x0, 0x0,
    0x0, 0x0, 0x0, 0x0, 0x0, 0x0, 0x0, 0x0,
    0x0, 0x0, 0x6f, 0xff, 0xd2, 0x0, 0x0, 0x0,
    0x24, 0x32, 0x0, 0x0, 0x0, 0x0, 0x0, 0x0,
    0x3, 0xef, 0xff, 0x60, 0x28, 0xcf, 0xff, 0xff,
    0xfb, 0x60, 0x0, 0x0, 0x0, 0x0, 0x0, 0x1b,
    0xff, 0xfc, 0xff, 0xff, 0xec, 0xdf, 0xff, 0xfe,
    0x70, 0x0, 0x0, 0x0, 0x0, 0x0, 0x8f, 0xff,
    0xff, 0xa3, 0x0, 0x0, 0x6e, 0xff, 0xfc, 0x20,
    0x0, 0x0, 0x0, 0x0, 0x4, 0xef, 0xff, 0x70,
    0x15, 0x40, 0x1, 0xdf, 0xff, 0xe3, 0x0, 0x0,
    0x0, 0x1, 0x0, 0x1c, 0xff, 0xfb, 0x1f, 0xfe,
    0x50, 0x2f, 0xff, 0xff, 0x20, 0x0, 0x0, 0x7e,
    0x30, 0x0, 0x9f, 0xff, 0xef, 0xff, 0xf3, 0x8,
    0xff, 0xff, 0xd0, 0x0, 0x2, 0xff, 0xf6, 0x0,
    0x5, 0xff, 0xff, 0xff, 0xfa, 0x3, 0xff, 0xff,
    0xf8, 0x0, 0x8, 0xff, 0xff, 0xa0, 0x0, 0x2d,
    0xff, 0xff, 0xfd, 0x1, 0xff, 0xff, 0xff, 0x0,
    0x6, 0xff, 0xff, 0xfa, 0x0, 0x0, 0xaf, 0xff,
    0xfb, 0x2, 0xff, 0xff, 0xfe, 0x0, 0x0, 0xdf,
    0xff, 0xfd, 0x0, 0x0, 0x6, 0xff, 0xff, 0x55,
    0xff, 0xff, 0xf5, 0x0, 0x0, 0x2f, 0xff, 0xff,
    0x40, 0x0, 0x0, 0x3d, 0xff, 0xfe, 0xff, 0xff,
    0x90, 0x0, 0x0, 0x4, 0xff, 0xff, 0xd0, 0x0,
    0x0, 0x0, 0xbf, 0xff, 0xff, 0xfb, 0x0, 0x0,
    0x0, 0x0, 0x4f, 0xff, 0xfb, 0x10, 0x0, 0x0,
    0x7, 0xff, 0xff, 0xc0, 0x0, 0x0, 0x0, 0x0,
    0x2, 0xdf, 0xff, 0xe8, 0x31, 0x20, 0x0, 0x3e,
    0xff, 0xf6, 0x0, 0x0, 0x0, 0x0, 0x0, 0x6,
    0xef, 0xff, 0xff, 0xfb, 0x0, 0x1, 0xbf, 0xff,
    0xa0, 0x0, 0x0, 0x0, 0x0, 0x0, 0x4, 0x9c,
    0xef, 0xfd, 0x80, 0x0, 0x8, 0xff, 0xfd, 0x20,
    0x0, 0x0, 0x0, 0x0, 0x0, 0x0, 0x0, 0x0,
    0x0, 0x0, 0x0, 0x4e, 0xff, 0xf3, 0x0, 0x0,
    0x0, 0x0, 0x0, 0x0, 0x0, 0x0, 0x0, 0x0,
    0x0, 0x1, 0xcf, 0xf4, 0x0, 0x0, 0x0, 0x0,
    0x0, 0x0, 0x0, 0x0, 0x0, 0x0, 0x0, 0x0,
    0x8, 0x60,

    /* U+F071 "" */
    0x0, 0x0, 0x0, 0x0, 0x0, 0x0, 0x0, 0x0,
    0x0, 0x0, 0x0, 0x0, 0x0, 0x0, 0x0, 0x0,
    0x0, 0x0, 0x0, 0x1d, 0xfb, 0x0, 0x0, 0x0,
    0x0, 0x0, 0x0, 0x0, 0x0, 0x0, 0x0, 0x0,
    0xb, 0xff, 0xf7, 0x0, 0x0, 0x0, 0x0, 0x0,
    0x0, 0x0, 0x0, 0x0, 0x0, 0x4, 0xff, 0xff,
    0xf1, 0x0, 0x0, 0x0, 0x0, 0x0, 0x0, 0x0,
    0x0, 0x0, 0x0, 0xdf, 0xff, 0xff, 0xa0, 0x0,
    0x0, 0x0, 0x0, 0x0, 0x0, 0x0, 0x0, 0x0,
    0x7f, 0xff, 0xff, 0xff, 0x30, 0x0, 0x0, 0x0,
    0x0, 0x0, 0x0, 0x0, 0x0, 0x1f, 0xff, 0xff,
    0xff, 0xfc, 0x0, 0x0, 0x0, 0x0, 0x0, 0x0,
    0x0, 0x0, 0xa, 0xff, 0xff, 0xff, 0xff, 0xf6,
    0x0, 0x0, 0x0, 0x0, 0x0, 0x0, 0x0, 0x3,
    0xff, 0xfd, 0x88, 0x8f, 0xff, 0xe0, 0x0, 0x0,
    0x0, 0x0, 0x0, 0x0, 0x0, 0xcf, 0xff, 0x80,
    0x0, 0xcf, 0xff, 0x80, 0x0, 0x0, 0x0, 0x0,
    0x0, 0x0, 0x6f, 0xff, 0xf9, 0x0, 0xd, 0xff,
    0xff, 0x20, 0x0, 0x0, 0x0, 0x0, 0x0, 0xe,
    0xff, 0xff, 0xa0, 0x0, 0xef, 0xff, 0xfb, 0x0,
    0x0, 0x0, 0x0, 0x0, 0x8, 0xff, 0xff, 0xfb,
    0x0, 0xf, 0xff, 0xff, 0xf4, 0x0, 0x0, 0x0,
    0x0, 0x2, 0xff, 0xff, 0xff, 0xc0, 0x0, 0xff,
    0xff, 0xff, 0xd0, 0x0, 0x0, 0x0, 0x0, 0xbf,
    0xff, 0xff, 0xfd, 0x0, 0x1f, 0xff, 0xff, 0xff,
    0x70, 0x0, 0x0, 0x0, 0x4f, 0xff, 0xff, 0xff,
    0xfd, 0xcd, 0xff, 0xff, 0xff, 0xff, 0x10, 0x0,
    0x0, 0xd, 0xff, 0xff, 0xff, 0xfe, 0x30, 0x6f,
    0xff, 0xff, 0xff, 0xfa, 0x0, 0x0, 0x7, 0xff,
    0xff, 0xff, 0xff, 0x80, 0x0, 0xbf, 0xff, 0xff,
    0xff, 0xf3, 0x0, 0x1, 0xff, 0xff, 0xff, 0xff,
    0xf8, 0x0, 0xc, 0xff, 0xff, 0xff, 0xff, 0xc0,
    0x0, 0x9f, 0xff, 0xff, 0xff, 0xff, 0xf4, 0x17,
    0xff, 0xff, 0xff, 0xff, 0xff, 0x50, 0xf, 0xff,
    0xff, 0xff, 0xff, 0xff, 0xff, 0xff, 0xff, 0xff,
    0xff, 0xff, 0xfb, 0x0, 0xdf, 0xff, 0xff, 0xff,
    0xff, 0xff, 0xff, 0xff, 0xff, 0xff, 0xff, 0xff,
    0x90, 0x2, 0xbc, 0xcc, 0xcc, 0xcc, 0xcc, 0xcc,
    0xcc, 0xcc, 0xcc, 0xcc, 0xcc, 0x90, 0x0,

    /* U+F074 "" */
    0x0, 0x0, 0x0, 0x0, 0x0, 0x0, 0x0, 0x0,
    0x0, 0x0, 0x0, 0x0, 0x0, 0x0, 0x0, 0x0,
    0x0, 0x0, 0x0, 0x3c, 0x50, 0x0, 0x0, 0x0,
    0x0, 0x0, 0x0, 0x0, 0x0, 0x0, 0x7f, 0xf5,
    0x0, 0x12, 0x22, 0x20, 0x0, 0x0, 0x0, 0x0,
    0x22, 0x9f, 0xff, 0x50, 0xff, 0xff, 0xfe, 0x20,
    0x0, 0x0, 0xc, 0xff, 0xff, 0xff, 0xf5, 0xff,
    0xff, 0xff, 0xe2, 0x0, 0x0, 0xcf, 0xff, 0xff,
    0xff, 0xff, 0xff, 0xff, 0xff, 0xfd, 0x10, 0xb,
    0xff, 0xff, 0xff, 0xff, 0xf8, 0x45, 0x55, 0xbf,
    0xff, 0x60, 0xaf, 0xff, 0xd5, 0xaf, 0xff, 0x80,
    0x0, 0x0, 0xb, 0xf8, 0xa, 0xff, 0xfe, 0x10,
    0x8f, 0xf8, 0x0, 0x0, 0x0, 0x0, 0x70, 0x9f,
    0xff, 0xe2, 0x0, 0x4f, 0x80, 0x0, 0x0, 0x0,
    0x0, 0x8, 0xff, 0xfe, 0x20, 0x0, 0x0, 0x0,
    0x0, 0x0, 0x0, 0x0, 0x7f, 0xff, 0xf3, 0x10,
    0x0, 0x2a, 0x30, 0x0, 0x0, 0x0, 0x6, 0xff,
    0xff, 0x41, 0xda, 0x0, 0x7f, 0xf3, 0x0, 0x0,
    0x0, 0x5f, 0xff, 0xf4, 0xc, 0xff, 0x90, 0x8f,
    0xff, 0x30, 0xef, 0xff, 0xff, 0xff, 0x50, 0x2e,
    0xff, 0xff, 0xff, 0xff, 0xf3, 0xff, 0xff, 0xff,
    0xf6, 0x0, 0x2, 0xef, 0xff, 0xff, 0xff, 0xfe,
    0xff, 0xff, 0xff, 0x70, 0x0, 0x0, 0x3f, 0xff,
    0xff, 0xff, 0xfa, 0x67, 0x77, 0x75, 0x0, 0x0,
    0x0, 0x3, 0x77, 0xbf, 0xff, 0xa0, 0x0, 0x0,
    0x0, 0x0, 0x0, 0x0, 0x0, 0x0, 0x8f, 0xfa,
    0x0, 0x0, 0x0, 0x0, 0x0, 0x0, 0x0, 0x0,
    0x0, 0x6f, 0xa0, 0x0, 0x0, 0x0, 0x0, 0x0,
    0x0, 0x0, 0x0, 0x0, 0x2, 0x0, 0x0,

    /* U+F077 "" */
    0x0, 0x0, 0x0, 0x0, 0x4e, 0x70, 0x0, 0x0,
    0x0, 0x0, 0x0, 0x0, 0x0, 0x4f, 0xff, 0x70,
    0x0, 0x0, 0x0, 0x0, 0x0, 0x0, 0x4f, 0xff,
    0xff, 0x70, 0x0, 0x0, 0x0, 0x0, 0x0, 0x4f,
    0xff, 0xff, 0xff, 0x70, 0x0, 0x0, 0x0, 0x0,
    0x4f, 0xff, 0xfc, 0xff, 0xff, 0x70, 0x0, 0x0,
    0x0, 0x4f, 0xff, 0xfa, 0x5, 0xff, 0xff, 0x70,
    0x0, 0x0, 0x4f, 0xff, 0xfa, 0x0, 0x5, 0xff,
    0xff, 0x70, 0x0, 0x4f, 0xff, 0xf9, 0x0, 0x0,
    0x6, 0xff, 0xff, 0x70, 0x3f, 0xff, 0xf9, 0x0,
    0x0, 0x0, 0x6, 0xff, 0xff, 0x7a, 0xff, 0xf9,
    0x0, 0x0, 0x0, 0x0, 0x6, 0xff, 0xff, 0x2e,
    0xf9, 0x0, 0x0, 0x0, 0x0, 0x0, 0x6, 0xff,
    0x50, 0x25, 0x0, 0x0, 0x0, 0x0, 0x0, 0x0,
    0x4, 0x40,

    /* U+F078 "" */
    0x9, 0xd3, 0x0, 0x0, 0x0, 0x0, 0x0, 0x1,
    0xcb, 0x18, 0xff, 0xe3, 0x0, 0x0, 0x0, 0x0,
    0x1, 0xcf, 0xfc, 0x9f, 0xff, 0xe3, 0x0, 0x0,
    0x0, 0x1, 0xcf, 0xff, 0xd0, 0xbf, 0xff, 0xe3,
    0x0, 0x0, 0x1, 0xcf, 0xff, 0xd1, 0x0, 0xbf,
    0xff, 0xe3, 0x0, 0x1, 0xcf, 0xff, 0xd1, 0x0,
    0x0, 0xbf, 0xff, 0xe3, 0x1, 0xcf, 0xff, 0xd1,
    0x0, 0x0, 0x0, 0xbf, 0xff, 0xe4, 0xcf, 0xff,
    0xd1, 0x0, 0x0, 0x0, 0x0, 0xbf, 0xff, 0xff,
    0xff, 0xd1, 0x0, 0x0, 0x0, 0x0, 0x0, 0xbf,
    0xff, 0xff, 0xd1, 0x0, 0x0, 0x0, 0x0, 0x0,
    0x0, 0xbf, 0xff, 0xd1, 0x0, 0x0, 0x0, 0x0,
    0x0, 0x0, 0x0, 0xbf, 0xd1, 0x0, 0x0, 0x0,
    0x0, 0x0, 0x0, 0x0, 0x0, 0x61, 0x0, 0x0,
    0x0, 0x0,

    /* U+F079 "" */
    0x0, 0x0, 0x27, 0x10, 0x0, 0x0, 0x0, 0x0,
    0x0, 0x0, 0x0, 0x0, 0x0, 0x0, 0x0, 0x2,
    0xef, 0xd1, 0x0, 0x0, 0x0, 0x0, 0x0, 0x0,
    0x0, 0x0, 0x0, 0x0, 0x0, 0x2e, 0xff, 0xfd,
    0x10, 0x3f, 0xff, 0xff, 0xff, 0xff, 0xff, 0xe0,
    0x0, 0x0, 0x2, 0xef, 0xff, 0xff, 0xd1, 0x3f,
    0xff, 0xff, 0xff, 0xff, 0xff, 0xf1, 0x0, 0x0,
    0x2e, 0xff, 0xff, 0xff, 0xfd, 0x15, 0xbb, 0xbb,
    0xbb, 0xbb, 0xef, 0xf1, 0x0, 0x0, 0xdf, 0xfb,
    0xef, 0xdc, 0xff, 0xb0, 0x0, 0x0, 0x0, 0x0,
    0xaf, 0xf1, 0x0, 0x0, 0x9f, 0xc0, 0xef, 0xd1,
    0xdf, 0x70, 0x0, 0x0, 0x0, 0x0, 0xaf, 0xf1,
    0x0, 0x0, 0x3, 0x0, 0xef, 0xd0, 0x3, 0x0,
    0x0, 0x0, 0x0, 0x0, 0xaf, 0xf1, 0x0, 0x0,
    0x0, 0x0, 0xef, 0xd0, 0x0, 0x0, 0x0, 0x0,
    0x0, 0x0, 0xaf, 0xf1, 0x0, 0x0, 0x0, 0x0,
    0xef, 0xd0, 0x0, 0x0, 0x0, 0x0, 0x0, 0x0,
    0xaf, 0xf1, 0x0, 0x0, 0x0, 0x0, 0xef, 0xd0,
    0x0, 0x0, 0x0, 0x0, 0x7, 0x50, 0xaf, 0xf1,
    0x19, 0x30, 0x0, 0x0, 0xef, 0xd0, 0x0, 0x0,
    0x0, 0x0, 0x8f, 0xf6, 0xaf, 0xf3, 0xdf, 0xe0,
    0x0, 0x0, 0xef, 0xd0, 0x0, 0x0, 0x0, 0x0,
    0x5f, 0xff, 0xef, 0xfe, 0xff, 0xd0, 0x0, 0x0,
    0xef, 0xff, 0xff, 0xff, 0xff, 0xfc, 0x16, 0xff,
    0xff, 0xff, 0xfd, 0x10, 0x0, 0x0, 0xef, 0xff,
    0xff, 0xff, 0xff, 0xff, 0x80, 0x6f, 0xff, 0xff,
    0xd1, 0x0, 0x0, 0x0, 0x6b, 0xbb, 0xbb, 0xbb,
    0xbb, 0xba, 0x30, 0x6, 0xff, 0xfd, 0x10, 0x0,
    0x0, 0x0, 0x0, 0x0, 0x0, 0x0, 0x0, 0x0,
    0x0, 0x0, 0x6f, 0xc1, 0x0, 0x0, 0x0, 0x0,
    0x0, 0x0, 0x0, 0x0, 0x0, 0x0, 0x0, 0x0,
    0x2, 0x0, 0x0, 0x0,

    /* U+F07B "" */
    0x5, 0x78, 0x88, 0x88, 0x71, 0x0, 0x0, 0x0,
    0x0, 0x0, 0x0, 0xaf, 0xff, 0xff, 0xff, 0xfd,
    0x10, 0x0, 0x0, 0x0, 0x0, 0x0, 0xff, 0xff,
    0xff, 0xff, 0xff, 0xd1, 0x0, 0x0, 0x0, 0x0,
    0x0, 0xff, 0xff, 0xff, 0xff, 0xff, 0xfe, 0xcc,
    0xcc, 0xcc, 0xcb, 0x91, 0xff, 0xff, 0xff, 0xff,
    0xff, 0xff, 0xff, 0xff, 0xff, 0xff, 0xfc, 0xff,
    0xff, 0xff, 0xff, 0xff, 0xff, 0xff, 0xff, 0xff,
    0xff, 0xff, 0xff, 0xff, 0xff, 0xff, 0xff, 0xff,
    0xff, 0xff, 0xff, 0xff, 0xff, 0xff, 0xff, 0xff,
    0xff, 0xff, 0xff, 0xff, 0xff, 0xff, 0xff, 0xff,
    0xff, 0xff, 0xff, 0xff, 0xff, 0xff, 0xff, 0xff,
    0xff, 0xff, 0xff, 0xff, 0xff, 0xff, 0xff, 0xff,
    0xff, 0xff, 0xff, 0xff, 0xff, 0xff, 0xff, 0xff,
    0xff, 0xff, 0xff, 0xff, 0xff, 0xff, 0xff, 0xff,
    0xff, 0xff, 0xff, 0xff, 0xff, 0xff, 0xff, 0xff,
    0xff, 0xff, 0xff, 0xff, 0xff, 0xff, 0xff, 0xff,
    0xff, 0xff, 0xff, 0xff, 0xff, 0xff, 0xff, 0xff,
    0xff, 0xff, 0xff, 0xff, 0xff, 0xff, 0xff, 0xff,
    0xff, 0xff, 0xff, 0xff, 0xff, 0xff, 0xff, 0xff,
    0xff, 0xff, 0xff, 0xff, 0xff, 0xef, 0xff, 0xff,
    0xff, 0xff, 0xff, 0xff, 0xff, 0xff, 0xff, 0xfd,
    0x4e, 0xff, 0xff, 0xff, 0xff, 0xff, 0xff, 0xff,
    0xff, 0xff, 0xe4,

    /* U+F093 "" */
    0x0, 0x0, 0x0, 0x0, 0x0, 0x0, 0x0, 0x0,
    0x0, 0x0, 0x0, 0x0, 0x0, 0x0, 0x0, 0x3,
    0xfc, 0x10, 0x0, 0x0, 0x0, 0x0, 0x0, 0x0,
    0x0, 0x0, 0x3f, 0xff, 0xc1, 0x0, 0x0, 0x0,
    0x0, 0x0, 0x0, 0x0, 0x3, 0xff, 0xff, 0xfc,
    0x10, 0x0, 0x0, 0x0, 0x0, 0x0, 0x0, 0x3f,
    0xff, 0xff, 0xff, 0xc1, 0x0, 0x0, 0x0, 0x0,
    0x0, 0x3, 0xff, 0xff, 0xff, 0xff, 0xfc, 0x10,
    0x0, 0x0, 0x0, 0x0, 0x3f, 0xff, 0xff, 0xff,
    0xff, 0xff, 0xc1, 0x0, 0x0, 0x0, 0x3, 0xff,
    0xff, 0xff, 0xff, 0xff, 0xff, 0xfc, 0x0, 0x0,
    0x0, 0x6, 0xff, 0xff, 0xff, 0xff, 0xff, 0xff,
    0xff, 0x10, 0x0, 0x0, 0x0, 0x11, 0x11, 0xef,
    0xff, 0xf9, 0x11, 0x10, 0x0, 0x0, 0x0, 0x0,
    0x0, 0x0, 0xef, 0xff, 0xf9, 0x0, 0x0, 0x0,
    0x0, 0x0, 0x0, 0x0, 0x0, 0xef, 0xff, 0xf9,
    0x0, 0x0, 0x0, 0x0, 0x0, 0x0, 0x0, 0x0,
    0xef, 0xff, 0xf9, 0x0, 0x0, 0x0, 0x0, 0x0,
    0x0, 0x0, 0x0, 0xef, 0xff, 0xf9, 0x0, 0x0,
    0x0, 0x0, 0x0, 0x0, 0x0, 0x0, 0xef, 0xff,
    0xf9, 0x0, 0x0, 0x0, 0x0, 0x0, 0x0, 0x0,
    0x0, 0xef, 0xff, 0xf9, 0x0, 0x0, 0x0, 0x0,
    0xcf, 0xff, 0xff, 0xe0, 0xdf, 0xff, 0xf8, 0xe,
    0xff, 0xff, 0xfc, 0xff, 0xff, 0xff, 0xf3, 0x26,
    0x66, 0x50, 0x3f, 0xff, 0xff, 0xff, 0xff, 0xff,
    0xff, 0xfe, 0x52, 0x22, 0x25, 0xef, 0xff, 0xff,
    0xff, 0xff, 0xff, 0xff, 0xff, 0xff, 0xff, 0xff,
    0xff, 0xff, 0xff, 0xff, 0xff, 0xff, 0xff, 0xff,
    0xff, 0xff, 0xff, 0xf1, 0x6e, 0xb, 0xff, 0xff,
    0xff, 0xff, 0xff, 0xff, 0xff, 0xff, 0xf6, 0xaf,
    0x5d, 0xff, 0xbf, 0xff, 0xff, 0xff, 0xff, 0xff,
    0xff, 0xff, 0xff, 0xff, 0xfb,

    /* U+F095 "" */
    0x0, 0x0, 0x0, 0x0, 0x0, 0x0, 0x0, 0x0,
    0x2, 0x0, 0x0, 0x0, 0x0, 0x0, 0x0, 0x0,
    0x0, 0x0, 0x0, 0x7, 0xff, 0xc8, 0x51, 0x0,
    0x0, 0x0, 0x0, 0x0, 0x0, 0x0, 0x0, 0xef,
    0xff, 0xff, 0xe0, 0x0, 0x0, 0x0, 0x0, 0x0,
    0x0, 0x0, 0x5f, 0xff, 0xff, 0xff, 0x0, 0x0,
    0x0, 0x0, 0x0, 0x0, 0x0, 0xc, 0xff, 0xff,
    0xff, 0xe0, 0x0, 0x0, 0x0, 0x0, 0x0, 0x0,
    0x3, 0xff, 0xff, 0xff, 0xfd, 0x0, 0x0, 0x0,
    0x0, 0x0, 0x0, 0x0, 0x8f, 0xff, 0xff, 0xff,
    0xa0, 0x0, 0x0, 0x0, 0x0, 0x0, 0x0, 0x2,
    0xdf, 0xff, 0xff, 0xf7, 0x0, 0x0, 0x0, 0x0,
    0x0, 0x0, 0x0, 0x1, 0xcf, 0xff, 0xff, 0x30,
    0x0, 0x0, 0x0, 0x0, 0x0, 0x0, 0x0, 0x0,
    0xdf, 0xff, 0xd0, 0x0, 0x0, 0x0, 0x0, 0x0,
    0x0, 0x0, 0x0, 0x3f, 0xff, 0xf8, 0x0, 0x0,
    0x0, 0x0, 0x0, 0x0, 0x0, 0x0, 0xc, 0xff,
    0xff, 0x10, 0x0, 0x0, 0x0, 0x0, 0x0, 0x0,
    0x0, 0x8, 0xff, 0xff, 0x80, 0x0, 0x0, 0x0,
    0x0, 0x0, 0x0, 0x0, 0x5, 0xff, 0xff, 0xd0,
    0x0, 0x0, 0x0, 0x5, 0xb8, 0x0, 0x0, 0x6,
    0xff, 0xff, 0xf3, 0x0, 0x0, 0x1, 0x7e, 0xff,
    0xf6, 0x0, 0x8, 0xff, 0xff, 0xf6, 0x0, 0x0,
    0x9, 0xff, 0xff, 0xff, 0xf4, 0x4d, 0xff, 0xff,
    0xf8, 0x0, 0x0, 0x0, 0xef, 0xff, 0xff, 0xff,
    0xff, 0xff, 0xff, 0xf8, 0x0, 0x0, 0x0, 0xb,
    0xff, 0xff, 0xff, 0xff, 0xff, 0xff, 0xf6, 0x0,
    0x0, 0x0, 0x0, 0x7f, 0xff, 0xff, 0xff, 0xff,
    0xff, 0xc2, 0x0, 0x0, 0x0, 0x0, 0x4, 0xff,
    0xff, 0xff, 0xff, 0xfe, 0x60, 0x0, 0x0, 0x0,
    0x0, 0x0, 0xf, 0xff, 0xff, 0xff, 0xb5, 0x0,
    0x0, 0x0, 0x0, 0x0, 0x0, 0x0, 0x7b, 0xb9,
    0x74, 0x0, 0x0, 0x0, 0x0, 0x0, 0x0, 0x0,
    0x0,

    /* U+F0C4 "" */
    0x1, 0x8c, 0xda, 0x20, 0x0, 0x0, 0x0, 0x0,
    0x20, 0x0, 0x1d, 0xff, 0xff, 0xf3, 0x0, 0x0,
    0x0, 0x8f, 0xff, 0x80, 0xaf, 0xff, 0xff, 0xfd,
    0x0, 0x0, 0xa, 0xff, 0xff, 0xf1, 0xef, 0xe1,
    0xc, 0xff, 0x20, 0x0, 0xbf, 0xff, 0xfe, 0x30,
    0xff, 0xd0, 0xa, 0xff, 0x30, 0xb, 0xff, 0xff,
    0xe3, 0x0, 0xbf, 0xfc, 0xbf, 0xff, 0x10, 0xcf,
    0xff, 0xfe, 0x30, 0x0, 0x3f, 0xff, 0xff, 0xff,
    0xdc, 0xff, 0xff, 0xe3, 0x0, 0x0, 0x3, 0xdf,
    0xff, 0xff, 0xff, 0xff, 0xfe, 0x20, 0x0, 0x0,
    0x0, 0x1, 0x2d, 0xff, 0xff, 0xff, 0xe2, 0x0,
    0x0, 0x0, 0x0, 0x0, 0x2, 0xff, 0xff, 0xff,
    0x30, 0x0, 0x0, 0x0, 0x0, 0x0, 0xb, 0xff,
    0xff, 0xff, 0xc0, 0x0, 0x0, 0x0, 0x1, 0x8c,
    0xef, 0xff, 0xff, 0xff, 0xfc, 0x0, 0x0, 0x0,
    0x1d, 0xff, 0xff, 0xff, 0xff, 0xff, 0xff, 0xc0,
    0x0, 0x0, 0xaf, 0xff, 0xff, 0xff, 0x33, 0xef,
    0xff, 0xfc, 0x0, 0x0, 0xef, 0xe1, 0xc, 0xff,
    0x20, 0x2e, 0xff, 0xff, 0xc1, 0x0, 0xff, 0xd0,
    0xa, 0xff, 0x30, 0x2, 0xef, 0xff, 0xfc, 0x10,
    0xbf, 0xfc, 0xbf, 0xff, 0x0, 0x0, 0x1d, 0xff,
    0xff, 0xc0, 0x3f, 0xff, 0xff, 0xf7, 0x0, 0x0,
    0x1, 0xcf, 0xff, 0xd1, 0x3, 0xdf, 0xfe, 0x60,
    0x0, 0x0, 0x0, 0x4, 0x75, 0x0, 0x0, 0x1,
    0x10, 0x0, 0x0, 0x0, 0x0, 0x0, 0x0, 0x0,

    /* U+F0C5 "" */
    0x0, 0x0, 0x0, 0x12, 0x22, 0x22, 0x22, 0x1,
    0x0, 0x0, 0x0, 0x0, 0x3, 0xff, 0xff, 0xff,
    0xfe, 0xe, 0x60, 0x0, 0x0, 0x0, 0x5, 0xff,
    0xff, 0xff, 0xfe, 0xe, 0xf6, 0x0, 0x0, 0x0,
    0x5, 0xff, 0xff, 0xff, 0xfe, 0xe, 0xff, 0x70,
    0x1, 0x22, 0x5, 0xff, 0xff, 0xff, 0xfe, 0xe,
    0xff, 0xf2, 0xdf, 0xff, 0x25, 0xff, 0xff, 0xff,
    0xff, 0x10, 0x0, 0x0, 0xff, 0xff, 0x25, 0xff,
    0xff, 0xff, 0xff, 0xff, 0xff, 0xf3, 0xff, 0xff,
    0x25, 0xff, 0xff, 0xff, 0xff, 0xff, 0xff, 0xf3,
    0xff, 0xff, 0x25, 0xff, 0xff, 0xff, 0xff, 0xff,
    0xff, 0xf3, 0xff, 0xff, 0x25, 0xff, 0xff, 0xff,
    0xff, 0xff, 0xff, 0xf3, 0xff, 0xff, 0x25, 0xff,
    0xff, 0xff, 0xff, 0xff, 0xff, 0xf3, 0xff, 0xff,
    0x25, 0xff, 0xff, 0xff, 0xff, 0xff, 0xff, 0xf3,
    0xff, 0xff, 0x25, 0xff, 0xff, 0xff, 0xff, 0xff,
    0xff, 0xf3, 0xff, 0xff, 0x25, 0xff, 0xff, 0xff,
    0xff, 0xff, 0xff, 0xf3, 0xff, 0xff, 0x25, 0xff,
    0xff, 0xff, 0xff, 0xff, 0xff, 0xf3, 0xff, 0xff,
    0x25, 0xff, 0xff, 0xff, 0xff, 0xff, 0xff, 0xf3,
    0xff, 0xff, 0x25, 0xff, 0xff, 0xff, 0xff, 0xff,
    0xff, 0xf3, 0xff, 0xff, 0x24, 0xff, 0xff, 0xff,
    0xff, 0xff, 0xff, 0xf2, 0xff, 0xff, 0x50, 0x56,
    0x66, 0x66, 0x66, 0x66, 0x66, 0x50, 0xff, 0xff,
    0xe4, 0x0, 0x0, 0x0, 0x0, 0x0, 0x0, 0x0,
    0xff, 0xff, 0xff, 0xff, 0xff, 0xff, 0xfe, 0x0,
    0x0, 0x0, 0xff, 0xff, 0xff, 0xff, 0xff, 0xff,
    0xfe, 0x0, 0x0, 0x0, 0x8b, 0xcc, 0xcc, 0xcc,
    0xcc, 0xcc, 0xb7, 0x0, 0x0, 0x0,

    /* U+F0C7 "" */
    0x2a, 0xcc, 0xcc, 0xcc, 0xcc, 0xcc, 0xcc, 0x91,
    0x0, 0x0, 0xcf, 0xff, 0xff, 0xff, 0xff, 0xff,
    0xff, 0xfd, 0x10, 0x0, 0xff, 0xff, 0xff, 0xff,
    0xff, 0xff, 0xff, 0xff, 0xd1, 0x0, 0xff, 0xc0,
    0x0, 0x0, 0x0, 0x0, 0x3, 0xff, 0xfd, 0x10,
    0xff, 0xc0, 0x0, 0x0, 0x0, 0x0, 0x1, 0xff,
    0xff, 0xd0, 0xff, 0xc0, 0x0, 0x0, 0x0, 0x0,
    0x1, 0xff, 0xff, 0xf5, 0xff, 0xc0, 0x0, 0x0,
    0x0, 0x0, 0x1, 0xff, 0xff, 0xf6, 0xff, 0xc0,
    0x0, 0x0, 0x0, 0x0, 0x1, 0xff, 0xff, 0xf6,
    0xff, 0xfb, 0xbb, 0xbb, 0xbb, 0xbb, 0xbc, 0xff,
    0xff, 0xf6, 0xff, 0xff, 0xff, 0xff, 0xff, 0xff,
    0xff, 0xff, 0xff, 0xf6, 0xff, 0xff, 0xff, 0xff,
    0xff, 0xff, 0xff, 0xff, 0xff, 0xf6, 0xff, 0xff,
    0xff, 0xfe, 0x51, 0x3b, 0xff, 0xff, 0xff, 0xf6,
    0xff, 0xff, 0xff, 0xf3, 0x0, 0x0, 0xcf, 0xff,
    0xff, 0xf6, 0xff, 0xff, 0xff, 0xe0, 0x0, 0x0,
    0x8f, 0xff, 0xff, 0xf6, 0xff, 0xff, 0xff, 0xf0,
    0x0, 0x0, 0x9f, 0xff, 0xff, 0xf6, 0xff, 0xff,
    0xff, 0xf9, 0x0, 0x4, 0xff, 0xff, 0xff, 0xf6,
    0xff, 0xff, 0xff, 0xff, 0xda, 0xbf, 0xff, 0xff,
    0xff, 0xf6, 0xef, 0xff, 0xff, 0xff, 0xff, 0xff,
    0xff, 0xff, 0xff, 0xf5, 0x6f, 0xff, 0xff, 0xff,
    0xff, 0xff, 0xff, 0xff, 0xff, 0xb0, 0x0, 0x22,
    0x22, 0x22, 0x22, 0x22, 0x22, 0x22, 0x21, 0x0,

    /* U+F0E7 "" */
    0x0, 0x3, 0x44, 0x44, 0x43, 0x0, 0x0, 0x0,
    0x8, 0xff, 0xff, 0xff, 0xf8, 0x0, 0x0, 0x0,
    0xbf, 0xff, 0xff, 0xff, 0x60, 0x0, 0x0, 0xd,
    0xff, 0xff, 0xff, 0xf1, 0x0, 0x0, 0x0, 0xff,
    0xff, 0xff, 0xfc, 0x0, 0x0, 0x0, 0x2f, 0xff,
    0xff, 0xff, 0x70, 0x0, 0x0, 0x4, 0xff, 0xff,
    0xff, 0xf2, 0x0, 0x0, 0x0, 0x6f, 0xff, 0xff,
    0xfe, 0x66, 0x66, 0x51, 0x8, 0xff, 0xff, 0xff,
    0xff, 0xff, 0xff, 0xa0, 0xaf, 0xff, 0xff, 0xff,
    0xff, 0xff, 0xf6, 0xc, 0xff, 0xff, 0xff, 0xff,
    0xff, 0xfd, 0x0, 0xff, 0xff, 0xff, 0xff, 0xff,
    0xff, 0x40, 0xd, 0xff, 0xff, 0xff, 0xff, 0xff,
    0xb0, 0x0, 0x1, 0x22, 0x22, 0xff, 0xff, 0xf2,
    0x0, 0x0, 0x0, 0x0, 0x2f, 0xff, 0xf8, 0x0,
    0x0, 0x0, 0x0, 0x6, 0xff, 0xfe, 0x0, 0x0,
    0x0, 0x0, 0x0, 0xaf, 0xff, 0x60, 0x0, 0x0,
    0x0, 0x0, 0xe, 0xff, 0xc0, 0x0, 0x0, 0x0,
    0x0, 0x2, 0xff, 0xf3, 0x0, 0x0, 0x0, 0x0,
    0x0, 0x5f, 0xfa, 0x0, 0x0, 0x0, 0x0, 0x0,
    0x9, 0xff, 0x10, 0x0, 0x0, 0x0, 0x0, 0x0,
    0xcf, 0x70, 0x0, 0x0, 0x0, 0x0, 0x0, 0x6,
    0x90, 0x0, 0x0, 0x0, 0x0,

    /* U+F0EA "" */
    0x0, 0x0, 0x0, 0x10, 0x0, 0x0, 0x0, 0x0,
    0x0, 0x0, 0x0, 0x0, 0x1c, 0xff, 0x90, 0x0,
    0x0, 0x0, 0x0, 0x0, 0x8c, 0xcc, 0xdf, 0xbc,
    0xfc, 0xcc, 0xc6, 0x0, 0x0, 0x0, 0xff, 0xff,
    0xfe, 0x1, 0xff, 0xff, 0xfc, 0x0, 0x0, 0x0,
    0xff, 0xff, 0xff, 0xde, 0xff, 0xff, 0xfc, 0x0,
    0x0, 0x0, 0xff, 0xff, 0xff, 0xff, 0xff, 0xff,
    0xfc, 0x0, 0x0, 0x0, 0xff, 0xff, 0xff, 0x92,
    0x0, 0x0, 0x0, 0x0, 0x0, 0x0, 0xff, 0xff,
    0xfc, 0x1, 0x22, 0x22, 0x22, 0x1, 0x0, 0x0,
    0xff, 0xff, 0xf8, 0xe, 0xff, 0xff, 0xfc, 0xe,
    0x60, 0x0, 0xff, 0xff, 0xf8, 0x1f, 0xff, 0xff,
    0xfc, 0xe, 0xf6, 0x0, 0xff, 0xff, 0xf8, 0x1f,
    0xff, 0xff, 0xfc, 0xe, 0xff, 0x70, 0xff, 0xff,
    0xf8, 0x1f, 0xff, 0xff, 0xfc, 0xe, 0xff, 0xf2,
    0xff, 0xff, 0xf8, 0x1f, 0xff, 0xff, 0xfe, 0x10,
    0x0, 0x0, 0xff, 0xff, 0xf8, 0x1f, 0xff, 0xff,
    0xff, 0xff, 0xff, 0xf3, 0xff, 0xff, 0xf8, 0x1f,
    0xff, 0xff, 0xff, 0xff, 0xff, 0xf3, 0xff, 0xff,
    0xf8, 0x1f, 0xff, 0xff, 0xff, 0xff, 0xff, 0xf3,
    0xff, 0xff, 0xf8, 0x1f, 0xff, 0xff, 0xff, 0xff,
    0xff, 0xf3, 0xff, 0xff, 0xf8, 0x1f, 0xff, 0xff,
    0xff, 0xff, 0xff, 0xf3, 0x58, 0x88, 0x84, 0x1f,
    0xff, 0xff, 0xff, 0xff, 0xff, 0xf3, 0x0, 0x0,
    0x0, 0x1f, 0xff, 0xff, 0xff, 0xff, 0xff, 0xf3,
    0x0, 0x0, 0x0, 0x1f, 0xff, 0xff, 0xff, 0xff,
    0xff, 0xf3, 0x0, 0x0, 0x0, 0x1f, 0xff, 0xff,
    0xff, 0xff, 0xff, 0xf3, 0x0, 0x0, 0x0, 0x8,
    0xaa, 0xaa, 0xaa, 0xaa, 0xaa, 0x80,

    /* U+F0F3 "" */
    0x0, 0x0, 0x0, 0x0, 0x0, 0x0, 0x0, 0x0,
    0x0, 0x0, 0x0, 0x0, 0x0, 0x0, 0x6f, 0xa0,
    0x0, 0x0, 0x0, 0x0, 0x0, 0x0, 0x0, 0x0,
    0xbf, 0xf0, 0x0, 0x0, 0x0, 0x0, 0x0, 0x0,
    0x0, 0x28, 0xef, 0xf9, 0x40, 0x0, 0x0, 0x0,
    0x0, 0x0, 0x8, 0xff, 0xff, 0xff, 0xfb, 0x10,
    0x0, 0x0, 0x0, 0x0, 0xaf, 0xff, 0xff, 0xff,
    0xff, 0xc0, 0x0, 0x0, 0x0, 0x5, 0xff, 0xff,
    0xff, 0xff, 0xff, 0xf8, 0x0, 0x0, 0x0, 0xd,
    0xff, 0xff, 0xff, 0xff, 0xff, 0xff, 0x0, 0x0,
    0x0, 0x1f, 0xff, 0xff, 0xff, 0xff, 0xff, 0xff,
    0x50, 0x0, 0x0, 0x3f, 0xff, 0xff, 0xff, 0xff,
    0xff, 0xff, 0x70, 0x0, 0x0, 0x4f, 0xff, 0xff,
    0xff, 0xff, 0xff, 0xff, 0x80, 0x0, 0x0, 0x5f,
    0xff, 0xff, 0xff, 0xff, 0xff, 0xff, 0x90, 0x0,
    0x0, 0x8f, 0xff, 0xff, 0xff, 0xff, 0xff, 0xff,
    0xc0, 0x0, 0x0, 0xcf, 0xff, 0xff, 0xff, 0xff,
    0xff, 0xff, 0xf0, 0x0, 0x2, 0xff, 0xff, 0xff,
    0xff, 0xff, 0xff, 0xff, 0xf6, 0x0, 0xb, 0xff,
    0xff, 0xff, 0xff, 0xff, 0xff, 0xff, 0xfe, 0x10,
    0x9f, 0xff, 0xff, 0xff, 0xff, 0xff, 0xff, 0xff,
    0xff, 0xc0, 0xff, 0xff, 0xff, 0xff, 0xff, 0xff,
    0xff, 0xff, 0xff, 0xf3, 0x6c, 0xdd, 0xdd, 0xdd,
    0xdd, 0xdd, 0xdd, 0xdd, 0xdd, 0x90, 0x0, 0x0,
    0x0, 0x0, 0x0, 0x0, 0x0, 0x0, 0x0, 0x0,
    0x0, 0x0, 0x0, 0xf, 0xff, 0xff, 0x40, 0x0,
    0x0, 0x0, 0x0, 0x0, 0x0, 0x9, 0xff, 0xfd,
    0x0, 0x0, 0x0, 0x0, 0x0, 0x0, 0x0, 0x0,
    0x7b, 0x81, 0x0, 0x0, 0x0, 0x0,

    /* U+F11C "" */
    0x19, 0xbb, 0xbb, 0xbb, 0xbb, 0xbb, 0xbb, 0xbb,
    0xbb, 0xbb, 0xbb, 0xb7, 0xc, 0xff, 0xff, 0xff,
    0xff, 0xff, 0xff, 0xff, 0xff, 0xff, 0xff, 0xff,
    0xf7, 0xff, 0xff, 0xff, 0xff, 0xff, 0xff, 0xff,
    0xff, 0xff, 0xff, 0xff, 0xff, 0xbf, 0xfd, 0x0,
    0x8f, 0x10, 0x7f, 0x10, 0x5f, 0x30, 0x3f, 0x50,
    0x1f, 0xfc, 0xff, 0xc0, 0x7, 0xe0, 0x6, 0xf0,
    0x4, 0xf2, 0x2, 0xf4, 0x0, 0xff, 0xcf, 0xfc,
    0x0, 0x8f, 0x0, 0x7f, 0x10, 0x5f, 0x30, 0x3f,
    0x50, 0x1f, 0xfc, 0xff, 0xff, 0xff, 0xff, 0xff,
    0xff, 0xff, 0xff, 0xff, 0xff, 0xff, 0xff, 0xcf,
    0xff, 0xfe, 0x66, 0xbf, 0x66, 0xaf, 0x76, 0x8f,
    0x86, 0x7f, 0xff, 0xfc, 0xff, 0xff, 0xd0, 0x6,
    0xf0, 0x5, 0xf1, 0x3, 0xf3, 0x1, 0xff, 0xff,
    0xcf, 0xff, 0xfd, 0x0, 0x7f, 0x0, 0x5f, 0x10,
    0x3f, 0x30, 0x1f, 0xff, 0xfc, 0xff, 0xff, 0xff,
    0xff, 0xff, 0xff, 0xff, 0xff, 0xff, 0xff, 0xff,
    0xff, 0xcf, 0xfe, 0x66, 0xcf, 0x76, 0x66, 0x66,
    0x66, 0x66, 0x9f, 0xa6, 0x7f, 0xfc, 0xff, 0xc0,
    0x7, 0xe0, 0x0, 0x0, 0x0, 0x0, 0x2, 0xf4,
    0x0, 0xff, 0xcf, 0xfc, 0x0, 0x7e, 0x0, 0x0,
    0x0, 0x0, 0x0, 0x2f, 0x40, 0xf, 0xfc, 0xff,
    0xfc, 0xce, 0xfc, 0xcc, 0xcc, 0xcc, 0xcc, 0xcd,
    0xfd, 0xcc, 0xff, 0xbd, 0xff, 0xff, 0xff, 0xff,
    0xff, 0xff, 0xff, 0xff, 0xff, 0xff, 0xff, 0xf9,
    0x4e, 0xff, 0xff, 0xff, 0xff, 0xff, 0xff, 0xff,
    0xff, 0xff, 0xff, 0xfc, 0x10,

    /* U+F124 "" */
    0x0, 0x0, 0x0, 0x0, 0x0, 0x0, 0x0, 0x0,
    0x0, 0x0, 0x21, 0x0, 0x0, 0x0, 0x0, 0x0,
    0x0, 0x0, 0x0, 0x0, 0x0, 0x5c, 0xff, 0x50,
    0x0, 0x0, 0x0, 0x0, 0x0, 0x0, 0x0, 0x0,
    0x6d, 0xff, 0xff, 0xe0, 0x0, 0x0, 0x0, 0x0,
    0x0, 0x0, 0x1, 0x7e, 0xff, 0xff, 0xff, 0xd0,
    0x0, 0x0, 0x0, 0x0, 0x0, 0x2, 0x9f, 0xff,
    0xff, 0xff, 0xff, 0x60, 0x0, 0x0, 0x0, 0x0,
    0x3, 0xaf, 0xff, 0xff, 0xff, 0xff, 0xfe, 0x0,
    0x0, 0x0, 0x0, 0x4, 0xbf, 0xff, 0xff, 0xff,
    0xff, 0xff, 0xf8, 0x0, 0x0, 0x0, 0x5, 0xdf,
    0xff, 0xff, 0xff, 0xff, 0xff, 0xff, 0xf1, 0x0,
    0x0, 0x7, 0xef, 0xff, 0xff, 0xff, 0xff, 0xff,
    0xff, 0xff, 0x90, 0x0, 0x4, 0xef, 0xff, 0xff,
    0xff, 0xff, 0xff, 0xff, 0xff, 0xff, 0x20, 0x0,
    0xe, 0xff, 0xff, 0xff, 0xff, 0xff, 0xff, 0xff,
    0xff, 0xfa, 0x0, 0x0, 0xe, 0xff, 0xff, 0xff,
    0xff, 0xff, 0xff, 0xff, 0xff, 0xf3, 0x0, 0x0,
    0x5, 0xff, 0xff, 0xff, 0xff, 0xff, 0xff, 0xff,
    0xff, 0xc0, 0x0, 0x0, 0x0, 0x1, 0x22, 0x22,
    0x22, 0x7f, 0xff, 0xff, 0xff, 0x40, 0x0, 0x0,
    0x0, 0x0, 0x0, 0x0, 0x0, 0x6f, 0xff, 0xff,
    0xfd, 0x0, 0x0, 0x0, 0x0, 0x0, 0x0, 0x0,
    0x0, 0x6f, 0xff, 0xff, 0xf6, 0x0, 0x0, 0x0,
    0x0, 0x0, 0x0, 0x0, 0x0, 0x6f, 0xff, 0xff,
    0xe0, 0x0, 0x0, 0x0, 0x0, 0x0, 0x0, 0x0,
    0x0, 0x6f, 0xff, 0xff, 0x70, 0x0, 0x0, 0x0,
    0x0, 0x0, 0x0, 0x0, 0x0, 0x6f, 0xff, 0xff,
    0x0, 0x0, 0x0, 0x0, 0x0, 0x0, 0x0, 0x0,
    0x0, 0x6f, 0xff, 0xf8, 0x0, 0x0, 0x0, 0x0,
    0x0, 0x0, 0x0, 0x0, 0x0, 0x5f, 0xff, 0xf1,
    0x0, 0x0, 0x0, 0x0, 0x0, 0x0, 0x0, 0x0,
    0x0, 0x2f, 0xff, 0x90, 0x0, 0x0, 0x0, 0x0,
    0x0, 0x0, 0x0, 0x0, 0x0, 0x5, 0xb8, 0x0,
    0x0, 0x0, 0x0, 0x0,

    /* U+F15B "" */
    0x37, 0x77, 0x77, 0x77, 0x74, 0x5, 0x0, 0x0,
    0xf, 0xff, 0xff, 0xff, 0xff, 0xa0, 0xfa, 0x0,
    0x0, 0xff, 0xff, 0xff, 0xff, 0xfa, 0xf, 0xfa,
    0x0, 0xf, 0xff, 0xff, 0xff, 0xff, 0xa0, 0xff,
    0xfa, 0x0, 0xff, 0xff, 0xff, 0xff, 0xfa, 0xf,
    0xff, 0xfa, 0xf, 0xff, 0xff, 0xff, 0xff, 0xa0,
    0xff, 0xff, 0xf6, 0xff, 0xff, 0xff, 0xff, 0xfa,
    0x0, 0x0, 0x0, 0xf, 0xff, 0xff, 0xff, 0xff,
    0xe3, 0x22, 0x22, 0x21, 0xff, 0xff, 0xff, 0xff,
    0xff, 0xff, 0xff, 0xff, 0x8f, 0xff, 0xff, 0xff,
    0xff, 0xff, 0xff, 0xff, 0xf8, 0xff, 0xff, 0xff,
    0xff, 0xff, 0xff, 0xff, 0xff, 0x8f, 0xff, 0xff,
    0xff, 0xff, 0xff, 0xff, 0xff, 0xf8, 0xff, 0xff,
    0xff, 0xff, 0xff, 0xff, 0xff, 0xff, 0x8f, 0xff,
    0xff, 0xff, 0xff, 0xff, 0xff, 0xff, 0xf8, 0xff,
    0xff, 0xff, 0xff, 0xff, 0xff, 0xff, 0xff, 0x8f,
    0xff, 0xff, 0xff, 0xff, 0xff, 0xff, 0xff, 0xf8,
    0xff, 0xff, 0xff, 0xff, 0xff, 0xff, 0xff, 0xff,
    0x8f, 0xff, 0xff, 0xff, 0xff, 0xff, 0xff, 0xff,
    0xf8, 0xff, 0xff, 0xff, 0xff, 0xff, 0xff, 0xff,
    0xff, 0x8f, 0xff, 0xff, 0xff, 0xff, 0xff, 0xff,
    0xff, 0xf8, 0xff, 0xff, 0xff, 0xff, 0xff, 0xff,
    0xff, 0xff, 0x8f, 0xff, 0xff, 0xff, 0xff, 0xff,
    0xff, 0xff, 0xf7, 0xbf, 0xff, 0xff, 0xff, 0xff,
    0xff, 0xff, 0xfe, 0x40,

    /* U+F1EB "" */
    0x0, 0x0, 0x0, 0x0, 0x0, 0x0, 0x0, 0x0,
    0x0, 0x0, 0x0, 0x0, 0x0, 0x0, 0x0, 0x0,
    0x0, 0x0, 0x26, 0x9c, 0xde, 0xdc, 0xb8, 0x50,
    0x0, 0x0, 0x0, 0x0, 0x0, 0x0, 0x1, 0x8d,
    0xff, 0xff, 0xff, 0xff, 0xff, 0xff, 0xb5, 0x0,
    0x0, 0x0, 0x0, 0x1, 0x9f, 0xff, 0xff, 0xff,
    0xff, 0xff, 0xff, 0xff, 0xff, 0xd5, 0x0, 0x0,
    0x0, 0x6f, 0xff, 0xff, 0xff, 0xdb, 0x99, 0x9a,
    0xcf, 0xff, 0xff, 0xff, 0xb1, 0x0, 0xa, 0xff,
    0xff, 0xfc, 0x61, 0x0, 0x0, 0x0, 0x0, 0x39,
    0xef, 0xff, 0xfe, 0x40, 0xcf, 0xff, 0xfb, 0x30,
    0x0, 0x0, 0x0, 0x0, 0x0, 0x0, 0x7, 0xff,
    0xff, 0xf4, 0xaf, 0xff, 0x60, 0x0, 0x0, 0x0,
    0x0, 0x0, 0x0, 0x0, 0x0, 0x1b, 0xff, 0xf2,
    0xa, 0xd2, 0x0, 0x0, 0x4, 0x9c, 0xef, 0xed,
    0xb6, 0x20, 0x0, 0x0, 0x8e, 0x30, 0x0, 0x0,
    0x0, 0x6, 0xef, 0xff, 0xff, 0xff, 0xff, 0xfa,
    0x20, 0x0, 0x0, 0x0, 0x0, 0x0, 0x2, 0xcf,
    0xff, 0xff, 0xff, 0xff, 0xff, 0xff, 0xf7, 0x0,
    0x0, 0x0, 0x0, 0x0, 0x1f, 0xff, 0xff, 0xfb,
    0x87, 0x89, 0xdf, 0xff, 0xff, 0x80, 0x0, 0x0,
    0x0, 0x0, 0xb, 0xff, 0xe6, 0x0, 0x0, 0x0,
    0x3, 0xaf, 0xff, 0x40, 0x0, 0x0, 0x0, 0x0,
    0x0, 0xba, 0x10, 0x0, 0x0, 0x0, 0x0, 0x5,
    0xd4, 0x0, 0x0, 0x0, 0x0, 0x0, 0x0, 0x0,
    0x0, 0x0, 0x1, 0x0, 0x0, 0x0, 0x0, 0x0,
    0x0, 0x0, 0x0, 0x0, 0x0, 0x0, 0x0, 0x1,
    0xcf, 0xf6, 0x0, 0x0, 0x0, 0x0, 0x0, 0x0,
    0x0, 0x0, 0x0, 0x0, 0x0, 0xb, 0xff, 0xff,
    0x30, 0x0, 0x0, 0x0, 0x0, 0x0, 0x0, 0x0,
    0x0, 0x0, 0x0, 0xf, 0xff, 0xff, 0x70, 0x0,
    0x0, 0x0, 0x0, 0x0, 0x0, 0x0, 0x0, 0x0,
    0x0, 0xd, 0xff, 0xff, 0x50, 0x0, 0x0, 0x0,
    0x0, 0x0, 0x0, 0x0, 0x0, 0x0, 0x0, 0x3,
    0xff, 0xfa, 0x0, 0x0, 0x0, 0x0, 0x0, 0x0,
    0x0, 0x0, 0x0, 0x0, 0x0, 0x0, 0x15, 0x30,
    0x0, 0x0, 0x0, 0x0, 0x0, 0x0,

    /* U+F240 "" */
    0x0, 0x0, 0x0, 0x0, 0x0, 0x0, 0x0, 0x0,
    0x0, 0x0, 0x0, 0x0, 0x0, 0x0, 0x4e, 0xff,
    0xff, 0xff, 0xff, 0xff, 0xff, 0xff, 0xff, 0xff,
    0xff, 0xff, 0xf6, 0x0, 0xef, 0xff, 0xff, 0xff,
    0xff, 0xff, 0xff, 0xff, 0xff, 0xff, 0xff, 0xff,
    0xff, 0x0, 0xff, 0xeb, 0xbb, 0xbb, 0xbb, 0xbb,
    0xbb, 0xbb, 0xbb, 0xbb, 0xbb, 0xbd, 0xff, 0x50,
    0xff, 0xc0, 0x0, 0x0, 0x0, 0x0, 0x0, 0x0,
    0x0, 0x0, 0x0, 0x7, 0xff, 0xf9, 0xff, 0xc0,
    0xef, 0xff, 0xff, 0xff, 0xff, 0xff, 0xff, 0xff,
    0xff, 0x7, 0xff, 0xfa, 0xff, 0xc0, 0xef, 0xff,
    0xff, 0xff, 0xff, 0xff, 0xff, 0xff, 0xff, 0x3,
    0x7f, 0xfa, 0xff, 0xc0, 0xef, 0xff, 0xff, 0xff,
    0xff, 0xff, 0xff, 0xff, 0xff, 0x0, 0x1f, 0xfa,
    0xff, 0xc0, 0xef, 0xff, 0xff, 0xff, 0xff, 0xff,
    0xff, 0xff, 0xff, 0x0, 0x1f, 0xfa, 0xff, 0xc0,
    0xef, 0xff, 0xff, 0xff, 0xff, 0xff, 0xff, 0xff,
    0xff, 0x5, 0xdf, 0xfa, 0xff, 0xc0, 0x78, 0x88,
    0x88, 0x88, 0x88, 0x88, 0x88, 0x88, 0x88, 0x7,
    0xff, 0xfa, 0xff, 0xc0, 0x0, 0x0, 0x0, 0x0,
    0x0, 0x0, 0x0, 0x0, 0x0, 0x7, 0xff, 0xf6,
    0xff, 0xff, 0xff, 0xff, 0xff, 0xff, 0xff, 0xff,
    0xff, 0xff, 0xff, 0xff, 0xff, 0x10, 0xcf, 0xff,
    0xff, 0xff, 0xff, 0xff, 0xff, 0xff, 0xff, 0xff,
    0xff, 0xff, 0xfe, 0x0, 0x19, 0xbb, 0xbb, 0xbb,
    0xbb, 0xbb, 0xbb, 0xbb, 0xbb, 0xbb, 0xbb, 0xbb,
    0x92, 0x0,

    /* U+F241 "" */
    0x0, 0x0, 0x0, 0x0, 0x0, 0x0, 0x0, 0x0,
    0x0, 0x0, 0x0, 0x0, 0x0, 0x0, 0x4e, 0xff,
    0xff, 0xff, 0xff, 0xff, 0xff, 0xff, 0xff, 0xff,
    0xff, 0xff, 0xf6, 0x0, 0xef, 0xff, 0xff, 0xff,
    0xff, 0xff, 0xff, 0xff, 0xff, 0xff, 0xff, 0xff,
    0xff, 0x0, 0xff, 0xeb, 0xbb, 0xbb, 0xbb, 0xbb,
    0xbb, 0xbb, 0xbb, 0xbb, 0xbb, 0xbd, 0xff, 0x50,
    0xff, 0xc0, 0x0, 0x0, 0x0, 0x0, 0x0, 0x0,
    0x0, 0x0, 0x0, 0x7, 0xff, 0xf9, 0xff, 0xc0,
    0xef, 0xff, 0xff, 0xff, 0xff, 0xff, 0xfd, 0x0,
    0x0, 0x7, 0xff, 0xfa, 0xff, 0xc0, 0xef, 0xff,
    0xff, 0xff, 0xff, 0xff, 0xfd, 0x0, 0x0, 0x3,
    0x7f, 0xfa, 0xff, 0xc0, 0xef, 0xff, 0xff, 0xff,
    0xff, 0xff, 0xfd, 0x0, 0x0, 0x0, 0x1f, 0xfa,
    0xff, 0xc0, 0xef, 0xff, 0xff, 0xff, 0xff, 0xff,
    0xfd, 0x0, 0x0, 0x0, 0x1f, 0xfa, 0xff, 0xc0,
    0xef, 0xff, 0xff, 0xff, 0xff, 0xff, 0xfd, 0x0,
    0x0, 0x5, 0xdf, 0xfa, 0xff, 0xc0, 0x78, 0x88,
    0x88, 0x88, 0x88, 0x88, 0x86, 0x0, 0x0, 0x7,
    0xff, 0xfa, 0xff, 0xc0, 0x0, 0x0, 0x0, 0x0,
    0x0, 0x0, 0x0, 0x0, 0x0, 0x7, 0xff, 0xf6,
    0xff, 0xff, 0xff, 0xff, 0xff, 0xff, 0xff, 0xff,
    0xff, 0xff, 0xff, 0xff, 0xff, 0x10, 0xcf, 0xff,
    0xff, 0xff, 0xff, 0xff, 0xff, 0xff, 0xff, 0xff,
    0xff, 0xff, 0xfe, 0x0, 0x19, 0xbb, 0xbb, 0xbb,
    0xbb, 0xbb, 0xbb, 0xbb, 0xbb, 0xbb, 0xbb, 0xbb,
    0x92, 0x0,

    /* U+F242 "" */
    0x0, 0x0, 0x0, 0x0, 0x0, 0x0, 0x0, 0x0,
    0x0, 0x0, 0x0, 0x0, 0x0, 0x0, 0x4e, 0xff,
    0xff, 0xff, 0xff, 0xff, 0xff, 0xff, 0xff, 0xff,
    0xff, 0xff, 0xf6, 0x0, 0xef, 0xff, 0xff, 0xff,
    0xff, 0xff, 0xff, 0xff, 0xff, 0xff, 0xff, 0xff,
    0xff, 0x0, 0xff, 0xeb, 0xbb, 0xbb, 0xbb, 0xbb,
    0xbb, 0xbb, 0xbb, 0xbb, 0xbb, 0xbd, 0xff, 0x50,
    0xff, 0xc0, 0x0, 0x0, 0x0, 0x0, 0x0, 0x0,
    0x0, 0x0, 0x0, 0x7, 0xff, 0xf9, 0xff, 0xc0,
    0xef, 0xff, 0xff, 0xff, 0xfb, 0x0, 0x0, 0x0,
    0x0, 0x7, 0xff, 0xfa, 0xff, 0xc0, 0xef, 0xff,
    0xff, 0xff, 0xfb, 0x0, 0x0, 0x0, 0x0, 0x3,
    0x7f, 0xfa, 0xff, 0xc0, 0xef, 0xff, 0xff, 0xff,
    0xfb, 0x0, 0x0, 0x0, 0x0, 0x0, 0x1f, 0xfa,
    0xff, 0xc0, 0xef, 0xff, 0xff, 0xff, 0xfb, 0x0,
    0x0, 0x0, 0x0, 0x0, 0x1f, 0xfa, 0xff, 0xc0,
    0xef, 0xff, 0xff, 0xff, 0xfb, 0x0, 0x0, 0x0,
    0x0, 0x5, 0xdf, 0xfa, 0xff, 0xc0, 0x78, 0x88,
    0x88, 0x88, 0x85, 0x0, 0x0, 0x0, 0x0, 0x7,
    0xff, 0xfa, 0xff, 0xc0, 0x0, 0x0, 0x0, 0x0,
    0x0, 0x0, 0x0, 0x0, 0x0, 0x7, 0xff, 0xf6,
    0xff, 0xff, 0xff, 0xff, 0xff, 0xff, 0xff, 0xff,
    0xff, 0xff, 0xff, 0xff, 0xff, 0x10, 0xcf, 0xff,
    0xff, 0xff, 0xff, 0xff, 0xff, 0xff, 0xff, 0xff,
    0xff, 0xff, 0xfe, 0x0, 0x19, 0xbb, 0xbb, 0xbb,
    0xbb, 0xbb, 0xbb, 0xbb, 0xbb, 0xbb, 0xbb, 0xbb,
    0x92, 0x0,

    /* U+F243 "" */
    0x0, 0x0, 0x0, 0x0, 0x0, 0x0, 0x0, 0x0,
    0x0, 0x0, 0x0, 0x0, 0x0, 0x0, 0x4e, 0xff,
    0xff, 0xff, 0xff, 0xff, 0xff, 0xff, 0xff, 0xff,
    0xff, 0xff, 0xf6, 0x0, 0xef, 0xff, 0xff, 0xff,
    0xff, 0xff, 0xff, 0xff, 0xff, 0xff, 0xff, 0xff,
    0xff, 0x0, 0xff, 0xeb, 0xbb, 0xbb, 0xbb, 0xbb,
    0xbb, 0xbb, 0xbb, 0xbb, 0xbb, 0xbd, 0xff, 0x50,
    0xff, 0xc0, 0x0, 0x0, 0x0, 0x0, 0x0, 0x0,
    0x0, 0x0, 0x0, 0x7, 0xff, 0xf9, 0xff, 0xc0,
    0xef, 0xff, 0xf9, 0x0, 0x0, 0x0, 0x0, 0x0,
    0x0, 0x7, 0xff, 0xfa, 0xff, 0xc0, 0xef, 0xff,
    0xf9, 0x0, 0x0, 0x0, 0x0, 0x0, 0x0, 0x3,
    0x7f, 0xfa, 0xff, 0xc0, 0xef, 0xff, 0xf9, 0x0,
    0x0, 0x0, 0x0, 0x0, 0x0, 0x0, 0x1f, 0xfa,
    0xff, 0xc0, 0xef, 0xff, 0xf9, 0x0, 0x0, 0x0,
    0x0, 0x0, 0x0, 0x0, 0x1f, 0xfa, 0xff, 0xc0,
    0xef, 0xff, 0xf9, 0x0, 0x0, 0x0, 0x0, 0x0,
    0x0, 0x5, 0xdf, 0xfa, 0xff, 0xc0, 0x78, 0x88,
    0x84, 0x0, 0x0, 0x0, 0x0, 0x0, 0x0, 0x7,
    0xff, 0xfa, 0xff, 0xc0, 0x0, 0x0, 0x0, 0x0,
    0x0, 0x0, 0x0, 0x0, 0x0, 0x7, 0xff, 0xf6,
    0xff, 0xff, 0xff, 0xff, 0xff, 0xff, 0xff, 0xff,
    0xff, 0xff, 0xff, 0xff, 0xff, 0x10, 0xcf, 0xff,
    0xff, 0xff, 0xff, 0xff, 0xff, 0xff, 0xff, 0xff,
    0xff, 0xff, 0xfe, 0x0, 0x19, 0xbb, 0xbb, 0xbb,
    0xbb, 0xbb, 0xbb, 0xbb, 0xbb, 0xbb, 0xbb, 0xbb,
    0x92, 0x0,

    /* U+F244 "" */
    0x0, 0x0, 0x0, 0x0, 0x0, 0x0, 0x0, 0x0,
    0x0, 0x0, 0x0, 0x0, 0x0, 0x0, 0x4e, 0xff,
    0xff, 0xff, 0xff, 0xff, 0xff, 0xff, 0xff, 0xff,
    0xff, 0xff, 0xf6, 0x0, 0xef, 0xff, 0xff, 0xff,
    0xff, 0xff, 0xff, 0xff, 0xff, 0xff, 0xff, 0xff,
    0xff, 0x0, 0xff, 0xeb, 0xbb, 0xbb, 0xbb, 0xbb,
    0xbb, 0xbb, 0xbb, 0xbb, 0xbb, 0xbd, 0xff, 0x50,
    0xff, 0xc0, 0x0, 0x0, 0x0, 0x0, 0x0, 0x0,
    0x0, 0x0, 0x0, 0x7, 0xff, 0xf9, 0xff, 0xc0,
    0x0, 0x0, 0x0, 0x0, 0x0, 0x0, 0x0, 0x0,
    0x0, 0x7, 0xff, 0xfa, 0xff, 0xc0, 0x0, 0x0,
    0x0, 0x0, 0x0, 0x0, 0x0, 0x0, 0x0, 0x3,
    0x7f, 0xfa, 0xff, 0xc0, 0x0, 0x0, 0x0, 0x0,
    0x0, 0x0, 0x0, 0x0, 0x0, 0x0, 0x1f, 0xfa,
    0xff, 0xc0, 0x0, 0x0, 0x0, 0x0, 0x0, 0x0,
    0x0, 0x0, 0x0, 0x0, 0x1f, 0xfa, 0xff, 0xc0,
    0x0, 0x0, 0x0, 0x0, 0x0, 0x0, 0x0, 0x0,
    0x0, 0x5, 0xdf, 0xfa, 0xff, 0xc0, 0x0, 0x0,
    0x0, 0x0, 0x0, 0x0, 0x0, 0x0, 0x0, 0x7,
    0xff, 0xfa, 0xff, 0xc0, 0x0, 0x0, 0x0, 0x0,
    0x0, 0x0, 0x0, 0x0, 0x0, 0x7, 0xff, 0xf6,
    0xff, 0xff, 0xff, 0xff, 0xff, 0xff, 0xff, 0xff,
    0xff, 0xff, 0xff, 0xff, 0xff, 0x10, 0xcf, 0xff,
    0xff, 0xff, 0xff, 0xff, 0xff, 0xff, 0xff, 0xff,
    0xff, 0xff, 0xfe, 0x0, 0x19, 0xbb, 0xbb, 0xbb,
    0xbb, 0xbb, 0xbb, 0xbb, 0xbb, 0xbb, 0xbb, 0xbb,
    0x92, 0x0,

    /* U+F287 "" */
    0x0, 0x0, 0x0, 0x0, 0x0, 0x0, 0x0, 0x18,
    0x92, 0x0, 0x0, 0x0, 0x0, 0x0, 0x0, 0x0,
    0x0, 0x0, 0x0, 0x0, 0x12, 0xdf, 0xfe, 0x10,
    0x0, 0x0, 0x0, 0x0, 0x0, 0x0, 0x0, 0x0,
    0x0, 0x1c, 0xff, 0xff, 0xff, 0x50, 0x0, 0x0,
    0x0, 0x0, 0x0, 0x0, 0x0, 0x0, 0x0, 0xcf,
    0x76, 0xff, 0xff, 0x20, 0x0, 0x0, 0x0, 0x0,
    0x0, 0x0, 0x0, 0x0, 0x5, 0xf6, 0x0, 0x4c,
    0xd5, 0x0, 0x0, 0x0, 0x0, 0x0, 0x0, 0x33,
    0x0, 0x0, 0xd, 0xd0, 0x0, 0x0, 0x0, 0x0,
    0x0, 0x0, 0x0, 0x0, 0x1c, 0xff, 0xd2, 0x0,
    0x4f, 0x60, 0x0, 0x0, 0x0, 0x0, 0x0, 0xc,
    0x40, 0x0, 0xaf, 0xff, 0xfc, 0x1, 0xde, 0x0,
    0x0, 0x0, 0x0, 0x0, 0x0, 0x1f, 0xfa, 0x10,
    0xff, 0xff, 0xff, 0xff, 0xff, 0xff, 0xff, 0xff,
    0xff, 0xff, 0xff, 0xff, 0xff, 0xf5, 0xdf, 0xff,
    0xff, 0x88, 0x88, 0x9f, 0xe8, 0x88, 0x88, 0x88,
    0x88, 0x8f, 0xff, 0x91, 0x5f, 0xff, 0xf8, 0x0,
    0x0, 0x7, 0xf3, 0x0, 0x0, 0x0, 0x0, 0xf,
    0xc3, 0x0, 0x4, 0xbb, 0x60, 0x0, 0x0, 0x0,
    0xeb, 0x0, 0x0, 0x0, 0x0, 0x4, 0x0, 0x0,
    0x0, 0x0, 0x0, 0x0, 0x0, 0x0, 0x8f, 0x30,
    0x8, 0x88, 0x83, 0x0, 0x0, 0x0, 0x0, 0x0,
    0x0, 0x0, 0x0, 0x0, 0x1e, 0xc1, 0x2f, 0xff,
    0xf7, 0x0, 0x0, 0x0, 0x0, 0x0, 0x0, 0x0,
    0x0, 0x0, 0x4, 0xff, 0xff, 0xff, 0xf7, 0x0,
    0x0, 0x0, 0x0, 0x0, 0x0, 0x0, 0x0, 0x0,
    0x0, 0x27, 0x9f, 0xff, 0xf7, 0x0, 0x0, 0x0,
    0x0, 0x0, 0x0, 0x0, 0x0, 0x0, 0x0, 0x0,
    0x2f, 0xff, 0xf6, 0x0, 0x0, 0x0, 0x0, 0x0,
    0x0, 0x0, 0x0, 0x0, 0x0, 0x0, 0x0, 0x0,
    0x0, 0x0, 0x0, 0x0,

    /* U+F293 "" */
    0x0, 0x0, 0x0, 0x0, 0x11, 0x0, 0x0, 0x0,
    0x0, 0x0, 0x2, 0x9e, 0xff, 0xff, 0xc7, 0x0,
    0x0, 0x0, 0x7, 0xff, 0xff, 0xdf, 0xff, 0xfd,
    0x20, 0x0, 0x8, 0xff, 0xff, 0xf2, 0xdf, 0xff,
    0xfe, 0x0, 0x3, 0xff, 0xff, 0xff, 0x11, 0xdf,
    0xff, 0xf9, 0x0, 0xaf, 0xff, 0xff, 0xf1, 0x1,
    0xef, 0xff, 0xf0, 0xf, 0xff, 0xff, 0xff, 0x12,
    0x12, 0xef, 0xff, 0x53, 0xff, 0xf4, 0x7f, 0xf1,
    0x3d, 0x13, 0xff, 0xf8, 0x6f, 0xff, 0x40, 0x7f,
    0x13, 0xf5, 0xc, 0xff, 0xb8, 0xff, 0xff, 0x40,
    0x71, 0x35, 0xa, 0xff, 0xfd, 0x9f, 0xff, 0xff,
    0x40, 0x0, 0x8, 0xff, 0xff, 0xea, 0xff, 0xff,
    0xff, 0x30, 0x6, 0xff, 0xff, 0xfe, 0xaf, 0xff,
    0xff, 0xf4, 0x0, 0x6f, 0xff, 0xff, 0xe9, 0xff,
    0xff, 0xf4, 0x0, 0x0, 0x7f, 0xff, 0xfe, 0x8f,
    0xff, 0xf4, 0x6, 0x13, 0x50, 0x8f, 0xff, 0xd6,
    0xff, 0xf4, 0x7, 0xf1, 0x3f, 0x40, 0x9f, 0xfb,
    0x3f, 0xff, 0x47, 0xff, 0x13, 0xd1, 0x1d, 0xff,
    0x90, 0xff, 0xff, 0xff, 0xf1, 0x21, 0x1d, 0xff,
    0xf5, 0xa, 0xff, 0xff, 0xff, 0x20, 0x1d, 0xff,
    0xff, 0x0, 0x2f, 0xff, 0xff, 0xf2, 0x2e, 0xff,
    0xff, 0x80, 0x0, 0x6f, 0xff, 0xff, 0x4e, 0xff,
    0xff, 0xe0, 0x0, 0x0, 0x4e, 0xff, 0xff, 0xff,
    0xff, 0xc2, 0x0, 0x0, 0x0, 0x5, 0x9c, 0xdd,
    0xc9, 0x40, 0x0, 0x0,

    /* U+F2ED "" */
    0x0, 0x0, 0x0, 0x2, 0x22, 0x22, 0x10, 0x0,
    0x0, 0x0, 0x0, 0x0, 0x0, 0xcf, 0xff, 0xff,
    0xe1, 0x0, 0x0, 0x0, 0xac, 0xcc, 0xcd, 0xff,
    0xff, 0xff, 0xfd, 0xcc, 0xcc, 0xc1, 0xff, 0xff,
    0xff, 0xff, 0xff, 0xff, 0xff, 0xff, 0xff, 0xf4,
    0xdf, 0xff, 0xff, 0xff, 0xff, 0xff, 0xff, 0xff,
    0xff, 0xe2, 0x0, 0x0, 0x0, 0x0, 0x0, 0x0,
    0x0, 0x0, 0x0, 0x0, 0x7, 0xcc, 0xcc, 0xcc,
    0xcc, 0xcc, 0xcc, 0xcc, 0xca, 0x0, 0xa, 0xff,
    0xff, 0xff, 0xff, 0xff, 0xff, 0xff, 0xfe, 0x0,
    0xa, 0xff, 0xff, 0xff, 0xff, 0xff, 0xff, 0xff,
    0xfe, 0x0, 0xa, 0xff, 0xe1, 0xef, 0xf2, 0xcf,
    0xf3, 0xbf, 0xfe, 0x0, 0xa, 0xff, 0xd0, 0xdf,
    0xf0, 0xbf, 0xf1, 0x9f, 0xfe, 0x0, 0xa, 0xff,
    0xd0, 0xdf, 0xf0, 0xbf, 0xf1, 0x9f, 0xfe, 0x0,
    0xa, 0xff, 0xd0, 0xdf, 0xf0, 0xbf, 0xf1, 0x9f,
    0xfe, 0x0, 0xa, 0xff, 0xd0, 0xdf, 0xf0, 0xbf,
    0xf1, 0x9f, 0xfe, 0x0, 0xa, 0xff, 0xd0, 0xdf,
    0xf0, 0xbf, 0xf1, 0x9f, 0xfe, 0x0, 0xa, 0xff,
    0xd0, 0xdf, 0xf0, 0xbf, 0xf1, 0x9f, 0xfe, 0x0,
    0xa, 0xff, 0xd0, 0xdf, 0xf0, 0xbf, 0xf1, 0x9f,
    0xfe, 0x0, 0xa, 0xff, 0xd0, 0xdf, 0xf0, 0xbf,
    0xf1, 0x9f, 0xfe, 0x0, 0xa, 0xff, 0xd0, 0xdf,
    0xf0, 0xbf, 0xf1, 0x9f, 0xfe, 0x0, 0xa, 0xff,
    0xe1, 0xef, 0xf1, 0xcf, 0xf3, 0xaf, 0xfe, 0x0,
    0x9, 0xff, 0xff, 0xff, 0xff, 0xff, 0xff, 0xff,
    0xfd, 0x0, 0x6, 0xff, 0xff, 0xff, 0xff, 0xff,
    0xff, 0xff, 0xfa, 0x0, 0x0, 0x7b, 0xcc, 0xcc,
    0xcc, 0xcc, 0xcc, 0xcb, 0x91, 0x0,

    /* U+F304 "" */
    0x0, 0x0, 0x0, 0x0, 0x0, 0x0, 0x0, 0x0,
    0x1, 0x30, 0x0, 0x0, 0x0, 0x0, 0x0, 0x0,
    0x0, 0x0, 0x0, 0x4, 0xff, 0xd1, 0x0, 0x0,
    0x0, 0x0, 0x0, 0x0, 0x0, 0x0, 0x4, 0xff,
    0xff, 0xd1, 0x0, 0x0, 0x0, 0x0, 0x0, 0x0,
    0x0, 0x3, 0xff, 0xff, 0xff, 0xd1, 0x0, 0x0,
    0x0, 0x0, 0x0, 0x0, 0x1, 0xc, 0xff, 0xff,
    0xff, 0xb0, 0x0, 0x0, 0x0, 0x0, 0x0, 0x4,
    0xe4, 0xc, 0xff, 0xff, 0xff, 0x0, 0x0, 0x0,
    0x0, 0x0, 0x4, 0xff, 0xf4, 0xc, 0xff, 0xff,
    0xa0, 0x0, 0x0, 0x0, 0x0, 0x4, 0xff, 0xff,
    0xf4, 0xc, 0xff, 0xb0, 0x0, 0x0, 0x0, 0x0,
    0x4, 0xff, 0xff, 0xff, 0xf4, 0xc, 0xb0, 0x0,
    0x0, 0x0, 0x0, 0x4, 0xff, 0xff, 0xff, 0xff,
    0xf4, 0x0, 0x0, 0x0, 0x0, 0x0, 0x4, 0xff,
    0xff, 0xff, 0xff, 0xff, 0xa0, 0x0, 0x0, 0x0,
    0x0, 0x4, 0xff, 0xff, 0xff, 0xff, 0xff, 0xb0,
    0x0, 0x0, 0x0, 0x0, 0x4, 0xff, 0xff, 0xff,
    0xff, 0xff, 0xb0, 0x0, 0x0, 0x0, 0x0, 0x4,
    0xff, 0xff, 0xff, 0xff, 0xff, 0xb0, 0x0, 0x0,
    0x0, 0x0, 0x4, 0xff, 0xff, 0xff, 0xff, 0xff,
    0xb0, 0x0, 0x0, 0x0, 0x0, 0x4, 0xff, 0xff,
    0xff, 0xff, 0xff, 0xb0, 0x0, 0x0, 0x0, 0x0,
    0x3, 0xff, 0xff, 0xff, 0xff, 0xff, 0xb0, 0x0,
    0x0, 0x0, 0x0, 0x0, 0x8f, 0xff, 0xff, 0xff,
    0xff, 0xb0, 0x0, 0x0, 0x0, 0x0, 0x0, 0xa,
    0xff, 0xff, 0xff, 0xff, 0xb0, 0x0, 0x0, 0x0,
    0x0, 0x0, 0x0, 0xcf, 0xff, 0xff, 0xff, 0xb0,
    0x0, 0x0, 0x0, 0x0, 0x0, 0x0, 0xe, 0xff,
    0xff, 0xff, 0xb0, 0x0, 0x0, 0x0, 0x0, 0x0,
    0x0, 0x0, 0xff, 0xff, 0xff, 0xb0, 0x0, 0x0,
    0x0, 0x0, 0x0, 0x0, 0x0, 0x8, 0xb9, 0x75,
    0x40, 0x0, 0x0, 0x0, 0x0, 0x0, 0x0, 0x0,
    0x0,

    /* U+F55A "" */
    0x0, 0x0, 0x0, 0x2, 0x68, 0x88, 0x88, 0x88,
    0x88, 0x88, 0x88, 0x88, 0x75, 0x0, 0x0, 0x0,
    0x0, 0x5f, 0xff, 0xff, 0xff, 0xff, 0xff, 0xff,
    0xff, 0xff, 0xff, 0xc0, 0x0, 0x0, 0x5, 0xff,
    0xff, 0xff, 0xff, 0xff, 0xff, 0xff, 0xff, 0xff,
    0xff, 0xf5, 0x0, 0x0, 0x5f, 0xff, 0xff, 0xff,
    0xff, 0xff, 0xff, 0xff, 0xff, 0xff, 0xff, 0xf7,
    0x0, 0x5, 0xff, 0xff, 0xff, 0xff, 0x80, 0xcf,
    0xff, 0xc0, 0x8f, 0xff, 0xff, 0xf8, 0x0, 0x5f,
    0xff, 0xff, 0xff, 0xfc, 0x0, 0xc, 0xfc, 0x0,
    0xc, 0xff, 0xff, 0xf8, 0x5, 0xff, 0xff, 0xff,
    0xff, 0xff, 0x50, 0x0, 0x90, 0x0, 0x5f, 0xff,
    0xff, 0xf8, 0x5f, 0xff, 0xff, 0xff, 0xff, 0xff,
    0xf5, 0x0, 0x0, 0x5, 0xff, 0xff, 0xff, 0xf8,
    0xef, 0xff, 0xff, 0xff, 0xff, 0xff, 0xff, 0x40,
    0x0, 0x4f, 0xff, 0xff, 0xff, 0xf8, 0xbf, 0xff,
    0xff, 0xff, 0xff, 0xff, 0xfc, 0x0, 0x0, 0xc,
    0xff, 0xff, 0xff, 0xf8, 0xc, 0xff, 0xff, 0xff,
    0xff, 0xff, 0xc0, 0x0, 0x10, 0x0, 0xcf, 0xff,
    0xff, 0xf8, 0x0, 0xcf, 0xff, 0xff, 0xff, 0xfd,
    0x0, 0x5, 0xf5, 0x0, 0xd, 0xff, 0xff, 0xf8,
    0x0, 0xc, 0xff, 0xff, 0xff, 0xfe, 0x10, 0x5f,
    0xff, 0x50, 0x1e, 0xff, 0xff, 0xf8, 0x0, 0x0,
    0xcf, 0xff, 0xff, 0xff, 0xe8, 0xff, 0xff, 0xf8,
    0xef, 0xff, 0xff, 0xf8, 0x0, 0x0, 0xc, 0xff,
    0xff, 0xff, 0xff, 0xff, 0xff, 0xff, 0xff, 0xff,
    0xff, 0xf7, 0x0, 0x0, 0x0, 0xcf, 0xff, 0xff,
    0xff, 0xff, 0xff, 0xff, 0xff, 0xff, 0xff, 0xf2,
    0x0, 0x0, 0x0, 0x9, 0xef, 0xff, 0xff, 0xff,
    0xff, 0xff, 0xff, 0xff, 0xfd, 0x50,

    /* U+F7C2 "" */
    0x0, 0x0, 0x0, 0x0, 0x0, 0x0, 0x0, 0x0,
    0x0, 0x0, 0x2, 0xef, 0xff, 0xff, 0xff, 0xfe,
    0x70, 0x0, 0x2, 0xef, 0xff, 0xff, 0xff, 0xff,
    0xff, 0x50, 0x2, 0xef, 0xbb, 0xfc, 0xbf, 0xdb,
    0xbf, 0xf9, 0x2, 0xef, 0xd0, 0x2f, 0x40, 0xe7,
    0x1, 0xff, 0xa2, 0xef, 0xfd, 0x2, 0xf4, 0xe,
    0x70, 0x1f, 0xfa, 0xef, 0xff, 0xd0, 0x2f, 0x40,
    0xe7, 0x1, 0xff, 0xaf, 0xff, 0xfd, 0x24, 0xf6,
    0x2e, 0x82, 0x3f, 0xfa, 0xff, 0xff, 0xff, 0xff,
    0xff, 0xff, 0xff, 0xff, 0xaf, 0xff, 0xff, 0xff,
    0xff, 0xff, 0xff, 0xff, 0xfa, 0xff, 0xff, 0xff,
    0xff, 0xff, 0xff, 0xff, 0xff, 0xaf, 0xff, 0xff,
    0xff, 0xff, 0xff, 0xff, 0xff, 0xfa, 0xff, 0xff,
    0xff, 0xff, 0xff, 0xff, 0xff, 0xff, 0xaf, 0xff,
    0xff, 0xff, 0xff, 0xff, 0xff, 0xff, 0xfa, 0xff,
    0xff, 0xff, 0xff, 0xff, 0xff, 0xff, 0xff, 0xaf,
    0xff, 0xff, 0xff, 0xff, 0xff, 0xff, 0xff, 0xfa,
    0xff, 0xff, 0xff, 0xff, 0xff, 0xff, 0xff, 0xff,
    0xaf, 0xff, 0xff, 0xff, 0xff, 0xff, 0xff, 0xff,
    0xfa, 0xff, 0xff, 0xff, 0xff, 0xff, 0xff, 0xff,
    0xff, 0xaf, 0xff, 0xff, 0xff, 0xff, 0xff, 0xff,
    0xff, 0xfa, 0xff, 0xff, 0xff, 0xff, 0xff, 0xff,
    0xff, 0xff, 0x99, 0xff, 0xff, 0xff, 0xff, 0xff,
    0xff, 0xff, 0xf4, 0x9, 0xef, 0xff, 0xff, 0xff,
    0xff, 0xff, 0xd5, 0x0,

    /* U+F8A2 "" */
    0x0, 0x0, 0x0, 0x0, 0x0, 0x0, 0x0, 0x0,
    0x0, 0x0, 0x1c, 0x0, 0x0, 0x0, 0x0, 0x0,
    0x0, 0x0, 0x0, 0x0, 0x0, 0x1e, 0xf1, 0x0,
    0x0, 0x0, 0x0, 0x0, 0x0, 0x0, 0x0, 0x0,
    0x1e, 0xff, 0x10, 0x0, 0x3, 0xed, 0x0, 0x0,
    0x0, 0x0, 0x0, 0x5, 0xff, 0xf1, 0x0, 0x4,
    0xff, 0xf0, 0x0, 0x0, 0x0, 0x0, 0x0, 0x5f,
    0xff, 0x10, 0x5, 0xff, 0xff, 0x0, 0x0, 0x0,
    0x0, 0x0, 0x5, 0xff, 0xf1, 0x6, 0xff, 0xff,
    0xf6, 0x66, 0x66, 0x66, 0x66, 0x66, 0x9f, 0xff,
    0x17, 0xff, 0xff, 0xff, 0xff, 0xff, 0xff, 0xff,
    0xff, 0xff, 0xff, 0xf1, 0xdf, 0xff, 0xff, 0xff,
    0xff, 0xff, 0xff, 0xff, 0xff, 0xff, 0xff, 0x13,
    0xef, 0xff, 0xff, 0xff, 0xff, 0xff, 0xff, 0xff,
    0xff, 0xff, 0xd0, 0x2, 0xef, 0xff, 0xf1, 0x11,
    0x11, 0x11, 0x11, 0x11, 0x11, 0x10, 0x0, 0x2,
    0xdf, 0xff, 0x0, 0x0, 0x0, 0x0, 0x0, 0x0,
    0x0, 0x0, 0x0, 0x1, 0xdf, 0xf0, 0x0, 0x0,
    0x0, 0x0, 0x0, 0x0, 0x0, 0x0, 0x0, 0x1,
    0xb8, 0x0, 0x0, 0x0, 0x0, 0x0, 0x0, 0x0,
    0x0
};


/*---------------------
 *  GLYPH DESCRIPTION
 *--------------------*/

static const lv_font_fmt_txt_glyph_dsc_t glyph_dsc[] = {
    {.bitmap_index = 0, .adv_w = 0, .box_w = 0, .box_h = 0, .ofs_x = 0, .ofs_y = 0} /* id = 0 reserved */,
    {.bitmap_index = 0, .adv_w = 70, .box_w = 0, .box_h = 0, .ofs_x = 0, .ofs_y = 0},
    {.bitmap_index = 0, .adv_w = 115, .box_w = 3, .box_h = 16, .ofs_x = 2, .ofs_y = 0},
    {.bitmap_index = 24, .adv_w = 105, .box_w = 7, .box_h = 5, .ofs_x = 0, .ofs_y = 11},
    {.bitmap_index = 42, .adv_w = 235, .box_w = 13, .box_h = 15, .ofs_x = 1, .ofs_y = 0},
    {.bitmap_index = 140, .adv_w = 198, .box_w = 11, .box_h = 21, .ofs_x = 1, .ofs_y = -2},
    {.bitmap_index = 256, .adv_w = 295, .box_w = 16, .box_h = 16, .ofs_x = 1, .ofs_y = 0},
    {.bitmap_index = 384, .adv_w = 238, .box_w = 13, .box_h = 16, .ofs_x = 1, .ofs_y = 0},
    {.bitmap_index = 488, .adv_w = 51, .box_w = 3, .box_h = 5, .ofs_x = 0, .ofs_y = 11},
    {.bitmap_index = 496, .adv_w = 102, .box_w = 6, .box_h = 21, .ofs_x = -1, .ofs_y = -2},
    {.bitmap_index = 559, .adv_w = 102, .box_w = 6, .box_h = 21, .ofs_x = 1, .ofs_y = -2},
    {.bitmap_index = 622, .adv_w = 140, .box_w = 9, .box_h = 9, .ofs_x = 0, .ofs_y = 9},
    {.bitmap_index = 663, .adv_w = 174, .box_w = 11, .box_h = 10, .ofs_x = 0, .ofs_y = 2},
    {.bitmap_index = 718, .adv_w = 93, .box_w = 4, .box_h = 6, .ofs_x = 1, .ofs_y = -2},
    {.bitmap_index = 730, .adv_w = 141, .box_w = 9, .box_h = 2, .ofs_x = 0, .ofs_y = 6},
    {.bitmap_index = 739, .adv_w = 97, .box_w = 4, .box_h = 3, .ofs_x = 1, .ofs_y = 0},
    {.bitmap_index = 745, .adv_w = 150, .box_w = 8, .box_h = 16, .ofs_x = 0, .ofs_y = 0},
    {.bitmap_index = 809, .adv_w = 199, .box_w = 11, .box_h = 16, .ofs_x = 1, .ofs_y = 0},
    {.bitmap_index = 897, .adv_w = 124, .box_w = 5, .box_h = 16, .ofs_x = 1, .ofs_y = 0},
    {.bitmap_index = 937, .adv_w = 191, .box_w = 10, .box_h = 16, .ofs_x = 1, .ofs_y = 0},
    {.bitmap_index = 1017, .adv_w = 184, .box_w = 11, .box_h = 16, .ofs_x = 0, .ofs_y = 0},
    {.bitmap_index = 1105, .adv_w = 201, .box_w = 12, .box_h = 16, .ofs_x = 0, .ofs_y = 0},
    {.bitmap_index = 1201, .adv_w = 184, .box_w = 10, .box_h = 16, .ofs_x = 1, .ofs_y = 0},
    {.bitmap_index = 1281, .adv_w = 184, .box_w = 10, .box_h = 16, .ofs_x = 1, .ofs_y = 0},
    {.bitmap_index = 1361, .adv_w = 169, .box_w = 11, .box_h = 16, .ofs_x = 0, .ofs_y = 0},
    {.bitmap_index = 1449, .adv_w = 186, .box_w = 10, .box_h = 16, .ofs_x = 1, .ofs_y = 0},
    {.bitmap_index = 1529, .adv_w = 185, .box_w = 10, .box_h = 16, .ofs_x = 1, .ofs_y = 0},
    {.bitmap_index = 1609, .adv_w = 122, .box_w = 4, .box_h = 11, .ofs_x = 2, .ofs_y = 0},
    {.bitmap_index = 1631, .adv_w = 110, .box_w = 5, .box_h = 13, .ofs_x = 1, .ofs_y = -2},
    {.bitmap_index = 1664, .adv_w = 174, .box_w = 11, .box_h = 12, .ofs_x = 0, .ofs_y = 0},
    {.bitmap_index = 1730, .adv_w = 174, .box_w = 11, .box_h = 7, .ofs_x = 0, .ofs_y = 4},
    {.bitmap_index = 1769, .adv_w = 174, .box_w = 11, .box_h = 12, .ofs_x = 0, .ofs_y = 0},
    {.bitmap_index = 1835, .adv_w = 170, .box_w = 10, .box_h = 16, .ofs_x = 0, .ofs_y = 0},
    {.bitmap_index = 1915, .adv_w = 290, .box_w = 16, .box_h = 18, .ofs_x = 1, .ofs_y = -3},
    {.bitmap_index = 2059, .adv_w = 222, .box_w = 14, .box_h = 16, .ofs_x = 0, .ofs_y = 0},
    {.bitmap_index = 2171, .adv_w = 220, .box_w = 12, .box_h = 16, .ofs_x = 1, .ofs_y = 0},
    {.bitmap_index = 2267, .adv_w = 214, .box_w = 12, .box_h = 16, .ofs_x = 1, .ofs_y = 0},
    {.bitmap_index = 2363, .adv_w = 218, .box_w = 12, .box_h = 16, .ofs_x = 1, .ofs_y = 0},
    {.bitmap_index = 2459, .adv_w = 210, .box_w = 12, .box_h = 16, .ofs_x = 1, .ofs_y = 0},
    {.bitmap_index = 2555, .adv_w = 199, .box_w = 12, .box_h = 16, .ofs_x = 1, .ofs_y = 0},
    {.bitmap_index = 2651, .adv_w = 216, .box_w = 12, .box_h = 16, .ofs_x = 1, .ofs_y = 0},
    {.bitmap_index = 2747, .adv_w = 227, .box_w = 12, .box_h = 16, .ofs_x = 1, .ofs_y = 0},
    {.bitmap_index = 2843, .adv_w = 92, .box_w = 3, .box_h = 16, .ofs_x = 1, .ofs_y = 0},
    {.bitmap_index = 2867, .adv_w = 204, .box_w = 11, .box_h = 16, .ofs_x = 0, .ofs_y = 0},
    {.bitmap_index = 2955, .adv_w = 217, .box_w = 13, .box_h = 16, .ofs_x = 1, .ofs_y = 0},
    {.bitmap_index = 3059, .adv_w = 201, .box_w = 11, .box_h = 16, .ofs_x = 1, .ofs_y = 0},
    {.bitmap_index = 3147, .adv_w = 252, .box_w = 13, .box_h = 16, .ofs_x = 1, .ofs_y = 0},
    {.bitmap_index = 3251, .adv_w = 237, .box_w = 12, .box_h = 16, .ofs_x = 1, .ofs_y = 0},
    {.bitmap_index = 3347, .adv_w = 219, .box_w = 12, .box_h = 16, .ofs_x = 1, .ofs_y = 0},
    {.bitmap_index = 3443, .adv_w = 209, .box_w = 12, .box_h = 16, .ofs_x = 1, .ofs_y = 0},
    {.bitmap_index = 3539, .adv_w = 205, .box_w = 11, .box_h = 19, .ofs_x = 1, .ofs_y = -3},
    {.bitmap_index = 3644, .adv_w = 216, .box_w = 12, .box_h = 16, .ofs_x = 1, .ofs_y = 0},
    {.bitmap_index = 3740, .adv_w = 207, .box_w = 11, .box_h = 16, .ofs_x = 1, .ofs_y = 0},
    {.bitmap_index = 3828, .adv_w = 202, .box_w = 12, .box_h = 16, .ofs_x = 0, .ofs_y = 0},
    {.bitmap_index = 3924, .adv_w = 226, .box_w = 12, .box_h = 16, .ofs_x = 1, .ofs_y = 0},
    {.bitmap_index = 4020, .adv_w = 212, .box_w = 13, .box_h = 16, .ofs_x = 0, .ofs_y = 0},
    {.bitmap_index = 4124, .adv_w = 309, .box_w = 19, .box_h = 16, .ofs_x = 0, .ofs_y = 0},
    {.bitmap_index = 4276, .adv_w = 213, .box_w = 13, .box_h = 16, .ofs_x = 0, .ofs_y = 0},
    {.bitmap_index = 4380, .adv_w = 206, .box_w = 13, .box_h = 16, .ofs_x = 0, .ofs_y = 0},
    {.bitmap_index = 4484, .adv_w = 194, .box_w = 12, .box_h = 16, .ofs_x = 0, .ofs_y = 0},
    {.bitmap_index = 4580, .adv_w = 138, .box_w = 6, .box_h = 21, .ofs_x = 0, .ofs_y = -3},
    {.bitmap_index = 4643, .adv_w = 150, .box_w = 8, .box_h = 16, .ofs_x = 1, .ofs_y = 0},
    {.bitmap_index = 4707, .adv_w = 138, .box_w = 6, .box_h = 21, .ofs_x = 2, .ofs_y = -3},
    {.bitmap_index = 4770, .adv_w = 161, .box_w = 10, .box_h = 9, .ofs_x = 0, .ofs_y = 7},
    {.bitmap_index = 4815, .adv_w = 175, .box_w = 11, .box_h = 2, .ofs_x = 0, .ofs_y = 0},
    {.bitmap_index = 4826, .adv_w = 74, .box_w = 4, .box_h = 3, .ofs_x = 0, .ofs_y = 13},
    {.bitmap_index = 4832, .adv_w = 182, .box_w = 11, .box_h = 12, .ofs_x = 0, .ofs_y = 0},
    {.bitmap_index = 4898, .adv_w = 195, .box_w = 10, .box_h = 16, .ofs_x = 1, .ofs_y = 0},
    {.bitmap_index = 4978, .adv_w = 185, .box_w = 10, .box_h = 12, .ofs_x = 1, .ofs_y = 0},
    {.bitmap_index = 5038, .adv_w = 195, .box_w = 10, .box_h = 16, .ofs_x = 1, .ofs_y = 0},
    {.bitmap_index = 5118, .adv_w = 189, .box_w = 10, .box_h = 12, .ofs_x = 1, .ofs_y = 0},
    {.bitmap_index = 5178, .adv_w = 129, .box_w = 8, .box_h = 16, .ofs_x = 0, .ofs_y = 0},
    {.bitmap_index = 5242, .adv_w = 191, .box_w = 10, .box_h = 16, .ofs_x = 1, .ofs_y = -4},
    {.bitmap_index = 5322, .adv_w = 191, .box_w = 10, .box_h = 16, .ofs_x = 1, .ofs_y = 0},
    {.bitmap_index = 5402, .adv_w = 90, .box_w = 4, .box_h = 16, .ofs_x = 1, .ofs_y = 0},
    {.bitmap_index = 5434, .adv_w = 87, .box_w = 6, .box_h = 20, .ofs_x = -1, .ofs_y = -4},
    {.bitmap_index = 5494, .adv_w = 180, .box_w = 10, .box_h = 16, .ofs_x = 1, .ofs_y = 0},
    {.bitmap_index = 5574, .adv_w = 83, .box_w = 3, .box_h = 16, .ofs_x = 1, .ofs_y = 0},
    {.bitmap_index = 5598, .adv_w = 291, .box_w = 16, .box_h = 12, .ofs_x = 1, .ofs_y = 0},
    {.bitmap_index = 5694, .adv_w = 191, .box_w = 10, .box_h = 12, .ofs_x = 1, .ofs_y = 0},
    {.bitmap_index = 5754, .adv_w = 195, .box_w = 10, .box_h = 12, .ofs_x = 1, .ofs_y = 0},
    {.bitmap_index = 5814, .adv_w = 196, .box_w = 11, .box_h = 16, .ofs_x = 1, .ofs_y = -4},
    {.bitmap_index = 5902, .adv_w = 196, .box_w = 10, .box_h = 16, .ofs_x = 1, .ofs_y = -4},
    {.bitmap_index = 5982, .adv_w = 131, .box_w = 7, .box_h = 12, .ofs_x = 1, .ofs_y = 0},
    {.bitmap_index = 6024, .adv_w = 171, .box_w = 9, .box_h = 12, .ofs_x = 1, .ofs_y = 0},
    {.bitmap_index = 6078, .adv_w = 130, .box_w = 8, .box_h = 15, .ofs_x = 0, .ofs_y = 0},
    {.bitmap_index = 6138, .adv_w = 189, .box_w = 10, .box_h = 12, .ofs_x = 1, .ofs_y = 0},
    {.bitmap_index = 6198, .adv_w = 173, .box_w = 11, .box_h = 12, .ofs_x = 0, .ofs_y = 0},
    {.bitmap_index = 6264, .adv_w = 262, .box_w = 16, .box_h = 12, .ofs_x = 0, .ofs_y = 0},
    {.bitmap_index = 6360, .adv_w = 176, .box_w = 11, .box_h = 12, .ofs_x = 0, .ofs_y = 0},
    {.bitmap_index = 6426, .adv_w = 168, .box_w = 11, .box_h = 16, .ofs_x = 0, .ofs_y = -4},
    {.bitmap_index = 6514, .adv_w = 159, .box_w = 10, .box_h = 12, .ofs_x = 0, .ofs_y = 0},
    {.bitmap_index = 6574, .adv_w = 116, .box_w = 7, .box_h = 21, .ofs_x = 0, .ofs_y = -3},
    {.bitmap_index = 6648, .adv_w = 63, .box_w = 4, .box_h = 20, .ofs_x = 0, .ofs_y = -2},
    {.bitmap_index = 6688, .adv_w = 116, .box_w = 7, .box_h = 21, .ofs_x = 0, .ofs_y = -3},
    {.bitmap_index = 6762, .adv_w = 181, .box_w = 11, .box_h = 5, .ofs_x = 0, .ofs_y = 4},
    {.bitmap_index = 6790, .adv_w = 70, .box_w = 0, .box_h = 0, .ofs_x = 0, .ofs_y = 0},
    {.bitmap_index = 6790, .adv_w = 115, .box_w = 3, .box_h = 16, .ofs_x = 2, .ofs_y = 0},
    {.bitmap_index = 6814, .adv_w = 185, .box_w = 10, .box_h = 16, .ofs_x = 1, .ofs_y = 0},
    {.bitmap_index = 6894, .adv_w = 214, .box_w = 12, .box_h = 16, .ofs_x = 1, .ofs_y = 0},
    {.bitmap_index = 6990, .adv_w = 190, .box_w = 12, .box_h = 12, .ofs_x = 0, .ofs_y = 1},
    {.bitmap_index = 7062, .adv_w = 242, .box_w = 13, .box_h = 16, .ofs_x = 1, .ofs_y = 0},
    {.bitmap_index = 7166, .adv_w = 63, .box_w = 4, .box_h = 20, .ofs_x = 0, .ofs_y = -2},
    {.bitmap_index = 7206, .adv_w = 165, .box_w = 9, .box_h = 20, .ofs_x = 1, .ofs_y = -4},
    {.bitmap_index = 7296, .adv_w = 127, .box_w = 8, .box_h = 3, .ofs_x = 0, .ofs_y = 14},
    {.bitmap_index = 7308, .adv_w = 299, .box_w = 17, .box_h = 17, .ofs_x = 1, .ofs_y = 0},
    {.bitmap_index = 7453, .adv_w = 115, .box_w = 7, .box_h = 11, .ofs_x = 0, .ofs_y = 5},
    {.bitmap_index = 7492, .adv_w = 186, .box_w = 9, .box_h = 9, .ofs_x = 1, .ofs_y = 2},
    {.bitmap_index = 7533, .adv_w = 174, .box_w = 11, .box_h = 5, .ofs_x = 0, .ofs_y = 3},
    {.bitmap_index = 7561, .adv_w = 141, .box_w = 9, .box_h = 2, .ofs_x = 0, .ofs_y = 6},
    {.bitmap_index = 7570, .adv_w = 158, .box_w = 10, .box_h = 10, .ofs_x = 0, .ofs_y = 6},
    {.bitmap_index = 7620, .adv_w = 98, .box_w = 7, .box_h = 2, .ofs_x = 0, .ofs_y = 14},
    {.bitmap_index = 7627, .adv_w = 133, .box_w = 8, .box_h = 8, .ofs_x = 0, .ofs_y = 11},
    {.bitmap_index = 7659, .adv_w = 174, .box_w = 11, .box_h = 14, .ofs_x = 0, .ofs_y = 0},
    {.bitmap_index = 7736, .adv_w = 117, .box_w = 7, .box_h = 9, .ofs_x = 0, .ofs_y = 10},
    {.bitmap_index = 7768, .adv_w = 114, .box_w = 7, .box_h = 9, .ofs_x = 0, .ofs_y = 10},
    {.bitmap_index = 7800, .adv_w = 74, .box_w = 4, .box_h = 3, .ofs_x = 0, .ofs_y = 13},
    {.bitmap_index = 7806, .adv_w = 193, .box_w = 10, .box_h = 16, .ofs_x = 1, .ofs_y = -4},
    {.bitmap_index = 7886, .adv_w = 209, .box_w = 12, .box_h = 20, .ofs_x = 0, .ofs_y = -4},
    {.bitmap_index = 8006, .adv_w = 77, .box_w = 3, .box_h = 3, .ofs_x = 1, .ofs_y = 5},
    {.bitmap_index = 8011, .adv_w = 53, .box_w = 4, .box_h = 6, .ofs_x = 0, .ofs_y = -5},
    {.bitmap_index = 8023, .adv_w = 66, .box_w = 4, .box_h = 9, .ofs_x = 0, .ofs_y = 10},
    {.bitmap_index = 8041, .adv_w = 126, .box_w = 8, .box_h = 11, .ofs_x = 0, .ofs_y = 5},
    {.bitmap_index = 8085, .adv_w = 186, .box_w = 10, .box_h = 9, .ofs_x = 1, .ofs_y = 2},
    {.bitmap_index = 8130, .adv_w = 286, .box_w = 17, .box_h = 16, .ofs_x = 0, .ofs_y = 0},
    {.bitmap_index = 8266, .adv_w = 281, .box_w = 17, .box_h = 17, .ofs_x = 0, .ofs_y = -1},
    {.bitmap_index = 8411, .adv_w = 319, .box_w = 20, .box_h = 17, .ofs_x = 0, .ofs_y = 0},
    {.bitmap_index = 8581, .adv_w = 170, .box_w = 10, .box_h = 16, .ofs_x = 0, .ofs_y = -4},
    {.bitmap_index = 8661, .adv_w = 222, .box_w = 14, .box_h = 21, .ofs_x = 0, .ofs_y = 0},
    {.bitmap_index = 8808, .adv_w = 222, .box_w = 14, .box_h = 21, .ofs_x = 0, .ofs_y = 0},
    {.bitmap_index = 8955, .adv_w = 222, .box_w = 14, .box_h = 21, .ofs_x = 0, .ofs_y = 0},
    {.bitmap_index = 9102, .adv_w = 222, .box_w = 14, .box_h = 21, .ofs_x = 0, .ofs_y = 0},
    {.bitmap_index = 9249, .adv_w = 222, .box_w = 14, .box_h = 21, .ofs_x = 0, .ofs_y = 0},
    {.bitmap_index = 9396, .adv_w = 222, .box_w = 14, .box_h = 24, .ofs_x = 0, .ofs_y = 0},
    {.bitmap_index = 9564, .adv_w = 329, .box_w = 20, .box_h = 16, .ofs_x = 0, .ofs_y = 0},
    {.bitmap_index = 9724, .adv_w = 214, .box_w = 12, .box_h = 20, .ofs_x = 1, .ofs_y = -4},
    {.bitmap_index = 9844, .adv_w = 210, .box_w = 12, .box_h = 21, .ofs_x = 1, .ofs_y = 0},
    {.bitmap_index = 9970, .adv_w = 210, .box_w = 12, .box_h = 21, .ofs_x = 1, .ofs_y = 0},
    {.bitmap_index = 10096, .adv_w = 210, .box_w = 12, .box_h = 21, .ofs_x = 1, .ofs_y = 0},
    {.bitmap_index = 10222, .adv_w = 210, .box_w = 12, .box_h = 21, .ofs_x = 1, .ofs_y = 0},
    {.bitmap_index = 10348, .adv_w = 92, .box_w = 4, .box_h = 21, .ofs_x = 0, .ofs_y = 0},
    {.bitmap_index = 10390, .adv_w = 92, .box_w = 5, .box_h = 21, .ofs_x = 1, .ofs_y = 0},
    {.bitmap_index = 10443, .adv_w = 92, .box_w = 7, .box_h = 21, .ofs_x = -1, .ofs_y = 0},
    {.bitmap_index = 10517, .adv_w = 92, .box_w = 8, .box_h = 21, .ofs_x = -1, .ofs_y = 0},
    {.bitmap_index = 10601, .adv_w = 239, .box_w = 13, .box_h = 16, .ofs_x = 1, .ofs_y = 0},
    {.bitmap_index = 10705, .adv_w = 237, .box_w = 12, .box_h = 21, .ofs_x = 1, .ofs_y = 0},
    {.bitmap_index = 10831, .adv_w = 219, .box_w = 12, .box_h = 21, .ofs_x = 1, .ofs_y = 0},
    {.bitmap_index = 10957, .adv_w = 219, .box_w = 12, .box_h = 21, .ofs_x = 1, .ofs_y = 0},
    {.bitmap_index = 11083, .adv_w = 219, .box_w = 12, .box_h = 21, .ofs_x = 1, .ofs_y = 0},
    {.bitmap_index = 11209, .adv_w = 219, .box_w = 12, .box_h = 21, .ofs_x = 1, .ofs_y = 0},
    {.bitmap_index = 11335, .adv_w = 219, .box_w = 12, .box_h = 21, .ofs_x = 1, .ofs_y = 0},
    {.bitmap_index = 11461, .adv_w = 151, .box_w = 9, .box_h = 9, .ofs_x = 0, .ofs_y = 3},
    {.bitmap_index = 11502, .adv_w = 219, .box_w = 13, .box_h = 18, .ofs_x = 0, .ofs_y = -1},
    {.bitmap_index = 11619, .adv_w = 226, .box_w = 12, .box_h = 21, .ofs_x = 1, .ofs_y = 0},
    {.bitmap_index = 11745, .adv_w = 226, .box_w = 12, .box_h = 21, .ofs_x = 1, .ofs_y = 0},
    {.bitmap_index = 11871, .adv_w = 226, .box_w = 12, .box_h = 21, .ofs_x = 1, .ofs_y = 0},
    {.bitmap_index = 11997, .adv_w = 226, .box_w = 12, .box_h = 21, .ofs_x = 1, .ofs_y = 0},
    {.bitmap_index = 12123, .adv_w = 206, .box_w = 13, .box_h = 21, .ofs_x = 0, .ofs_y = 0},
    {.bitmap_index = 12260, .adv_w = 201, .box_w = 11, .box_h = 16, .ofs_x = 1, .ofs_y = 0},
    {.bitmap_index = 12348, .adv_w = 198, .box_w = 11, .box_h = 16, .ofs_x = 1, .ofs_y = 0},
    {.bitmap_index = 12436, .adv_w = 182, .box_w = 11, .box_h = 16, .ofs_x = 0, .ofs_y = 0},
    {.bitmap_index = 12524, .adv_w = 182, .box_w = 11, .box_h = 16, .ofs_x = 0, .ofs_y = 0},
    {.bitmap_index = 12612, .adv_w = 182, .box_w = 11, .box_h = 16, .ofs_x = 0, .ofs_y = 0},
    {.bitmap_index = 12700, .adv_w = 182, .box_w = 11, .box_h = 17, .ofs_x = 0, .ofs_y = 0},
    {.bitmap_index = 12794, .adv_w = 182, .box_w = 11, .box_h = 16, .ofs_x = 0, .ofs_y = 0},
    {.bitmap_index = 12882, .adv_w = 182, .box_w = 11, .box_h = 20, .ofs_x = 0, .ofs_y = 0},
    {.bitmap_index = 12992, .adv_w = 294, .box_w = 18, .box_h = 12, .ofs_x = 0, .ofs_y = 0},
    {.bitmap_index = 13100, .adv_w = 185, .box_w = 10, .box_h = 16, .ofs_x = 1, .ofs_y = -4},
    {.bitmap_index = 13180, .adv_w = 189, .box_w = 10, .box_h = 16, .ofs_x = 1, .ofs_y = 0},
    {.bitmap_index = 13260, .adv_w = 189, .box_w = 10, .box_h = 16, .ofs_x = 1, .ofs_y = 0},
    {.bitmap_index = 13340, .adv_w = 189, .box_w = 10, .box_h = 16, .ofs_x = 1, .ofs_y = 0},
    {.bitmap_index = 13420, .adv_w = 189, .box_w = 10, .box_h = 16, .ofs_x = 1, .ofs_y = 0},
    {.bitmap_index = 13500, .adv_w = 78, .box_w = 4, .box_h = 16, .ofs_x = 0, .ofs_y = 0},
    {.bitmap_index = 13532, .adv_w = 78, .box_w = 4, .box_h = 16, .ofs_x = 1, .ofs_y = 0},
    {.bitmap_index = 13564, .adv_w = 78, .box_w = 7, .box_h = 16, .ofs_x = -1, .ofs_y = 0},
    {.bitmap_index = 13620, .adv_w = 78, .box_w = 7, .box_h = 16, .ofs_x = -1, .ofs_y = 0},
    {.bitmap_index = 13676, .adv_w = 189, .box_w = 10, .box_h = 16, .ofs_x = 1, .ofs_y = 0},
    {.bitmap_index = 13756, .adv_w = 191, .box_w = 10, .box_h = 17, .ofs_x = 1, .ofs_y = 0},
    {.bitmap_index = 13841, .adv_w = 190, .box_w = 10, .box_h = 16, .ofs_x = 1, .ofs_y = 0},
    {.bitmap_index = 13921, .adv_w = 190, .box_w = 10, .box_h = 16, .ofs_x = 1, .ofs_y = 0},
    {.bitmap_index = 14001, .adv_w = 190, .box_w = 10, .box_h = 16, .ofs_x = 1, .ofs_y = 0},
    {.bitmap_index = 14081, .adv_w = 190, .box_w = 10, .box_h = 17, .ofs_x = 1, .ofs_y = 0},
    {.bitmap_index = 14166, .adv_w = 190, .box_w = 10, .box_h = 16, .ofs_x = 1, .ofs_y = 0},
    {.bitmap_index = 14246, .adv_w = 174, .box_w = 11, .box_h = 10, .ofs_x = 0, .ofs_y = 2},
    {.bitmap_index = 14301, .adv_w = 187, .box_w = 11, .box_h = 14, .ofs_x = 0, .ofs_y = -1},
    {.bitmap_index = 14378, .adv_w = 190, .box_w = 10, .box_h = 16, .ofs_x = 1, .ofs_y = 0},
    {.bitmap_index = 14458, .adv_w = 190, .box_w = 10, .box_h = 16, .ofs_x = 1, .ofs_y = 0},
    {.bitmap_index = 14538, .adv_w = 190, .box_w = 10, .box_h = 16, .ofs_x = 1, .ofs_y = 0},
    {.bitmap_index = 14618, .adv_w = 190, .box_w = 10, .box_h = 16, .ofs_x = 1, .ofs_y = 0},
    {.bitmap_index = 14698, .adv_w = 168, .box_w = 11, .box_h = 20, .ofs_x = 0, .ofs_y = -4},
    {.bitmap_index = 14808, .adv_w = 191, .box_w = 10, .box_h = 20, .ofs_x = 1, .ofs_y = -4},
    {.bitmap_index = 14908, .adv_w = 168, .box_w = 11, .box_h = 20, .ofs_x = 0, .ofs_y = -4},
    {.bitmap_index = 15018, .adv_w = 352, .box_w = 23, .box_h = 23, .ofs_x = -1, .ofs_y = -3},
    {.bitmap_index = 15283, .adv_w = 352, .box_w = 22, .box_h = 17, .ofs_x = 0, .ofs_y = 0},
    {.bitmap_index = 15470, .adv_w = 352, .box_w = 22, .box_h = 20, .ofs_x = 0, .ofs_y = -2},
    {.bitmap_index = 15690, .adv_w = 352, .box_w = 22, .box_h = 17, .ofs_x = 0, .ofs_y = 0},
    {.bitmap_index = 15877, .adv_w = 242, .box_w = 16, .box_h = 16, .ofs_x = 0, .ofs_y = 0},
    {.bitmap_index = 16005, .adv_w = 352, .box_w = 22, .box_h = 23, .ofs_x = 0, .ofs_y = -3},
    {.bitmap_index = 16258, .adv_w = 352, .box_w = 22, .box_h = 23, .ofs_x = 0, .ofs_y = -3},
    {.bitmap_index = 16511, .adv_w = 396, .box_w = 25, .box_h = 20, .ofs_x = 0, .ofs_y = -2},
    {.bitmap_index = 16761, .adv_w = 352, .box_w = 22, .box_h = 23, .ofs_x = 0, .ofs_y = -3},
    {.bitmap_index = 17014, .adv_w = 396, .box_w = 25, .box_h = 17, .ofs_x = 0, .ofs_y = 0},
    {.bitmap_index = 17227, .adv_w = 352, .box_w = 22, .box_h = 23, .ofs_x = 0, .ofs_y = -3},
    {.bitmap_index = 17480, .adv_w = 176, .box_w = 11, .box_h = 18, .ofs_x = 0, .ofs_y = -1},
    {.bitmap_index = 17579, .adv_w = 264, .box_w = 17, .box_h = 18, .ofs_x = 0, .ofs_y = -1},
    {.bitmap_index = 17732, .adv_w = 396, .box_w = 25, .box_h = 22, .ofs_x = 0, .ofs_y = -3},
    {.bitmap_index = 18007, .adv_w = 352, .box_w = 22, .box_h = 17, .ofs_x = 0, .ofs_y = 0},
    {.bitmap_index = 18194, .adv_w = 308, .box_w = 15, .box_h = 21, .ofs_x = 2, .ofs_y = -2},
    {.bitmap_index = 18352, .adv_w = 308, .box_w = 20, .box_h = 24, .ofs_x = 0, .ofs_y = -4},
    {.bitmap_index = 18592, .adv_w = 308, .box_w = 20, .box_h = 20, .ofs_x = 0, .ofs_y = -2},
    {.bitmap_index = 18792, .adv_w = 308, .box_w = 20, .box_h = 20, .ofs_x = 0, .ofs_y = -2},
    {.bitmap_index = 18992, .adv_w = 308, .box_w = 15, .box_h = 21, .ofs_x = 2, .ofs_y = -2},
    {.bitmap_index = 19150, .adv_w = 308, .box_w = 21, .box_h = 20, .ofs_x = -1, .ofs_y = -2},
    {.bitmap_index = 19360, .adv_w = 220, .box_w = 12, .box_h = 20, .ofs_x = 1, .ofs_y = -2},
    {.bitmap_index = 19480, .adv_w = 220, .box_w = 12, .box_h = 20, .ofs_x = 1, .ofs_y = -2},
    {.bitmap_index = 19600, .adv_w = 308, .box_w = 20, .box_h = 20, .ofs_x = 0, .ofs_y = -2},
    {.bitmap_index = 19800, .adv_w = 308, .box_w = 20, .box_h = 5, .ofs_x = 0, .ofs_y = 6},
    {.bitmap_index = 19850, .adv_w = 396, .box_w = 25, .box_h = 17, .ofs_x = 0, .ofs_y = 0},
    {.bitmap_index = 20063, .adv_w = 440, .box_w = 28, .box_h = 23, .ofs_x = 0, .ofs_y = -3},
    {.bitmap_index = 20385, .adv_w = 396, .box_w = 27, .box_h = 23, .ofs_x = -1, .ofs_y = -3},
    {.bitmap_index = 20696, .adv_w = 352, .box_w = 22, .box_h = 21, .ofs_x = 0, .ofs_y = -2},
    {.bitmap_index = 20927, .adv_w = 308, .box_w = 19, .box_h = 12, .ofs_x = 0, .ofs_y = 2},
    {.bitmap_index = 21041, .adv_w = 308, .box_w = 19, .box_h = 12, .ofs_x = 0, .ofs_y = 2},
    {.bitmap_index = 21155, .adv_w = 440, .box_w = 28, .box_h = 18, .ofs_x = 0, .ofs_y = -1},
    {.bitmap_index = 21407, .adv_w = 352, .box_w = 22, .box_h = 17, .ofs_x = 0, .ofs_y = 0},
    {.bitmap_index = 21594, .adv_w = 352, .box_w = 22, .box_h = 23, .ofs_x = 0, .ofs_y = -3},
    {.bitmap_index = 21847, .adv_w = 352, .box_w = 23, .box_h = 23, .ofs_x = -1, .ofs_y = -3},
    {.bitmap_index = 22112, .adv_w = 308, .box_w = 20, .box_h = 20, .ofs_x = 0, .ofs_y = -2},
    {.bitmap_index = 22312, .adv_w = 308, .box_w = 20, .box_h = 23, .ofs_x = 0, .ofs_y = -3},
    {.bitmap_index = 22542, .adv_w = 308, .box_w = 20, .box_h = 20, .ofs_x = 0, .ofs_y = -2},
    {.bitmap_index = 22742, .adv_w = 220, .box_w = 15, .box_h = 23, .ofs_x = -1, .ofs_y = -3},
    {.bitmap_index = 22915, .adv_w = 308, .box_w = 20, .box_h = 23, .ofs_x = 0, .ofs_y = -3},
    {.bitmap_index = 23145, .adv_w = 308, .box_w = 20, .box_h = 23, .ofs_x = 0, .ofs_y = -3},
    {.bitmap_index = 23375, .adv_w = 396, .box_w = 25, .box_h = 17, .ofs_x = 0, .ofs_y = 0},
    {.bitmap_index = 23588, .adv_w = 352, .box_w = 24, .box_h = 23, .ofs_x = -1, .ofs_y = -3},
    {.bitmap_index = 23864, .adv_w = 264, .box_w = 17, .box_h = 23, .ofs_x = 0, .ofs_y = -3},
    {.bitmap_index = 24060, .adv_w = 440, .box_w = 28, .box_h = 21, .ofs_x = 0, .ofs_y = -2},
    {.bitmap_index = 24354, .adv_w = 440, .box_w = 28, .box_h = 15, .ofs_x = 0, .ofs_y = 1},
    {.bitmap_index = 24564, .adv_w = 440, .box_w = 28, .box_h = 15, .ofs_x = 0, .ofs_y = 1},
    {.bitmap_index = 24774, .adv_w = 440, .box_w = 28, .box_h = 15, .ofs_x = 0, .ofs_y = 1},
    {.bitmap_index = 24984, .adv_w = 440, .box_w = 28, .box_h = 15, .ofs_x = 0, .ofs_y = 1},
    {.bitmap_index = 25194, .adv_w = 440, .box_w = 28, .box_h = 15, .ofs_x = 0, .ofs_y = 1},
    {.bitmap_index = 25404, .adv_w = 440, .box_w = 28, .box_h = 18, .ofs_x = 0, .ofs_y = -1},
    {.bitmap_index = 25656, .adv_w = 308, .box_w = 17, .box_h = 23, .ofs_x = 1, .ofs_y = -3},
    {.bitmap_index = 25852, .adv_w = 308, .box_w = 20, .box_h = 23, .ofs_x = 0, .ofs_y = -3},
    {.bitmap_index = 26082, .adv_w = 352, .box_w = 23, .box_h = 23, .ofs_x = -1, .ofs_y = -3},
    {.bitmap_index = 26347, .adv_w = 440, .box_w = 28, .box_h = 17, .ofs_x = 0, .ofs_y = 0},
    {.bitmap_index = 26585, .adv_w = 264, .box_w = 17, .box_h = 23, .ofs_x = 0, .ofs_y = -3},
    {.bitmap_index = 26781, .adv_w = 354, .box_w = 23, .box_h = 14, .ofs_x = 0, .ofs_y = 1}
};

/*---------------------
 *  CHARACTER MAPPING
 *--------------------*/

static const uint16_t unicode_list_2[] = {
    0x0, 0x7, 0xa, 0xb, 0xc, 0x10, 0x12, 0x14,
    0x18, 0x1b, 0x20, 0x25, 0x26, 0x27, 0x3d, 0x47,
    0x4a, 0x4b, 0x4c, 0x50, 0x51, 0x52, 0x53, 0x66,
    0x67, 0x6d, 0x6f, 0x70, 0x73, 0x76, 0x77, 0x78,
    0x7a, 0x92, 0x94, 0xc3, 0xc4, 0xc6, 0xe6, 0xe9,
    0xf2, 0x11b, 0x123, 0x15a, 0x1ea, 0x23f, 0x240, 0x241,
    0x242, 0x243, 0x286, 0x292, 0x2ec, 0x303, 0x559, 0x7c1,
    0x8a1
};

/*Collect the unicode lists and glyph_id offsets*/
static const lv_font_fmt_txt_cmap_t cmaps[] =
{
    {
        .range_start = 32, .range_length = 95, .glyph_id_start = 1,
        .unicode_list = NULL, .glyph_id_ofs_list = NULL, .list_length = 0, .type = LV_FONT_FMT_TXT_CMAP_FORMAT0_TINY
    },
    {
        .range_start = 160, .range_length = 96, .glyph_id_start = 96,
        .unicode_list = NULL, .glyph_id_ofs_list = NULL, .list_length = 0, .type = LV_FONT_FMT_TXT_CMAP_FORMAT0_TINY
    },
    {
        .range_start = 61441, .range_length = 2210, .glyph_id_start = 192,
        .unicode_list = unicode_list_2, .glyph_id_ofs_list = NULL, .list_length = 57, .type = LV_FONT_FMT_TXT_CMAP_SPARSE_TINY
    }
};

/*-----------------
 *    KERNING
 *----------------*/


/*Map glyph_ids to kern left classes*/
static const uint8_t kern_left_class_mapping[] =
{
    0, 0, 0, 1, 0, 0, 0, 0,
    1, 0, 0, 0, 0, 2, 3, 2,
    4, 5, 6, 7, 8, 9, 5, 10,
    11, 5, 12, 0, 0, 0, 0, 0,
    0, 0, 13, 14, 15, 14, 16, 17,
    15, 18, 19, 20, 21, 22, 0, 23,
    15, 24, 25, 26, 27, 28, 20, 29,
    29, 30, 31, 0, 0, 0, 0, 0,
    0, 0, 32, 33, 34, 0, 35, 36,
    37, 33, 38, 0, 39, 40, 33, 33,
    3, 33, 37, 41, 42, 43, 0, 44,
    44, 45, 44, 0, 0, 0, 0, 0,
    0, 0, 0, 0, 0, 0, 0, 0,
    0, 0, 0, 0, 0, 0, 0, 0,
    0, 0, 0, 0, 0, 0, 0, 0,
    0, 0, 0, 0, 0, 0, 0, 46,
    13, 13, 13, 13, 13, 13, 0, 15,
    0, 0, 0, 0, 0, 0, 0, 0,
    14, 23, 15, 15, 15, 15, 15, 0,
    0, 20, 20, 20, 20, 0, 14, 14,
    33, 33, 33, 33, 33, 33, 35, 34,
    35, 35, 35, 35, 0, 0, 0, 0,
    32, 0, 3, 3, 3, 3, 3, 0,
    3, 0, 0, 0, 0, 44, 33, 44,
    0, 0, 0, 0, 0, 0, 0, 0,
    0, 0, 0, 0, 0, 0, 0, 0,
    0, 0, 0, 0, 0, 0, 0, 0,
    0, 0, 0, 0, 0, 0, 0, 0,
    0, 0, 0, 0, 0, 0, 0, 0,
    0, 0, 0, 0, 0, 0, 0, 0,
    0, 0, 0, 0, 0, 0, 0, 0,
    0
};

/*Map glyph_ids to kern right classes*/
static const uint8_t kern_right_class_mapping[] =
{
    0, 0, 0, 1, 0, 0, 0, 0,
    1, 0, 0, 0, 0, 2, 3, 2,
    4, 5, 6, 0, 7, 8, 0, 0,
    9, 0, 0, 10, 10, 0, 0, 0,
    11, 0, 12, 13, 14, 13, 13, 13,
    14, 15, 0, 16, 17, 0, 0, 13,
    14, 13, 14, 0, 18, 19, 20, 21,
    21, 22, 23, 24, 0, 0, 0, 0,
    0, 0, 25, 26, 3, 3, 3, 27,
    28, 26, 29, 30, 26, 31, 32, 32,
    3, 32, 28, 32, 33, 27, 34, 35,
    35, 36, 35, 37, 0, 0, 0, 0,
    0, 0, 0, 0, 0, 0, 0, 0,
    0, 0, 0, 0, 0, 0, 0, 0,
    0, 0, 0, 0, 0, 0, 0, 0,
    0, 0, 0, 0, 0, 0, 0, 0,
    12, 12, 12, 12, 12, 12, 12, 14,
    13, 13, 13, 13, 0, 0, 0, 0,
    0, 13, 14, 14, 14, 14, 14, 0,
    0, 0, 0, 0, 0, 23, 0, 13,
    25, 25, 25, 25, 25, 25, 25, 3,
    3, 3, 3, 3, 0, 0, 0, 0,
    3, 0, 3, 3, 3, 3, 3, 0,
    3, 34, 34, 34, 34, 35, 32, 35,
    0, 0, 0, 0, 0, 0, 0, 0,
    0, 0, 0, 0, 0, 0, 0, 0,
    0, 0, 0, 0, 0, 0, 0, 0,
    0, 0, 0, 0, 0, 0, 0, 0,
    0, 0, 0, 0, 0, 0, 0, 0,
    0, 0, 0, 0, 0, 0, 0, 0,
    0, 0, 0, 0, 0, 0, 0, 0,
    0
};

/*Kern values between classes*/
static const int8_t kern_class_values[] =
{
    0, 0, 0, 0, 0, 0, 0, -5,
    0, 0, 0, 0, 0, 0, 0, 0,
    0, 0, 0, 0, 0, 0, 0, 0,
    0, 0, 0, 0, 0, 0, 0, 0,
    0, 0, 0, 0, 0, 0, 0, 0,
    0, -11, 0, 0, 0, 0, 0, 0,
    0, 0, 0, 0, 0, 0, 0, 0,
    0, 0, 0, 0, 0, 0, 0, 0,
    0, 0, 0, 0, 0, 0, 0, 0,
    0, 0, -6, -4, 0, -1, 0, 0,
    0, 0, -17, 0, 0, 0, 0, 0,
    0, 0, 0, 0, -15, 0, 0, 0,
    0, 0, 0, 0, -3, 0, 0, 0,
    0, 0, 0, 0, -8, -6, 0, 0,
    0, -24, 0, 0, 0, 0, 0, 0,
    0, 0, -30, 0, -5, 0, -4, 0,
    0, 0, 0, 0, 0, 3, 0, -29,
    0, -5, -24, 0, 0, 0, -6, -11,
    0, -10, 0, 0, 0, 0, 0, 0,
    0, -8, 0, 0, 0, 0, 0, 0,
    0, 0, 0, 0, 0, 0, 0, 0,
    0, 0, 0, 0, 0, 0, 0, 0,
    0, 0, 0, 0, 0, 0, 0, 0,
    0, 0, 0, 0, 0, 0, 1, 0,
    0, 0, 0, 0, 0, 0, 0, 0,
    0, 0, 0, 0, 0, 0, 0, 0,
    0, 0, 0, 0, 0, 0, 0, 0,
    0, 0, 0, 0, 0, 0, 0, 0,
    0, 0, 0, -4, -3, 0, 0, 0,
    0, 0, 0, 0, 0, 0, 0, 0,
    0, 0, 0, 0, 0, 0, 0, 0,
    0, 0, 0, 0, 0, 0, 0, 0,
    0, 0, 0, 0, 0, 0, 0, 0,
    -2, 0, 0, 0, 0, 0, 0, 0,
    0, 0, 0, 0, 0, 0, 0, 0,
    0, 0, 0, 0, 0, 0, 0, 0,
    0, 0, 0, 0, 0, 0, 0, 0,
    -8, 0, 0, 0, 0, -33, 0, 0,
    -16, 0, 0, 0, 0, 0, 0, 0,
    0, 0, 0, 0, 0, 0, 0, 0,
    0, 0, 0, 0, 0, 0, 0, 0,
    0, 0, 0, 0, 0, 0, 0, 0,
    0, 0, -5, 0, 0, 0, 0, 0,
    0, 0, 0, 0, 0, 0, 0, 0,
    0, 0, 0, 0, 0, 0, 0, 0,
    0, 0, 0, 0, 0, 0, 0, 0,
    0, 0, 0, -18, 0, -26, 0, 1,
    0, 0, 0, 0, 0, 0, 0, 0,
    0, 0, 0, 0, 0, 0, 0, 0,
    0, 0, 0, 0, 0, 0, 0, 0,
    0, 0, 0, 0, 0, 0, 0, 0,
    0, 0, 0, 0, -7, 0, 0, 0,
    0, 0, 0, 0, 0, 0, 0, 0,
    0, 0, 0, 0, 0, 0, 0, 0,
    0, 0, 0, 0, 0, 0, 0, 0,
    0, 0, 0, 0, -29, 0, -5, 6,
    0, 0, 0, 0, 0, 0, 0, 0,
    0, -5, 0, 4, 0, -14, -25, -3,
    -13, 0, -27, 6, 0, 0, -6, -7,
    0, 0, 0, 0, 0, 0, -13, 0,
    0, 0, -4, 0, 0, 0, 0, 0,
    0, 0, 0, 0, -10, 0, -1, 0,
    0, 0, 0, -4, 0, -8, -6, -9,
    0, -2, 0, -4, -6, 0, 0, 0,
    0, -6, -4, -2, 0, 0, 0, -2,
    0, 0, 0, 0, 0, 0, 0, 0,
    0, -2, 0, 0, 0, 6, 0, 0,
    -3, 0, -3, 0, -6, 0, -2, 0,
    0, -4, 0, 0, 0, 0, 0, 0,
    0, 0, 0, 0, 0, 0, 0, 0,
    0, 0, 0, 0, 0, 0, 0, 0,
    0, 0, 0, 0, 0, 0, 0, 4,
    0, 0, 0, 0, 0, 0, 0, 0,
    0, 0, 0, 0, 0, 0, 0, 0,
    0, -27, -17, -13, 0, 0, 0, 0,
    0, -3, 0, -21, 0, -1, 0, -17,
    0, 0, 0, 0, 0, 0, 0, 0,
    -13, 0, 0, -10, 0, 0, 0, -6,
    -13, -8, -15, -12, -6, 0, 0, 0,
    0, 0, 0, 0, 0, 0, 0, 0,
    2, 0, 0, 0, 0, 0, 0, 0,
    0, 0, 0, 0, 0, 0, 0, 0,
    0, 0, 0, 0, 0, 0, 0, 0,
    0, 0, 0, 0, 0, 0, 0, 0,
    0, 0, 0, 0, 0, 0, 0, 0,
    -2, 0, 0, 0, 0, 0, 0, 0,
    0, 0, 0, 0, 0, 0, 0, 0,
    0, 0, 0, 0, 0, 0, 0, 0,
    -4, 0, -8, 0, 0, 0, 0, 0,
    0, 0, -4, 0, -4, 0, 0, 0,
    0, 0, 0, 0, 0, 0, 0, 0,
    0, 0, 0, 0, 0, 0, 0, 0,
    0, 0, 0, 0, 0, 0, -8, 0,
    0, 0, 0, 0, 0, 0, 0, 8,
    0, -6, 0, -5, 0, -5, 0, 0,
    0, 4, 0, 0, 0, 0, 0, -6,
    0, 0, 0, 0, -3, 0, -11, 0,
    0, -22, 0, 0, 0, 0, 0, 0,
    0, 0, 0, 0, 12, 0, -2, 0,
    0, 0, 0, -31, 0, -12, 0, -11,
    0, 0, 0, -5, 0, 0, 0, 0,
    0, 0, 0, -6, 0, 3, 0, 0,
    0, 0, 0, 0, 0, 0, 0, 0,
    0, 0, -4, 0, 0, 0, 0, 0,
    0, 0, 0, 0, 0, 0, 0, 0,
    0, 0, 0, 0, 0, 0, 0, 0,
    0, 0, 0, 0, -10, -8, 0, 0,
    0, 0, 0, 0, 0, 0, -12, 0,
    0, 0, -6, 0, 0, 0, 0, -4,
    -8, -8, 0, -1, 0, 0, -5, 0,
    0, 0, 0, -4, 0, 0, 0, 0,
    0, -2, 0, 0, 0, 0, 0, 0,
    0, 0, 0, -6, 0, 0, 0, 6,
    0, 0, -3, 0, -8, -8, -15, 0,
    -2, 0, 0, -4, 0, 0, 0, 0,
    0, 0, 0, 0, 0, 0, 0, -1,
    0, 0, 0, 0, 0, 0, 0, 0,
    10, 0, 0, 0, 0, 0, 0, 0,
    0, -5, 4, -6, 0, 0, 0, 0,
    0, 0, 0, 0, 0, 0, 0, 0,
    0, 0, 0, -4, 0, 0, 0, 0,
    0, 0, 0, 0, 0, 0, 0, 0,
    0, 2, 0, 0, -6, 0, -5, -10,
    -6, 0, -1, 0, 0, 0, 0, 0,
    0, 0, 0, 0, 0, 0, 0, 0,
    -16, -26, 0, 0, 0, 0, 0, 0,
    0, 0, -21, 0, -14, 0, -11, 0,
    -1, 0, 0, 0, 0, 0, 0, -8,
    0, -2, -21, -4, 0, 0, -19, -19,
    -15, -15, -17, 0, 0, -21, -19, -14,
    0, 0, 0, 0, 0, -17, 0, -34,
    -4, -9, 0, -11, -8, -5, 0, 0,
    0, 0, 0, 0, -18, 0, 0, -17,
    0, 0, 0, -4, -11, -4, -5, 0,
    0, 0, 0, -9, 0, 0, 0, 0,
    0, 0, -1, 0, 0, -2, -6, 0,
    -3, 0, -8, 0, 0, 0, 0, 0,
    0, -5, 0, 0, -9, 0, 0, 0,
    0, -1, 0, -8, 0, 0, 0, -31,
    -24, -14, 0, 0, 0, 0, 0, -20,
    0, -34, -4, -10, 0, -15, 0, -6,
    0, 0, 0, 0, 0, 0, -18, 0,
    -12, -27, 0, 0, 0, -17, -12, -12,
    -12, -12, -6, -9, 0, 0, 0, 0,
    0, 0, 0, 0, 0, 0, 0, 0,
    0, 0, 0, 0, 0, -8, 0, 0,
    0, -10, 0, 0, 0, -2, 0, 0,
    0, 0, 0, 0, 0, -3, 0, 0,
    -12, -6, -2, -1, 0, 0, 0, 0,
    0, 0, 0, 0, 0, 0, 0, 0,
    0, 0, 0, 0, 0, 0, 0, 0,
    0, 0, 0, 0, 0, 0, 0, 0,
    0, 0, -5, 0, 0, -6, -9, -1,
    0, 0, 0, 0, 0, 0, 0, 0,
    0, 0, 0, 0, 0, 0, 0, 0,
    0, 0, 0, 0, 0, 0, 0, 0,
    0, 0, 0, 0, 0, 0, 0, -3,
    -5, 1, -10, -7, 0, 0, 0, 0,
    0, 0, 0, 0, -2, 0, 0, 0,
    0, 0, 0, 0, 0, 0, 0, 0,
    0, 0, -2, 0, -3, 0, 0, 0,
    0, 0, -3, 0, -6, -6, 0, 4,
    -17, -14, -3, 0, 0, 0, 0, 0,
    0, 6, 0, 0, 0, 0, 0, 0,
    0, 0, 0, 0, 0, 0, 0, -5,
    0, 0, -12, 0, 0, 0, 0, -6,
    0, 0, 0, 0, -4, 0, 0, 0,
    0, 0, 0, 0, 0, 0, 0, 0,
    0, 0, 0, 0, 0, 0, 0, 0,
    0, 0, 0, 0, 0, 0, 0, 0,
    0, 2, 0, 0, -2, 0, 0, 0,
    0, 0, 0, 0, 0, 0, 0, 0,
    0, 0, 0, 0, 0, 0, 0, 0,
    0, 0, 0, 0, 0, 0, 0, 0,
    0, 0, 0, 0, 0, 0, -3, 0,
    0, 0, 0, 0, 0, 0, 0, 0,
    -10, 0, 0, 0, 0, 0, 0, 0,
    0, 0, 0, 0, 0, 0, 0, 0,
    0, 0, 0, 0, 0, 0, -5, 0,
    0, -7, 0, 0, 0, 0, -2, 0,
    0, 0, 0, 0, 0, 0, 0, 0,
    0, 0, 0, 0, 0, 0, 0, 0,
    0, 0, 0, 0, 0, 0, 0, 0,
    0, 0, 0, 0, 0, 0, 0, 0,
    0, 0, 0, 0, 0, 0, 0, 0,
    10, -13, -3, 0, 0, 0, 0, 0,
    0, 0, 6, 0, 0, 0, 0, 0,
    0, 0, 0, 0, 0, 0, 0, 0,
    -1, 0, 4, -6, 0, 0, 0, 0,
    -2, 0, 8, 0, 1, -8, 0, 0,
    0, 0, 0, 0, 0, 0, 0, -2,
    0, 0, 0, 0, 0, 0, 0, 0,
    0, 0, 0, 0, 0, 0, 0, 0,
    0, 0, 0, 0, 0, -4, 0, -11,
    -3, 0, 0, 0, -4, 0, 0, 0,
    0, 0, 0, 0, 0, 0, 0, 0,
    0, 0, 0, 0, 0, 0, 0, 0,
    0, 0, 0, 0, 0, -1, 0, 0,
    0, 0, 0, 0, 0, 0, 0, 0,
    -14, -8, -11, 0, 0, 0, 0, 0,
    -5, 0, 0, 0, 0, 0, 0, 0,
    0, 0, 0, 0, 0, 0, 0, -6,
    0, 0, -9, 0, 0, 0, 0, -11,
    0, 0, 0, 0, 0, 0, -9, 0,
    0, 0, 0, 0, 0, -5, 0, 0,
    0, 0, 0, 0, 0, 0, 0, 0,
    0, 0, 0, 0, 0, 0, 0, -6,
    0, 0, 0, 0, -1, 0, 0, 0,
    0, 0, 0, -5, 0, 0, 0, 0,
    0, 0, 0, 0, 0, 0, -6, 0,
    0, 0, -4, -13, -1, 0, 0, -22,
    0, 0, 0, -6, -5, 0, 0, 0,
    0, 0, 0, 0, 0, 0
};


/*Collect the kern class' data in one place*/
static const lv_font_fmt_txt_kern_classes_t kern_classes =
{
    .class_pair_values   = kern_class_values,
    .left_class_mapping  = kern_left_class_mapping,
    .right_class_mapping = kern_right_class_mapping,
    .left_class_cnt      = 46,
    .right_class_cnt     = 37,
};

/*--------------------
 *  ALL CUSTOM DATA
 *--------------------*/

#if LVGL_VERSION_MAJOR == 8
/*Store all the custom data of the font*/
static  lv_font_fmt_txt_glyph_cache_t cache;
#endif

#if LVGL_VERSION_MAJOR >= 8
static const lv_font_fmt_txt_dsc_t font_dsc = {
#else
static lv_font_fmt_txt_dsc_t font_dsc = {
#endif
    .glyph_bitmap = glyph_bitmap,
    .glyph_dsc = glyph_dsc,
    .cmaps = cmaps,
    .kern_dsc = &kern_classes,
    .kern_scale = 16,
    .cmap_num = 3,
    .bpp = 4,
    .kern_classes = 1,
    .bitmap_format = 0,
#if LVGL_VERSION_MAJOR == 8
    .cache = &cache
#endif
};



/*-----------------
 *  PUBLIC FONT
 *----------------*/

/*Initialize a public general font descriptor*/
#if LVGL_VERSION_MAJOR >= 8
const lv_font_t custom_font_ui_22 = {
#else
lv_font_t custom_font_ui_22 = {
#endif
    .get_glyph_dsc = lv_font_get_glyph_dsc_fmt_txt,    /*Function pointer to get glyph's data*/
    .get_glyph_bitmap = lv_font_get_bitmap_fmt_txt,    /*Function pointer to get glyph's bitmap*/
    .line_height = 29,          /*The maximum line height required by the font*/
    .base_line = 5,             /*Baseline measured from the bottom of the line*/
#if !(LVGL_VERSION_MAJOR == 6 && LVGL_VERSION_MINOR == 0)
    .subpx = LV_FONT_SUBPX_NONE,
#endif
#if LV_VERSION_CHECK(7, 4, 0) || LVGL_VERSION_MAJOR >= 8
    .underline_position = -2,
    .underline_thickness = 1,
#endif
    .dsc = &font_dsc,          /*The custom font data. Will be accessed by `get_glyph_bitmap/dsc` */
#if LV_VERSION_CHECK(8, 2, 0) || LVGL_VERSION_MAJOR >= 9
    .fallback = NULL,
#endif
    .user_data = NULL,
};



#endif /*#if CUSTOM_FONT_UI_22*/

