/*******************************************************************************
 * Size: 36 px
 * Bpp: 4
 * Opts: --format lvgl --lv-include lvgl.h --bpp 4 --force-fast-kern-format --size 36 --font /tmp/ohez-fonts-kgUXel/Barlow-SemiBold.ttf -r 0x20-0x7F -r 0xB0 -r 0xE4 --font components/lvgl/lvgl/scripts/built_in_font/FontAwesome5-Solid+Brands+Regular.woff -r 61550,63650,61543,61544,61512,61515,61516,61517,61521,61523,61559,61560 --lv-font-name custom_font_ui_36 -o components/lvgl/fonts/custom_font_ui_36.c
 ******************************************************************************/

#ifdef LV_LVGL_H_INCLUDE_SIMPLE
#include "lvgl.h"
#else
#include "lvgl.h"
#endif

#ifndef CUSTOM_FONT_UI_36
#define CUSTOM_FONT_UI_36 1
#endif

#if CUSTOM_FONT_UI_36

/*-----------------
 *    BITMAPS
 *----------------*/

/*Store the image of the glyphs*/
static LV_ATTRIBUTE_LARGE_CONST const uint8_t glyph_bitmap[] = {
    /* U+0020 " " */

    /* U+0021 "!" */
    0xf, 0xfc, 0x40, 0x1f, 0xf1, 0x80, 0x80, 0x7f,
    0xf0, 0xc4, 0xc, 0x3, 0xfe, 0x10, 0xf, 0xfe,
    0x10, 0x80, 0x1c, 0x3, 0xfe, 0x10, 0x1, 0x80,
    0x7f, 0xc2, 0x0, 0x20, 0x3, 0x80, 0x23, 0xfd,
    0x60, 0x1f, 0xfc, 0x31, 0x0, 0xd7, 0xdf, 0x0,
    0xe8, 0x0, 0x73, 0xe0, 0xc, 0xbe, 0x1, 0x91,
    0x98, 0x22, 0x92,

    /* U+0022 "\"" */
    0x3f, 0xfa, 0x80, 0x1d, 0xff, 0x0, 0x7f, 0xf0,
    0x44, 0x2, 0x30, 0x1, 0x80, 0x4, 0xc, 0x3,
    0xc2, 0x0, 0x30, 0x10, 0x8, 0x40, 0xe, 0x0,
    0x10, 0xe, 0xf0, 0x0, 0x80, 0x7e, 0x10, 0xe,
    0x70, 0x1, 0x0, 0xc, 0x0, 0x40, 0x1, 0x0,
    0x6f, 0x7a, 0x80, 0x23, 0xb9, 0x40,

    /* U+0023 "#" */
    0x0, 0xe7, 0xdd, 0x98, 0x3, 0x4e, 0xec, 0x80,
    0x1f, 0x59, 0x14, 0x1, 0xce, 0x45, 0x0, 0x7e,
    0x20, 0x8, 0x80, 0x30, 0x80, 0x4c, 0x1, 0xf0,
    0x80, 0x4a, 0x1, 0x18, 0x6, 0x20, 0xf, 0x18,
    0x6, 0x10, 0x9, 0x80, 0x22, 0x0, 0xf9, 0x80,
    0x22, 0x0, 0xda, 0x1, 0x30, 0x6, 0x9f, 0xf5,
    0x0, 0x45, 0xff, 0x9c, 0x2, 0x4f, 0xf2, 0x1,
    0x80, 0x7f, 0xf1, 0x84, 0x3, 0xff, 0x95, 0x8a,
    0x80, 0x19, 0x15, 0x63, 0x0, 0xc8, 0xaa, 0x70,
    0x6a, 0x90, 0xd, 0x75, 0x54, 0x0, 0x43, 0x75,
    0x42, 0x0, 0x98, 0x2, 0x10, 0xc, 0x60, 0x11,
    0x0, 0x7c, 0x60, 0x12, 0x80, 0x6e, 0x0, 0x94,
    0x3, 0xee, 0x0, 0x88, 0x3, 0x28, 0x5, 0xe0,
    0x1a, 0x2a, 0x8e, 0x1, 0x25, 0x56, 0x30, 0xa,
    0xa9, 0x20, 0x7, 0x55, 0x8, 0x4, 0x4a, 0xb8,
    0x3, 0x1a, 0xb0, 0x7, 0xff, 0x2c, 0x40, 0x3f,
    0xf9, 0x1d, 0xf2, 0x1, 0x17, 0xfe, 0x70, 0x9,
    0x3f, 0xe0, 0xd, 0xc0, 0x13, 0x80, 0x62, 0x0,
    0x8c, 0x3, 0xe2, 0x0, 0x88, 0x3, 0x30, 0x5,
    0xc0, 0x1f, 0x30, 0x5, 0xc0, 0x18, 0xc0, 0x25,
    0x0, 0xf8, 0xc0, 0x25, 0x0, 0x84, 0x3, 0x10,
    0x7, 0x84, 0x3, 0x10, 0x4, 0x40, 0x18, 0x40,
    0x3c, 0x3b, 0xb8, 0x40, 0x23, 0xdd, 0xb8, 0x3,
    0xc0,

    /* U+0024 "$" */
    0x0, 0xfa, 0xff, 0xda, 0x1, 0xff, 0xc5, 0x30,
    0xf, 0xfe, 0x29, 0x80, 0x7f, 0xf0, 0xd, 0xd4,
    0x0, 0x4e, 0x60, 0x1f, 0x8f, 0x31, 0x2, 0x1,
    0x46, 0x6a, 0x0, 0x72, 0xe1, 0x80, 0x7e, 0x2b,
    0x70, 0x8, 0xa8, 0x3, 0x84, 0x3, 0xd0, 0xa0,
    0xb, 0x0, 0x86, 0x7f, 0xbf, 0xa0, 0x3, 0x58,
    0x1, 0xc0, 0x2d, 0x60, 0x8, 0x5f, 0x0, 0x21,
    0x50, 0x10, 0x1, 0x18, 0x7, 0x8d, 0x80, 0x2d,
    0x0, 0xff, 0xe0, 0xe0, 0x4, 0x20, 0x20, 0x2,
    0x30, 0xf, 0x9d, 0x12, 0xf0, 0x70, 0xb, 0x4c,
    0x3, 0xc5, 0x77, 0x30, 0x58, 0x4, 0x39, 0x68,
    0x1, 0xfe, 0x2a, 0x0, 0xc9, 0x7a, 0xe2, 0x1,
    0xf9, 0x70, 0x80, 0x31, 0x47, 0x49, 0x0, 0x7c,
    0x7b, 0x24, 0x1, 0xcd, 0xb2, 0x1, 0xf9, 0xb6,
    0xd0, 0x3, 0x9b, 0x44, 0x3, 0xf2, 0x5e, 0xb0,
    0x6, 0x2d, 0x0, 0xff, 0x14, 0xf2, 0x80, 0x46,
    0xa7, 0x11, 0x10, 0x7, 0x86, 0x94, 0x2, 0xf4,
    0x77, 0x90, 0x3, 0xf4, 0x80, 0x4c, 0x20, 0x17,
    0x0, 0x7e, 0x10, 0xc, 0x40, 0x13, 0x8, 0x7,
    0xca, 0x1, 0x32, 0x8, 0x0, 0x71, 0x0, 0x39,
    0x60, 0x2, 0xc0, 0x90, 0x8, 0xaf, 0x6a, 0x6b,
    0x68, 0x2, 0x16, 0x7, 0x50, 0xc, 0x4a, 0xca,
    0x40, 0x1b, 0x40, 0x2a, 0x70, 0xf, 0xf1, 0x61,
    0x80, 0x68, 0xe8, 0x40, 0xc, 0x4b, 0x5a, 0x60,
    0x1e, 0x17, 0xb6, 0x0, 0xb6, 0x94, 0x3, 0xfe,
    0x30, 0xf, 0xfe, 0x29, 0x80, 0x7f, 0x80,

    /* U+0025 "%" */
    0x0, 0x92, 0xfb, 0xf1, 0x80, 0x3f, 0xb3, 0xfc,
    0x20, 0x1e, 0x9b, 0x41, 0x3, 0x9c, 0x10, 0xf,
    0x31, 0x82, 0x88, 0x7, 0x33, 0x0, 0x8, 0xa2,
    0x7, 0x40, 0x1e, 0x80, 0x4, 0x0, 0x7a, 0x0,
    0x76, 0xeb, 0x90, 0x11, 0x0, 0x19, 0xc4, 0x18,
    0x80, 0x38, 0xc4, 0x20, 0x80, 0x29, 0x0, 0x60,
    0x4, 0x32, 0x0, 0x80, 0xf, 0x30, 0x1, 0x40,
    0x31, 0x0, 0x8, 0x2, 0x91, 0x7, 0x10, 0xf,
    0x30, 0x1, 0x40, 0x31, 0x0, 0x8, 0x0, 0x2e,
    0x3, 0x0, 0x1f, 0x18, 0x84, 0x10, 0x5, 0x20,
    0xc, 0x0, 0x40, 0x2, 0x0, 0x3f, 0xa4, 0x7,
    0x6a, 0x9c, 0x80, 0x88, 0x2, 0x60, 0x26, 0x0,
    0xfe, 0x76, 0x0, 0x2a, 0x84, 0xe, 0x80, 0x12,
    0x0, 0x80, 0xf, 0xfa, 0x6d, 0x4, 0xe, 0x30,
    0x40, 0xd0, 0xd, 0x40, 0x3f, 0xf8, 0x9, 0x7d,
    0xf8, 0xe0, 0x17, 0x80, 0x20, 0x3, 0xff, 0x92,
    0x86, 0x8, 0x80, 0xf, 0xfe, 0x4c, 0x80, 0x20,
    0x3, 0xff, 0x92, 0xc4, 0xa, 0x60, 0x1f, 0xfc,
    0x98, 0x0, 0x40, 0x4, 0xb9, 0xdc, 0xc5, 0x0,
    0xff, 0xe0, 0x38, 0x83, 0x10, 0x2, 0xa8, 0x62,
    0x23, 0xab, 0x0, 0xff, 0xc, 0x80, 0x20, 0x1,
    0x2a, 0x2, 0xaa, 0x10, 0x49, 0x0, 0xfe, 0x91,
    0x7, 0x10, 0x16, 0x2, 0xfa, 0xa7, 0x90, 0x31,
    0x0, 0x7c, 0x2e, 0x3, 0x0, 0x7, 0x0, 0x48,
    0x80, 0x7, 0x80, 0x8, 0x1, 0xf4, 0x0, 0x24,
    0x2, 0x10, 0x2, 0x80, 0x62, 0x0, 0x70, 0x7,
    0x89, 0x80, 0x9c, 0x2, 0x10, 0x2, 0x80, 0x62,
    0x0, 0x70, 0x7, 0xa4, 0x1, 0x0, 0x19, 0xc0,
    0x12, 0x20, 0x1, 0xf0, 0x2, 0x0, 0x71, 0xa0,
    0x12, 0x80, 0x61, 0x60, 0x2f, 0xaa, 0x79, 0x83,
    0x10, 0x7, 0x78, 0x2, 0x40, 0x3d, 0x28, 0x2,
    0xaa, 0x10, 0x49, 0x0, 0xe3, 0x30, 0x22, 0x0,
    0x3e, 0xba, 0x31, 0x3, 0x9b, 0x0, 0x0,

    /* U+0026 "&" */
    0x0, 0xe1, 0x7c, 0xef, 0xeb, 0x60, 0xf, 0xfe,
    0xb, 0x74, 0x18, 0x80, 0xa4, 0xe9, 0x80, 0x7f,
    0x96, 0x40, 0x3f, 0x16, 0x10, 0x7, 0xf5, 0x80,
    0x70, 0x80, 0x77, 0x0, 0x7e, 0x51, 0x0, 0x9f,
    0xfb, 0x8a, 0x1, 0x19, 0x0, 0x7d, 0xa0, 0x11,
    0xc0, 0x0, 0x68, 0x40, 0x27, 0x0, 0xff, 0x98,
    0x3, 0x88, 0x2, 0x30, 0xf, 0xb4, 0x2, 0x40,
    0xc, 0x26, 0x1, 0x18, 0x7, 0xca, 0x1, 0xc,
    0x0, 0x54, 0x1, 0x90, 0x3, 0xf4, 0x0, 0x4e,
    0x83, 0x68, 0x1, 0x30, 0x80, 0x7e, 0x73, 0x0,
    0xaf, 0xd0, 0x2, 0x39, 0x0, 0xff, 0x68, 0x80,
    0x42, 0x1, 0x1e, 0x0, 0x7f, 0xc2, 0x80, 0x1e,
    0x6c, 0x0, 0xff, 0x87, 0x14, 0x3, 0x8e, 0x40,
    0x3f, 0xe2, 0xf3, 0x0, 0xf1, 0xc0, 0x7, 0xf8,
    0x70, 0x40, 0x23, 0x60, 0x9, 0xd8, 0x2, 0x2f,
    0x91, 0x0, 0x50, 0x80, 0x4d, 0x92, 0xa0, 0x14,
    0xa8, 0x3, 0xc1, 0xbc, 0xc9, 0x0, 0x26, 0x90,
    0x5, 0x18, 0x5, 0x47, 0x44, 0x1, 0x1b, 0x80,
    0x69, 0x0, 0xda, 0x40, 0x16, 0x28, 0x5, 0x40,
    0x40, 0x11, 0x0, 0x70, 0xe0, 0x80, 0x79, 0xd0,
    0x4, 0x2, 0x30, 0xf, 0xd, 0x0, 0x72, 0x40,
    0x0, 0x80, 0x21, 0x90, 0xc, 0x2f, 0x40, 0x1c,
    0x40, 0x12, 0x8, 0x4, 0xdd, 0x54, 0xce, 0x81,
    0x0, 0xe6, 0x60, 0x5, 0x40, 0x18, 0x55, 0x46,
    0x1, 0xc4, 0x1, 0x49, 0x80, 0x12, 0xc4, 0x3,
    0xf8, 0xf3, 0x50, 0x2, 0xd1, 0x0, 0x27, 0x4a,
    0x8, 0x0, 0x4d, 0xf3, 0x6, 0x14, 0x40, 0x1,
    0xa0,

    /* U+0027 "'" */
    0x3f, 0xfb, 0x80, 0x38, 0x40, 0x23, 0x30, 0x4,
    0x22, 0x0, 0x9c, 0x3, 0x8, 0x6, 0x30, 0x20,
    0x7, 0x6, 0xff, 0x9c,

    /* U+0028 "(" */
    0x0, 0xe2, 0x55, 0x84, 0x3, 0xe, 0x55, 0x44,
    0x1, 0xac, 0x40, 0x8, 0x60, 0x11, 0xa8, 0x5,
    0xe0, 0x1a, 0x40, 0x22, 0x40, 0x8, 0x54, 0x2,
    0xa0, 0xc, 0xc0, 0x19, 0x40, 0x35, 0x80, 0x44,
    0x40, 0x8, 0x4c, 0x2, 0x50, 0xc, 0x80, 0x1b,
    0x0, 0x36, 0x80, 0x65, 0x0, 0xc6, 0x1, 0x84,
    0x3, 0x30, 0x4, 0x40, 0x1c, 0x40, 0x13, 0x0,
    0x7f, 0x8, 0x7, 0xff, 0x8, 0x40, 0x31, 0x80,
    0x61, 0x0, 0xc6, 0x1, 0xff, 0xc3, 0x10, 0x9,
    0x80, 0x38, 0xc0, 0x21, 0x0, 0xe7, 0x0, 0x88,
    0x3, 0x88, 0x3, 0x10, 0x6, 0xc0, 0xc, 0xe0,
    0x19, 0x0, 0x36, 0x0, 0x72, 0x0, 0x4e, 0x1,
    0xda, 0x1, 0x9, 0x80, 0x66, 0x0, 0xd4, 0x1,
    0xce, 0x1, 0x38, 0x7, 0x48, 0x4, 0x2c, 0x1,
    0x86, 0x0, 0x2b, 0x0, 0xe7, 0x30, 0x1, 0x20,

    /* U+0029 ")" */
    0x4, 0x55, 0x20, 0x7, 0xa2, 0xa9, 0x6e, 0x1,
    0xd2, 0x1, 0x41, 0x0, 0x65, 0x20, 0xa, 0x0,
    0x3a, 0xc0, 0x25, 0x10, 0xc, 0xe0, 0x1a, 0x40,
    0x30, 0x98, 0x4, 0xc0, 0x1d, 0x40, 0x10, 0x98,
    0x6, 0x40, 0xd, 0x60, 0x18, 0x84, 0x2, 0x40,
    0xe, 0x50, 0x8, 0xc0, 0x38, 0x80, 0x31, 0x0,
    0x6e, 0x0, 0xcc, 0x1, 0x88, 0x3, 0x8, 0x6,
    0x10, 0xc, 0x60, 0x1f, 0xc2, 0x1, 0x9c, 0x3,
    0xf9, 0xc0, 0x3f, 0xf8, 0x42, 0x1, 0x88, 0x3,
    0x10, 0x6, 0x10, 0xc, 0xe0, 0x1b, 0x40, 0x31,
    0x80, 0x66, 0x0, 0x88, 0x3, 0x8c, 0x2, 0x70,
    0xc, 0x60, 0x1b, 0xc0, 0x35, 0x80, 0x64, 0x0,
    0xca, 0x1, 0x20, 0x80, 0x46, 0x40, 0x17, 0x0,
    0x6a, 0x0, 0x85, 0x40, 0x21, 0x60, 0xa, 0x0,
    0x34, 0x80, 0x46, 0xc0, 0x19, 0x80, 0x2e, 0x0,
    0xc0,

    /* U+002A "*" */
    0x0, 0xf7, 0x7a, 0x80, 0x7f, 0x84, 0x40, 0x60,
    0x1e, 0x29, 0x10, 0xf, 0x99, 0x80, 0x9, 0x6e,
    0x70, 0xc, 0x9b, 0x32, 0x10, 0xd, 0x1e, 0x0,
    0x8b, 0x20, 0x13, 0xb, 0xb1, 0x0, 0x80, 0x4,
    0x6, 0x38, 0x80, 0x9, 0xa8, 0x1, 0x87, 0xdc,
    0x3, 0x26, 0xa0, 0x6, 0x1f, 0x70, 0xa, 0xac,
    0x80, 0x40, 0x2, 0x3, 0x1a, 0x40, 0xc0, 0x8,
    0xf0, 0x4, 0x59, 0x1, 0x18, 0x7a, 0xf3, 0x80,
    0x64, 0xd8, 0x80, 0x81, 0xd0, 0x80, 0x7c, 0xee,
    0x0, 0xf0, 0x80, 0xc, 0x3, 0x80,

    /* U+002B "+" */
    0x0, 0xf7, 0x7f, 0xa4, 0x3, 0xff, 0x80, 0x20,
    0x3, 0x0, 0xff, 0xfd, 0x67, 0xff, 0x0, 0x4b,
    0xff, 0xcc, 0x20, 0x1f, 0xfc, 0x21, 0x0, 0xff,
    0xe2, 0x2a, 0xf8, 0x2, 0x15, 0x5e, 0x38, 0xaa,
    0xe0, 0x9, 0x2a, 0xb9, 0x0, 0x3f, 0xff, 0x4e,
    0xcc, 0xf0, 0xf, 0x0,

    /* U+002C "," */
    0x0, 0x84, 0x40, 0x17, 0x75, 0x80, 0x22, 0x0,
    0x20, 0x10, 0x5, 0x80, 0xa0, 0x12, 0x7, 0x0,
    0xc, 0x0, 0x60, 0x4, 0x0, 0x28, 0x3, 0x0,
    0x2, 0x0, 0x40, 0x20, 0x2, 0x0, 0x0,

    /* U+002D "-" */
    0x8a, 0xaf, 0xf8, 0x95, 0x7f, 0xf8, 0xe, 0x1,
    0xff, 0xc1, 0x10, 0xf, 0xf8, 0x40,

    /* U+002E "." */
    0x0, 0x10, 0x80, 0x7, 0x75, 0xce, 0x10, 0x40,
    0x8, 0x22, 0x0, 0x66, 0xc0, 0xc, 0xae, 0xc0,
    0x56, 0x20,

    /* U+002F "/" */
    0x0, 0xfe, 0x3f, 0xfb, 0x40, 0x3f, 0xa8, 0x2,
    0x50, 0xf, 0xe7, 0x0, 0xac, 0x3, 0xf2, 0x8,
    0x0, 0x8c, 0x3, 0xf7, 0x0, 0x54, 0x1, 0xfc,
    0xa0, 0x12, 0x80, 0x7e, 0x50, 0x8, 0xc8, 0x3,
    0xf7, 0x0, 0x56, 0x1, 0xf8, 0x50, 0x2, 0x60,
    0xf, 0xce, 0x1, 0x20, 0x80, 0x7e, 0xa0, 0xb,
    0x40, 0x3f, 0x9, 0x80, 0x4e, 0x1, 0xf9, 0x80,
    0x25, 0x10, 0xf, 0xd4, 0x1, 0x78, 0x7, 0xe2,
    0x20, 0x4, 0xa0, 0x1f, 0xa8, 0x2, 0x50, 0xf,
    0xe5, 0x0, 0xb8, 0x3, 0xf1, 0x90, 0x0, 0x50,
    0x3, 0xf5, 0x0, 0x4e, 0x1, 0xfc, 0xe0, 0x15,
    0x0, 0x7e, 0x41, 0x0, 0x9, 0x80, 0x7e, 0xe0,
    0x9, 0x80, 0x3f, 0x94, 0x2, 0xa0, 0xf, 0xca,
    0x1, 0x11, 0x0, 0x3f, 0x70, 0x5, 0x40, 0x1f,
    0xc8, 0x1, 0x28, 0x7, 0xe0,

    /* U+0030 "0" */
    0x0, 0xe5, 0xad, 0xff, 0x75, 0xb8, 0x80, 0x7c,
    0x5b, 0x4a, 0x40, 0x1, 0x48, 0xe6, 0x0, 0xe2,
    0xd2, 0x0, 0xfe, 0x98, 0x0, 0xde, 0x1, 0xc8,
    0x82, 0x0, 0xce, 0x80, 0x6, 0x20, 0x9, 0xbe,
    0xed, 0xb6, 0x20, 0x14, 0x80, 0x34, 0x2, 0x49,
    0x0, 0xc9, 0x40, 0x11, 0x10, 0x14, 0x2, 0xe0,
    0xf, 0x21, 0x0, 0x4e, 0x2, 0x1, 0x38, 0x7,
    0xcc, 0x1, 0x18, 0x7, 0xff, 0x14, 0x40, 0x3f,
    0xff, 0xe0, 0x1f, 0xff, 0xf0, 0xf, 0xfe, 0x88,
    0x80, 0x80, 0x4e, 0x1, 0xf2, 0x80, 0x46, 0x8,
    0x1, 0x70, 0x7, 0x90, 0x40, 0x27, 0xf, 0x0,
    0x92, 0x40, 0x32, 0x50, 0x4, 0x64, 0xa, 0x40,
    0x13, 0x7e, 0x5f, 0x58, 0x80, 0x50, 0x1, 0x78,
    0x80, 0x63, 0x41, 0x0, 0xce, 0x80, 0x11, 0x61,
    0x80, 0x7f, 0x4c, 0x0, 0x71, 0x65, 0x29, 0x0,
    0x5, 0x23, 0x98, 0x2,

    /* U+0031 "1" */
    0x0, 0x8e, 0xff, 0xf1, 0x1, 0xde, 0x20, 0x6,
    0x15, 0xc4, 0x0, 0xf8, 0xc0, 0x3f, 0x8c, 0x0,
    0x92, 0x1, 0xc9, 0x5d, 0x6c, 0x1, 0xc2, 0xa2,
    0x1, 0xff, 0xff, 0x0, 0xff, 0xff, 0x80, 0x7f,
    0xf7, 0x84, 0x2, 0x10,

    /* U+0032 "2" */
    0x0, 0xc2, 0xf9, 0xdf, 0xd9, 0x4, 0x1, 0xf9,
    0xfa, 0xc, 0x40, 0x4d, 0xf6, 0x40, 0x3d, 0x30,
    0x1, 0xfc, 0xd8, 0x1, 0x99, 0x80, 0x18, 0x90,
    0x80, 0x31, 0xc8, 0x5, 0x0, 0x10, 0xde, 0xde,
    0xe8, 0xc0, 0x26, 0x10, 0x21, 0x0, 0xa9, 0x0,
    0x22, 0xd0, 0xc, 0x80, 0xc0, 0x19, 0x0, 0x38,
    0x50, 0x2, 0x20, 0x10, 0x8, 0x40, 0x3f, 0xef,
    0x4, 0x77, 0xa4, 0x3, 0xe5, 0x0, 0xb4, 0x6,
    0x22, 0x70, 0xf, 0x38, 0x80, 0x48, 0x1, 0xff,
    0xc, 0x0, 0x4a, 0x20, 0x1f, 0xf5, 0x0, 0x68,
    0x0, 0xff, 0xa1, 0x0, 0x27, 0x20, 0xf, 0xf2,
    0xb8, 0x4, 0x70, 0x1, 0xfe, 0x3a, 0x0, 0x87,
    0x80, 0x3f, 0xc3, 0xa0, 0x1a, 0x88, 0x3, 0xfd,
    0xa2, 0x1, 0x4a, 0x0, 0x7f, 0xa8, 0xc0, 0x27,
    0x60, 0xf, 0xf4, 0x28, 0x4, 0xb0, 0x1, 0xfe,
    0x67, 0x0, 0x8e, 0x80, 0x3f, 0xcb, 0x20, 0x11,
    0x68, 0x7, 0xf8, 0xe8, 0x2, 0x1c, 0x10, 0xf,
    0xe1, 0xd0, 0xe, 0xdc, 0xcf, 0xd6, 0x24, 0x20,
    0x18, 0x4c, 0xff, 0x90, 0xc0, 0x3f, 0xf8, 0xc2,
    0x1, 0xff, 0xc4, 0x30,

    /* U+0033 "3" */
    0x2f, 0xff, 0xfe, 0x18, 0x8, 0x7, 0xff, 0x54,
    0x95, 0x7f, 0x84, 0x3, 0xc3, 0x55, 0xfb, 0x84,
    0x3, 0x40, 0x7, 0xf2, 0x58, 0x6, 0x77, 0x0,
    0x7e, 0x4b, 0x0, 0xcf, 0x0, 0x1f, 0x92, 0xc0,
    0x33, 0x40, 0x7, 0xe4, 0xb0, 0xc, 0xd2, 0x1,
    0xf9, 0x2c, 0x3, 0x15, 0x80, 0x7f, 0x68, 0x7,
    0x16, 0xe1, 0x80, 0x7d, 0x24, 0x1, 0xe3, 0xc4,
    0x0, 0xfb, 0x86, 0x2e, 0x44, 0x2, 0xb1, 0x0,
    0xf1, 0xf3, 0xa3, 0x78, 0x80, 0x52, 0x1, 0xff,
    0xc, 0x0, 0x4a, 0x1, 0xff, 0xc0, 0x40, 0x8,
    0x84, 0x3, 0xfe, 0x20, 0xc, 0x49, 0x11, 0x20,
    0x7, 0xfc, 0xf8, 0xef, 0x70, 0x7, 0xfc, 0xfc,
    0x1, 0x20, 0x7, 0x8c, 0x3, 0x12, 0x80, 0x42,
    0x80, 0x1d, 0x40, 0x11, 0x9, 0x90, 0x5, 0x46,
    0x1, 0x33, 0x0, 0x25, 0x0, 0x48, 0x4, 0x39,
    0x8b, 0xd9, 0x0, 0x86, 0x40, 0x8, 0xe0, 0x18,
    0xd0, 0x80, 0x35, 0x8, 0x5, 0x10, 0x0, 0xfc,
    0x36, 0x80, 0x1c, 0xfa, 0xe6, 0x0, 0x14, 0x8e,
    0x40, 0x8,

    /* U+0034 "4" */
    0x0, 0xfb, 0x3f, 0xe9, 0x0, 0xff, 0xe0, 0x99,
    0x80, 0x2a, 0x0, 0xff, 0xe0, 0xc8, 0x4, 0x66,
    0x0, 0xff, 0xe0, 0x12, 0x80, 0x52, 0x1, 0xff,
    0xc1, 0xb0, 0x8, 0x94, 0x3, 0xff, 0x80, 0x2c,
    0x1, 0x58, 0x7, 0xff, 0x5, 0x80, 0x33, 0x0,
    0x7f, 0xf0, 0x64, 0x2, 0x70, 0xf, 0xfe, 0xa,
    0x88, 0x5, 0x20, 0x1f, 0xfc, 0x19, 0x0, 0x94,
    0x40, 0x21, 0x22, 0x8, 0x7, 0x19, 0x80, 0x29,
    0x0, 0x87, 0xb7, 0x5c, 0x20, 0x1a, 0x40, 0x23,
    0x30, 0x7, 0xff, 0x0, 0x94, 0x2, 0x90, 0xf,
    0xfe, 0xd, 0x80, 0x44, 0xa0, 0x1f, 0xfc, 0x16,
    0x0, 0xa8, 0x3, 0xff, 0x82, 0xe0, 0x1a, 0xb7,
    0x7b, 0x0, 0x36, 0x60, 0xb8, 0x3, 0x11, 0x7c,
    0x1, 0x88, 0xc4, 0xc0, 0x3f, 0xf8, 0xc6, 0x1,
    0xff, 0xc5, 0x19, 0xff, 0xff, 0x70, 0x6, 0xef,
    0x20, 0xf, 0xff, 0xf8, 0x7, 0xff, 0x4c, 0x40,
    0x3e,

    /* U+0035 "5" */
    0x1f, 0xff, 0xfe, 0x15, 0x1, 0x80, 0x7f, 0xf0,
    0x84, 0x3, 0xff, 0x96, 0x8a, 0xbf, 0xda, 0x1,
    0xeb, 0xaa, 0xfe, 0x60, 0xf, 0xff, 0xf9, 0x3d,
    0x52, 0x58, 0x3, 0xfd, 0x3b, 0xa, 0xa6, 0x9f,
    0x70, 0xf, 0xcc, 0x1, 0xf4, 0x50, 0x7, 0xff,
    0x11, 0x58, 0x3, 0xe5, 0xcf, 0xe9, 0x0, 0xd0,
    0x1, 0xe5, 0xa3, 0x1, 0x6b, 0x0, 0x85, 0xa,
    0x62, 0x13, 0x60, 0x1c, 0x82, 0x1, 0x18, 0x33,
    0xb9, 0x84, 0x3, 0xc8, 0x1, 0x70, 0x7, 0xff,
    0x0, 0xc0, 0x23, 0x4, 0x48, 0xc0, 0x3e, 0x30,
    0x8, 0xc6, 0xee, 0xc4, 0x0, 0xf3, 0x80, 0x42,
    0x22, 0x0, 0xb8, 0x3, 0x90, 0x80, 0x2c, 0x5,
    0x0, 0x95, 0xc0, 0x23, 0xa0, 0x8, 0x50, 0x24,
    0x40, 0x28, 0xdb, 0xcc, 0x8, 0x5, 0x20, 0x1,
    0xa0, 0xc, 0x48, 0x60, 0x19, 0x5c, 0x2, 0x4c,
    0x10, 0xf, 0xcf, 0x40, 0x1c, 0x7d, 0x28, 0x20,
    0x2, 0x7d, 0x80, 0x8,

    /* U+0036 "6" */
    0x0, 0xc4, 0xf9, 0xdf, 0xd9, 0x4, 0x1, 0xf4,
    0x6c, 0x18, 0x80, 0x9b, 0xec, 0x0, 0x74, 0xb8,
    0x7, 0xf3, 0xd0, 0x4, 0xac, 0x1, 0x89, 0x8,
    0x3, 0x2a, 0x80, 0x12, 0x1, 0xaf, 0x6f, 0x6c,
    0x3, 0x48, 0x0, 0xc0, 0x29, 0x40, 0x9, 0x20,
    0x2, 0x30, 0x20, 0xc, 0xe0, 0x1c, 0xa0, 0x1f,
    0xe1, 0x0, 0xe2, 0x88, 0xc0, 0x1f, 0xfc, 0x17,
    0x7c, 0x1, 0xf9, 0x62, 0xe, 0x80, 0x1f, 0xe5,
    0xea, 0x77, 0x45, 0xf2, 0x80, 0x7e, 0xa1, 0x0,
    0xe1, 0xa8, 0x0, 0xff, 0xe2, 0x3a, 0x0, 0x7c,
    0x99, 0xfd, 0x0, 0x1a, 0x40, 0x3c, 0x76, 0x60,
    0x2f, 0x40, 0x11, 0x18, 0x7, 0x48, 0x7, 0x28,
    0x80, 0x4a, 0x1, 0xc8, 0x1, 0xe4, 0x0, 0xb8,
    0x3, 0x84, 0x3, 0xc4, 0x1, 0x9, 0x80, 0x61,
    0x0, 0xf0, 0x80, 0x42, 0x20, 0xc, 0x40, 0x1e,
    0x50, 0xb, 0xc0, 0xc0, 0x29, 0x0, 0xe3, 0x30,
    0x4, 0x81, 0x60, 0x12, 0xb0, 0x4, 0x5c, 0x1,
    0x9, 0x83, 0x8, 0x5, 0x3d, 0x79, 0xa4, 0x1,
    0x58, 0x0, 0x68, 0x3, 0xa, 0x18, 0x6, 0x55,
    0x0, 0x49, 0x62, 0x1, 0xf9, 0xa8, 0x3, 0x93,
    0xa5, 0x4, 0x0, 0x4d, 0x92, 0x1, 0x0,

    /* U+0037 "7" */
    0xf, 0xff, 0xfe, 0x1f, 0x8, 0x7, 0xff, 0xc,
    0x40, 0x3f, 0xf9, 0x26, 0xab, 0xf1, 0x0, 0x42,
    0x1, 0xaa, 0xbf, 0x8, 0x4, 0x82, 0x20, 0x1,
    0x80, 0x78, 0x8c, 0x2, 0xe0, 0xef, 0xf2, 0x80,
    0x7a, 0x80, 0x21, 0x40, 0xf, 0xf9, 0x40, 0x26,
    0x0, 0xff, 0x8c, 0x80, 0x2a, 0x0, 0xff, 0xa8,
    0x2, 0x32, 0x0, 0xff, 0x98, 0x2, 0xb0, 0xf,
    0xf9, 0x40, 0x33, 0x0, 0x7f, 0xdc, 0x1, 0x20,
    0x80, 0x7f, 0x85, 0x0, 0x2e, 0x0, 0xff, 0x98,
    0x3, 0x28, 0x7, 0xfd, 0x40, 0x13, 0x0, 0x7f,
    0xc6, 0x40, 0x16, 0x80, 0x7f, 0xd4, 0x1, 0xa,
    0x0, 0x7f, 0xce, 0x1, 0x30, 0x7, 0xfc, 0x82,
    0x1, 0x50, 0x7, 0xfd, 0xc0, 0x11, 0x90, 0x7,
    0xf8, 0x54, 0x2, 0xa0, 0xf, 0xf9, 0xc0, 0x33,
    0x80, 0x7f, 0xd4, 0x1, 0x20, 0x80, 0x7f, 0x88,
    0xc0, 0x2e, 0x0, 0xff, 0x90, 0x2, 0x15, 0x0,
    0xf8,

    /* U+0038 "8" */
    0x0, 0xe6, 0xbe, 0xfe, 0xc7, 0x10, 0xf, 0x93,
    0xa5, 0x4, 0x4, 0xe3, 0x98, 0x3, 0x92, 0xc4,
    0x3, 0xf4, 0xb8, 0x4, 0x34, 0x1, 0x89, 0xc,
    0x3, 0x41, 0x80, 0x24, 0x40, 0x2a, 0xdb, 0xcb,
    0x10, 0xa, 0x40, 0xa, 0x1, 0x32, 0x80, 0x49,
    0x60, 0x12, 0x80, 0x8, 0x2, 0xa0, 0xe, 0x50,
    0xc, 0x20, 0x1c, 0x40, 0x1f, 0xfc, 0x1, 0x0,
    0x94, 0x3, 0x84, 0x3, 0x8, 0x38, 0x5, 0x0,
    0x1d, 0x0, 0x12, 0x0, 0x2c, 0x2, 0x3a, 0x30,
    0x29, 0x60, 0xb, 0xc0, 0x5, 0x20, 0x12, 0xe7,
    0xeb, 0x0, 0x4e, 0x80, 0x13, 0x28, 0x7, 0xf1,
    0xc0, 0x6, 0x85, 0x0, 0xfe, 0x3a, 0x0, 0x95,
    0xc0, 0x26, 0xdf, 0xe8, 0x0, 0x95, 0xc0, 0x10,
    0x1, 0x34, 0x90, 0xb, 0xd0, 0x5, 0x20, 0x44,
    0x0, 0xa0, 0x3, 0x94, 0x40, 0x2, 0x8e, 0x1,
    0x84, 0x3, 0xc4, 0x1, 0x11, 0x80, 0x42, 0x1,
    0xf3, 0x80, 0x5c, 0x40, 0x10, 0x80, 0x7c, 0xc0,
    0x17, 0x30, 0x6, 0x60, 0xe, 0x42, 0x0, 0x88,
    0x86, 0x1, 0x4a, 0x0, 0x45, 0x20, 0x10, 0xa0,
    0x48, 0x6, 0xbd, 0xbc, 0xd2, 0x0, 0xa4, 0x0,
    0xac, 0x1, 0x89, 0xc, 0x3, 0x23, 0x80, 0x53,
    0x0, 0x1f, 0xcd, 0x60, 0x1c, 0xfd, 0x6, 0x20,
    0x26, 0xfb, 0x20, 0x10,

    /* U+0039 "9" */
    0x0, 0xc7, 0x3b, 0xfe, 0xeb, 0x60, 0xf, 0xd3,
    0x8c, 0x40, 0x1, 0x49, 0xe4, 0x0, 0xeb, 0x60,
    0xf, 0xc3, 0x68, 0x1, 0x3a, 0x0, 0x63, 0x42,
    0x0, 0xd4, 0x1, 0x40, 0x4, 0x5b, 0x97, 0xb4,
    0x1, 0xb, 0x82, 0x80, 0x6f, 0x20, 0x9, 0x5c,
    0x2, 0xb0, 0xd0, 0x9, 0x8, 0x3, 0xac, 0x2,
    0x30, 0x10, 0x8, 0x80, 0x3c, 0x60, 0x18, 0x4c,
    0x3, 0xff, 0x86, 0x66, 0x0, 0x88, 0x3, 0xc6,
    0x1, 0xde, 0x1, 0x20, 0x80, 0x75, 0x80, 0x73,
    0x80, 0x6d, 0x10, 0x9, 0x1c, 0x3, 0x85, 0x40,
    0x23, 0xea, 0x9c, 0xb0, 0xf, 0xac, 0x40, 0x32,
    0xb1, 0x80, 0x7e, 0x1c, 0x20, 0xf, 0x90, 0x3,
    0xe2, 0xda, 0x41, 0x1, 0x4a, 0xb0, 0xf, 0xe5,
    0xbe, 0xfe, 0xb5, 0x0, 0xff, 0xe6, 0x6e, 0xe1,
    0x0, 0xff, 0xe0, 0x11, 0x70, 0x7, 0x10, 0x7,
    0x84, 0x2, 0xb0, 0xe, 0x50, 0xc, 0x40, 0xa0,
    0x13, 0xa8, 0x4, 0xb0, 0x1, 0x18, 0x3, 0xc0,
    0x35, 0x6d, 0xed, 0x0, 0x69, 0x0, 0x23, 0x80,
    0x62, 0x42, 0x0, 0xca, 0xa0, 0xa, 0x20, 0x1,
    0xfc, 0xf4, 0x1, 0xcf, 0xae, 0x62, 0x2, 0x6f,
    0xb0, 0x1, 0x0,

    /* U+003A ":" */
    0x0, 0x88, 0x2, 0x6f, 0xdd, 0x10, 0x48, 0x0,
    0xa0, 0x80, 0x33, 0x90, 0x80, 0x48, 0x1a, 0x40,
    0xb0, 0x7, 0xbf, 0x42, 0x1, 0xff, 0xd5, 0x20,
    0x9, 0xbf, 0x74, 0x41, 0x20, 0x2, 0x82, 0x0,
    0xce, 0x42, 0x1, 0x20, 0x69, 0x2, 0xc0,

    /* U+003B ";" */
    0x0, 0x24, 0xb8, 0x80, 0x22, 0xda, 0x3c, 0x41,
    0xc0, 0x21, 0x91, 0x0, 0xe1, 0x11, 0x80, 0x6a,
    0xd, 0x40, 0x2a, 0x30, 0x1b, 0xfd, 0x50, 0xf,
    0xfe, 0xd6, 0xf7, 0x20, 0x0, 0x64, 0x22, 0xf0,
    0x3, 0x80, 0x48, 0x0, 0x20, 0x8, 0xc0, 0x1c,
    0x0, 0x30, 0x8, 0x80, 0xa, 0x1, 0x8, 0x3,
    0x0, 0x26, 0x0, 0x20, 0x4, 0x60, 0x42, 0x0,

    /* U+003C "<" */
    0x0, 0xff, 0xe1, 0x32, 0x0, 0x7f, 0xc2, 0xfd,
    0x26, 0x1, 0xfc, 0x33, 0xd0, 0x20, 0x1f, 0xc7,
    0x5c, 0xc0, 0x1f, 0xe4, 0xbc, 0x50, 0xe, 0x55,
    0x0, 0x4b, 0xb6, 0x80, 0x18, 0x5f, 0xa8, 0x81,
    0xfa, 0x88, 0x3, 0x14, 0xf4, 0x8, 0x3, 0x20,
    0x40, 0x32, 0xde, 0xb0, 0x7, 0x8, 0x6, 0x7e,
    0xa4, 0x0, 0xff, 0x84, 0x3, 0xfe, 0x10, 0x8,
    0x5f, 0xa8, 0xc0, 0x3e, 0xd8, 0x10, 0xc, 0xb9,
    0x85, 0x0, 0xe1, 0x7e, 0x92, 0x0, 0xc7, 0x5c,
    0xe2, 0x1, 0xcd, 0xb4, 0x60, 0x18, 0x63, 0xa8,
    0x40, 0x39, 0x72, 0xd0, 0x3, 0x95, 0x80, 0x3e,
    0x4b, 0xd5, 0x0, 0xff, 0xe1, 0x15, 0x73, 0x80,
    0x7f, 0xf0, 0x86, 0x3e, 0x8,

    /* U+003D "=" */
    0xcf, 0xff, 0xfe, 0x13, 0x8, 0x7, 0xff, 0x8,
    0x40, 0x3f, 0xf8, 0x8a, 0xbf, 0xfc, 0x33, 0x8a,
    0xaf, 0xfe, 0x12, 0x0, 0x7f, 0xf5, 0x22, 0xab,
    0xff, 0x84, 0x8a, 0xbf, 0xfc, 0x33, 0x0, 0xff,
    0xe2, 0x8, 0x7, 0xff, 0x8, 0x40,

    /* U+003E ">" */
    0x73, 0x0, 0xff, 0xe1, 0x56, 0x61, 0x40, 0x3f,
    0xf8, 0x47, 0x5a, 0xc0, 0x1f, 0xfc, 0x22, 0x9e,
    0x71, 0x0, 0xfa, 0x8, 0x3, 0xc, 0x74, 0x88,
    0x7, 0x2e, 0xda, 0x0, 0x73, 0x75, 0x18, 0x7,
    0x25, 0xeb, 0x88, 0x6, 0x5c, 0xb4, 0x0, 0xe2,
    0x8e, 0x92, 0x0, 0xc9, 0x6c, 0x1, 0xf3, 0x6d,
    0xa0, 0x6, 0x10, 0xf, 0xe7, 0x10, 0xf, 0xfe,
    0x3, 0x6e, 0x28, 0x6, 0x10, 0xc, 0x31, 0xd2,
    0x40, 0x18, 0xe9, 0x80, 0x7, 0x5c, 0xe2, 0x1,
    0x93, 0x30, 0xa0, 0x99, 0x85, 0x0, 0xe6, 0xdb,
    0x30, 0xa, 0x4c, 0x3, 0x9f, 0xa4, 0x80, 0x3f,
    0x86, 0x3e, 0x4, 0x3, 0xf8, 0xa7, 0x9c, 0x3,
    0xfc, 0xb7, 0xac, 0x1, 0xff, 0xc0,

    /* U+003F "?" */
    0x0, 0xc9, 0x5b, 0xdf, 0xd6, 0xc0, 0x1e, 0x2c,
    0xb5, 0x21, 0x1, 0x49, 0xe4, 0x0, 0x8b, 0xc,
    0x3, 0xf0, 0xda, 0x0, 0x3c, 0x40, 0x3f, 0xea,
    0x4, 0x20, 0x9, 0x37, 0xfd, 0xa8, 0x1, 0xb,
    0x68, 0x4, 0x76, 0x40, 0x2, 0xb2, 0x0, 0xb1,
    0x40, 0x2b, 0x0, 0xf2, 0x0, 0x42, 0x20, 0x8,
    0x80, 0x3c, 0x20, 0x1b, 0xf3, 0x25, 0x0, 0xf2,
    0x80, 0x44, 0x43, 0x38, 0x3, 0xd0, 0x40, 0x16,
    0x80, 0x7f, 0x4b, 0x80, 0x48, 0x80, 0xf, 0x87,
    0x18, 0x2, 0x2a, 0x0, 0xf8, 0xbc, 0xc0, 0x24,
    0xc1, 0x0, 0xfb, 0x4, 0x2, 0x7b, 0x10, 0xf,
    0x98, 0x40, 0x2a, 0x80, 0xf, 0xec, 0x0, 0x95,
    0x40, 0x1f, 0xe1, 0x0, 0xb4, 0x3, 0xff, 0x86,
    0x20, 0x1f, 0xf5, 0x6e, 0xcc, 0x1, 0xff, 0x9,
    0x14, 0x1, 0xff, 0xc2, 0x10, 0xf, 0xfe, 0xb,
    0xff, 0x60, 0x80, 0x7f, 0x8a, 0x0, 0x7, 0x0,
    0x1f, 0xe6, 0x0, 0xc4, 0x1, 0xfe, 0x50, 0xc,
    0x60, 0x1f, 0xe1, 0xb2, 0x5, 0x80, 0xf, 0x0,

    /* U+0040 "@" */
    0x0, 0xff, 0x13, 0xde, 0xff, 0xdb, 0x4a, 0x1,
    0xff, 0xc3, 0x5c, 0xd8, 0x42, 0x0, 0x89, 0x6b,
    0xe0, 0x3, 0xfe, 0x2b, 0xa3, 0x0, 0x88, 0xcc,
    0x40, 0x19, 0xf4, 0x80, 0x3f, 0x26, 0x20, 0x1,
    0x2b, 0xf7, 0x31, 0xbf, 0x68, 0x0, 0x2c, 0x20,
    0xf, 0x25, 0x88, 0x1e, 0xda, 0x80, 0x79, 0x2e,
    0xc2, 0x3, 0xe0, 0x1c, 0x56, 0x0, 0x6c, 0x20,
    0xf, 0xf2, 0x68, 0x0, 0x9c, 0x3, 0x78, 0x1,
    0xa4, 0x3, 0xff, 0x82, 0x72, 0x0, 0x90, 0x9,
    0xc8, 0xe, 0x40, 0x21, 0x9d, 0xfd, 0x77, 0x7f,
    0x94, 0x0, 0xc2, 0x2, 0x80, 0x9, 0x0, 0x78,
    0x4, 0x7e, 0xc4, 0x5, 0x10, 0x0, 0x30, 0x4,
    0xe0, 0xc, 0x5, 0x10, 0x43, 0x0, 0xb4, 0x40,
    0xdd, 0x40, 0x31, 0x0, 0x58, 0x0, 0x30, 0xf0,
    0x7, 0x0, 0x4e, 0x20, 0xd9, 0x14, 0xe0, 0x10,
    0x80, 0x42, 0x0, 0x70, 0x40, 0x2, 0x0, 0x54,
    0x0, 0x90, 0xb, 0x0, 0x4, 0x1, 0x9c, 0x2,
    0x11, 0x1, 0x8, 0x0, 0x48, 0x10, 0x3, 0x38,
    0x1, 0x80, 0x33, 0x80, 0x44, 0x0, 0x60, 0x8,
    0x80, 0x6, 0x1, 0x9c, 0x0, 0x40, 0x18, 0x80,
    0xc, 0xe0, 0x1, 0x0, 0x98, 0x1, 0xc0, 0x18,
    0x80, 0x1c, 0x1, 0xbc, 0x1, 0xa0, 0x11, 0x80,
    0x44, 0x0, 0x30, 0xd, 0x80, 0x1, 0x0, 0xce,
    0x0, 0x47, 0x0, 0x18, 0x4, 0x20, 0xd, 0x0,
    0x85, 0x40, 0x1e, 0x1, 0x30, 0x81, 0x19, 0x0,
    0x1c, 0x2, 0x20, 0x3, 0xa0, 0x1e, 0x0, 0x4c,
    0x80, 0xb2, 0x0, 0x80, 0x11, 0x1, 0x8, 0x1,
    0x8, 0x1, 0x7f, 0x84, 0x1, 0xaf, 0xe8, 0x0,
    0x8a, 0x0, 0x40, 0x3, 0x0, 0x5e, 0x40, 0x1c,
    0xd6, 0x1, 0xe5, 0xb0, 0xb, 0x80, 0x12, 0x20,
    0x2, 0xda, 0x65, 0x7c, 0x94, 0xe8, 0x65, 0x7c,
    0xa0, 0xc, 0x84, 0x3, 0x40, 0x19, 0x66, 0xa0,
    0xc0, 0x2, 0xf3, 0x50, 0x60, 0x1e, 0xe0, 0x2,
    0x60, 0x80, 0x7f, 0x84, 0x3, 0xfc, 0x72, 0x0,
    0x3f, 0x82, 0x0, 0xe3, 0x8e, 0xf1, 0x0, 0xff,
    0x34, 0x80, 0x5, 0xf7, 0xf7, 0x5d, 0xf8, 0xe2,
    0x29, 0x0, 0xff, 0x9b, 0xc, 0x3, 0x11, 0x4,
    0x2, 0x18, 0x80, 0x7, 0xff, 0x0, 0xf3, 0xe,
    0x62, 0x0, 0x13, 0x7b, 0xe7, 0x0, 0xfc,

    /* U+0041 "A" */
    0x0, 0xf8, 0x7f, 0xf9, 0x40, 0x3f, 0xf8, 0x6e,
    0x1, 0xdc, 0x1, 0xff, 0xc3, 0xd0, 0xe, 0x40,
    0xf, 0xfe, 0x10, 0xa0, 0x7, 0x94, 0x3, 0xff,
    0x82, 0x80, 0x1f, 0x78, 0x7, 0xff, 0x7, 0xc0,
    0x22, 0x0, 0x94, 0x3, 0xff, 0x82, 0xa0, 0x14,
    0x80, 0x64, 0x0, 0xff, 0x90, 0x2, 0x14, 0x50,
    0xb, 0x40, 0x3f, 0xed, 0x0, 0x9c, 0x3c, 0x2,
    0x70, 0xf, 0xf9, 0xc0, 0x2c, 0x4, 0x0, 0x84,
    0xc0, 0x3f, 0x8c, 0x40, 0x25, 0x1, 0x30, 0xa,
    0xc0, 0x3f, 0xac, 0x2, 0x40, 0xa, 0xc0, 0x25,
    0x0, 0xfe, 0x50, 0xb, 0x40, 0x25, 0x0, 0x88,
    0x80, 0x1f, 0x11, 0x0, 0x24, 0x0, 0x88, 0x80,
    0x12, 0x80, 0x7c, 0xa0, 0x11, 0x10, 0x3, 0x28,
    0x5, 0x60, 0x1f, 0x58, 0x4, 0xa0, 0x1d, 0x80,
    0x11, 0x88, 0x7, 0x9, 0x80, 0x56, 0x1, 0xc8,
    0x20, 0x13, 0x80, 0x73, 0x80, 0x63, 0x0, 0xf2,
    0x0, 0x5a, 0x1, 0xda, 0x1, 0xbf, 0xfe, 0x50,
    0x9, 0x0, 0x39, 0x0, 0x3f, 0xf8, 0x8a, 0x1,
    0x28, 0x7, 0xff, 0x17, 0xc0, 0x2f, 0x0, 0x8e,
    0xab, 0xf9, 0x80, 0x25, 0x0, 0x94, 0x2, 0xb5,
    0x5f, 0xe8, 0x0, 0xc8, 0x8, 0x1, 0x94, 0x3,
    0xf8, 0x48, 0x2, 0xd0, 0xd0, 0x8, 0x88, 0x1,
    0xfe, 0x50, 0x9, 0xc1, 0x0, 0x25, 0x0, 0xff,
    0xac, 0x2, 0x12,

    /* U+0042 "B" */
    0x5f, 0xff, 0xf7, 0x5b, 0x88, 0x6, 0x30, 0xf,
    0xf0, 0xa4, 0x74, 0x0, 0x7f, 0xf1, 0x9e, 0x40,
    0x3e, 0x55, 0xe4, 0x10, 0xc, 0xc6, 0x1, 0xc7,
    0x55, 0xd7, 0xd2, 0x1, 0xa4, 0x3, 0xff, 0x82,
    0xce, 0x1, 0x20, 0x7, 0xff, 0xa, 0x80, 0x21,
    0x0, 0xff, 0xe1, 0x18, 0x7, 0xff, 0x18, 0x80,
    0x22, 0x0, 0xff, 0xe1, 0x40, 0x4, 0xa0, 0x1c,
    0x20, 0x1c, 0x29, 0x88, 0x0, 0x19, 0x0, 0xe2,
    0xff, 0xee, 0xb3, 0x0, 0xe, 0x88, 0x7, 0xff,
    0xc, 0xbc, 0xc0, 0x3f, 0xf8, 0x85, 0xa4, 0x1,
    0xe1, 0x77, 0xf2, 0x0, 0x47, 0x82, 0x1, 0xc5,
    0x11, 0xeb, 0xd2, 0x0, 0xc, 0x0, 0x7f, 0xf0,
    0x4b, 0x80, 0x26, 0x0, 0xff, 0xe1, 0x18, 0x80,
    0x46, 0x1, 0xff, 0xc2, 0x30, 0x9, 0x80, 0x3f,
    0xf8, 0x46, 0x1, 0xff, 0xc5, 0x51, 0x0, 0x98,
    0x3, 0xff, 0x80, 0xb4, 0x1, 0x9, 0x80, 0x63,
    0xbb, 0xf7, 0x50, 0x6, 0x90, 0xf, 0x22, 0x78,
    0x40, 0x32, 0x38, 0x7, 0xff, 0x11, 0xec, 0x0,
    0x60, 0x1f, 0xe1, 0x37, 0xe8, 0x0, 0x80,

    /* U+0043 "C" */
    0x0, 0xc2, 0xd7, 0xdf, 0xee, 0xb7, 0x10, 0xf,
    0xcd, 0xd2, 0x82, 0x0, 0x14, 0x8e, 0x70, 0xf,
    0x4c, 0x80, 0x3f, 0xd1, 0x60, 0x19, 0xd8, 0x3,
    0xa, 0x20, 0x80, 0x32, 0x48, 0x0, 0x60, 0x2,
    0x1b, 0xeb, 0xb6, 0xe1, 0x0, 0x4c, 0x61, 0x20,
    0x1b, 0x10, 0x3, 0x1e, 0x8, 0x5, 0x20, 0x80,
    0x13, 0x90, 0x7, 0x86, 0x40, 0x24, 0x2, 0x0,
    0xb0, 0x3, 0xf2, 0x0, 0x42, 0x2, 0x1, 0x38,
    0x7, 0xe2, 0x44, 0xc0, 0x1f, 0xfc, 0x21, 0xbb,
    0xc0, 0x1f, 0xff, 0xf0, 0xf, 0xff, 0xed, 0x5d,
    0xa8, 0x4, 0x2, 0x70, 0xf, 0xc6, 0xa8, 0x85,
    0x2, 0x0, 0xb0, 0x3, 0xf2, 0x0, 0x44, 0x8,
    0x1, 0x39, 0x0, 0x78, 0x64, 0x2, 0x40, 0x90,
    0xd, 0x88, 0x1, 0x8f, 0x4, 0x2, 0xa0, 0x19,
    0x0, 0x86, 0xfa, 0xed, 0xb8, 0x40, 0x13, 0x18,
    0x1, 0x98, 0x1, 0x85, 0x10, 0x40, 0x19, 0x24,
    0x3, 0x4c, 0x80, 0x3f, 0xd1, 0x60, 0x1e, 0x6e,
    0x94, 0x10, 0x0, 0xa4, 0x73, 0x80, 0x60,

    /* U+0044 "D" */
    0x5f, 0xff, 0xee, 0xda, 0x50, 0xe, 0x30, 0xf,
    0xe1, 0x25, 0xae, 0x40, 0xf, 0xfe, 0x28, 0xdb,
    0x0, 0x7c, 0xab, 0xc8, 0x20, 0x1a, 0x50, 0x3,
    0x8e, 0xab, 0xaf, 0xa4, 0x3, 0x40, 0x7, 0xff,
    0x5, 0x9c, 0x2, 0x32, 0x0, 0xff, 0xe0, 0xc0,
    0x6, 0x70, 0xf, 0xfe, 0x11, 0x0, 0x46, 0x1,
    0xff, 0xc2, 0x10, 0xf, 0xff, 0xf8, 0x7, 0xff,
    0xfc, 0x3, 0xff, 0xb6, 0x20, 0x1f, 0xfc, 0x51,
    0x20, 0x8, 0xc0, 0x3f, 0xf8, 0x32, 0x1, 0x9c,
    0x3, 0xff, 0x80, 0xee, 0x0, 0x8c, 0x80, 0x31,
    0xd5, 0x75, 0xf4, 0x0, 0x68, 0x0, 0xf2, 0xaf,
    0x20, 0x80, 0x69, 0x40, 0xf, 0xfe, 0x18, 0xd3,
    0x0, 0xc, 0x3, 0xfc, 0x4b, 0x5c, 0xa0, 0x10,

    /* U+0045 "E" */
    0x5f, 0xff, 0xfe, 0x25, 0x18, 0x7, 0xff, 0x10,
    0x40, 0x3f, 0xf9, 0x6a, 0xbf, 0xfc, 0xd, 0x0,
    0xc7, 0x55, 0xff, 0xc0, 0x60, 0xf, 0xff, 0xf8,
    0x7, 0xff, 0x64, 0xea, 0xbf, 0x30, 0x7, 0xf2,
    0xaf, 0xec, 0x0, 0xff, 0xeb, 0x98, 0x7, 0xe2,
    0xff, 0xfd, 0x20, 0x1f, 0x84, 0x3, 0xff, 0xfe,
    0x1, 0xff, 0xd4, 0x3a, 0xaf, 0xfe, 0x3, 0x0,
    0x72, 0xaf, 0xff, 0x3, 0x40, 0x3f, 0xf8, 0xc6,
    0x1, 0xff, 0xc4, 0x10,

    /* U+0046 "F" */
    0x5f, 0xff, 0xfe, 0x24, 0x98, 0x7, 0xff, 0x10,
    0xc0, 0x3f, 0xf9, 0x6a, 0xbf, 0xfc, 0xc, 0x0,
    0xc7, 0x55, 0xff, 0xc0, 0x60, 0xf, 0xff, 0xf8,
    0x7, 0xff, 0x64, 0xea, 0xbf, 0x30, 0x7, 0xf2,
    0xaf, 0xec, 0x0, 0xff, 0xeb, 0x98, 0x7, 0xe2,
    0xff, 0xfd, 0x20, 0x1f, 0x84, 0x3, 0xff, 0xfe,
    0x1, 0xff, 0xff, 0x0, 0xf8, 0xc0, 0x27, 0x0,
    0xff, 0xe0, 0x80,

    /* U+0047 "G" */
    0x0, 0xe6, 0xbe, 0xff, 0x75, 0xb8, 0x80, 0x7e,
    0x5f, 0x94, 0x10, 0x0, 0xa4, 0x73, 0x0, 0x7a,
    0x68, 0x3, 0xfd, 0x36, 0x1, 0x99, 0x80, 0x18,
    0x51, 0x4, 0x1, 0x92, 0x0, 0x3, 0x20, 0x10,
    0xdf, 0x5d, 0xb7, 0x8, 0x2, 0x73, 0x6, 0x0,
    0xd8, 0x80, 0x18, 0xf0, 0x40, 0x2a, 0xb, 0x0,
    0x9c, 0x80, 0x3c, 0x30, 0x1, 0x20, 0x10, 0x5,
    0x80, 0x1f, 0x90, 0x2, 0x20, 0x10, 0x9, 0xc0,
    0x3f, 0x12, 0xa2, 0x14, 0x3, 0xff, 0x87, 0x57,
    0x6a, 0x0, 0xff, 0xf1, 0x8f, 0xff, 0xf0, 0x7,
    0xf1, 0x80, 0x7f, 0xf6, 0x49, 0x9b, 0x28, 0x7,
    0xff, 0xa, 0x67, 0x40, 0x7, 0xff, 0x30, 0x40,
    0x27, 0x0, 0xff, 0xe0, 0x8, 0x10, 0x5, 0xa0,
    0x1f, 0x9c, 0x2, 0x20, 0xb0, 0x9, 0x8c, 0x3,
    0xe9, 0x0, 0xac, 0x18, 0x3, 0x6a, 0x80, 0x62,
    0xb3, 0x0, 0x98, 0x6, 0x40, 0x21, 0xae, 0xbb,
    0x66, 0xa0, 0x4, 0xe2, 0x0, 0x66, 0x0, 0x61,
    0x44, 0x18, 0x6, 0x58, 0x0, 0xd3, 0x40, 0x1f,
    0xe8, 0xa0, 0xf, 0x2f, 0x4a, 0x8, 0x0, 0x52,
    0x39, 0xc0, 0x30,

    /* U+0048 "H" */
    0x5f, 0xfa, 0xc0, 0x3f, 0xa7, 0xfe, 0x73, 0x0,
    0x9c, 0x3, 0xf8, 0xc0, 0x2f, 0x0, 0xff, 0xff,
    0x80, 0x7f, 0xff, 0xc0, 0x3f, 0xf9, 0xa7, 0x55,
    0xfc, 0x80, 0x1f, 0xca, 0xbf, 0xc2, 0x1, 0xff,
    0xe2, 0x2f, 0xff, 0xe5, 0x0, 0xfc, 0x20, 0x1f,
    0xff, 0xf0, 0xf, 0xff, 0xf8, 0x7, 0xff, 0x10,
    0xc0, 0x27, 0x0, 0xfe, 0x30, 0xb, 0xc0,

    /* U+0049 "I" */
    0x5f, 0xfa, 0xcc, 0x2, 0x70, 0xf, 0xff, 0xf8,
    0x7, 0xff, 0x70, 0xc0, 0x27,

    /* U+004A "J" */
    0x0, 0xff, 0xe1, 0x67, 0xfc, 0x60, 0x1f, 0xfc,
    0x21, 0x0, 0x9c, 0x3, 0xff, 0xfe, 0x1, 0xff,
    0xff, 0x0, 0xff, 0xff, 0x80, 0x7f, 0xf2, 0x8b,
    0xfe, 0xe0, 0xf, 0xfe, 0x10, 0x80, 0x42, 0x1,
    0xff, 0xd5, 0x10, 0xf, 0xfe, 0x9, 0x80, 0x4e,
    0x40, 0x18, 0xc0, 0x3e, 0x21, 0x0, 0x84, 0x8,
    0x2, 0x80, 0xf, 0xa0, 0x2, 0x12, 0xa, 0x0,
    0x92, 0x84, 0x2, 0x1a, 0x50, 0x9, 0x80, 0xe,
    0x60, 0x12, 0xf6, 0x5e, 0x72, 0x80, 0x45, 0x0,
    0x17, 0x8, 0x6, 0x34, 0x30, 0xc, 0x3e, 0x1,
    0x8b, 0xd0, 0x3, 0xf9, 0x3c, 0x80, 0x38, 0x6f,
    0x1c, 0xc4, 0x4, 0xdb, 0x2c, 0x40, 0x20,

    /* U+004B "K" */
    0x5f, 0xfa, 0xc0, 0x3f, 0xb3, 0xfe, 0xd0, 0x30,
    0x9, 0xc0, 0x3f, 0x51, 0x80, 0x5c, 0x1, 0xff,
    0xc1, 0x75, 0x0, 0xa4, 0xc0, 0x3f, 0xf8, 0x9,
    0x0, 0x13, 0x30, 0x3, 0xff, 0x80, 0x56, 0x1,
    0x1c, 0x80, 0x7f, 0xf0, 0x7, 0xc0, 0x21, 0xd0,
    0xf, 0xfe, 0xd, 0x10, 0x5, 0xa2, 0x1, 0xff,
    0xc0, 0x94, 0x0, 0xa0, 0xc0, 0x3f, 0xf8, 0xc,
    0xc0, 0x9, 0x5c, 0x3, 0xff, 0x80, 0x72, 0x1,
    0x15, 0x0, 0x7f, 0xf0, 0x7, 0x40, 0x21, 0xf0,
    0xf, 0xfe, 0x0, 0xe0, 0x80, 0x44, 0x40, 0xf,
    0xfe, 0x1, 0x10, 0x3, 0x1b, 0x0, 0x7f, 0xf1,
    0xe4, 0x40, 0x3f, 0xf8, 0x50, 0x1, 0xac, 0x3,
    0xff, 0x82, 0xee, 0x80, 0x9, 0x50, 0x3, 0xfe,
    0x58, 0x7, 0x20, 0xa, 0x40, 0x3f, 0xc3, 0x40,
    0x17, 0x0, 0x45, 0x0, 0x1f, 0xc4, 0x1, 0x8d,
    0x80, 0x27, 0x20, 0xf, 0xfe, 0x14, 0x88, 0x5,
    0xc0, 0x1f, 0xfc, 0x3b, 0x0, 0x8d, 0x80, 0x3f,
    0xf8, 0x4a, 0x80, 0x14, 0x8, 0x7, 0xff, 0xa,
    0x40, 0x21, 0xb0, 0xf, 0xfe, 0x11, 0x40, 0x4,
    0xa8, 0x1, 0xff, 0xc2, 0x72, 0x0, 0xa4, 0xc,
    0x2, 0x70, 0xf, 0xee, 0x0, 0x89, 0x80,

    /* U+004C "L" */
    0x5f, 0xfa, 0xc0, 0x3f, 0xf8, 0x26, 0x1, 0x38,
    0x7, 0xff, 0xfc, 0x3, 0xff, 0xfe, 0x1, 0xff,
    0xff, 0x0, 0xff, 0xff, 0x80, 0x7f, 0xff, 0xc0,
    0x7, 0x55, 0xff, 0xc0, 0x40, 0xe, 0x55, 0xff,
    0xe0, 0x18, 0x7, 0xff, 0x18, 0xc0, 0x3f, 0xf8,
    0x82,

    /* U+004D "M" */
    0x5f, 0xfb, 0x84, 0x3, 0xfc, 0x9f, 0xf8, 0x4c,
    0x2, 0x1b, 0x0, 0xff, 0x48, 0x7, 0xf9, 0x50,
    0x3, 0xf4, 0x10, 0x7, 0xfd, 0x40, 0x1f, 0x1b,
    0x80, 0x7f, 0xf0, 0x6, 0x40, 0x3d, 0xe0, 0x1f,
    0xfc, 0x26, 0x30, 0xc, 0xe6, 0x1, 0xff, 0xc3,
    0xe0, 0x8, 0xa0, 0x3, 0xff, 0x88, 0x4e, 0x0,
    0x90, 0x8, 0x40, 0x3f, 0x8d, 0xc0, 0x28, 0x26,
    0x40, 0xa, 0x80, 0x3f, 0xd0, 0x40, 0x17, 0x40,
    0x4, 0xca, 0x1, 0xff, 0x48, 0x4, 0x62, 0x0,
    0x18, 0x0, 0xff, 0xe0, 0x23, 0x0, 0x7a, 0xc4,
    0x3, 0xff, 0x83, 0x2, 0x1, 0x91, 0x40, 0x3f,
    0xf8, 0x43, 0x60, 0x1a, 0x40, 0x3f, 0xf8, 0x8a,
    0x80, 0x8, 0x20, 0xf, 0xfe, 0x2d, 0xee, 0x9c,
    0x3, 0xff, 0x8e, 0x44, 0x0, 0xff, 0xff, 0x80,
    0x7f, 0xff, 0xc0, 0x3f, 0xfb, 0x6, 0x1, 0x38,
    0x7, 0xfc, 0x20, 0x1c,

    /* U+004E "N" */
    0x5f, 0xfb, 0x40, 0x3f, 0xd5, 0xff, 0x31, 0x80,
    0x44, 0xe0, 0x1f, 0xc2, 0x1, 0x8, 0x7, 0x40,
    0x80, 0x7f, 0xf1, 0xec, 0x3, 0xff, 0x8e, 0xa6,
    0x1, 0xff, 0xc7, 0xe0, 0xf, 0xfe, 0x39, 0x30,
    0x7, 0xff, 0x1e, 0x4, 0x3, 0xff, 0x84, 0x64,
    0x0, 0x18, 0x0, 0xff, 0xe1, 0x3c, 0x80, 0x4c,
    0x60, 0x1f, 0xfc, 0x24, 0x50, 0xb, 0xc0, 0x3f,
    0xf8, 0x76, 0x1, 0x1a, 0x80, 0x7f, 0xf0, 0x86,
    0x0, 0x2b, 0x0, 0xff, 0xe0, 0x38, 0x1, 0xc8,
    0x0, 0x30, 0x1, 0xff, 0xc3, 0x90, 0x9, 0xc8,
    0x3, 0xff, 0x84, 0x88, 0x0, 0xa4, 0x3, 0xff,
    0x87, 0x20, 0x12, 0x20, 0x3, 0xff, 0x84, 0x4e,
    0x1, 0x48, 0x7, 0xff, 0xe, 0x4, 0x0, 0x48,
    0x1, 0xff, 0xc3, 0xb0, 0xf, 0xfe, 0x3a, 0x98,
    0x7, 0xff, 0x1f, 0x80, 0x3f, 0xf8, 0xe4, 0xc0,
    0x1f, 0xfc, 0x78, 0x10, 0xf, 0xfe, 0x30, 0xc0,
    0x7, 0x18, 0x4, 0xe0, 0x1f, 0xcc, 0x60, 0x10,
    0x80,

    /* U+004F "O" */
    0x0, 0xe5, 0xad, 0xff, 0x76, 0x38, 0x80, 0x7e,
    0x4e, 0xa5, 0x20, 0x0, 0x9c, 0x73, 0x80, 0x79,
    0xec, 0x40, 0x3f, 0xa3, 0x0, 0x32, 0x40, 0x6,
    0x14, 0x41, 0x0, 0x63, 0xa0, 0xa, 0x80, 0x35,
    0x75, 0xdb, 0x70, 0xc0, 0x25, 0x50, 0x30, 0x80,
    0x58, 0xa0, 0x18, 0xf0, 0x80, 0x29, 0xd, 0x0,
    0x94, 0xc0, 0x3e, 0x90, 0x8, 0xc5, 0x40, 0x2f,
    0x0, 0xfc, 0x80, 0x18, 0x84, 0x2, 0x60, 0xf,
    0xe2, 0x0, 0x98, 0x3, 0xff, 0xfe, 0x1, 0xff,
    0xff, 0x0, 0xff, 0xe4, 0x88, 0x4, 0xc0, 0x1f,
    0xc4, 0x1, 0x32, 0x80, 0x5e, 0x1, 0xf9, 0x0,
    0x31, 0x68, 0x4, 0xa6, 0x1, 0xf4, 0x80, 0x46,
    0x2c, 0x20, 0x16, 0x28, 0x6, 0x2c, 0x20, 0xa,
    0x40, 0x16, 0x1, 0xab, 0xae, 0xb7, 0x46, 0x1,
    0x2a, 0x80, 0xb, 0x0, 0x18, 0x51, 0x48, 0x3,
    0x1d, 0x0, 0x67, 0xb1, 0x0, 0xfe, 0x7c, 0x0,
    0xf2, 0x74, 0xa8, 0x80, 0x4, 0xe3, 0xa0, 0x3,
    0x0,

    /* U+0050 "P" */
    0x8f, 0xff, 0xf7, 0x64, 0x10, 0x6, 0x10, 0xf,
    0xf0, 0x9b, 0xeb, 0x80, 0x7f, 0xf1, 0xa2, 0x0,
    0x1e, 0x15, 0x5e, 0x42, 0x0, 0xce, 0x80, 0x1c,
    0xf5, 0x5d, 0x7b, 0x40, 0x1b, 0xc0, 0x3f, 0xf8,
    0x2b, 0x0, 0x12, 0x8, 0x7, 0xff, 0x5, 0xc0,
    0x31, 0x0, 0x7f, 0xf0, 0x88, 0x2, 0x60, 0xf,
    0xfe, 0x30, 0x80, 0x7f, 0xf0, 0x44, 0x80, 0x26,
    0x0, 0xff, 0xe0, 0xd8, 0x4, 0x24, 0x1, 0xff,
    0x1d, 0x28, 0x4, 0xc0, 0x1c, 0xdf, 0xfe, 0xc5,
    0x0, 0x8a, 0x0, 0x3f, 0xf8, 0x85, 0xe0, 0x1f,
    0xfc, 0x31, 0x7d, 0x20, 0xf, 0x1c, 0x47, 0x4d,
    0x67, 0x40, 0x7, 0xe5, 0x77, 0xe6, 0x53, 0x0,
    0xff, 0xff, 0x80, 0x7f, 0xff, 0xc0, 0x3f, 0x8,
    0x4, 0x20, 0x1f, 0xfc, 0x20,

    /* U+0051 "Q" */
    0x0, 0xe2, 0x8c, 0xef, 0xf6, 0x49, 0x80, 0x7f,
    0x4e, 0xb9, 0x88, 0x0, 0xdb, 0x28, 0x3, 0xec,
    0x60, 0xf, 0xe5, 0xd1, 0x0, 0xd4, 0x60, 0x18,
    0xd0, 0xc0, 0x31, 0x50, 0x4, 0x8a, 0x1, 0x26,
    0xe5, 0xe7, 0x28, 0x4, 0x8c, 0x0, 0xf0, 0x8,
    0xec, 0x80, 0x21, 0xa4, 0x0, 0xac, 0x0, 0x80,
    0x14, 0x0, 0x7d, 0x20, 0x11, 0x10, 0xc0, 0x32,
    0x0, 0x7c, 0x44, 0x0, 0x9d, 0xc0, 0x10, 0x80,
    0x7f, 0x8, 0x4, 0x62, 0x1, 0xff, 0xc1, 0x70,
    0x8, 0x40, 0x3f, 0xff, 0xe0, 0x1f, 0xfe, 0xe1,
    0x0, 0xff, 0xe2, 0x88, 0x7, 0xff, 0x9, 0xc0,
    0x33, 0x0, 0x42, 0x20, 0xf, 0xc6, 0x1, 0x11,
    0x0, 0x34, 0x80, 0x7c, 0xc0, 0x19, 0x41, 0x80,
    0x27, 0x40, 0xe, 0x39, 0x0, 0x90, 0x42, 0xc0,
    0x35, 0xd2, 0x1a, 0x4e, 0x0, 0x68, 0x0, 0x14,
    0x80, 0x65, 0xbc, 0xb6, 0x0, 0xce, 0x60, 0x13,
    0x48, 0x7, 0xfc, 0xf0, 0x1, 0xcd, 0xaa, 0x1,
    0xf2, 0x64, 0x0, 0x7c, 0x55, 0xea, 0x1, 0x1f,
    0x59, 0x80, 0x7f, 0xc4, 0x1, 0x30, 0x80, 0x7f,
    0xf5, 0x3c, 0x2, 0x30, 0xf, 0x80,

    /* U+0052 "R" */
    0x5f, 0xff, 0xf7, 0x6c, 0x90, 0x6, 0x30, 0xf,
    0xf0, 0x93, 0x6c, 0x0, 0x7f, 0xf1, 0x9e, 0x40,
    0x3e, 0x55, 0xf1, 0x0, 0x66, 0x50, 0xe, 0x3a,
    0xaf, 0x6d, 0x88, 0x5, 0x20, 0x1f, 0xfc, 0x14,
    0xb0, 0x8, 0xc8, 0x3, 0xff, 0x82, 0xa2, 0x1,
    0x30, 0x7, 0xff, 0x8, 0x80, 0x22, 0x0, 0xff,
    0xe1, 0x8, 0x4, 0x60, 0x1f, 0xfc, 0x12, 0x20,
    0x4, 0xc0, 0x1f, 0xfc, 0x19, 0x0, 0x84, 0xc0,
    0x30, 0xa2, 0x79, 0xf5, 0x0, 0x29, 0x0, 0xe2,
    0xbb, 0xf4, 0x10, 0x4, 0x6e, 0x1, 0xff, 0xc4,
    0x5c, 0x0, 0xff, 0xe1, 0x9d, 0xd0, 0x7, 0xc5,
    0xff, 0xa8, 0x3, 0x20, 0x7, 0xe1, 0x0, 0xca,
    0x40, 0x3, 0x40, 0xf, 0xfe, 0x15, 0x80, 0x5e,
    0x1, 0xff, 0xc2, 0x61, 0x0, 0x21, 0x80, 0x7f,
    0xf0, 0x98, 0x2, 0x80, 0xf, 0xfe, 0x14, 0x80,
    0x48, 0x40, 0x1f, 0xfc, 0x11, 0x60, 0xa, 0x0,
    0x3f, 0xf8, 0x56, 0x1, 0x29, 0x0, 0x7f, 0xf0,
    0x49, 0x0, 0x2b, 0x0, 0xff, 0xe1, 0x78, 0x4,
    0xc2, 0x60, 0x13, 0x80, 0x7e, 0x43, 0x0, 0xa4,

    /* U+0053 "S" */
    0x0, 0xe5, 0xad, 0xff, 0x76, 0x49, 0x80, 0x7e,
    0x5e, 0xa5, 0x20, 0x0, 0x9b, 0x66, 0xc, 0x3,
    0x9a, 0x84, 0x3, 0xf8, 0xf1, 0x40, 0x23, 0x90,
    0xc, 0x26, 0x86, 0x1, 0xd4, 0x80, 0x9, 0x0,
    0x86, 0xbb, 0x2f, 0x3d, 0xc0, 0x34, 0x80, 0x14,
    0x2, 0xb5, 0x0, 0xe8, 0x90, 0x8, 0x8c, 0x3,
    0x94, 0x3, 0xe6, 0x20, 0x9, 0x40, 0x38, 0x40,
    0x3f, 0x20, 0x5, 0xc0, 0x20, 0x14, 0x80, 0x7e,
    0xd7, 0x7a, 0xc1, 0xc0, 0x27, 0x91, 0x0, 0xf2,
    0x44, 0x46, 0x10, 0x20, 0x13, 0x74, 0x98, 0x7,
    0xf8, 0x70, 0x40, 0x33, 0x66, 0xb8, 0x80, 0x7e,
    0x2f, 0x50, 0xe, 0x28, 0xe9, 0x20, 0xf, 0x86,
    0xb5, 0x80, 0x3c, 0xdb, 0x0, 0x1f, 0x8a, 0x7e,
    0x4c, 0x3, 0x9f, 0x0, 0x3f, 0xcd, 0x98, 0x50,
    0xc, 0x74, 0x1, 0xff, 0x1d, 0x61, 0x0, 0x4a,
    0x69, 0x55, 0x28, 0x7, 0xc7, 0x82, 0x1, 0x59,
    0xaa, 0xd8, 0x1, 0xf8, 0x58, 0x2, 0x21, 0x0,
    0x94, 0x3, 0xff, 0x84, 0x40, 0x11, 0xa8, 0x7,
    0xe5, 0x0, 0xb5, 0x4, 0x2, 0xa7, 0x10, 0xc,
    0x36, 0x40, 0x12, 0x85, 0x80, 0x68, 0xec, 0xbb,
    0x67, 0x20, 0x4, 0xa4, 0xb, 0x0, 0x1c, 0x68,
    0x83, 0x0, 0xc7, 0x60, 0x13, 0xd9, 0x0, 0x7f,
    0x9b, 0x4, 0x3, 0x26, 0xdb, 0x18, 0x80, 0x5,
    0x23, 0xa4, 0x2,

    /* U+0054 "T" */
    0xbf, 0xff, 0xfe, 0x2c, 0xb8, 0x7, 0xff, 0x14,
    0xc0, 0x3f, 0xf8, 0xf6, 0x89, 0xe0, 0xc, 0x48,
    0x9e, 0xc7, 0xbb, 0xf1, 0x80, 0x57, 0x7f, 0x30,
    0x7, 0xff, 0xfc, 0x3, 0xff, 0xfe, 0x1, 0xff,
    0xff, 0x0, 0xff, 0xff, 0x80, 0x7f, 0xff, 0xc0,
    0x3f, 0xf8, 0xe, 0x1, 0x18, 0x7, 0xc0,

    /* U+0055 "U" */
    0x8f, 0xfa, 0x0, 0x3f, 0xab, 0xfe, 0x61, 0x0,
    0x84, 0x3, 0xf8, 0x40, 0x21, 0x0, 0xff, 0xff,
    0x80, 0x7f, 0xff, 0xc0, 0x3f, 0xff, 0xe0, 0x1f,
    0xff, 0xf0, 0xc, 0x20, 0x11, 0x0, 0x7f, 0x38,
    0x4, 0x3a, 0x1, 0x20, 0x7, 0xe1, 0x30, 0x8,
    0x90, 0x3, 0x40, 0x7, 0xd6, 0x1, 0x90, 0x54,
    0x2, 0x79, 0x0, 0xc3, 0x4a, 0x1, 0x38, 0x2,
    0xc4, 0x2, 0x6f, 0xcb, 0xce, 0x50, 0x8, 0xa0,
    0x0, 0x3a, 0x1, 0xc6, 0x86, 0x1, 0x87, 0xc0,
    0x31, 0xf1, 0x80, 0x7f, 0x27, 0x90, 0x7, 0xe,
    0x5b, 0x10, 0x4, 0x4d, 0x96, 0x20, 0x10,

    /* U+0056 "V" */
    0xdf, 0xfa, 0x0, 0x3f, 0xcf, 0xff, 0x62, 0x0,
    0x4a, 0x1, 0xfe, 0xb0, 0x9, 0x74, 0x2, 0x22,
    0x0, 0x7e, 0x13, 0x0, 0xb5, 0x0, 0x32, 0x0,
    0x7e, 0x40, 0xc, 0x80, 0x80, 0x16, 0x80, 0x7e,
    0xc0, 0x9, 0x40, 0x1a, 0x1, 0x20, 0x7, 0xe7,
    0x0, 0xbc, 0x0, 0xe0, 0x18, 0xc0, 0x3c, 0x42,
    0x1, 0x20, 0x0, 0x4c, 0x2, 0xb0, 0xf, 0x28,
    0x4, 0x82, 0x1, 0x58, 0x4, 0x80, 0x1e, 0xc0,
    0xb, 0x0, 0x32, 0x0, 0x46, 0x20, 0x1c, 0x80,
    0x12, 0x80, 0x63, 0x10, 0x9, 0x0, 0x32, 0x0,
    0x44, 0x40, 0xe, 0x70, 0xb, 0xc0, 0x36, 0x0,
    0x4a, 0x1, 0xed, 0x0, 0x90, 0x3, 0x28, 0x5,
    0x60, 0x1e, 0x40, 0x8, 0x4c, 0x0, 0x24, 0x0,
    0x13, 0x0, 0xf9, 0x40, 0x24, 0x0, 0x38, 0x4,
    0xe0, 0x1f, 0xb0, 0x2, 0xb0, 0x6, 0x0, 0x5a,
    0x1, 0xf9, 0xc0, 0x23, 0x0, 0x20, 0x4, 0x80,
    0x1f, 0x84, 0xc0, 0x24, 0x31, 0x0, 0x20, 0x7,
    0xfa, 0xc0, 0x2d, 0x40, 0xb, 0x40, 0x3f, 0xca,
    0x1, 0x25, 0x80, 0x4e, 0x1, 0xfe, 0x21, 0x0,
    0x11, 0x80, 0xc, 0x40, 0x3f, 0xe7, 0x0, 0xf5,
    0x80, 0x7f, 0xf0, 0x34, 0x3, 0xca, 0x1, 0xff,
    0xc0, 0x40, 0xe, 0x22, 0x0, 0x7f, 0xf0, 0x54,
    0x3, 0x20, 0x7, 0xff, 0xb, 0xc0, 0x35, 0x0,
    0x7c,

    /* U+0057 "W" */
    0xf, 0xfc, 0xa0, 0x1f, 0x37, 0xfe, 0x0, 0xfd,
    0x3f, 0xf4, 0x81, 0x80, 0x58, 0x1, 0xf6, 0x0,
    0x64, 0x0, 0xf9, 0x0, 0x2f, 0x4, 0x0, 0x90,
    0x3, 0xe4, 0x0, 0xd8, 0x1, 0xe1, 0x20, 0x9,
    0x3, 0x0, 0x22, 0x10, 0xe, 0x21, 0x0, 0xc8,
    0x1, 0xe4, 0x0, 0x84, 0x81, 0x0, 0x32, 0x0,
    0x72, 0x0, 0x71, 0x80, 0x7b, 0x40, 0x24, 0x0,
    0x8c, 0x2, 0xc0, 0xe, 0xf0, 0xf, 0x20, 0x7,
    0x20, 0x5, 0x80, 0x15, 0x80, 0x48, 0x1, 0xc8,
    0x1, 0xec, 0x0, 0xe3, 0x0, 0x90, 0x2, 0x40,
    0x8, 0x84, 0x2, 0x12, 0x0, 0xf1, 0x80, 0x64,
    0x0, 0x84, 0x80, 0x23, 0x0, 0xca, 0x1, 0x20,
    0x4, 0xa0, 0x12, 0x0, 0x6c, 0x0, 0x90, 0x3,
    0x90, 0x2, 0xc0, 0xb, 0x40, 0x2f, 0x30, 0x8,
    0xc0, 0x23, 0x0, 0xb0, 0x3, 0xb0, 0x2, 0x40,
    0x9, 0x0, 0x24, 0x50, 0x9, 0x0, 0x24, 0x0,
    0x94, 0x3, 0x90, 0x2, 0x30, 0x8, 0xc0, 0x2,
    0x2c, 0x0, 0xb0, 0x0, 0x60, 0x10, 0x98, 0x7,
    0x18, 0x80, 0x48, 0x6, 0x1, 0x20, 0x20, 0x4,
    0x80, 0x4, 0x0, 0x94, 0x3, 0xe4, 0x0, 0xb0,
    0x10, 0x2, 0xc0, 0x12, 0x0, 0x8c, 0x30, 0x2,
    0xc0, 0xf, 0xb0, 0x2, 0x40, 0xc0, 0x9, 0x40,
    0x8, 0x1, 0x20, 0x28, 0x4, 0x80, 0x1f, 0x20,
    0x4, 0x60, 0xa0, 0x11, 0x80, 0x30, 0x2, 0xc2,
    0x10, 0x8, 0xc0, 0x3e, 0x21, 0x0, 0x98, 0x40,
    0x8, 0x1, 0x20, 0x4, 0x88, 0x0, 0x90, 0x3,
    0xf9, 0x0, 0x28, 0x0, 0x8c, 0x2, 0x11, 0x0,
    0x50, 0x1, 0x60, 0x7, 0xf6, 0x0, 0x42, 0x1,
    0x60, 0x6, 0x40, 0x8, 0x40, 0x24, 0x0, 0xfe,
    0x70, 0xf, 0x90, 0x3, 0x60, 0x7, 0xc6, 0x1,
    0xfc, 0x24, 0x1, 0xc6, 0x1, 0xc8, 0x1, 0xe4,
    0x0, 0xff, 0x90, 0x3, 0x94, 0x3, 0x88, 0x40,
    0x3b, 0x0, 0x3f, 0xec, 0x0, 0xec, 0x0, 0xf2,
    0x0, 0x72, 0x0, 0x7f, 0xc8, 0x1, 0xc8, 0x1,
    0xec, 0x0, 0xe3, 0x0, 0xff, 0x84, 0x80, 0x21,
    0x10, 0x7, 0x90, 0x3, 0x20, 0x7, 0xff, 0x5,
    0x40, 0x27, 0x0, 0xf8, 0x84, 0x2, 0xd0, 0xf,
    0x0,

    /* U+0058 "X" */
    0xaf, 0xfb, 0x0, 0x3f, 0xd3, 0xff, 0x60, 0x40,
    0x4, 0x6c, 0x1, 0xf8, 0xd8, 0x2, 0x80, 0x27,
    0x0, 0xa0, 0x40, 0x3e, 0xf0, 0x9, 0x10, 0x0,
    0x81, 0x0, 0xc, 0x0, 0x79, 0x8c, 0x2, 0x90,
    0xd, 0x0, 0x13, 0x10, 0x7, 0x40, 0x4, 0xc4,
    0x1, 0x98, 0xc0, 0x29, 0x0, 0xd0, 0x20, 0x1,
    0x80, 0xf, 0x78, 0x4, 0x8a, 0x0, 0x27, 0x0,
    0xa0, 0x40, 0x3c, 0x6a, 0x1, 0x40, 0x2, 0x40,
    0x22, 0x60, 0xf, 0xd6, 0x1, 0x13, 0xa2, 0x0,
    0x29, 0x0, 0xfe, 0x17, 0x0, 0xa2, 0x40, 0x25,
    0x40, 0xf, 0xf4, 0x8, 0x4, 0x40, 0x14, 0x0,
    0x7f, 0xf0, 0x2c, 0x3, 0xce, 0x40, 0x1f, 0xfc,
    0x5, 0x30, 0xc, 0x30, 0x1, 0xff, 0xd6, 0x53,
    0x0, 0xc3, 0x0, 0x1f, 0xfc, 0x1b, 0x0, 0xf3,
    0x90, 0x7, 0xfd, 0x2, 0x1, 0x8, 0x5, 0x0,
    0x1f, 0xe1, 0x70, 0xa, 0x2c, 0x2, 0x54, 0x0,
    0xfe, 0xb0, 0x8, 0x5d, 0x50, 0x2, 0x90, 0xf,
    0xc6, 0xa0, 0x15, 0x80, 0x24, 0x2, 0x26, 0x0,
    0xfb, 0xc0, 0x24, 0x50, 0x1, 0x38, 0x5, 0x2,
    0x1, 0xcc, 0x60, 0x14, 0x80, 0x68, 0x10, 0x0,
    0xc0, 0x7, 0x40, 0x4, 0xc4, 0x1, 0xd0, 0x1,
    0x31, 0x0, 0x50, 0x20, 0x1, 0x80, 0xf, 0x31,
    0x80, 0x52, 0x0, 0x27, 0x0, 0xa0, 0x40, 0x3e,
    0xf0, 0x9, 0x10, 0x10, 0x1, 0x1b, 0x0, 0x7e,
    0x36, 0x0, 0xa4, 0x0,

    /* U+0059 "Y" */
    0xbf, 0xfa, 0x80, 0x3f, 0x8b, 0xff, 0x27, 0x80,
    0x4a, 0x40, 0x1f, 0xac, 0x2, 0x24, 0x41, 0x80,
    0x50, 0x1, 0xf1, 0x30, 0x5, 0x60, 0x8, 0x0,
    0x94, 0x80, 0x3d, 0x60, 0x11, 0x30, 0x1, 0xc,
    0x2, 0x80, 0xe, 0x16, 0x0, 0xac, 0x3, 0x40,
    0x4, 0xa4, 0x1, 0xa0, 0x2, 0x26, 0x0, 0xc8,
    0x60, 0x15, 0x80, 0x42, 0xc0, 0x14, 0x0, 0x7a,
    0x0, 0x26, 0x10, 0x4, 0x80, 0x44, 0xa0, 0x1e,
    0x43, 0x0, 0xa0, 0x5, 0xc0, 0x28, 0x0, 0xfd,
    0x0, 0x13, 0xc, 0x80, 0x44, 0xa0, 0x1f, 0x90,
    0xc0, 0x2b, 0x70, 0xa, 0x0, 0x3f, 0xd0, 0x1,
    0x28, 0x4, 0x4a, 0x1, 0xfe, 0x43, 0x0, 0xf4,
    0x0, 0x7f, 0xf0, 0x20, 0x3, 0x89, 0x40, 0x3f,
    0xf8, 0x8, 0x60, 0x1a, 0x0, 0x3f, 0xf8, 0x54,
    0x1, 0xa, 0x80, 0x7f, 0xf0, 0x8c, 0x2, 0x30,
    0xf, 0xff, 0xf8, 0x7, 0xff, 0xfc, 0x3, 0xff,
    0x9a, 0x20, 0x10, 0x80, 0x7e,

    /* U+005A "Z" */
    0x9f, 0xff, 0xfe, 0x22, 0x98, 0x7, 0xff, 0x10,
    0xc0, 0x3f, 0xf8, 0xd8, 0xab, 0xff, 0x18, 0x6,
    0x36, 0xaa, 0xff, 0x80, 0x30, 0xa0, 0x7, 0xfc,
    0xe6, 0x1, 0x50, 0x80, 0x7f, 0x8a, 0x0, 0x26,
    0x40, 0xf, 0xfb, 0x80, 0x21, 0x90, 0xf, 0xf9,
    0xcc, 0x2, 0xa0, 0xf, 0xf8, 0xa0, 0x2, 0x64,
    0x0, 0xff, 0xb8, 0x2, 0x29, 0x0, 0xff, 0x9c,
    0xc0, 0x2e, 0x0, 0xff, 0x8a, 0x0, 0x26, 0x30,
    0xf, 0xfb, 0x80, 0x22, 0x90, 0xf, 0xfa, 0xc,
    0x2, 0xe0, 0xf, 0xf8, 0xdc, 0x2, 0x73, 0x0,
    0xff, 0xb8, 0x2, 0x28, 0x0, 0xff, 0xa0, 0x80,
    0x2e, 0x0, 0xff, 0x8d, 0xc0, 0x27, 0x30, 0xf,
    0xfb, 0x80, 0x22, 0x80, 0xf, 0xfa, 0x8, 0x2,
    0xe0, 0xf, 0xf8, 0xdc, 0x2, 0x83, 0x0, 0xff,
    0xa4, 0x3, 0x65, 0x57, 0xfc, 0x60, 0x1c, 0x8a,
    0xbf, 0xfc, 0x0, 0xf, 0xfe, 0x31, 0x80, 0x7f,
    0xf1, 0xc,

    /* U+005B "[" */
    0xbf, 0xff, 0xc0, 0xe0, 0x1f, 0xfc, 0xb3, 0x55,
    0x98, 0x3, 0xaa, 0xb4, 0x80, 0x7f, 0xff, 0xc0,
    0x3f, 0xff, 0xe0, 0x1f, 0xff, 0xf0, 0xf, 0xfe,
    0x95, 0xde, 0xa0, 0xe, 0x24, 0x49, 0x40, 0x3f,
    0xe7, 0x0, 0xfe,

    /* U+005C "\\" */
    0xbf, 0xf9, 0x0, 0x3f, 0xb0, 0x2, 0xe0, 0xf,
    0xe6, 0x0, 0x94, 0x3, 0xf8, 0x4c, 0x2, 0x50,
    0xf, 0xea, 0x0, 0xb8, 0x3, 0xf9, 0xc0, 0x24,
    0x10, 0xf, 0xc2, 0x80, 0x13, 0x80, 0x7f, 0x70,
    0x5, 0x40, 0x1f, 0xca, 0x1, 0x18, 0x80, 0x7f,
    0x28, 0x4, 0xc0, 0x1f, 0xdc, 0x1, 0x50, 0x7,
    0xf2, 0x8, 0x0, 0x88, 0x1, 0xfc, 0xe0, 0x15,
    0x0, 0x7f, 0x68, 0x4, 0xa0, 0x1f, 0xc8, 0x20,
    0x2, 0x30, 0xf, 0xe7, 0x0, 0xa8, 0x3, 0xfa,
    0x80, 0x27, 0x0, 0xfe, 0x32, 0x0, 0xa, 0x0,
    0x7f, 0x28, 0x5, 0xc0, 0x1f, 0xd4, 0x1, 0x28,
    0x7, 0xf1, 0x10, 0x2, 0x50, 0xf, 0xea, 0x0,
    0xbc, 0x3, 0xf9, 0x80, 0x25, 0x0, 0xfe, 0x13,
    0x0, 0x98, 0x3, 0xfa, 0x80, 0x2d, 0x0, 0xfe,
    0x70, 0x9, 0x0,

    /* U+005D "]" */
    0x7f, 0xff, 0xc7, 0xe0, 0x1f, 0x9c, 0x3, 0xfd,
    0x8a, 0xb8, 0x3, 0x92, 0xab, 0x8, 0x7, 0xff,
    0xfc, 0x3, 0xff, 0xfe, 0x1, 0xff, 0xff, 0x0,
    0xff, 0xe8, 0xa5, 0xde, 0x10, 0xd, 0x88, 0x98,
    0x3, 0xff, 0x87, 0xe0, 0x1f, 0x9c,

    /* U+005E "^" */
    0x0, 0xe3, 0x88, 0x38, 0x80, 0x7f, 0xb9, 0xdd,
    0x12, 0x1, 0xfc, 0x64, 0x1, 0x28, 0x7, 0xf5,
    0x0, 0x62, 0x40, 0xf, 0xce, 0x1, 0xdc, 0x1,
    0xf2, 0x88, 0x2, 0x0, 0xa, 0x1, 0xf7, 0x0,
    0x11, 0xc0, 0x26, 0x0, 0xe1, 0x40, 0x7, 0x2,
    0x80, 0x28, 0x3, 0x98, 0x2, 0x50, 0xe0, 0x1,
    0x90, 0x6, 0xa0, 0x2, 0x80, 0x10, 0x40, 0x14,
    0x1, 0x11, 0x0, 0x1c, 0x1, 0x38, 0x1, 0x40,
    0x2a, 0x0, 0xa, 0x0, 0x54, 0x0, 0x24, 0x0,
    0x30, 0x1, 0xc0, 0x31, 0x90, 0x3, 0x81, 0x4,
    0x1, 0xa0, 0x1c, 0xa0, 0x5, 0xd, 0x0, 0x12,
    0x0, 0x75, 0x0, 0x48,

    /* U+005F "_" */
    0x3, 0x44, 0xff, 0xe1, 0x89, 0xe5, 0xdf, 0xff,
    0xe, 0x40, 0x3f, 0xf8, 0xc2, 0x1, 0xff, 0xc4,
    0xf0,

    /* U+0060 "`" */
    0x79, 0x93, 0x80, 0x4c, 0xc8, 0x30, 0x73, 0x0,
    0x78, 0x3, 0x80, 0x6, 0x80, 0x50, 0x0, 0xf0,

    /* U+0061 "a" */
    0x0, 0xcb, 0x5b, 0xfe, 0xeb, 0x61, 0x0, 0xe2,
    0xca, 0x52, 0x0, 0xa, 0x4f, 0xb0, 0x4, 0x5a,
    0x60, 0x1f, 0x86, 0x58, 0x1, 0xc0, 0x1c, 0x88,
    0x30, 0xd, 0x24, 0x43, 0x0, 0x93, 0xae, 0xd9,
    0xa2, 0x1, 0x59, 0xba, 0x99, 0x50, 0x80, 0x45,
    0x20, 0x11, 0xc, 0x56, 0x68, 0x80, 0x71, 0x0,
    0x4c, 0x1, 0x13, 0xde, 0xf7, 0x6a, 0x0, 0xf4,
    0x6c, 0x21, 0x8, 0xe0, 0xf, 0x4b, 0x80, 0x7f,
    0xf0, 0x4d, 0x80, 0x23, 0xae, 0xff, 0xa8, 0x3,
    0x50, 0x4, 0x78, 0xa2, 0x1, 0xf9, 0x40, 0x2a,
    0x0, 0xf1, 0x80, 0x61, 0x0, 0x84, 0x3, 0xda,
    0x1, 0x98, 0x2, 0xa0, 0xe, 0x84, 0x0, 0xd8,
    0x1, 0x17, 0x43, 0x46, 0xb8, 0x7, 0x30, 0x80,
    0x42, 0xf2, 0xe4, 0x1, 0xe1, 0xd1, 0x0, 0xf8,
    0x9c, 0x3, 0x8f, 0xe0, 0xc0, 0x2, 0x93, 0xb8,
    0x1, 0x8,

    /* U+0062 "b" */
    0xaf, 0xf9, 0x80, 0x3f, 0xf8, 0x2, 0x1, 0x8,
    0x7, 0xff, 0xfc, 0x3, 0xff, 0xa1, 0x1b, 0xfe,
    0xc8, 0x10, 0xf, 0xdd, 0xae, 0x40, 0x3, 0x7e,
    0x50, 0xf, 0x98, 0x80, 0x3e, 0xa5, 0x0, 0xfe,
    0x44, 0x8, 0x6, 0xa1, 0x0, 0xf0, 0xed, 0xdb,
    0x98, 0x3, 0x48, 0x7, 0xa8, 0x80, 0x29, 0x20,
    0x9, 0x40, 0x38, 0x50, 0x3, 0xa0, 0x2, 0x21,
    0x0, 0xc8, 0x1, 0xe4, 0x0, 0xc4, 0x1, 0x88,
    0x3, 0xc2, 0x1, 0x9c, 0x3, 0xff, 0x80, 0x20,
    0x10, 0x80, 0x7f, 0xf0, 0x4, 0x2, 0x10, 0xc,
    0x40, 0x1e, 0x10, 0xc, 0xe0, 0x19, 0x0, 0x3c,
    0x80, 0x18, 0xc0, 0x30, 0xa0, 0x7, 0x70, 0x4,
    0x60, 0x1e, 0xa2, 0x0, 0xa1, 0x0, 0x2b, 0x0,
    0xf0, 0xee, 0x5f, 0x38, 0x4, 0x2e, 0x1, 0xf8,
    0xd0, 0x40, 0x35, 0x0, 0x79, 0x88, 0x3, 0xea,
    0x40, 0x0, 0x80, 0x5f, 0xae, 0x40, 0x2, 0x7e,
    0x50, 0x8,

    /* U+0063 "c" */
    0x0, 0xe5, 0xae, 0xff, 0x6d, 0x20, 0x7, 0xc5,
    0xb4, 0xa2, 0x0, 0x25, 0xbb, 0x8, 0x6, 0x3d,
    0x20, 0xf, 0xc9, 0xe4, 0x1, 0x70, 0x6, 0x14,
    0x40, 0x6, 0x1f, 0x0, 0x31, 0x0, 0x51, 0xd7,
    0x6f, 0x60, 0x8, 0x94, 0x28, 0x2, 0x57, 0x0,
    0xd2, 0x80, 0x17, 0x81, 0x80, 0x5c, 0x1, 0xee,
    0x1, 0x4d, 0x20, 0xc, 0x80, 0x1e, 0x5f, 0xeb,
    0x71, 0x0, 0xff, 0xe2, 0x38, 0x7, 0xff, 0x11,
    0xc0, 0x3f, 0xf8, 0x82, 0x1, 0x84, 0x3, 0xfe,
    0x20, 0xc, 0xa0, 0x1e, 0x6e, 0xb9, 0x40, 0x30,
    0xb, 0x80, 0x3d, 0x42, 0x8d, 0xc1, 0x40, 0x12,
    0xc0, 0x4, 0x34, 0x60, 0x17, 0x83, 0x10, 0x4,
    0xfd, 0x79, 0xca, 0x1, 0x12, 0x80, 0x3c, 0x40,
    0x21, 0x43, 0x0, 0xc3, 0xe0, 0x11, 0x61, 0x80,
    0x7e, 0x3c, 0x20, 0xc, 0x59, 0x4a, 0x20, 0x2,
    0x5b, 0xc2, 0x0, 0x0,

    /* U+0064 "d" */
    0x0, 0xff, 0xe0, 0x27, 0xfd, 0x80, 0x1f, 0xfc,
    0x1, 0x0, 0x84, 0x3, 0xff, 0xfe, 0x1, 0xff,
    0xc2, 0x17, 0xcf, 0xf6, 0xc0, 0x80, 0x7e, 0x4f,
    0x83, 0x0, 0x13, 0xfe, 0x80, 0x79, 0x2c, 0x40,
    0x3c, 0x2e, 0x1, 0xea, 0x0, 0xe4, 0x40, 0x7,
    0xe6, 0x10, 0x9, 0x3e, 0xed, 0xc4, 0x1, 0xed,
    0x0, 0x86, 0xc0, 0x21, 0xf0, 0xf, 0x20, 0x5,
    0x20, 0x1c, 0x46, 0x1, 0x84, 0x3, 0x20, 0x7,
    0x90, 0x3, 0x18, 0x6, 0x20, 0xf, 0x70, 0x6,
    0x10, 0xc, 0x20, 0x1f, 0xf0, 0x80, 0x61, 0x0,
    0xf0, 0x80, 0x63, 0x0, 0xc4, 0x1, 0xef, 0x0,
    0xc2, 0x20, 0x9, 0x0, 0x3c, 0x80, 0x1c, 0xa0,
    0x15, 0x0, 0x71, 0x98, 0x3, 0xb4, 0x2, 0x29,
    0x0, 0x8b, 0x80, 0x3c, 0xc4, 0x1, 0x37, 0x5d,
    0xb4, 0x80, 0x3e, 0xe0, 0xc, 0x28, 0x80, 0xf,
    0xe3, 0xb1, 0x0, 0xf0, 0xb0, 0x7, 0xc9, 0xf0,
    0x60, 0x2, 0x6f, 0xd0, 0x8, 0x40,

    /* U+0065 "e" */
    0x0, 0xe5, 0xbe, 0xff, 0x6d, 0x20, 0x7, 0xc7,
    0xb4, 0x82, 0x0, 0x25, 0xbb, 0x8, 0x6, 0x3c,
    0x20, 0xf, 0xc9, 0xa0, 0x1b, 0x80, 0x31, 0x21,
    0x80, 0x63, 0x80, 0x3, 0x10, 0x5, 0x3b, 0x79,
    0xc8, 0x1, 0x38, 0x2, 0x80, 0x26, 0x60, 0x4,
    0x36, 0x20, 0x12, 0x81, 0x80, 0x54, 0x1, 0xe6,
    0x0, 0xb0, 0x80, 0x38, 0x8b, 0xc0, 0x18, 0x80,
    0x3b, 0x37, 0x7c, 0xe0, 0x13, 0x0, 0x7f, 0xf1,
    0xc, 0x3, 0xff, 0x88, 0x64, 0x1, 0xbf, 0xff,
    0xed, 0x2, 0x0, 0x8c, 0x3, 0xff, 0x80, 0x80,
    0x14, 0x80, 0x7d, 0x2a, 0x1, 0x50, 0x4, 0xb0,
    0x1, 0x86, 0xda, 0xa0, 0x0, 0x68, 0x1, 0x3f,
    0xe5, 0x67, 0x20, 0x1, 0xd0, 0x1, 0x44, 0x1,
    0x8d, 0x4c, 0x3, 0x32, 0x0, 0x7, 0x10, 0x3,
    0xfa, 0x24, 0x3, 0xd, 0xd9, 0x88, 0x0, 0x29,
    0x3c, 0xe0, 0x0,

    /* U+0066 "f" */
    0x0, 0xe6, 0xbe, 0xff, 0x88, 0x3, 0x64, 0xa0,
    0x80, 0x7c, 0xe6, 0x1, 0xfe, 0xa0, 0xc, 0xb1,
    0x24, 0x1, 0x10, 0x5, 0x34, 0xec, 0x1, 0x8,
    0x6, 0x40, 0xf, 0x18, 0x6, 0x30, 0xd, 0xdf,
    0xa0, 0x1b, 0xbf, 0xe3, 0x10, 0xf, 0xfe, 0x5a,
    0x99, 0x80, 0x31, 0x9e, 0x1a, 0xcd, 0x0, 0xdb,
    0x99, 0x10, 0x7, 0xff, 0xfc, 0x3, 0xff, 0xfe,
    0x1, 0xff, 0xc1, 0x10, 0xc,

    /* U+0067 "g" */
    0x0, 0xc5, 0x3b, 0xfe, 0xd8, 0x17, 0xff, 0xa4,
    0x2, 0x7d, 0x62, 0x0, 0x13, 0xf5, 0x80, 0x46,
    0x0, 0x78, 0x0, 0xfc, 0x60, 0x1c, 0x50, 0x1,
    0x85, 0xc, 0x3, 0xf5, 0x80, 0x67, 0xeb, 0xcd,
    0x20, 0xf, 0x38, 0x4, 0x90, 0x1, 0x17, 0x80,
    0x71, 0x8, 0x5, 0xe0, 0x1c, 0x46, 0x1, 0x98,
    0x3, 0x20, 0x7, 0x94, 0x3, 0x8, 0x4, 0x20,
    0x1f, 0x8, 0x7, 0xff, 0x24, 0x40, 0x3f, 0xf9,
    0x2, 0x1, 0xff, 0xc0, 0x60, 0xc, 0x40, 0x1e,
    0x30, 0xc, 0x40, 0x1a, 0x80, 0x3c, 0x80, 0x1c,
    0x80, 0x13, 0xa8, 0x6, 0xa0, 0xf, 0x78, 0x6,
    0xac, 0x89, 0xd5, 0x0, 0xf2, 0x30, 0x6, 0x37,
    0x62, 0x0, 0xfd, 0x2e, 0x1, 0xf0, 0xa0, 0x7,
    0xd1, 0xac, 0x40, 0x2, 0x6f, 0x30, 0x8, 0xc0,
    0x31, 0x4e, 0xff, 0xb6, 0x45, 0x0, 0x21, 0x0,
    0xff, 0x90, 0xc0, 0x2c, 0x0, 0xfc, 0x27, 0x16,
    0x1, 0xa, 0x0, 0x61, 0xff, 0xbb, 0x1c, 0x3,
    0x40, 0x7, 0x18, 0x7, 0xf3, 0x30, 0x3, 0x84,
    0x3, 0xe1, 0x99, 0x0, 0x78, 0x44, 0x0, 0x12,
    0x5a, 0xe6, 0x0, 0x80,

    /* U+0068 "h" */
    0xbf, 0xf9, 0x40, 0x3f, 0xe7, 0x0, 0x8c, 0x3,
    0xff, 0xfe, 0x1, 0xff, 0xca, 0x7d, 0xff, 0x6c,
    0x90, 0x7, 0xdd, 0xb0, 0x40, 0x2, 0x6d, 0x60,
    0xf, 0x39, 0x0, 0x7d, 0x28, 0x1, 0xf0, 0xa2,
    0x0, 0x3a, 0x40, 0x3c, 0xdd, 0x76, 0xe2, 0x0,
    0x88, 0x80, 0x18, 0xa4, 0x2, 0x1e, 0x0, 0xce,
    0x1, 0x94, 0x3, 0x8c, 0x80, 0x22, 0x0, 0xdc,
    0x1, 0xe6, 0x0, 0xff, 0xff, 0x80, 0x7f, 0xff,
    0xc0, 0x3f, 0xf8, 0x4e, 0x1, 0x18, 0x7, 0x84,
    0x2, 0x10,

    /* U+0069 "i" */
    0x0, 0x10, 0x4, 0x7d, 0xbe, 0xa1, 0xe2, 0x0,
    0xa0, 0x20, 0xc, 0x28, 0x1, 0x8, 0xad, 0x0,
    0xf4, 0x6, 0xff, 0xc, 0x3, 0xe7, 0xff, 0xa4,
    0x3c, 0x2, 0x30, 0xf, 0xff, 0xf8, 0x7, 0xff,
    0x2b, 0xc0, 0x23, 0x0,

    /* U+006A "j" */
    0x0, 0xc5, 0x9f, 0x64, 0x1, 0xde, 0x60, 0x92,
    0x1, 0xc4, 0x1, 0x20, 0x7, 0x8, 0x4, 0x40,
    0x1d, 0x40, 0x1, 0xe0, 0xe, 0x4f, 0xde, 0x30,
    0xf, 0x88, 0x3, 0xff, 0x8b, 0x3f, 0xf3, 0x80,
    0x71, 0x80, 0x5e, 0x1, 0xc6, 0x1, 0xff, 0xff,
    0x0, 0xff, 0xff, 0x80, 0x7f, 0xf1, 0xcc, 0x3,
    0xf9, 0xc0, 0x2f, 0x0, 0xcc, 0x40, 0x11, 0x3,
    0x4e, 0x48, 0x6, 0x40, 0xb6, 0x30, 0xc, 0xc2,
    0x1, 0xf2, 0xc8, 0x0, 0x40, 0x4d, 0xae, 0x80,
    0x20,

    /* U+006B "k" */
    0xbf, 0xf9, 0x40, 0x3f, 0xe7, 0x0, 0x8c, 0x3,
    0xff, 0xfe, 0x1, 0xff, 0xce, 0xbf, 0xfc, 0x20,
    0x1f, 0xd4, 0x80, 0x15, 0x88, 0x7, 0xe8, 0x50,
    0xa, 0x10, 0x3, 0xf3, 0x38, 0x4, 0xae, 0x1,
    0xf9, 0x24, 0x2, 0x2a, 0x0, 0xfc, 0x56, 0x1,
    0xf, 0x80, 0x7e, 0xec, 0x0, 0xcc, 0x40, 0x1f,
    0x9c, 0x40, 0x33, 0x0, 0x7f, 0xf0, 0xc5, 0x40,
    0x3f, 0xe7, 0x0, 0xa0, 0x3, 0xfd, 0x70, 0x40,
    0x2, 0x40, 0xf, 0xd2, 0x81, 0x40, 0x17, 0x80,
    0x7c, 0xcc, 0x0, 0x30, 0x4, 0x84, 0x1, 0xef,
    0x0, 0x85, 0x40, 0x2b, 0x0, 0xff, 0xa4, 0x2,
    0x61, 0x0, 0xff, 0x19, 0x80, 0x29, 0x0, 0xff,
    0xa8, 0x2, 0x60, 0xf, 0xf9, 0x84, 0x0, 0x2c,
    0xe0, 0x11, 0x80, 0x79, 0x80, 0x2a,

    /* U+006C "l" */
    0xbf, 0xf9, 0x5c, 0x2, 0x30, 0xf, 0xff, 0xf8,
    0x7, 0xff, 0x71, 0xc0, 0x23,

    /* U+006D "m" */
    0xbf, 0xf9, 0x41, 0xf3, 0xfd, 0xb2, 0x40, 0x11,
    0x46, 0xff, 0xb1, 0xc0, 0x27, 0x0, 0xb7, 0x50,
    0x60, 0x2, 0x6d, 0x50, 0x5d, 0x72, 0x0, 0x1c,
    0x69, 0x0, 0x73, 0x90, 0x7, 0xd4, 0xd4, 0x1,
    0xf1, 0x78, 0x7, 0xc2, 0x84, 0x1, 0xd2, 0x0,
    0x24, 0x20, 0xc, 0x4a, 0x1, 0xd1, 0xd7, 0xb6,
    0x1, 0xea, 0xdb, 0xd8, 0x0, 0xd8, 0x1, 0x91,
    0xc0, 0x24, 0x80, 0xc, 0xea, 0x1, 0x3a, 0x0,
    0x4a, 0x1, 0xb0, 0x3, 0x94, 0x3, 0x58, 0x7,
    0x60, 0x4, 0x20, 0x18, 0x40, 0x38, 0x80, 0x31,
    0x0, 0x71, 0x0, 0x7f, 0xff, 0xc0, 0x3f, 0xff,
    0xe0, 0x1f, 0xff, 0xf0, 0xf, 0xfe, 0xdb, 0x80,
    0x46, 0x1, 0xff, 0xc4, 0x10, 0x8, 0x40,

    /* U+006E "n" */
    0xbf, 0xf9, 0x46, 0x37, 0xfd, 0xb2, 0x40, 0x13,
    0x80, 0x59, 0xee, 0x40, 0x2, 0x6d, 0x60, 0xf,
    0x30, 0x80, 0x7d, 0x28, 0x1, 0xf0, 0xa2, 0x0,
    0x3a, 0x40, 0x3c, 0xdd, 0x76, 0xe2, 0x0, 0x88,
    0x80, 0x18, 0xa4, 0x2, 0x1e, 0x0, 0xce, 0x1,
    0x94, 0x3, 0x8c, 0x80, 0x22, 0x0, 0xdc, 0x1,
    0xe6, 0x0, 0xff, 0xff, 0x80, 0x7f, 0xff, 0xc0,
    0x3f, 0xf8, 0x4e, 0x1, 0x18, 0x7, 0x84, 0x2,
    0x10,

    /* U+006F "o" */
    0x0, 0xe4, 0xad, 0xff, 0x75, 0x20, 0x7, 0xe2,
    0xcb, 0x52, 0x0, 0xa, 0xde, 0x8, 0x7, 0x16,
    0x18, 0x7, 0xe3, 0xf1, 0x0, 0xde, 0x20, 0x10,
    0xa2, 0x4, 0x2, 0x1d, 0x0, 0x98, 0x80, 0x26,
    0xeb, 0xb7, 0x30, 0x4, 0x68, 0x0, 0xa0, 0x9,
    0x24, 0x3, 0x4a, 0x0, 0x5c, 0x0, 0x30, 0xb,
    0xc0, 0x3d, 0xe0, 0x12, 0x1, 0x0, 0x65, 0x0,
    0xf2, 0x80, 0x42, 0x4c, 0x1, 0x84, 0x3, 0xc2,
    0x1, 0x84, 0x3, 0x8, 0x7, 0xe1, 0x0, 0x9d,
    0xc0, 0x10, 0x80, 0x7e, 0x10, 0x9, 0xc4, 0x3,
    0x8, 0x7, 0x84, 0x3, 0x11, 0x4, 0x2, 0x50,
    0xf, 0x20, 0x4, 0x22, 0x5, 0x0, 0xbc, 0x3,
    0xd2, 0x1, 0x20, 0x3, 0x80, 0x24, 0x90, 0xd,
    0x46, 0x1, 0x70, 0x1, 0x4c, 0x2, 0x6f, 0xbb,
    0x72, 0x80, 0x48, 0x80, 0xb, 0x44, 0x3, 0x22,
    0x4, 0x2, 0x2a, 0x0, 0xc3, 0xe6, 0x1, 0xf9,
    0x30, 0x40, 0x38, 0x72, 0xd4, 0x80, 0x4, 0xb7,
    0x61, 0x0, 0x80,

    /* U+0070 "p" */
    0x8f, 0xfa, 0x1, 0xf7, 0xfd, 0xb2, 0x40, 0x18,
    0x40, 0x23, 0xd8, 0x20, 0x1, 0x36, 0xb0, 0x7,
    0xc8, 0x40, 0x1f, 0x4b, 0x0, 0x7f, 0x1a, 0x90,
    0x6, 0x92, 0x0, 0xfb, 0x31, 0x5b, 0x20, 0x1a,
    0xc0, 0x3d, 0x26, 0x1, 0x33, 0x0, 0x27, 0x0,
    0xf3, 0x0, 0x75, 0x80, 0x42, 0x40, 0x18, 0xc0,
    0x3c, 0x40, 0x19, 0xc0, 0x33, 0x80, 0x7c, 0x40,
    0x11, 0x80, 0x61, 0x0, 0xf8, 0x40, 0x21, 0x0,
    0xc2, 0x1, 0xf0, 0x80, 0x42, 0x1, 0x98, 0x3,
    0xe2, 0x0, 0x8c, 0x3, 0x10, 0x7, 0x8c, 0x3,
    0x38, 0x7, 0x38, 0x7, 0x40, 0x6, 0x20, 0xe,
    0x83, 0x0, 0x9d, 0x0, 0x25, 0x0, 0xfb, 0x31,
    0x7d, 0x0, 0x1a, 0x0, 0x3f, 0x1a, 0x8, 0x6,
    0x82, 0x0, 0xe5, 0x30, 0xf, 0xa1, 0xc0, 0x3c,
    0x79, 0x6, 0x0, 0x26, 0xd7, 0x0, 0xfe, 0x7c,
    0xff, 0x6c, 0x90, 0x7, 0xff, 0xfc, 0x3, 0xff,
    0x84, 0x20, 0x10, 0x80, 0x7f, 0xf0, 0x0,

    /* U+0071 "q" */
    0x0, 0xc2, 0xf9, 0xfe, 0xd9, 0x14, 0xff, 0xb0,
    0x2, 0x4f, 0x83, 0x0, 0x13, 0x7e, 0x80, 0x42,
    0x0, 0x3b, 0x10, 0xf, 0xb, 0x0, 0x7b, 0x80,
    0x30, 0xaa, 0x0, 0x7e, 0x52, 0x0, 0x9b, 0xaa,
    0xf8, 0x80, 0x3d, 0xc0, 0x11, 0x48, 0x4, 0x3e,
    0x1, 0xe5, 0x0, 0xa8, 0x3, 0x88, 0xc0, 0x30,
    0x88, 0x2, 0x40, 0xf, 0x20, 0x6, 0x30, 0xc,
    0x40, 0x1e, 0xe0, 0xc, 0x20, 0x18, 0x40, 0x3f,
    0xe1, 0x0, 0xc2, 0x1, 0xe1, 0x0, 0xc6, 0x1,
    0x88, 0x3, 0xde, 0x1, 0x84, 0x3, 0x20, 0x7,
    0x90, 0x3, 0x90, 0x2, 0x90, 0xe, 0x23, 0x0,
    0xed, 0x0, 0x86, 0xc0, 0x21, 0xf0, 0xf, 0x30,
    0x80, 0x49, 0xf7, 0x6e, 0x20, 0xf, 0xa8, 0x3,
    0x91, 0x0, 0x1f, 0xc9, 0x62, 0x1, 0xe1, 0x70,
    0xf, 0x93, 0xdc, 0xc0, 0x4, 0xff, 0xa0, 0x1f,
    0x86, 0x33, 0xfd, 0xb0, 0x20, 0x1f, 0xff, 0xf0,
    0xf, 0xfe, 0x78, 0x80, 0x42,

    /* U+0072 "r" */
    0xbf, 0xf9, 0x41, 0xf7, 0xfa, 0x81, 0xc0, 0x22,
    0xc8, 0x20, 0x14, 0x0, 0xe8, 0x30, 0xc, 0xa0,
    0x1f, 0xf1, 0x80, 0x7c, 0xf7, 0x69, 0xa0, 0xf,
    0x5c, 0x22, 0x18, 0x80, 0x39, 0x10, 0x1, 0xfe,
    0xc0, 0xf, 0xf8, 0x40, 0x3f, 0xff, 0xe0, 0x1f,
    0xfd, 0xc7, 0x0, 0x8c, 0x3, 0xe0,

    /* U+0073 "s" */
    0x0, 0x85, 0xef, 0xbf, 0xdb, 0x4a, 0x1, 0xe5,
    0xf8, 0x41, 0x0, 0x12, 0xd6, 0x98, 0x4, 0x94,
    0x20, 0x1f, 0x8b, 0x48, 0x1, 0x40, 0x10, 0xbd,
    0x4b, 0x0, 0x43, 0x20, 0x62, 0x0, 0x1f, 0x85,
    0x69, 0xc0, 0x9, 0x1, 0xc0, 0x22, 0x10, 0xc,
    0x6a, 0x1, 0x13, 0x0, 0x46, 0xc0, 0x1d, 0x5f,
    0xf1, 0x14, 0x1, 0x4f, 0x4a, 0x0, 0x7e, 0x90,
    0xc, 0x2d, 0x7f, 0x68, 0x1, 0xc9, 0x84, 0x1,
    0xe4, 0xbd, 0x40, 0xc, 0x7b, 0x48, 0x1, 0xe2,
    0xb5, 0x0, 0xe5, 0xbe, 0xa5, 0x0, 0xeb, 0x0,
    0xf8, 0x56, 0xbd, 0xc0, 0x21, 0x46, 0xff, 0x9c,
    0x3, 0xa0, 0xc0, 0x22, 0x30, 0xa, 0x84, 0x3,
    0x9, 0x0, 0x46, 0x80, 0x11, 0x63, 0x99, 0x9b,
    0x4, 0x2, 0x41, 0x80, 0x8, 0xa3, 0x31, 0x24,
    0x1, 0x40, 0x83, 0xc8, 0x7, 0xfa, 0x1c, 0x2,
    0x6e, 0x84, 0x10, 0x0, 0x9c, 0x73, 0x80, 0x0,

    /* U+0074 "t" */
    0x0, 0xb, 0xc4, 0x10, 0x3, 0xcb, 0xe, 0xef,
    0x0, 0xff, 0xec, 0xf7, 0xd8, 0x4, 0x9f, 0xf7,
    0x8, 0x7, 0xf0, 0x80, 0x7f, 0xd5, 0xc, 0x1,
    0x14, 0x45, 0x2a, 0xfa, 0x1, 0x33, 0xbc, 0xc0,
    0x1f, 0xff, 0xf0, 0xf, 0xfe, 0x3b, 0x0, 0x7f,
    0x89, 0x0, 0x39, 0x80, 0x35, 0xe5, 0xb8, 0x0,
    0x84, 0x3, 0x1a, 0x60, 0x5, 0x60, 0x1f, 0xe5,
    0xc6, 0x20, 0x8, 0x40,

    /* U+0075 "u" */
    0xef, 0xf8, 0x80, 0x3d, 0xbf, 0xf1, 0x88, 0x4,
    0x20, 0x1e, 0x30, 0x9, 0xc0, 0x3f, 0xff, 0xe0,
    0x1f, 0xff, 0xf0, 0xf, 0xfe, 0x13, 0x0, 0x78,
    0x40, 0x30, 0x80, 0x58, 0x1, 0xca, 0x1, 0xc4,
    0x1, 0x32, 0x0, 0x45, 0x60, 0x1d, 0x60, 0x1a,
    0xf2, 0xaf, 0x44, 0x3, 0x9c, 0x80, 0x31, 0xaa,
    0x0, 0x7e, 0xf2, 0x0, 0xf9, 0xc4, 0x3, 0x8b,
    0x65, 0x4, 0x5, 0x2e, 0xc, 0x2, 0x70,

    /* U+0076 "v" */
    0xf, 0xfc, 0xe0, 0x1e, 0x5f, 0xfc, 0x40, 0x80,
    0x15, 0x80, 0x7b, 0xc0, 0x21, 0x20, 0xd0, 0x8,
    0xc4, 0x3, 0x90, 0x2, 0x70, 0x3, 0x80, 0x64,
    0x0, 0xc6, 0x20, 0x16, 0x80, 0x4, 0xc0, 0x2f,
    0x0, 0xc8, 0x1, 0xa, 0x0, 0x56, 0x1, 0x20,
    0x6, 0xb0, 0x9, 0xc0, 0x32, 0x80, 0x42, 0x60,
    0x1, 0x30, 0xb, 0x40, 0x31, 0x10, 0x2, 0x40,
    0x2, 0x0, 0x64, 0x0, 0xe5, 0x0, 0xac, 0x1,
    0x80, 0x12, 0x80, 0x7a, 0xc0, 0x23, 0x10, 0x70,
    0xb, 0xc0, 0x3c, 0x64, 0x1, 0x21, 0x8, 0x4,
    0xa0, 0x1f, 0x28, 0x5, 0x8a, 0x1, 0x20, 0x7,
    0xeb, 0x0, 0x9e, 0xc0, 0x2d, 0x0, 0xfc, 0x62,
    0x0, 0x13, 0x0, 0x9c, 0x3, 0xf9, 0xc0, 0x3c,
    0x62, 0x1, 0xfd, 0xa0, 0x1e, 0xb0, 0xf, 0xf2,
    0x8, 0x7, 0x28, 0x7, 0xfc, 0x80, 0x18, 0x88,
    0x1, 0xff, 0x70, 0x6, 0xa0, 0xf, 0x0,

    /* U+0077 "w" */
    0xf, 0xfc, 0x60, 0x1c, 0xdf, 0xf4, 0x0, 0x7b,
    0x7f, 0xe5, 0x3, 0x0, 0x90, 0x3, 0xb4, 0x2,
    0x50, 0xe, 0x12, 0x0, 0x9c, 0x2c, 0x2, 0xc0,
    0xe, 0x40, 0x8, 0x84, 0x3, 0x38, 0x4, 0x44,
    0x4, 0x0, 0x90, 0x3, 0x18, 0x7, 0x20, 0x6,
    0xc0, 0x9, 0x40, 0x6, 0x20, 0x11, 0x80, 0x48,
    0x1, 0xd8, 0x1, 0x90, 0x2, 0xc0, 0x9, 0x0,
    0x24, 0x0, 0xb0, 0x3, 0x90, 0x2, 0x21, 0x0,
    0x90, 0x2, 0xf0, 0xb, 0x0, 0x24, 0x0, 0xe2,
    0x20, 0x1, 0x0, 0x24, 0x0, 0xc8, 0x1, 0x28,
    0x0, 0xc0, 0x24, 0x0, 0x90, 0x1, 0x80, 0x16,
    0x80, 0x61, 0x30, 0x0, 0x90, 0x58, 0x5, 0x20,
    0x16, 0x0, 0x10, 0x2, 0x40, 0xe, 0x40, 0x9,
    0x1, 0x0, 0x4, 0x43, 0x0, 0x20, 0x18, 0x80,
    0x8, 0x80, 0x1d, 0x60, 0x16, 0x1, 0x80, 0x10,
    0x2c, 0x0, 0x24, 0x80, 0x12, 0x80, 0x78, 0xc4,
    0x0, 0x88, 0x0, 0xb0, 0x10, 0x2, 0x4c, 0x0,
    0xb0, 0x3, 0xe4, 0x0, 0xf, 0x0, 0x48, 0x6,
    0x20, 0xd, 0x40, 0x9, 0x0, 0x3e, 0xc0, 0x9,
    0x40, 0x4, 0x20, 0x4, 0x0, 0x20, 0x4, 0x80,
    0x1f, 0x9c, 0x3, 0xc8, 0x1, 0x78, 0x7, 0xb4,
    0x3, 0xf0, 0x90, 0x7, 0x60, 0x4, 0x80, 0x1e,
    0x40, 0xf, 0xe5, 0x0, 0xe4, 0x0, 0x84, 0xc0,
    0x31, 0x10, 0x3, 0xfa, 0xc0, 0x31, 0x88, 0x6,
    0x40, 0xc, 0xa0, 0x1f, 0xe3, 0x10, 0x9, 0x0,
    0x3a, 0xc0, 0x35, 0x80, 0x70,

    /* U+0078 "x" */
    0xf, 0xfc, 0xc0, 0x1e, 0x2f, 0xfd, 0x1, 0x20,
    0x14, 0x88, 0x7, 0x70, 0x4, 0x32, 0xc, 0x80,
    0x15, 0x0, 0x66, 0x30, 0xa, 0xc4, 0x1, 0x20,
    0x12, 0x30, 0x0, 0x64, 0x2, 0x55, 0x0, 0x45,
    0x20, 0x14, 0x8, 0x50, 0x4, 0x36, 0x1, 0xcc,
    0x60, 0x1, 0xb5, 0x40, 0xa, 0xc4, 0x3, 0xdc,
    0x1, 0x2d, 0x0, 0x4a, 0xa0, 0xf, 0x8a, 0x0,
    0x3c, 0x36, 0x1, 0xfc, 0xe6, 0x1, 0xd6, 0x20,
    0x1f, 0xe8, 0x0, 0xc4, 0xa0, 0x1f, 0xf4, 0x0,
    0x62, 0x50, 0xf, 0xf3, 0x98, 0x7, 0x58, 0x80,
    0x7e, 0x28, 0x0, 0xf0, 0xd8, 0x7, 0xee, 0x0,
    0x87, 0x0, 0x25, 0x50, 0x7, 0x9c, 0xc0, 0x2a,
    0x38, 0x0, 0xac, 0x40, 0x31, 0x40, 0x4, 0xa8,
    0xe, 0x60, 0x1, 0xb0, 0xd, 0x20, 0x10, 0xd8,
    0x5, 0xc0, 0x12, 0xa8, 0x0, 0xc8, 0x1, 0x58,
    0x80, 0x44, 0xe0, 0x15, 0x88, 0x40, 0x4, 0xaa,
    0x0, 0xe8, 0x30, 0x0, 0xc8,

    /* U+0079 "y" */
    0x2f, 0xfc, 0x40, 0x1e, 0x7f, 0xfa, 0xc8, 0x80,
    0x12, 0x80, 0x7a, 0xc0, 0x2c, 0x5, 0x0, 0xb0,
    0x3, 0xc6, 0x1, 0x28, 0x58, 0x4, 0x80, 0x1c,
    0xa0, 0x11, 0x10, 0xc, 0x40, 0x24, 0x0, 0xd8,
    0x1, 0x50, 0x4, 0xe0, 0x16, 0x80, 0x64, 0x0,
    0x94, 0x2, 0xa0, 0x9, 0x0, 0x22, 0x20, 0x0,
    0x88, 0x1, 0x18, 0x80, 0x8, 0x80, 0x4, 0x0,
    0x94, 0x3, 0x9c, 0x2, 0x40, 0x6, 0x80, 0x54,
    0x1, 0xda, 0x1, 0x68, 0x1, 0x0, 0x4, 0x40,
    0xe, 0x41, 0x0, 0x20, 0x20, 0x4, 0xa0, 0x1f,
    0x38, 0x4, 0x98, 0x1, 0x50, 0x7, 0xda, 0x1,
    0x62, 0x80, 0x8, 0x80, 0x1f, 0x20, 0x80, 0x18,
    0x80, 0xa, 0x1, 0xfc, 0xe0, 0x1, 0x0, 0xac,
    0x3, 0xfb, 0x40, 0x38, 0x8c, 0x3, 0xf9, 0x4,
    0x3, 0x28, 0x7, 0xfc, 0x80, 0x1a, 0xc0, 0x3f,
    0xef, 0x0, 0x84, 0xc0, 0x3f, 0xe2, 0x0, 0x98,
    0x3, 0xff, 0x81, 0x20, 0x15, 0x80, 0x7f, 0xd2,
    0x20, 0x3, 0x30, 0x7, 0xc5, 0x13, 0xac, 0x1,
    0x48, 0x7, 0xe4, 0x76, 0x20, 0x8, 0xd4, 0x3,
    0xff, 0x84, 0x7a, 0x1, 0xfc, 0x60, 0x2, 0x5a,
    0xc1, 0x0, 0xfc,

    /* U+007A "z" */
    0xcf, 0xff, 0xfe, 0x8, 0x88, 0x3, 0xff, 0x82,
    0x60, 0x1f, 0xfc, 0x37, 0x22, 0xfc, 0x1, 0xc7,
    0x5b, 0xbf, 0x40, 0x6, 0x61, 0x0, 0xf8, 0xa8,
    0x2, 0x49, 0x0, 0xf8, 0x7c, 0x2, 0x2a, 0x0,
    0xfd, 0xa4, 0x0, 0x1f, 0x10, 0xf, 0xa4, 0xc0,
    0x2a, 0x20, 0xf, 0x99, 0x80, 0x14, 0xa0, 0x7,
    0xc9, 0x20, 0x13, 0x30, 0x3, 0xe2, 0xa0, 0x9,
    0x24, 0x3, 0xf7, 0x88, 0x0, 0xa8, 0x3, 0xf5,
    0x90, 0x5, 0xe2, 0x1, 0xf4, 0x20, 0x5, 0x64,
    0x1, 0xf9, 0xc0, 0x34, 0xee, 0xfe, 0x20, 0xe,
    0x22, 0xfe, 0x60, 0xf, 0xfe, 0x18, 0x80, 0x7f,
    0xf0, 0x5c,

    /* U+007B "{" */
    0x0, 0xcd, 0x9f, 0xf9, 0x40, 0x28, 0x93, 0x0,
    0xc6, 0x1, 0x38, 0x7, 0xf1, 0x80, 0x72, 0x2a,
    0x80, 0xe, 0x1, 0xaa, 0xe8, 0xc0, 0x3e, 0x50,
    0xf, 0xe1, 0x0, 0xff, 0xf8, 0x88, 0x7, 0xfb,
    0x40, 0x22, 0x0, 0xe3, 0x60, 0x9, 0x80, 0x34,
    0xe0, 0x80, 0x52, 0x1, 0x94, 0x3, 0x51, 0x80,
    0x7f, 0x68, 0x7, 0x50, 0x80, 0x4e, 0x80, 0x19,
    0xbc, 0x80, 0x2e, 0x0, 0xe1, 0xa0, 0x9, 0xc0,
    0x3c, 0x40, 0x11, 0x80, 0x78, 0x40, 0x3f, 0xff,
    0x22, 0x1, 0xff, 0x28, 0x7, 0x38, 0x6, 0xac,
    0xa3, 0x0, 0x18, 0x7, 0x1a, 0xa8, 0x2, 0x70,
    0xf, 0xf4, 0x49, 0x80, 0x63,

    /* U+007C "|" */
    0x7b, 0xb9, 0x75, 0x12, 0xd0, 0xf, 0xff, 0xf8,
    0x7, 0xff, 0xd4, 0xc0, 0x2f,

    /* U+007D "}" */
    0xbf, 0xfb, 0xa8, 0x80, 0x33, 0x80, 0x42, 0xba,
    0x40, 0x1f, 0xeb, 0x0, 0xad, 0x48, 0x3, 0x20,
    0x4, 0xf5, 0xa8, 0x1, 0x18, 0x7, 0xb8, 0x3,
    0xfc, 0x20, 0x1f, 0xff, 0x91, 0x0, 0xf3, 0x80,
    0x61, 0x0, 0xe3, 0x0, 0xd6, 0x1, 0xe6, 0x0,
    0x97, 0xd0, 0x3, 0x4a, 0x80, 0x62, 0x0, 0xc4,
    0xe0, 0x1f, 0xd2, 0x40, 0x11, 0xa0, 0x4, 0x28,
    0x1, 0x3e, 0x10, 0x4, 0x40, 0x1a, 0x0, 0x39,
    0xc0, 0x21, 0x0, 0xff, 0xfe, 0x8, 0x7, 0xfb,
    0x80, 0x3e, 0x7b, 0xd4, 0x0, 0x8c, 0x2, 0xb4,
    0x20, 0xc, 0x80, 0x1f, 0xeb, 0x0, 0x9c, 0x2,
    0x15, 0xd2, 0x0, 0x80,

    /* U+007E "~" */
    0x0, 0x96, 0x6a, 0x8, 0x3, 0x84, 0x3, 0x16,
    0xd3, 0x2b, 0xed, 0x90, 0x0, 0x77, 0x90, 0x7,
    0x8, 0x3, 0x93, 0x75, 0x7e, 0x63, 0x6d, 0x2,
    0x1, 0xf8, 0x90, 0x40, 0x24, 0xa1, 0x4, 0xdf,
    0xc6, 0x0, 0xfa, 0xc8, 0xfa, 0x2c, 0x80, 0xe7,
    0x9c, 0x80, 0x5b, 0x50, 0x0,

    /* U+00B0 "°" */
    0x0, 0x86, 0x37, 0xfa, 0xd4, 0x3, 0x8f, 0xdc,
    0x80, 0x52, 0xa8, 0x1, 0xe, 0x88, 0x0, 0x84,
    0x0, 0xb4, 0x0, 0xb1, 0x4, 0xed, 0xeb, 0x10,
    0x53, 0x5, 0x1, 0xb1, 0x0, 0x24, 0x0, 0x28,
    0x80, 0x8, 0x1, 0xce, 0x0, 0x20, 0xf, 0xfe,
    0x9, 0x0, 0x10, 0x40, 0x33, 0x80, 0x8, 0x18,
    0x7, 0x48, 0x0, 0xb2, 0x0, 0xa0, 0x81, 0x3,
    0xdd, 0x7d, 0x0, 0x18, 0xc0, 0x74, 0x40, 0x4,
    0x1, 0x2c, 0x80, 0x47, 0xee, 0x40, 0x29, 0x54,
    0x0, 0x0,

    /* U+00E4 "ä" */
    0x0, 0x9f, 0xb8, 0xe0, 0x14, 0xf6, 0xa8, 0x6,
    0x58, 0x11, 0x41, 0x83, 0xb0, 0x95, 0x8, 0x5,
    0xa0, 0x19, 0x3, 0x0, 0x32, 0x80, 0x5c, 0x1,
    0x8c, 0xc, 0x3, 0x30, 0x4, 0xc8, 0x0, 0x54,
    0x9, 0x30, 0x4, 0x10, 0x6, 0xbe, 0xe5, 0x0,
    0x7, 0x37, 0x9c, 0x3, 0xc2, 0x20, 0xe, 0x21,
    0x0, 0xff, 0xe5, 0xad, 0x6f, 0xfb, 0xad, 0x84,
    0x3, 0x8b, 0x29, 0x48, 0x0, 0x29, 0x3e, 0xc0,
    0x11, 0x69, 0x80, 0x7e, 0x19, 0x60, 0x7, 0x0,
    0x72, 0x20, 0xc0, 0x34, 0x91, 0xc, 0x2, 0x4e,
    0xbb, 0x66, 0x88, 0x5, 0x66, 0xea, 0x65, 0x42,
    0x1, 0x14, 0x80, 0x44, 0x31, 0x59, 0xa2, 0x1,
    0xc4, 0x1, 0x30, 0x4, 0x4f, 0x7b, 0xdd, 0xa8,
    0x3, 0xd1, 0xb0, 0x84, 0x23, 0x80, 0x3d, 0x2e,
    0x1, 0xff, 0xc1, 0x36, 0x0, 0x8e, 0xbb, 0xfe,
    0xa0, 0xd, 0x40, 0x11, 0xe2, 0x88, 0x7, 0xe5,
    0x0, 0xa8, 0x3, 0xc6, 0x1, 0x84, 0x2, 0x10,
    0xf, 0x68, 0x6, 0x60, 0xa, 0x80, 0x3a, 0x10,
    0x3, 0x60, 0x4, 0x5d, 0xd, 0x1a, 0xe0, 0x1c,
    0xc2, 0x1, 0xb, 0xcb, 0x90, 0x7, 0x87, 0x44,
    0x3, 0xe2, 0x70, 0xe, 0x3f, 0x83, 0x0, 0xa,
    0x4e, 0xe0, 0x4, 0x20,

    /* U+F048 "" */
    0x6, 0x77, 0x8c, 0x3, 0xff, 0x84, 0xca, 0x0,
    0x49, 0x88, 0xbc, 0x3, 0xff, 0x80, 0x3b, 0x35,
    0x80, 0x1f, 0xfc, 0x62, 0xf2, 0x0, 0x19, 0x0,
    0x7f, 0xf1, 0xf, 0x4, 0x3, 0x8, 0x7, 0xff,
    0xc, 0xf0, 0x40, 0x3f, 0xf9, 0x9, 0x80, 0x1f,
    0xfc, 0x95, 0xb0, 0xf, 0xfe, 0x4b, 0xd0, 0x7,
    0xff, 0x26, 0x20, 0x1, 0xff, 0xc9, 0x97, 0x0,
    0xff, 0xe4, 0xd3, 0x0, 0x7f, 0xf2, 0x6d, 0x40,
    0x3f, 0xf9, 0x3, 0x88, 0x1, 0xff, 0xc8, 0x1c,
    0x30, 0xf, 0xfe, 0x49, 0x10, 0x3, 0xff, 0xfe,
    0x1, 0xff, 0xdf, 0x37, 0x0, 0xff, 0xe5, 0xc4,
    0x0, 0x3f, 0xf9, 0x6f, 0x20, 0x1f, 0xfc, 0xb6,
    0xa0, 0xf, 0xfe, 0x5a, 0xd8, 0x7, 0xff, 0x2d,
    0x30, 0x40, 0x3f, 0xf9, 0x47, 0x82, 0x1, 0xff,
    0xca, 0x2f, 0x20, 0xf, 0xfe, 0x50, 0xe1, 0x80,
    0x7f, 0xf2, 0x87, 0x10, 0x3, 0xff, 0x97, 0x6a,
    0x1, 0xff, 0xcb, 0xa6, 0x0, 0xc4, 0xc0, 0x19,
    0x80, 0x3f, 0xf8, 0x13, 0x0, 0x9, 0x12, 0xff,
    0xd4, 0x1, 0xff, 0xc1, 0x7f, 0xf3, 0x0,

    /* U+F04B "" */
    0x0, 0x2b, 0xa0, 0x7, 0xff, 0x3c, 0xb6, 0xa2,
    0xf0, 0x80, 0x3f, 0xf9, 0xb2, 0x40, 0x11, 0xec,
    0x88, 0x7, 0xff, 0x2d, 0x0, 0x3c, 0xde, 0xc0,
    0x1f, 0xfd, 0x21, 0x9c, 0x30, 0xf, 0xfe, 0x91,
    0xe4, 0x88, 0x7, 0xff, 0x49, 0xb9, 0x80, 0x3f,
    0xfa, 0x73, 0xa8, 0x1, 0xff, 0xd2, 0x2b, 0xa1,
    0x0, 0xff, 0xe9, 0x2f, 0x38, 0x7, 0xff, 0x4e,
    0x35, 0x0, 0x3f, 0xfa, 0x45, 0x76, 0x20, 0xf,
    0xfe, 0x92, 0x6c, 0x0, 0x7f, 0xf4, 0xdf, 0x94,
    0x3, 0xff, 0xa4, 0x35, 0x84, 0x1, 0xff, 0xd2,
    0x3d, 0x90, 0xf, 0xfe, 0x9b, 0x60, 0x7, 0xff,
    0x4c, 0xd4, 0x3, 0xff, 0xa6, 0x40, 0x1f, 0xfd,
    0x32, 0x0, 0xff, 0xe9, 0x1a, 0x80, 0x7f, 0xf4,
    0x5f, 0x0, 0x3f, 0xfa, 0x9, 0xb0, 0x1, 0xff,
    0xcf, 0x1a, 0xb2, 0x0, 0xff, 0xe7, 0xbf, 0x28,
    0x7, 0xff, 0x3d, 0x36, 0x0, 0x3f, 0xf9, 0xe5,
    0x76, 0x20, 0xf, 0xfe, 0x7c, 0x6a, 0x0, 0x7f,
    0xf3, 0xd7, 0x9c, 0x3, 0xff, 0x9e, 0x57, 0x42,
    0x1, 0xff, 0xcf, 0x9d, 0x40, 0xf, 0xfe, 0x7b,
    0x73, 0x0, 0x7f, 0xf3, 0xcf, 0x24, 0x40, 0x3f,
    0xf9, 0xc3, 0x38, 0x60, 0x1f, 0xfc, 0x84, 0x0,
    0xf3, 0x7b, 0x0, 0x7f, 0xf2, 0xa8, 0x80, 0x23,
    0xd9, 0x10, 0xf, 0xfe, 0x58, 0xed, 0x45, 0xe1,
    0x0, 0x7f, 0xf3, 0x40,

    /* U+F04C "" */
    0x0, 0x23, 0xbf, 0xcc, 0x40, 0x1f, 0x91, 0xdf,
    0xe6, 0x20, 0x0, 0xe5, 0xc4, 0x7d, 0x3a, 0xc0,
    0x1c, 0x39, 0x71, 0x1f, 0x4e, 0xb0, 0x59, 0x80,
    0x7f, 0xa4, 0x80, 0x35, 0x98, 0x7, 0xfa, 0x49,
    0x0, 0x3f, 0xf8, 0x8, 0x1, 0x90, 0x3, 0xff,
    0x80, 0x82, 0x1, 0xff, 0xc0, 0xe0, 0xc, 0x20,
    0x1f, 0xfc, 0xe, 0x0, 0xff, 0xff, 0x80, 0x7f,
    0xff, 0xc0, 0x3f, 0xff, 0xe0, 0x1f, 0xff, 0xf0,
    0xf, 0xff, 0xf8, 0x7, 0xff, 0xfc, 0x3, 0xff,
    0xfe, 0x1, 0xff, 0xff, 0x0, 0xff, 0xff, 0x80,
    0x7f, 0xff, 0xbc, 0x3, 0xff, 0x8b, 0xe4, 0x1,
    0xff, 0xc0, 0x20, 0xc, 0x40, 0x1f, 0xfc, 0x2,
    0xb0, 0xf, 0xf8, 0x94, 0x3, 0x58, 0x7, 0xfc,
    0x4a, 0xd2, 0x20, 0x1f, 0x93, 0x0, 0x39, 0xa4,
    0x40, 0x3f, 0x26, 0x0, 0x1b, 0xbf, 0xff, 0x58,
    0x80, 0x79, 0xbb, 0xff, 0xf5, 0x88, 0x0,

    /* U+F04D "" */
    0x0, 0x23, 0xbf, 0xff, 0x35, 0x88, 0x0, 0x39,
    0x71, 0x1f, 0xfc, 0xd9, 0xd6, 0xb, 0x30, 0xf,
    0xfe, 0x84, 0x92, 0x0, 0x7f, 0xf4, 0x90, 0x40,
    0x3f, 0xfa, 0x5c, 0x1, 0xff, 0xff, 0x0, 0xff,
    0xff, 0x80, 0x7f, 0xff, 0xc0, 0x3f, 0xff, 0xe0,
    0x1f, 0xff, 0xf0, 0xf, 0xff, 0xf8, 0x7, 0xff,
    0xfc, 0x3, 0xff, 0xfe, 0x1, 0xff, 0xff, 0x0,
    0xff, 0xff, 0x80, 0x7f, 0xf1, 0x7c, 0x80, 0x3f,
    0xfa, 0x45, 0x60, 0x1f, 0xfd, 0x12, 0x56, 0x91,
    0x0, 0xff, 0xe7, 0x26, 0x0, 0x1b, 0xbf, 0xff,
    0xf9, 0xd6, 0x20,

    /* U+F051 "" */
    0x1, 0x65, 0x0, 0xff, 0xe1, 0x2b, 0xbc, 0x85,
    0xf3, 0x54, 0x0, 0xff, 0xe0, 0xd4, 0x45, 0x6a,
    0x20, 0x5, 0xb0, 0xf, 0xf8, 0x40, 0x3b, 0xc0,
    0x32, 0x60, 0x80, 0x7f, 0xf2, 0x4f, 0x4, 0x3,
    0xff, 0x92, 0x58, 0x40, 0x1f, 0xfc, 0x92, 0xc3,
    0x0, 0xff, 0xe4, 0x8e, 0x20, 0x7, 0xff, 0x2a,
    0xd4, 0x3, 0xff, 0x95, 0x4c, 0x1, 0xff, 0xca,
    0x97, 0x0, 0xff, 0xe5, 0x44, 0x0, 0x3f, 0xf9,
    0x4f, 0x40, 0x1f, 0xfc, 0xa5, 0xa0, 0xf, 0xfe,
    0x52, 0x0, 0x7f, 0xff, 0xc0, 0x3f, 0xfb, 0x74,
    0x1, 0xff, 0xc8, 0x1c, 0x40, 0xf, 0xfe, 0x38,
    0xe1, 0x80, 0x7f, 0xf1, 0xcb, 0xc8, 0x3, 0xff,
    0x8e, 0x78, 0x20, 0x1f, 0xfc, 0x74, 0xc1, 0x0,
    0xff, 0xe3, 0xa5, 0x80, 0x7f, 0xf2, 0x1a, 0xc0,
    0x3f, 0xf9, 0xf, 0x20, 0x1f, 0xfc, 0x88, 0x80,
    0x7, 0xff, 0xb, 0xc0, 0x3a, 0x5c, 0x3, 0xff,
    0x86, 0x40, 0x1a, 0x98, 0x3, 0xff, 0x88, 0xaa,
    0x1, 0xb5, 0x0, 0xff, 0x84, 0x40, 0x11, 0x5,
    0x7f, 0x20, 0x7, 0xff, 0x7, 0xbf, 0xed,

    /* U+F053 "" */
    0x0, 0xff, 0xe1, 0xc5, 0xa0, 0x7, 0xff, 0x12,
    0x9d, 0x2d, 0x40, 0x3f, 0xf8, 0x54, 0xa0, 0x15,
    0x18, 0x7, 0xff, 0x2, 0x94, 0x3, 0xac, 0x3,
    0xfe, 0xa5, 0x0, 0xf5, 0x80, 0x7f, 0xa9, 0x40,
    0x3d, 0x66, 0x1, 0xfd, 0x4a, 0x1, 0xeb, 0x40,
    0xf, 0xea, 0x50, 0xf, 0x5a, 0x0, 0x7f, 0x52,
    0x80, 0x7a, 0xd0, 0x3, 0xfa, 0x94, 0x3, 0xd6,
    0x80, 0x1f, 0xd4, 0xa0, 0x1e, 0xb4, 0x0, 0xfe,
    0xa5, 0x0, 0xf5, 0xa0, 0x7, 0xf5, 0x28, 0x7,
    0xad, 0x0, 0x3f, 0xa9, 0x40, 0x3d, 0x68, 0x1,
    0xfd, 0x4a, 0x1, 0xeb, 0x40, 0xf, 0xf2, 0x80,
    0x7a, 0x10, 0x3, 0xfe, 0x50, 0xf, 0x41, 0x80,
    0x7f, 0xd4, 0x80, 0x1e, 0xc3, 0x0, 0xff, 0xad,
    0x0, 0x3d, 0x86, 0x1, 0xff, 0x5a, 0x0, 0x7b,
    0xc, 0x3, 0xfe, 0xb4, 0x0, 0xf6, 0x18, 0x7,
    0xfd, 0x68, 0x1, 0xec, 0x30, 0xf, 0xfa, 0xd0,
    0x3, 0xd8, 0x60, 0x1f, 0xf5, 0xa0, 0x7, 0xb0,
    0xc0, 0x3f, 0xeb, 0x40, 0xf, 0x61, 0x80, 0x7f,
    0xd6, 0x80, 0x1e, 0xc3, 0x0, 0xff, 0xad, 0x0,
    0x3d, 0x84, 0x1, 0xff, 0x5a, 0x0, 0x7a, 0x80,
    0x3f, 0xf8, 0x16, 0x80, 0x1d, 0x60, 0x1f, 0xfc,
    0x1b, 0x40, 0xa, 0x8c, 0x3, 0xff, 0x85, 0x6c,
    0x74, 0xa0,

    /* U+F067 "" */
    0x0, 0xff, 0xe0, 0x8a, 0xac, 0x60, 0x1f, 0xfc,
    0xe2, 0xfa, 0xab, 0x20, 0x3, 0xff, 0x9b, 0x42,
    0x1, 0x9c, 0x3, 0xff, 0x9a, 0x40, 0x1e, 0x20,
    0xf, 0xff, 0xf8, 0x7, 0xff, 0xfc, 0x3, 0xff,
    0xfe, 0x1, 0xff, 0xff, 0x2c, 0xff, 0xff, 0x28,
    0x7, 0xb7, 0xff, 0xfb, 0xa0, 0x38, 0xc0, 0x3f,
    0xf9, 0xe2, 0xe8, 0x60, 0x1f, 0xfd, 0x23, 0x0,
    0xff, 0xe9, 0xf8, 0x7, 0xff, 0x4f, 0xd0, 0x3,
    0xff, 0xa4, 0x94, 0xc6, 0x7f, 0xe1, 0x0, 0xf1,
    0x9f, 0xf9, 0x28, 0xc6, 0x73, 0x3f, 0xc8, 0x1,
    0xee, 0xcc, 0xfe, 0xb5, 0x0, 0xff, 0xff, 0x80,
    0x7f, 0xff, 0xc0, 0x3f, 0xff, 0xe0, 0x1f, 0xfe,
    0x3, 0x0, 0xf1, 0x80, 0x7f, 0xf3, 0x38, 0x3,
    0xc2, 0x1, 0xff, 0xcc, 0x73, 0x0, 0xd4, 0x1,
    0xff, 0xce, 0xce, 0xdd, 0x7a, 0x80, 0x7f, 0xf0,
    0x40,

    /* U+F068 "" */
    0x19, 0xcc, 0xff, 0xe7, 0xda, 0x85, 0x31, 0x9f,
    0xff, 0x3d, 0x28, 0xd0, 0x3, 0xff, 0xa4, 0x80,
    0x1f, 0xfd, 0x3f, 0x0, 0xff, 0xe9, 0xf9, 0x80,
    0x7f, 0xf4, 0x8f, 0x8c, 0x3, 0xff, 0x9e, 0x30,
    0x80,

    /* U+F06E "" */
    0x0, 0xff, 0xe1, 0x1b, 0xd6, 0xf7, 0xfb, 0xb6,
    0xe1, 0x44, 0x3, 0xff, 0x9a, 0x51, 0xd9, 0xa,
    0x42, 0x0, 0x12, 0x47, 0xae, 0xb5, 0x0, 0xff,
    0xe4, 0x95, 0xeb, 0x88, 0x7, 0xff, 0x5, 0x2b,
    0x54, 0x3, 0xff, 0x8d, 0x3a, 0x80, 0x1e, 0x37,
    0x89, 0x75, 0x10, 0xe, 0x2a, 0xc2, 0x0, 0xff,
    0xe1, 0x16, 0xb0, 0x7, 0x9f, 0xb2, 0x1d, 0xa2,
    0xba, 0x88, 0x3, 0x8f, 0x58, 0x3, 0xff, 0x80,
    0xba, 0x40, 0x1c, 0x5b, 0x2, 0x1, 0xf2, 0xea,
    0x80, 0x7a, 0x68, 0x3, 0xfc, 0xb4, 0x1, 0xe2,
    0xc2, 0x0, 0x85, 0x14, 0xc0, 0x35, 0x30, 0x7,
    0x96, 0x80, 0x3f, 0x2d, 0x0, 0x78, 0x7c, 0x40,
    0x31, 0x5d, 0x67, 0xc0, 0x5, 0x28, 0x1, 0xe5,
    0xb0, 0xf, 0x1d, 0x0, 0x7d, 0x24, 0x1, 0xc6,
    0x20, 0x13, 0xe0, 0x80, 0x28, 0x3, 0xe4, 0x80,
    0xc, 0x3c, 0x1, 0xf0, 0xb8, 0x7, 0xc2, 0x1,
    0x8e, 0x80, 0x2, 0xc0, 0x1f, 0x3a, 0x80, 0x50,
    0x40, 0x1f, 0x38, 0x7, 0xca, 0x1, 0xe4, 0x50,
    0x5, 0x0, 0x7e, 0xb1, 0x3, 0x60, 0xf, 0xd8,
    0x0, 0x11, 0x0, 0x12, 0xc0, 0x3e, 0xe0, 0x1,
    0x80, 0x7e, 0x18, 0xf, 0x0, 0xfe, 0x60, 0x3,
    0xf6, 0x75, 0x88, 0x7, 0xca, 0x1, 0x10, 0x7,
    0xe6, 0x23, 0x0, 0xfe, 0x10, 0x0, 0x81, 0x88,
    0x7, 0xf0, 0x80, 0x42, 0x1, 0xfc, 0xc6, 0x1,
    0xfc, 0x20, 0x1, 0x0, 0xff, 0xe0, 0x8, 0x4,
    0x20, 0x1f, 0xcd, 0xe0, 0x1f, 0xcc, 0x0, 0x40,
    0xf, 0xfe, 0x2, 0x0, 0x44, 0x1, 0xf9, 0x88,
    0xd4, 0x3, 0xf6, 0x0, 0x9, 0x0, 0x3f, 0xe9,
    0x0, 0x18, 0x7, 0xe1, 0x90, 0x5, 0x8, 0x7,
    0xce, 0x1, 0x50, 0x80, 0x7f, 0x39, 0x80, 0x28,
    0x3, 0xf5, 0x80, 0x6d, 0x0, 0xf8, 0x5c, 0x0,
    0x38, 0x20, 0x1f, 0x34, 0x0, 0x5, 0x80, 0x3e,
    0x75, 0x0, 0xc7, 0x40, 0x1f, 0x49, 0x0, 0xb,
    0x9c, 0x40, 0x24, 0xb9, 0x0, 0xa8, 0x3, 0xe4,
    0x80, 0xf, 0x2c, 0x80, 0x78, 0x7c, 0x40, 0x28,
    0xee, 0xbe, 0xd0, 0x2, 0x94, 0x0, 0xf2, 0xd8,
    0x7, 0xe6, 0xa0, 0xf, 0x16, 0x10, 0x6, 0x11,
    0x0, 0x75, 0x30, 0x7, 0x96, 0x80, 0x3f, 0xcb,
    0x84, 0x1, 0xc5, 0xb0, 0x20, 0x1f, 0x2e, 0xa8,
    0x7, 0xa6, 0x80, 0x3f, 0xf8, 0x7, 0xac, 0x1,
    0xe7, 0xec, 0x86, 0x63, 0xd7, 0x51, 0x0, 0x71,
    0xeb, 0x0, 0x7f, 0xf0, 0xe7, 0x50, 0x3, 0xc6,
    0xf3, 0x28, 0x51, 0x0, 0xe2, 0xac, 0x20, 0xf,
    0xfe, 0x29, 0x5e, 0xb0, 0x80, 0x7f, 0xf0, 0x52,
    0xb5, 0x40, 0x3f, 0xf9, 0x25, 0x3d, 0x90, 0xa4,
    0x20, 0x1, 0x24, 0x7a, 0xeb, 0x50, 0xf, 0xfe,
    0x0,

    /* U+F077 "" */
    0x0, 0xff, 0xe1, 0x1e, 0x48, 0x7, 0xff, 0x41,
    0x30, 0xda, 0xc0, 0x3f, 0xf9, 0xc9, 0x60, 0x12,
    0x58, 0x7, 0xff, 0x31, 0x2c, 0x3, 0x92, 0xc0,
    0x3f, 0xf9, 0x49, 0x60, 0x1f, 0x25, 0x80, 0x7f,
    0xf2, 0x12, 0xc0, 0x3f, 0x92, 0xc0, 0x3f, 0xf8,
    0xc9, 0x60, 0x1f, 0xf2, 0x58, 0x7, 0xff, 0x11,
    0x2c, 0x3, 0xc8, 0x1, 0xe4, 0xb0, 0xf, 0xfe,
    0x12, 0x58, 0x7, 0x96, 0xf0, 0x3, 0xc9, 0x60,
    0x1f, 0xfc, 0x4, 0xb0, 0xf, 0x2d, 0x1, 0xe0,
    0x7, 0x92, 0xc0, 0x3f, 0xc9, 0x60, 0x1e, 0x5a,
    0x0, 0x8f, 0x0, 0x3c, 0x96, 0x1, 0xf9, 0x2c,
    0x3, 0xcb, 0x40, 0x1c, 0x78, 0x1, 0xe4, 0xb0,
    0xf, 0x25, 0x80, 0x79, 0x28, 0x3, 0xe3, 0xc0,
    0xf, 0x25, 0x80, 0x64, 0xb0, 0xf, 0x25, 0x80,
    0x7f, 0x1e, 0x0, 0x79, 0x2c, 0x0, 0x76, 0x1,
    0xe4, 0xb0, 0xf, 0xf8, 0xf0, 0x3, 0xc9, 0x41,
    0x60, 0x1e, 0x4b, 0x0, 0xff, 0xe0, 0x9e, 0x0,
    0x79, 0x42, 0xc0, 0x39, 0x2c, 0x3, 0xff, 0x86,
    0x78, 0x1, 0xc8, 0x7, 0x40, 0x12, 0x58, 0x7,
    0xff, 0x14, 0xf0, 0x2, 0x3b, 0x0, 0x2d, 0x9b,
    0x58, 0x7, 0xff, 0x1c, 0xf1, 0x1b, 0x0, 0x0,

    /* U+F078 "" */
    0x0, 0x26, 0x48, 0x7, 0xff, 0x24, 0xf2, 0x40,
    0x32, 0xd9, 0xb5, 0x80, 0x7f, 0xf1, 0xcf, 0xd,
    0xb0, 0x0, 0x74, 0x1, 0x25, 0x80, 0x7f, 0xf1,
    0x4f, 0x0, 0x23, 0xb0, 0xb0, 0xe, 0x4b, 0x0,
    0xff, 0xe1, 0x9e, 0x0, 0x72, 0x5, 0x80, 0x79,
    0x2c, 0x3, 0xff, 0x82, 0x98, 0x1, 0xe5, 0x3,
    0xb0, 0xf, 0x25, 0x80, 0x7f, 0xc9, 0x60, 0x1e,
    0x4a, 0x0, 0x25, 0x80, 0x79, 0x2c, 0x3, 0xf9,
    0x2c, 0x3, 0xc9, 0x60, 0x19, 0x2c, 0x3, 0xc9,
    0x60, 0x1f, 0x25, 0x80, 0x79, 0x2c, 0x3, 0xc9,
    0x60, 0x1e, 0x4b, 0x0, 0xe4, 0xb0, 0xf, 0x25,
    0x80, 0x7e, 0x4b, 0x0, 0xf2, 0x58, 0x4, 0x96,
    0x1, 0xe4, 0xb0, 0xf, 0xf2, 0x58, 0x7, 0x92,
    0xc1, 0x2c, 0x3, 0xc9, 0x60, 0x1f, 0xfc, 0x4,
    0xb0, 0xf, 0x26, 0x58, 0x7, 0x92, 0xc0, 0x3f,
    0xf8, 0x49, 0x60, 0x1e, 0x30, 0xf, 0x25, 0x80,
    0x7f, 0xf1, 0x12, 0xc0, 0x3f, 0xe4, 0xb0, 0xf,
    0xfe, 0x32, 0x58, 0x7, 0xf2, 0x58, 0x7, 0xff,
    0x21, 0x2c, 0x3, 0xe4, 0xb0, 0xf, 0xfe, 0x52,
    0x58, 0x7, 0x25, 0x80, 0x7f, 0xf3, 0x12, 0xc0,
    0x24, 0xb0, 0xf, 0xfe, 0x72, 0x61, 0xb5, 0x80,
    0x7f, 0xf0, 0x80,

    /* U+F8A2 "" */
    0x0, 0xff, 0xeb, 0x1b, 0x80, 0x7f, 0xf5, 0x8f,
    0x20, 0x40, 0x3f, 0xfa, 0x87, 0x80, 0x1f, 0xfd,
    0x63, 0xc0, 0xf, 0xfe, 0x8, 0x80, 0x7f, 0xf2,
    0xf, 0x0, 0x3f, 0xf8, 0x35, 0xda, 0x20, 0x1f,
    0xfc, 0x6b, 0x0, 0xff, 0xe0, 0xda, 0x81, 0x28,
    0x7, 0xff, 0x48, 0x71, 0x0, 0x21, 0x0, 0xff,
    0xe8, 0x8e, 0x18, 0x7, 0xff, 0x54, 0xbc, 0x80,
    0x3f, 0xfa, 0xa7, 0x82, 0x1, 0xff, 0xd5, 0x3c,
    0x10, 0xf, 0xab, 0xff, 0xff, 0x8c, 0xe0, 0x1e,
    0x4c, 0x0, 0xff, 0xeb, 0xc8, 0x7, 0xff, 0x61,
    0x80, 0x3f, 0xfb, 0x14, 0x40, 0x1f, 0xfd, 0x51,
    0x1b, 0xc, 0x3, 0xf1, 0xaa, 0xff, 0xf2, 0xf4,
    0x0, 0x38, 0x80, 0x1f, 0x4d, 0x57, 0xff, 0x2c,
    0xc0, 0x35, 0xa0, 0x7, 0xff, 0x62, 0xd4, 0x3,
    0xff, 0xb1, 0x4c, 0x1, 0xff, 0xd8, 0x98, 0x0,
    0x84, 0x3, 0xff, 0xa8, 0xf2, 0x4c, 0x80, 0x1f,
    0xfc, 0xd0
};


/*---------------------
 *  GLYPH DESCRIPTION
 *--------------------*/

static const lv_font_fmt_txt_glyph_dsc_t glyph_dsc[] = {
    {.bitmap_index = 0, .adv_w = 0, .box_w = 0, .box_h = 0, .ofs_x = 0, .ofs_y = 0} /* id = 0 reserved */,
    {.bitmap_index = 0, .adv_w = 115, .box_w = 0, .box_h = 0, .ofs_x = 0, .ofs_y = 0},
    {.bitmap_index = 0, .adv_w = 193, .box_w = 6, .box_h = 26, .ofs_x = 3, .ofs_y = 0},
    {.bitmap_index = 51, .adv_w = 187, .box_w = 12, .box_h = 9, .ofs_x = 0, .ofs_y = 17},
    {.bitmap_index = 97, .adv_w = 390, .box_w = 21, .box_h = 25, .ofs_x = 2, .ofs_y = 0},
    {.bitmap_index = 282, .adv_w = 327, .box_w = 18, .box_h = 32, .ofs_x = 1, .ofs_y = -3},
    {.bitmap_index = 489, .adv_w = 480, .box_w = 26, .box_h = 26, .ofs_x = 2, .ofs_y = 0},
    {.bitmap_index = 752, .adv_w = 396, .box_w = 22, .box_h = 26, .ofs_x = 1, .ofs_y = 0},
    {.bitmap_index = 969, .adv_w = 89, .box_w = 5, .box_h = 9, .ofs_x = 0, .ofs_y = 17},
    {.bitmap_index = 989, .adv_w = 182, .box_w = 10, .box_h = 32, .ofs_x = -1, .ofs_y = -4},
    {.bitmap_index = 1109, .adv_w = 182, .box_w = 10, .box_h = 32, .ofs_x = 2, .ofs_y = -4},
    {.bitmap_index = 1230, .adv_w = 229, .box_w = 14, .box_h = 13, .ofs_x = 0, .ofs_y = 14},
    {.bitmap_index = 1308, .adv_w = 283, .box_w = 16, .box_h = 16, .ofs_x = 1, .ofs_y = 3},
    {.bitmap_index = 1352, .adv_w = 153, .box_w = 6, .box_h = 10, .ofs_x = 1, .ofs_y = -3},
    {.bitmap_index = 1383, .adv_w = 233, .box_w = 13, .box_h = 4, .ofs_x = 1, .ofs_y = 9},
    {.bitmap_index = 1397, .adv_w = 157, .box_w = 6, .box_h = 6, .ofs_x = 2, .ofs_y = 0},
    {.bitmap_index = 1415, .adv_w = 257, .box_w = 14, .box_h = 26, .ofs_x = 0, .ofs_y = 0},
    {.bitmap_index = 1532, .adv_w = 327, .box_w = 18, .box_h = 26, .ofs_x = 1, .ofs_y = 0},
    {.bitmap_index = 1656, .adv_w = 203, .box_w = 10, .box_h = 26, .ofs_x = 1, .ofs_y = 0},
    {.bitmap_index = 1692, .adv_w = 317, .box_w = 18, .box_h = 26, .ofs_x = 1, .ofs_y = 0},
    {.bitmap_index = 1848, .adv_w = 306, .box_w = 17, .box_h = 26, .ofs_x = 1, .ofs_y = 0},
    {.bitmap_index = 1994, .adv_w = 337, .box_w = 19, .box_h = 26, .ofs_x = 1, .ofs_y = 0},
    {.bitmap_index = 2123, .adv_w = 305, .box_w = 17, .box_h = 26, .ofs_x = 1, .ofs_y = 0},
    {.bitmap_index = 2255, .adv_w = 305, .box_w = 17, .box_h = 26, .ofs_x = 1, .ofs_y = 0},
    {.bitmap_index = 2422, .adv_w = 281, .box_w = 17, .box_h = 26, .ofs_x = 0, .ofs_y = 0},
    {.bitmap_index = 2551, .adv_w = 307, .box_w = 17, .box_h = 26, .ofs_x = 1, .ofs_y = 0},
    {.bitmap_index = 2731, .adv_w = 304, .box_w = 17, .box_h = 26, .ofs_x = 1, .ofs_y = 0},
    {.bitmap_index = 2894, .adv_w = 204, .box_w = 6, .box_h = 18, .ofs_x = 3, .ofs_y = 0},
    {.bitmap_index = 2933, .adv_w = 181, .box_w = 7, .box_h = 21, .ofs_x = 2, .ofs_y = -3},
    {.bitmap_index = 2989, .adv_w = 283, .box_w = 16, .box_h = 18, .ofs_x = 1, .ofs_y = 1},
    {.bitmap_index = 3090, .adv_w = 283, .box_w = 16, .box_h = 11, .ofs_x = 1, .ofs_y = 6},
    {.bitmap_index = 3128, .adv_w = 283, .box_w = 16, .box_h = 18, .ofs_x = 1, .ofs_y = 1},
    {.bitmap_index = 3230, .adv_w = 288, .box_w = 16, .box_h = 26, .ofs_x = 1, .ofs_y = 0},
    {.bitmap_index = 3374, .adv_w = 473, .box_w = 27, .box_h = 27, .ofs_x = 1, .ofs_y = -3},
    {.bitmap_index = 3685, .adv_w = 373, .box_w = 22, .box_h = 26, .ofs_x = 1, .ofs_y = 0},
    {.bitmap_index = 3872, .adv_w = 358, .box_w = 19, .box_h = 26, .ofs_x = 2, .ofs_y = 0},
    {.bitmap_index = 4023, .adv_w = 350, .box_w = 19, .box_h = 26, .ofs_x = 2, .ofs_y = 0},
    {.bitmap_index = 4166, .adv_w = 356, .box_w = 19, .box_h = 26, .ofs_x = 2, .ofs_y = 0},
    {.bitmap_index = 4270, .adv_w = 341, .box_w = 18, .box_h = 26, .ofs_x = 2, .ofs_y = 0},
    {.bitmap_index = 4338, .adv_w = 324, .box_w = 18, .box_h = 26, .ofs_x = 2, .ofs_y = 0},
    {.bitmap_index = 4397, .adv_w = 353, .box_w = 19, .box_h = 26, .ofs_x = 2, .ofs_y = 0},
    {.bitmap_index = 4552, .adv_w = 367, .box_w = 19, .box_h = 26, .ofs_x = 2, .ofs_y = 0},
    {.bitmap_index = 4607, .adv_w = 151, .box_w = 5, .box_h = 26, .ofs_x = 2, .ofs_y = 0},
    {.bitmap_index = 4620, .adv_w = 335, .box_w = 19, .box_h = 26, .ofs_x = 0, .ofs_y = 0},
    {.bitmap_index = 4715, .adv_w = 357, .box_w = 20, .box_h = 26, .ofs_x = 2, .ofs_y = 0},
    {.bitmap_index = 4882, .adv_w = 329, .box_w = 18, .box_h = 26, .ofs_x = 2, .ofs_y = 0},
    {.bitmap_index = 4923, .adv_w = 412, .box_w = 22, .box_h = 26, .ofs_x = 2, .ofs_y = 0},
    {.bitmap_index = 5047, .adv_w = 385, .box_w = 20, .box_h = 26, .ofs_x = 2, .ofs_y = 0},
    {.bitmap_index = 5184, .adv_w = 358, .box_w = 19, .box_h = 26, .ofs_x = 2, .ofs_y = 0},
    {.bitmap_index = 5321, .adv_w = 343, .box_w = 19, .box_h = 26, .ofs_x = 2, .ofs_y = 0},
    {.bitmap_index = 5430, .adv_w = 338, .box_w = 19, .box_h = 30, .ofs_x = 1, .ofs_y = -4},
    {.bitmap_index = 5588, .adv_w = 353, .box_w = 19, .box_h = 26, .ofs_x = 2, .ofs_y = 0},
    {.bitmap_index = 5740, .adv_w = 340, .box_w = 19, .box_h = 26, .ofs_x = 1, .ofs_y = 0},
    {.bitmap_index = 5927, .adv_w = 334, .box_w = 19, .box_h = 26, .ofs_x = 1, .ofs_y = 0},
    {.bitmap_index = 5974, .adv_w = 366, .box_w = 19, .box_h = 26, .ofs_x = 2, .ofs_y = 0},
    {.bitmap_index = 6061, .adv_w = 351, .box_w = 20, .box_h = 26, .ofs_x = 1, .ofs_y = 0},
    {.bitmap_index = 6246, .adv_w = 506, .box_w = 31, .box_h = 26, .ofs_x = 0, .ofs_y = 0},
    {.bitmap_index = 6543, .adv_w = 355, .box_w = 21, .box_h = 26, .ofs_x = 1, .ofs_y = 0},
    {.bitmap_index = 6739, .adv_w = 345, .box_w = 20, .box_h = 26, .ofs_x = 1, .ofs_y = 0},
    {.bitmap_index = 6872, .adv_w = 319, .box_w = 18, .box_h = 26, .ofs_x = 1, .ofs_y = 0},
    {.bitmap_index = 7002, .adv_w = 232, .box_w = 10, .box_h = 34, .ofs_x = 1, .ofs_y = -5},
    {.bitmap_index = 7037, .adv_w = 257, .box_w = 14, .box_h = 26, .ofs_x = 2, .ofs_y = 0},
    {.bitmap_index = 7152, .adv_w = 232, .box_w = 10, .box_h = 34, .ofs_x = 4, .ofs_y = -5},
    {.bitmap_index = 7190, .adv_w = 268, .box_w = 15, .box_h = 15, .ofs_x = 1, .ofs_y = 11},
    {.bitmap_index = 7282, .adv_w = 293, .box_w = 18, .box_h = 4, .ofs_x = 0, .ofs_y = 0},
    {.bitmap_index = 7299, .adv_w = 126, .box_w = 6, .box_h = 5, .ofs_x = 1, .ofs_y = 21},
    {.bitmap_index = 7315, .adv_w = 301, .box_w = 16, .box_h = 19, .ofs_x = 1, .ofs_y = 0},
    {.bitmap_index = 7437, .adv_w = 322, .box_w = 17, .box_h = 26, .ofs_x = 2, .ofs_y = 0},
    {.bitmap_index = 7567, .adv_w = 306, .box_w = 17, .box_h = 19, .ofs_x = 1, .ofs_y = 0},
    {.bitmap_index = 7691, .adv_w = 322, .box_w = 17, .box_h = 26, .ofs_x = 1, .ofs_y = 0},
    {.bitmap_index = 7825, .adv_w = 312, .box_w = 17, .box_h = 19, .ofs_x = 1, .ofs_y = 0},
    {.bitmap_index = 7948, .adv_w = 217, .box_w = 12, .box_h = 26, .ofs_x = 1, .ofs_y = 0},
    {.bitmap_index = 8009, .adv_w = 316, .box_w = 17, .box_h = 26, .ofs_x = 1, .ofs_y = -7},
    {.bitmap_index = 8165, .adv_w = 313, .box_w = 16, .box_h = 26, .ofs_x = 2, .ofs_y = 0},
    {.bitmap_index = 8239, .adv_w = 147, .box_w = 6, .box_h = 27, .ofs_x = 2, .ofs_y = 0},
    {.bitmap_index = 8275, .adv_w = 145, .box_w = 10, .box_h = 34, .ofs_x = -2, .ofs_y = -7},
    {.bitmap_index = 8348, .adv_w = 301, .box_w = 16, .box_h = 26, .ofs_x = 2, .ofs_y = 0},
    {.bitmap_index = 8458, .adv_w = 138, .box_w = 5, .box_h = 26, .ofs_x = 2, .ofs_y = 0},
    {.bitmap_index = 8471, .adv_w = 478, .box_w = 26, .box_h = 19, .ofs_x = 2, .ofs_y = 0},
    {.bitmap_index = 8574, .adv_w = 313, .box_w = 16, .box_h = 19, .ofs_x = 2, .ofs_y = 0},
    {.bitmap_index = 8639, .adv_w = 320, .box_w = 18, .box_h = 19, .ofs_x = 1, .ofs_y = 0},
    {.bitmap_index = 8778, .adv_w = 324, .box_w = 17, .box_h = 26, .ofs_x = 2, .ofs_y = -7},
    {.bitmap_index = 8913, .adv_w = 324, .box_w = 17, .box_h = 26, .ofs_x = 1, .ofs_y = -7},
    {.bitmap_index = 9046, .adv_w = 217, .box_w = 12, .box_h = 19, .ofs_x = 2, .ofs_y = 0},
    {.bitmap_index = 9092, .adv_w = 284, .box_w = 16, .box_h = 19, .ofs_x = 1, .ofs_y = 0},
    {.bitmap_index = 9220, .adv_w = 215, .box_w = 11, .box_h = 24, .ofs_x = 1, .ofs_y = 0},
    {.bitmap_index = 9280, .adv_w = 312, .box_w = 16, .box_h = 19, .ofs_x = 2, .ofs_y = 0},
    {.bitmap_index = 9343, .adv_w = 290, .box_w = 18, .box_h = 19, .ofs_x = 0, .ofs_y = 0},
    {.bitmap_index = 9470, .adv_w = 438, .box_w = 27, .box_h = 19, .ofs_x = 0, .ofs_y = 0},
    {.bitmap_index = 9675, .adv_w = 297, .box_w = 18, .box_h = 19, .ofs_x = 0, .ofs_y = 0},
    {.bitmap_index = 9808, .adv_w = 282, .box_w = 17, .box_h = 26, .ofs_x = 0, .ofs_y = -7},
    {.bitmap_index = 9971, .adv_w = 262, .box_w = 15, .box_h = 19, .ofs_x = 1, .ofs_y = 0},
    {.bitmap_index = 10061, .adv_w = 202, .box_w = 11, .box_h = 34, .ofs_x = 1, .ofs_y = -5},
    {.bitmap_index = 10154, .adv_w = 109, .box_w = 5, .box_h = 31, .ofs_x = 1, .ofs_y = -3},
    {.bitmap_index = 10167, .adv_w = 202, .box_w = 11, .box_h = 34, .ofs_x = 1, .ofs_y = -5},
    {.bitmap_index = 10259, .adv_w = 301, .box_w = 17, .box_h = 6, .ofs_x = 1, .ofs_y = 8},
    {.bitmap_index = 10304, .adv_w = 218, .box_w = 13, .box_h = 12, .ofs_x = 0, .ofs_y = 17},
    {.bitmap_index = 10378, .adv_w = 301, .box_w = 16, .box_h = 27, .ofs_x = 1, .ofs_y = 0},
    {.bitmap_index = 10550, .adv_w = 504, .box_w = 24, .box_h = 33, .ofs_x = 4, .ofs_y = -3},
    {.bitmap_index = 10701, .adv_w = 504, .box_w = 32, .box_h = 37, .ofs_x = 0, .ofs_y = -5},
    {.bitmap_index = 10889, .adv_w = 504, .box_w = 32, .box_h = 33, .ofs_x = 0, .ofs_y = -3},
    {.bitmap_index = 11016, .adv_w = 504, .box_w = 32, .box_h = 33, .ofs_x = 0, .ofs_y = -3},
    {.bitmap_index = 11099, .adv_w = 504, .box_w = 23, .box_h = 33, .ofs_x = 4, .ofs_y = -3},
    {.bitmap_index = 11250, .adv_w = 360, .box_w = 20, .box_h = 31, .ofs_x = 1, .ofs_y = -2},
    {.bitmap_index = 11428, .adv_w = 504, .box_w = 32, .box_h = 33, .ofs_x = 0, .ofs_y = -3},
    {.bitmap_index = 11549, .adv_w = 504, .box_w = 32, .box_h = 7, .ofs_x = 0, .ofs_y = 10},
    {.bitmap_index = 11582, .adv_w = 648, .box_w = 41, .box_h = 27, .ofs_x = 0, .ofs_y = 0},
    {.bitmap_index = 11951, .adv_w = 504, .box_w = 32, .box_h = 19, .ofs_x = 0, .ofs_y = 4},
    {.bitmap_index = 12119, .adv_w = 504, .box_w = 32, .box_h = 19, .ofs_x = 0, .ofs_y = 4},
    {.bitmap_index = 12290, .adv_w = 579, .box_w = 37, .box_h = 23, .ofs_x = 0, .ofs_y = 2}
};

/*---------------------
 *  CHARACTER MAPPING
 *--------------------*/

static const uint16_t unicode_list_1[] = {
    0x0, 0x34, 0xef98, 0xef9b, 0xef9c, 0xef9d, 0xefa1, 0xefa3,
    0xefb7, 0xefb8, 0xefbe, 0xefc7, 0xefc8, 0xf7f2
};

/*Collect the unicode lists and glyph_id offsets*/
static const lv_font_fmt_txt_cmap_t cmaps[] =
{
    {
        .range_start = 32, .range_length = 95, .glyph_id_start = 1,
        .unicode_list = NULL, .glyph_id_ofs_list = NULL, .list_length = 0, .type = LV_FONT_FMT_TXT_CMAP_FORMAT0_TINY
    },
    {
        .range_start = 176, .range_length = 63475, .glyph_id_start = 96,
        .unicode_list = unicode_list_1, .glyph_id_ofs_list = NULL, .list_length = 14, .type = LV_FONT_FMT_TXT_CMAP_SPARSE_TINY
    }
};

/*-----------------
 *    KERNING
 *----------------*/


/*Map glyph_ids to kern left classes*/
static const uint8_t kern_left_class_mapping[] =
{
    0, 0, 0, 1, 0, 0, 0, 0,
    1, 0, 0, 0, 0, 2, 3, 2,
    4, 5, 6, 7, 8, 9, 5, 10,
    11, 5, 12, 0, 0, 0, 0, 0,
    0, 0, 13, 14, 15, 14, 16, 17,
    15, 18, 19, 20, 21, 22, 0, 23,
    15, 24, 25, 26, 27, 28, 20, 29,
    29, 30, 31, 0, 0, 0, 0, 0,
    0, 0, 32, 33, 34, 0, 35, 36,
    37, 33, 38, 0, 39, 40, 33, 33,
    3, 33, 37, 41, 42, 43, 0, 44,
    44, 45, 44, 0, 0, 0, 0, 0,
    0, 33, 0, 0, 0, 0, 0, 0,
    0, 0, 0, 0, 0, 0
};

/*Map glyph_ids to kern right classes*/
static const uint8_t kern_right_class_mapping[] =
{
    0, 0, 0, 1, 0, 0, 0, 0,
    1, 0, 0, 0, 0, 2, 3, 2,
    4, 5, 6, 0, 7, 8, 0, 0,
    9, 0, 0, 10, 10, 0, 0, 0,
    11, 0, 12, 13, 14, 13, 13, 13,
    14, 15, 0, 16, 17, 0, 0, 13,
    14, 13, 14, 0, 18, 19, 20, 21,
    21, 22, 23, 24, 0, 0, 0, 0,
    0, 0, 25, 26, 3, 3, 3, 27,
    28, 26, 29, 30, 26, 31, 32, 32,
    3, 32, 28, 32, 33, 27, 34, 35,
    35, 36, 35, 37, 0, 0, 0, 0,
    0, 25, 0, 0, 0, 0, 0, 0,
    0, 0, 0, 0, 0, 0
};

/*Kern values between classes*/
static const int8_t kern_class_values[] =
{
    0, 0, 0, 0, 0, 0, 0, -10,
    0, 0, 0, 0, 0, 0, 0, 0,
    0, 0, 0, 0, 0, 0, 0, 0,
    0, 0, 0, 0, 0, 0, 0, 0,
    0, 0, 0, 0, 0, 0, 0, 0,
    0, -17, 0, 0, 0, 0, 0, 0,
    0, 0, 0, 0, 0, 0, 0, 0,
    0, 0, 0, 0, 0, 0, 0, 0,
    0, 0, 0, 0, 0, 0, 0, 0,
    0, 0, -13, -7, 0, -3, 0, 0,
    0, 0, -36, 0, 0, 0, 0, 0,
    0, 0, 0, 0, -19, 0, 0, 0,
    0, 0, 0, 0, -6, 0, 0, 0,
    0, 0, 0, 0, -14, -13, 0, 0,
    0, -41, 0, 0, 0, 0, 0, 0,
    0, 0, -50, 0, -10, 0, -5, 0,
    0, 0, 0, 0, 0, 6, 0, -50,
    0, -9, -41, 0, 0, 0, -13, -23,
    0, -17, 0, 0, 0, 0, 0, 0,
    0, -10, 0, 0, 0, 0, 0, 0,
    0, 0, 0, 0, 0, 0, 0, 0,
    0, 0, 0, 0, 0, 0, 0, 0,
    0, 0, 0, 0, 0, 0, 0, 0,
    0, 0, 0, 0, 0, 0, 3, 0,
    0, 0, 0, 0, 0, 0, 0, 0,
    0, 0, 0, 0, 0, 0, 0, 0,
    0, 0, 0, 0, 0, 0, 0, 0,
    0, 0, 0, 0, 0, 0, 0, 0,
    0, 0, 0, -5, -6, 0, 0, 0,
    0, 0, 0, 0, 0, 0, 0, 0,
    0, 0, 0, 0, 0, 0, 0, 0,
    0, 0, 0, 0, 0, 0, 0, 0,
    0, 0, 0, 0, 0, 0, 0, 0,
    -2, 0, 0, 0, 0, 0, 0, 0,
    0, 0, 0, 0, 0, 0, 0, 0,
    0, 0, 0, 0, 0, 0, 0, 0,
    0, 0, 0, 0, 0, 0, 0, 0,
    -16, 0, 0, 0, 0, -55, 0, 0,
    -33, 0, 0, 0, 0, 0, 0, 0,
    0, 0, 0, 0, 0, 0, 0, 0,
    0, 0, 0, 0, 0, 0, 0, 0,
    0, 0, 0, 0, 0, 0, 0, 0,
    0, 0, -6, 0, 0, 0, 0, 0,
    0, 0, 0, 0, 0, 0, 0, 0,
    0, 0, 0, 0, 0, 0, 0, 0,
    0, 0, 0, 0, 0, 0, 0, 0,
    0, 0, 0, -33, 0, -49, 0, 3,
    0, 0, 0, 0, 0, 0, 0, 0,
    0, 0, 0, 0, 0, 0, 0, 0,
    0, 0, 0, 0, 0, 0, 0, 0,
    0, 0, 0, 0, 0, 0, 0, 0,
    0, 0, 0, 0, -12, 0, 0, 0,
    0, 0, 0, 0, 0, 0, 0, 0,
    0, 0, 0, 0, 0, 0, 0, 0,
    0, 0, 0, 0, 0, 0, 0, 0,
    0, 0, 0, 0, -51, 0, -9, 7,
    0, 0, 0, 0, 0, 0, 0, 0,
    0, -10, 0, 4, 0, -24, -45, -6,
    -17, 0, -47, 7, 0, 0, -13, -12,
    0, 0, 0, 0, 0, 0, -25, 0,
    0, 0, -5, 0, 0, 0, 0, 0,
    0, 0, 0, 0, -19, 0, -1, 0,
    0, 0, 0, -9, 0, -14, -13, -18,
    0, -2, 0, -5, -8, 0, 0, 0,
    0, -7, -5, -2, 0, 0, 0, -2,
    -1, 0, 0, 0, 0, 0, 0, 0,
    0, -6, 0, 0, 0, 7, 0, 0,
    -5, 0, -7, 0, -13, 0, -2, 0,
    0, -5, 0, 0, 0, 0, 0, 0,
    0, 0, 0, 0, 0, 0, 0, 0,
    0, 0, 0, 0, 0, 0, 0, 0,
    0, 0, 0, 0, 0, 0, 0, 5,
    0, 0, 0, 0, 0, 0, 0, 0,
    0, 0, 0, 0, 0, 0, 0, 0,
    0, -48, -30, -26, 0, 0, 0, 0,
    0, -6, 0, -39, 0, -1, 0, -31,
    0, 0, 0, 0, 0, 0, 0, 0,
    -25, 0, 0, -21, 0, 0, 0, -13,
    -25, -16, -28, -26, -13, 0, 0, 0,
    0, 0, 0, 0, 0, 0, 0, 0,
    2, 0, 0, 0, 0, 0, 0, 0,
    0, 0, 0, 0, 0, 0, 0, 0,
    0, 0, 0, 0, 0, 0, 0, 0,
    0, 0, 0, 0, 0, 0, 0, 0,
    0, 0, 0, 0, 0, 0, 0, 0,
    -2, 0, 0, 0, 0, 0, 0, 0,
    0, 0, 0, 0, 0, 0, 0, 0,
    0, 0, 0, 0, 0, 0, 0, 0,
    -5, 0, -10, 0, 0, 0, 0, 0,
    0, 0, -9, 0, -5, 0, 0, 0,
    0, 0, 0, 0, 0, 0, 0, 0,
    0, 0, 0, 0, 0, 0, 0, 0,
    0, 0, 0, 0, 0, 0, -16, 0,
    0, 0, 0, 0, 0, 0, 0, 10,
    0, -13, 0, -10, 0, -10, 0, 0,
    0, 5, 0, 0, 0, 0, 0, -13,
    0, 0, 0, 0, -6, 0, -22, 0,
    0, -46, 0, 0, 0, 0, 0, 0,
    0, 0, 0, 0, 15, 0, -3, 0,
    0, 0, 0, -50, 0, -22, 0, -24,
    0, 0, 0, -9, 0, 0, 0, 0,
    0, 0, 0, -13, 0, 6, 0, 0,
    0, 0, 0, 0, 0, 0, 0, 0,
    0, 0, -5, 0, 0, 0, 0, 0,
    0, 0, 0, 0, 0, 0, 0, 0,
    0, 0, 0, 0, 0, 0, 0, 0,
    0, 0, 0, 0, -13, -14, 0, 0,
    0, 0, 0, 0, 0, 0, -25, 0,
    0, 0, -13, 0, 0, 0, 0, -9,
    -16, -16, 0, -3, 0, 0, -9, 0,
    0, 0, 0, -9, 0, 0, 0, 0,
    0, -2, -1, 0, 0, 0, 0, 0,
    0, 0, 0, -13, 0, 0, 0, 7,
    0, 0, -6, 0, -16, -16, -27, 0,
    -2, 0, 0, -5, 0, 0, 0, 0,
    0, 0, 0, 0, 0, 0, 0, -3,
    0, 0, 0, 0, 0, 0, 0, 0,
    13, 0, 0, 0, 0, 0, 0, -1,
    0, -10, 5, -13, 0, 0, 0, 0,
    0, 0, 0, 0, 0, 0, 0, 0,
    0, 0, 0, -5, 0, 0, 0, 0,
    0, 0, 0, 0, 0, 0, 0, 0,
    0, 2, 0, 0, -7, 0, -9, -19,
    -13, 0, -3, 0, 0, 0, 0, 0,
    0, 0, 0, 0, 0, 0, 0, 0,
    -33, -46, 0, 0, 0, 0, 0, 0,
    0, 0, -35, 0, -20, 0, -23, 0,
    -3, 0, 0, 0, 0, 0, 0, -16,
    0, -2, -35, -5, 0, 0, -32, -33,
    -26, -28, -30, 0, 0, -35, -33, -29,
    0, 0, 0, 0, 0, -29, 0, -56,
    -5, -17, 0, -23, -10, -10, 0, 0,
    0, 0, 0, 0, -32, 0, 0, -31,
    0, 0, 0, -7, -22, -9, -9, 0,
    0, 0, 0, -17, 0, 0, 0, 0,
    0, 0, -3, 0, 0, -2, -13, 0,
    -6, 0, -15, 0, 0, 0, 0, 0,
    0, -9, 0, 0, -19, 0, 0, 0,
    0, -3, 0, -16, 0, 0, 0, -52,
    -42, -29, 0, 0, 0, 0, 0, -37,
    0, -63, -5, -18, 0, -31, 0, -13,
    0, 0, 0, 0, 0, 0, -33, 0,
    -21, -48, 0, 0, 0, -29, -26, -21,
    -21, -21, -13, -14, 0, 0, 0, 0,
    0, 0, 0, 0, 0, 0, 0, 0,
    0, 0, 0, 0, 0, -16, 0, 0,
    0, -20, 0, 0, 0, -5, 0, 0,
    0, 0, 0, 0, 0, -6, 0, 0,
    -21, -7, -2, -3, 0, 0, 0, 0,
    0, 0, 0, 0, 0, 0, 0, 0,
    0, 0, 0, 0, 0, 0, 0, 0,
    0, -1, 0, 0, 0, 0, 0, 0,
    0, 0, -10, 0, 0, -13, -14, -3,
    0, 0, 0, 0, 0, 0, 0, 0,
    0, 0, 0, 0, 0, 0, 0, 0,
    0, 0, 0, 0, 0, 0, 0, 0,
    0, 0, 0, 0, 0, 0, 0, -6,
    -10, 3, -20, -12, 0, 0, 0, 0,
    0, 0, 0, 0, -2, 0, 0, 0,
    0, 0, 0, 0, 0, 0, 0, 0,
    0, 0, -3, 0, -6, 0, 0, 0,
    0, 0, -5, 0, -13, -12, 0, 5,
    -29, -21, -6, 0, 0, 0, 0, 0,
    0, 7, 0, 0, 0, 0, 0, 0,
    0, 0, 0, 0, 0, 0, 0, -6,
    0, 0, -16, 0, 0, 0, 0, -8,
    0, 0, 0, 0, -5, 0, 0, 0,
    0, 0, 0, 0, 0, 0, 0, 0,
    0, 0, 0, 0, 0, 0, 0, 0,
    0, 0, 0, 0, 0, 0, 0, 0,
    0, 2, 0, 0, -2, 0, 0, 0,
    0, 0, 0, 0, 0, 0, 0, 0,
    0, 0, 0, 0, 0, 0, 0, 0,
    0, 0, 0, 0, 0, 0, 0, 0,
    0, 0, 0, 0, 0, 0, -6, 0,
    0, 0, 0, 0, 0, 0, 0, 0,
    -21, 0, 0, 0, 0, 0, 0, 0,
    0, 0, 0, 0, 0, 0, 0, 0,
    0, 0, 0, 0, 0, 0, -10, 0,
    0, -15, 0, 0, 0, 0, -5, 0,
    0, 0, 0, 0, 0, 0, 0, 0,
    0, 0, 0, 0, 0, 0, 0, 0,
    0, 0, 0, 0, 0, 0, 0, 0,
    0, 0, 0, 0, 1, 0, 0, 0,
    0, 0, 0, 0, 0, 0, 0, 0,
    13, -22, -6, 0, 0, 0, 0, 0,
    0, 0, 7, 0, 0, 0, 0, 0,
    0, 0, 0, 0, 0, 0, 0, 0,
    -3, 0, 5, -11, 0, 0, 0, 0,
    -3, 0, 10, 0, 3, -10, 0, 0,
    0, 0, 0, 0, 0, 0, 0, -2,
    0, 0, 0, 0, 0, 0, 0, 0,
    0, 0, 0, 0, 0, 0, 0, -1,
    0, 0, 0, 0, 0, -6, 0, -20,
    -6, 0, 0, 0, -6, 0, 0, 0,
    0, 0, 0, 0, 0, 0, 0, 0,
    0, 0, 0, 0, 0, 0, 0, 0,
    0, 0, 0, 0, 0, -2, 0, 0,
    0, 0, 0, 0, 0, 0, 0, 0,
    -22, -16, -17, 0, 0, 0, 0, 0,
    -10, 0, 0, 0, 0, 0, 0, 0,
    0, 0, 0, 0, 0, 0, 0, -13,
    0, 0, -17, 0, 0, 1, 0, -20,
    0, 0, 0, 0, 0, 0, -18, 0,
    0, 0, 0, 0, 0, -10, 0, 0,
    0, 0, 0, 0, 0, 0, 0, 0,
    0, 0, 0, 0, -1, 0, 0, -13,
    0, 0, 0, 0, -3, 0, 0, 0,
    0
};


/*Collect the kern class' data in one place*/
static const lv_font_fmt_txt_kern_classes_t kern_classes =
{
    .class_pair_values   = kern_class_values,
    .left_class_mapping  = kern_left_class_mapping,
    .right_class_mapping = kern_right_class_mapping,
    .left_class_cnt      = 45,
    .right_class_cnt     = 37,
};

/*--------------------
 *  ALL CUSTOM DATA
 *--------------------*/

#if LVGL_VERSION_MAJOR == 8
/*Store all the custom data of the font*/
static  lv_font_fmt_txt_glyph_cache_t cache;
#endif

#if LVGL_VERSION_MAJOR >= 8
static const lv_font_fmt_txt_dsc_t font_dsc = {
#else
static lv_font_fmt_txt_dsc_t font_dsc = {
#endif
    .glyph_bitmap = glyph_bitmap,
    .glyph_dsc = glyph_dsc,
    .cmaps = cmaps,
    .kern_dsc = &kern_classes,
    .kern_scale = 16,
    .cmap_num = 2,
    .bpp = 4,
    .kern_classes = 1,
    .bitmap_format = 1,
#if LVGL_VERSION_MAJOR == 8
    .cache = &cache
#endif
};



/*-----------------
 *  PUBLIC FONT
 *----------------*/

/*Initialize a public general font descriptor*/
#if LVGL_VERSION_MAJOR >= 8
const lv_font_t custom_font_ui_36 = {
#else
lv_font_t custom_font_ui_36 = {
#endif
    .get_glyph_dsc = lv_font_get_glyph_dsc_fmt_txt,    /*Function pointer to get glyph's data*/
    .get_glyph_bitmap = lv_font_get_bitmap_fmt_txt,    /*Function pointer to get glyph's bitmap*/
    .line_height = 39,          /*The maximum line height required by the font*/
    .base_line = 7,             /*Baseline measured from the bottom of the line*/
#if !(LVGL_VERSION_MAJOR == 6 && LVGL_VERSION_MINOR == 0)
    .subpx = LV_FONT_SUBPX_NONE,
#endif
#if LV_VERSION_CHECK(7, 4, 0) || LVGL_VERSION_MAJOR >= 8
    .underline_position = -3,
    .underline_thickness = 2,
#endif
    .dsc = &font_dsc,          /*The custom font data. Will be accessed by `get_glyph_bitmap/dsc` */
#if LV_VERSION_CHECK(8, 2, 0) || LVGL_VERSION_MAJOR >= 9
    .fallback = NULL,
#endif
    .user_data = NULL,
};



#endif /*#if CUSTOM_FONT_UI_36*/

