/*******************************************************************************
 * Size: 36 px
 * Bpp: 4
 * Opts: --format lvgl --lv-include lvgl.h --bpp 4 --no-compress --no-prefilter --force-fast-kern-format --size 36 --font /tmp/Antonio-M2uBO2.ttf -r 0x20-0x7F -r 0xB0 -r 0xE4 --font components/lvgl/lvgl/scripts/built_in_font/FontAwesome5-Solid+Brands+Regular.woff -r 61550,63650,61543,61544,61512,61515,61516,61517,61521,61523,61559,61560 --lv-font-name custom_font_lcars_36 -o components/lvgl/fonts/custom_font_lcars_36.c
 ******************************************************************************/

#ifdef LV_LVGL_H_INCLUDE_SIMPLE
#include "lvgl.h"
#else
#include "lvgl.h"
#endif

#ifndef CUSTOM_FONT_LCARS_36
#define CUSTOM_FONT_LCARS_36 1
#endif

#if CUSTOM_FONT_LCARS_36

/*-----------------
 *    BITMAPS
 *----------------*/

/*Store the image of the glyphs*/
static LV_ATTRIBUTE_LARGE_CONST const uint8_t glyph_bitmap[] = {
    /* U+0020 " " */

    /* U+0021 "!" */
    0x6f, 0xff, 0xa5, 0xff, 0xf9, 0x4f, 0xff, 0x93,
    0xff, 0xf8, 0x3f, 0xff, 0x72, 0xff, 0xf6, 0x1f,
    0xff, 0x50, 0xff, 0xf4, 0xf, 0xff, 0x30, 0xef,
    0xf2, 0xd, 0xff, 0x20, 0xcf, 0xf1, 0xb, 0xff,
    0x0, 0xbf, 0xf0, 0xa, 0xfe, 0x0, 0x9f, 0xd0,
    0x8, 0xfc, 0x0, 0x7f, 0xb0, 0x6, 0xfb, 0x0,
    0x5f, 0xa0, 0x4, 0xf9, 0x0, 0x4f, 0x80, 0x3,
    0xf7, 0x0, 0x2f, 0x60, 0x0, 0x41, 0x0, 0x0,
    0x0, 0x1, 0x11, 0x5, 0xff, 0xf9, 0x5f, 0xff,
    0x95, 0xff, 0xf9, 0x5f, 0xff, 0x90,

    /* U+0022 "\"" */
    0x2f, 0xff, 0x10, 0x6f, 0xfd, 0x2f, 0xfe, 0x0,
    0x6f, 0xfa, 0x2f, 0xfb, 0x0, 0x6f, 0xf7, 0x2f,
    0xf9, 0x0, 0x6f, 0xf5, 0x2f, 0xf6, 0x0, 0x6f,
    0xf2, 0x2f, 0xf3, 0x0, 0x6f, 0xf0, 0x2f, 0xf1,
    0x0, 0x6f, 0xd0, 0x2f, 0xe0, 0x0, 0x6f, 0xa0,
    0x2f, 0xb0, 0x0, 0x6f, 0x70, 0x2f, 0x80, 0x0,
    0x6f, 0x40, 0x2f, 0x60, 0x0, 0x6f, 0x20, 0x2f,
    0x30, 0x0, 0x6f, 0x0, 0x17, 0x0, 0x0, 0x36,
    0x0,

    /* U+0023 "#" */
    0x0, 0x0, 0x0, 0xef, 0x80, 0x8, 0xfe, 0x0,
    0x0, 0x0, 0x0, 0xff, 0x50, 0xa, 0xfc, 0x0,
    0x0, 0x0, 0x3, 0xff, 0x30, 0xd, 0xf9, 0x0,
    0x0, 0x0, 0x5, 0xff, 0x10, 0xf, 0xf7, 0x0,
    0x0, 0x0, 0x7, 0xfe, 0x0, 0x2f, 0xf5, 0x0,
    0x0, 0x0, 0xa, 0xfc, 0x0, 0x4f, 0xf2, 0x0,
    0x0, 0x0, 0xc, 0xfa, 0x0, 0x6f, 0xf0, 0x0,
    0x0, 0x0, 0xe, 0xf7, 0x0, 0x9f, 0xe0, 0x0,
    0x0, 0x0, 0x1f, 0xf5, 0x0, 0xbf, 0xb0, 0x0,
    0x0, 0x0, 0x3f, 0xf3, 0x0, 0xdf, 0x90, 0x0,
    0xb, 0xff, 0xff, 0xff, 0xff, 0xff, 0xff, 0xf2,
    0x7, 0xaa, 0xdf, 0xfa, 0xaa, 0xff, 0xba, 0xa1,
    0x0, 0x0, 0xaf, 0xc0, 0x4, 0xff, 0x30, 0x0,
    0x0, 0x0, 0xcf, 0xa0, 0x6, 0xff, 0x0, 0x0,
    0x0, 0x0, 0xef, 0x80, 0x8, 0xfe, 0x0, 0x0,
    0x0, 0x0, 0xff, 0x50, 0xa, 0xfc, 0x0, 0x0,
    0x0, 0x2, 0xff, 0x30, 0xc, 0xfa, 0x0, 0x0,
    0x0, 0x4, 0xff, 0x10, 0xe, 0xf8, 0x0, 0x0,
    0x3a, 0xac, 0xff, 0xaa, 0xaf, 0xfc, 0xaa, 0x50,
    0x5f, 0xff, 0xff, 0xff, 0xff, 0xff, 0xff, 0x80,
    0x0, 0xa, 0xfb, 0x0, 0x5f, 0xf2, 0x0, 0x0,
    0x0, 0xd, 0xf9, 0x0, 0x7f, 0xf0, 0x0, 0x0,
    0x0, 0xf, 0xf7, 0x0, 0x9f, 0xd0, 0x0, 0x0,
    0x0, 0x1f, 0xf5, 0x0, 0xbf, 0xb0, 0x0, 0x0,
    0x0, 0x3f, 0xf3, 0x0, 0xdf, 0x90, 0x0, 0x0,
    0x0, 0x5f, 0xf0, 0x0, 0xff, 0x70, 0x0, 0x0,
    0x0, 0x8f, 0xe0, 0x2, 0xff, 0x50, 0x0, 0x0,
    0x0, 0xaf, 0xc0, 0x4, 0xff, 0x20, 0x0, 0x0,
    0x0, 0xcf, 0xa0, 0x6, 0xff, 0x0, 0x0, 0x0,
    0x0, 0xef, 0x80, 0x8, 0xfe, 0x0, 0x0, 0x0,
    0x0, 0xff, 0x60, 0xa, 0xfc, 0x0, 0x0, 0x0,

    /* U+0024 "$" */
    0x0, 0x0, 0xd, 0xf1, 0x0, 0x0, 0x0, 0x0,
    0x0, 0xdf, 0x10, 0x0, 0x0, 0x0, 0x0, 0xd,
    0xf1, 0x0, 0x0, 0x0, 0x0, 0x0, 0xdf, 0x10,
    0x0, 0x0, 0x0, 0x7, 0xcf, 0xfe, 0x81, 0x0,
    0x0, 0x1c, 0xff, 0xff, 0xff, 0xe1, 0x0, 0xa,
    0xff, 0xff, 0xff, 0xff, 0xa0, 0x1, 0xff, 0xfd,
    0x42, 0xbf, 0xff, 0x10, 0x4f, 0xff, 0x40, 0x2,
    0xff, 0xf5, 0x6, 0xff, 0xf1, 0x0, 0xe, 0xff,
    0x70, 0x6f, 0xff, 0x10, 0x0, 0xcf, 0xf9, 0x4,
    0xff, 0xf4, 0x0, 0xc, 0xff, 0xa0, 0x1f, 0xff,
    0x90, 0x0, 0xcf, 0xfa, 0x0, 0xcf, 0xff, 0x20,
    0x5, 0x77, 0x50, 0x4, 0xff, 0xfd, 0x10, 0x0,
    0x0, 0x0, 0xa, 0xff, 0xfd, 0x10, 0x0, 0x0,
    0x0, 0xc, 0xff, 0xfd, 0x20, 0x0, 0x0, 0x0,
    0x1d, 0xff, 0xfd, 0x10, 0x0, 0x0, 0x0, 0x1c,
    0xff, 0xfd, 0x0, 0x0, 0x0, 0x0, 0xc, 0xff,
    0xf8, 0x0, 0x0, 0x0, 0x0, 0x1e, 0xff, 0xf2,
    0x2, 0x99, 0x92, 0x0, 0x5f, 0xff, 0x80, 0x3f,
    0xff, 0x40, 0x0, 0xef, 0xfd, 0x3, 0xff, 0xf4,
    0x0, 0xa, 0xff, 0xf0, 0x2f, 0xff, 0x40, 0x0,
    0x8f, 0xff, 0x11, 0xff, 0xf6, 0x0, 0x9, 0xff,
    0xf0, 0xe, 0xff, 0xa0, 0x0, 0xcf, 0xfe, 0x0,
    0xaf, 0xff, 0x62, 0x7f, 0xff, 0xa0, 0x3, 0xff,
    0xff, 0xff, 0xff, 0xf3, 0x0, 0x8, 0xff, 0xff,
    0xff, 0xf8, 0x0, 0x0, 0x4, 0xbf, 0xff, 0xb4,
    0x0, 0x0, 0x0, 0x0, 0x9f, 0x50, 0x0, 0x0,
    0x0, 0x0, 0x9, 0xf5, 0x0, 0x0, 0x0, 0x0,
    0x0, 0x9f, 0x50, 0x0, 0x0, 0x0, 0x0, 0x9,
    0xf5, 0x0, 0x0, 0x0,

    /* U+0025 "%" */
    0x0, 0x7, 0xce, 0xfe, 0xb5, 0x0, 0x0, 0x0,
    0x0, 0x0, 0x4, 0xff, 0xb0, 0x0, 0x0, 0x0,
    0x0, 0x0, 0xcf, 0xff, 0xff, 0xff, 0x80, 0x0,
    0x0, 0x0, 0x0, 0xb, 0xff, 0x40, 0x0, 0x0,
    0x0, 0x0, 0x6, 0xff, 0xff, 0xef, 0xff, 0xf2,
    0x0, 0x0, 0x0, 0x0, 0x1f, 0xfe, 0x0, 0x0,
    0x0, 0x0, 0x0, 0xb, 0xff, 0xb0, 0x2, 0xef,
    0xf7, 0x0, 0x0, 0x0, 0x0, 0x8f, 0xf8, 0x0,
    0x0, 0x0, 0x0, 0x0, 0xe, 0xff, 0x40, 0x0,
    0x8f, 0xfa, 0x0, 0x0, 0x0, 0x0, 0xef, 0xf2,
    0x0, 0x0, 0x0, 0x0, 0x0, 0xf, 0xff, 0x20,
    0x0, 0x7f, 0xfc, 0x0, 0x0, 0x0, 0x4, 0xff,
    0xb0, 0x0, 0x0, 0x0, 0x0, 0x0, 0x1f, 0xff,
    0x20, 0x0, 0x7f, 0xfd, 0x0, 0x0, 0x0, 0xb,
    0xff, 0x50, 0x0, 0x0, 0x0, 0x0, 0x0, 0x1f,
    0xff, 0x20, 0x0, 0x7f, 0xfd, 0x0, 0x0, 0x0,
    0x1f, 0xfe, 0x0, 0x0, 0x0, 0x0, 0x0, 0x0,
    0x1f, 0xff, 0x20, 0x0, 0x7f, 0xfd, 0x0, 0x0,
    0x0, 0x8f, 0xf8, 0x0, 0x0, 0x0, 0x0, 0x0,
    0x0, 0x1f, 0xff, 0x20, 0x0, 0x7f, 0xfd, 0x0,
    0x0, 0x0, 0xef, 0xf2, 0x0, 0x0, 0x0, 0x0,
    0x0, 0x0, 0x1f, 0xff, 0x20, 0x0, 0x7f, 0xfd,
    0x0, 0x0, 0x4, 0xff, 0xb0, 0x0, 0x4b, 0xef,
    0xec, 0x70, 0x0, 0x1f, 0xff, 0x20, 0x0, 0x7f,
    0xfd, 0x0, 0x0, 0xb, 0xff, 0x50, 0x6, 0xff,
    0xff, 0xff, 0xfc, 0x0, 0x1f, 0xff, 0x20, 0x0,
    0x7f, 0xfd, 0x0, 0x0, 0x1f, 0xfe, 0x0, 0x1f,
    0xff, 0xfe, 0xff, 0xff, 0x60, 0x1f, 0xff, 0x20,
    0x0, 0x7f, 0xfc, 0x0, 0x0, 0x8f, 0xf8, 0x0,
    0x6f, 0xff, 0x30, 0xa, 0xff, 0xc0, 0xf, 0xff,
    0x30, 0x0, 0x7f, 0xfc, 0x0, 0x0, 0xef, 0xf2,
    0x0, 0x9f, 0xfa, 0x0, 0x3, 0xff, 0xf0, 0xe,
    0xff, 0x40, 0x0, 0x9f, 0xfa, 0x0, 0x5, 0xff,
    0xc0, 0x0, 0xbf, 0xf8, 0x0, 0x1, 0xff, 0xf1,
    0xb, 0xff, 0xb0, 0x2, 0xef, 0xf7, 0x0, 0xb,
    0xff, 0x50, 0x0, 0xbf, 0xf8, 0x0, 0x1, 0xff,
    0xf2, 0x5, 0xff, 0xff, 0xef, 0xff, 0xf1, 0x0,
    0x1f, 0xfe, 0x0, 0x0, 0xcf, 0xf8, 0x0, 0x1,
    0xff, 0xf2, 0x0, 0xbf, 0xff, 0xff, 0xff, 0x70,
    0x0, 0x8f, 0xf9, 0x0, 0x0, 0xcf, 0xf8, 0x0,
    0x1, 0xff, 0xf2, 0x0, 0x7, 0xce, 0xfe, 0xb4,
    0x0, 0x0, 0xef, 0xf2, 0x0, 0x0, 0xcf, 0xf8,
    0x0, 0x1, 0xff, 0xf2, 0x0, 0x0, 0x0, 0x0,
    0x0, 0x0, 0x5, 0xff, 0xc0, 0x0, 0x0, 0xcf,
    0xf8, 0x0, 0x1, 0xff, 0xf2, 0x0, 0x0, 0x0,
    0x0, 0x0, 0x0, 0xb, 0xff, 0x60, 0x0, 0x0,
    0xcf, 0xf8, 0x0, 0x1, 0xff, 0xf2, 0x0, 0x0,
    0x0, 0x0, 0x0, 0x0, 0x2f, 0xff, 0x0, 0x0,
    0x0, 0xcf, 0xf8, 0x0, 0x1, 0xff, 0xf2, 0x0,
    0x0, 0x0, 0x0, 0x0, 0x0, 0x8f, 0xf9, 0x0,
    0x0, 0x0, 0xcf, 0xf8, 0x0, 0x1, 0xff, 0xf2,
    0x0, 0x0, 0x0, 0x0, 0x0, 0x0, 0xef, 0xf2,
    0x0, 0x0, 0x0, 0xbf, 0xf8, 0x0, 0x1, 0xff,
    0xf2, 0x0, 0x0, 0x0, 0x0, 0x0, 0x5, 0xff,
    0xc0, 0x0, 0x0, 0x0, 0xaf, 0xf8, 0x0, 0x2,
    0xff, 0xf1, 0x0, 0x0, 0x0, 0x0, 0x0, 0xb,
    0xff, 0x60, 0x0, 0x0, 0x0, 0x8f, 0xfa, 0x0,
    0x4, 0xff, 0xf0, 0x0, 0x0, 0x0, 0x0, 0x0,
    0x2f, 0xff, 0x0, 0x0, 0x0, 0x0, 0x5f, 0xff,
    0x30, 0xb, 0xff, 0xb0, 0x0, 0x0, 0x0, 0x0,
    0x0, 0x8f, 0xf9, 0x0, 0x0, 0x0, 0x0, 0xe,
    0xff, 0xfe, 0xff, 0xff, 0x50, 0x0, 0x0, 0x0,
    0x0, 0x0, 0xef, 0xf3, 0x0, 0x0, 0x0, 0x0,
    0x5, 0xff, 0xff, 0xff, 0xfb, 0x0, 0x0, 0x0,
    0x0, 0x0, 0x5, 0xff, 0xc0, 0x0, 0x0, 0x0,
    0x0, 0x0, 0x3a, 0xef, 0xec, 0x70, 0x0,

    /* U+0026 "&" */
    0x0, 0x0, 0x2a, 0xef, 0xea, 0x20, 0x0, 0x0,
    0x0, 0x4, 0xff, 0xff, 0xff, 0xf3, 0x0, 0x0,
    0x0, 0xe, 0xff, 0xff, 0xff, 0xfc, 0x0, 0x0,
    0x0, 0x5f, 0xff, 0x40, 0x2e, 0xff, 0x10, 0x0,
    0x0, 0x9f, 0xfb, 0x0, 0xa, 0xff, 0x40, 0x0,
    0x0, 0xaf, 0xf9, 0x0, 0x8, 0xff, 0x50, 0x0,
    0x0, 0xaf, 0xf9, 0x0, 0x8, 0xff, 0x50, 0x0,
    0x0, 0x7f, 0xfb, 0x0, 0x9, 0xff, 0x30, 0x0,
    0x0, 0x4f, 0xfe, 0x0, 0xd, 0xff, 0x0, 0x0,
    0x0, 0xf, 0xff, 0x20, 0x2f, 0xfb, 0x0, 0x0,
    0x0, 0xa, 0xff, 0x70, 0x9f, 0xf4, 0x0, 0x0,
    0x0, 0x4, 0xff, 0xc2, 0xff, 0xc0, 0x0, 0x0,
    0x0, 0x0, 0xef, 0xfd, 0xff, 0x30, 0x0, 0x0,
    0x0, 0x0, 0x8f, 0xff, 0xf8, 0x0, 0x0, 0x0,
    0x0, 0x0, 0x4f, 0xff, 0xd0, 0x0, 0x0, 0x0,
    0x0, 0x0, 0xdf, 0xff, 0x80, 0x0, 0x0, 0x0,
    0x0, 0xa, 0xff, 0xff, 0xe0, 0x0, 0x0, 0x0,
    0x0, 0x5f, 0xff, 0xdf, 0xf5, 0x0, 0x3, 0x80,
    0x1, 0xef, 0xf7, 0x5f, 0xfc, 0x0, 0xe, 0xf2,
    0x8, 0xff, 0xd0, 0xe, 0xff, 0x30, 0x9f, 0xf8,
    0xe, 0xff, 0x70, 0x8, 0xff, 0xa3, 0xff, 0xe1,
    0x4f, 0xff, 0x10, 0x1, 0xff, 0xfc, 0xff, 0x50,
    0x8f, 0xfc, 0x0, 0x0, 0xaf, 0xff, 0xfb, 0x0,
    0xaf, 0xfa, 0x0, 0x0, 0x3f, 0xff, 0xf3, 0x0,
    0xcf, 0xf9, 0x0, 0x0, 0xe, 0xff, 0xb0, 0x0,
    0xbf, 0xfa, 0x0, 0x0, 0x5f, 0xff, 0xc0, 0x0,
    0xaf, 0xfe, 0x0, 0x0, 0xef, 0xff, 0xf3, 0x0,
    0x6f, 0xff, 0xa3, 0x4c, 0xff, 0xef, 0xfa, 0x0,
    0xe, 0xff, 0xff, 0xff, 0xfe, 0x2f, 0xff, 0x20,
    0x3, 0xef, 0xff, 0xff, 0xf3, 0x9, 0xff, 0x80,
    0x0, 0x19, 0xef, 0xea, 0x20, 0x2, 0xff, 0xf0,

    /* U+0027 "'" */
    0xf, 0xff, 0x60, 0xef, 0xf4, 0xc, 0xff, 0x20,
    0xbf, 0xf1, 0x9, 0xff, 0x0, 0x8f, 0xe0, 0x6,
    0xfc, 0x0, 0x5f, 0xa0, 0x3, 0xf9, 0x0, 0x2f,
    0x70, 0x0, 0xf6, 0x0, 0x4, 0x10,

    /* U+0028 "(" */
    0x0, 0x4b, 0xef, 0x60, 0x6f, 0xff, 0xf6, 0xf,
    0xff, 0xfd, 0x45, 0xff, 0xf6, 0x0, 0x7f, 0xff,
    0x10, 0x9, 0xff, 0xf0, 0x0, 0x9f, 0xff, 0x0,
    0xa, 0xff, 0xf0, 0x0, 0xaf, 0xff, 0x0, 0xa,
    0xff, 0xf0, 0x0, 0xaf, 0xff, 0x0, 0xa, 0xff,
    0xf0, 0x0, 0xaf, 0xff, 0x0, 0xa, 0xff, 0xf0,
    0x0, 0xaf, 0xff, 0x0, 0xa, 0xff, 0xf0, 0x0,
    0xaf, 0xff, 0x0, 0xa, 0xff, 0xf0, 0x0, 0xaf,
    0xff, 0x0, 0xa, 0xff, 0xf0, 0x0, 0xaf, 0xff,
    0x0, 0xa, 0xff, 0xf0, 0x0, 0xaf, 0xff, 0x0,
    0xa, 0xff, 0xf0, 0x0, 0xaf, 0xff, 0x0, 0xa,
    0xff, 0xf0, 0x0, 0xaf, 0xff, 0x0, 0xa, 0xff,
    0xf0, 0x0, 0x9f, 0xff, 0x0, 0x9, 0xff, 0xf0,
    0x0, 0x7f, 0xff, 0x10, 0x5, 0xff, 0xf6, 0x0,
    0xf, 0xff, 0xfd, 0x40, 0x6f, 0xff, 0xf6, 0x0,
    0x4b, 0xef, 0x60,

    /* U+0029 ")" */
    0x8f, 0xda, 0x30, 0x9, 0xff, 0xff, 0x40, 0x6d,
    0xff, 0xfd, 0x0, 0x9, 0xff, 0xf2, 0x0, 0x4f,
    0xff, 0x40, 0x2, 0xff, 0xf6, 0x0, 0x2f, 0xff,
    0x70, 0x1, 0xff, 0xf7, 0x0, 0x1f, 0xff, 0x70,
    0x1, 0xff, 0xf7, 0x0, 0x1f, 0xff, 0x70, 0x1,
    0xff, 0xf7, 0x0, 0x1f, 0xff, 0x70, 0x1, 0xff,
    0xf7, 0x0, 0x1f, 0xff, 0x70, 0x1, 0xff, 0xf7,
    0x0, 0x1f, 0xff, 0x70, 0x1, 0xff, 0xf7, 0x0,
    0x1f, 0xff, 0x70, 0x1, 0xff, 0xf7, 0x0, 0x1f,
    0xff, 0x70, 0x1, 0xff, 0xf7, 0x0, 0x1f, 0xff,
    0x70, 0x1, 0xff, 0xf7, 0x0, 0x1f, 0xff, 0x70,
    0x1, 0xff, 0xf7, 0x0, 0x1f, 0xff, 0x70, 0x1,
    0xff, 0xf7, 0x0, 0x2f, 0xff, 0x70, 0x2, 0xff,
    0xf6, 0x0, 0x4f, 0xff, 0x40, 0x9, 0xff, 0xf2,
    0x6d, 0xff, 0xfd, 0x9, 0xff, 0xff, 0x40, 0x8f,
    0xda, 0x30, 0x0,

    /* U+002A "*" */
    0x0, 0x0, 0xa, 0xff, 0x0, 0x0, 0x0, 0x0,
    0x0, 0x9, 0xff, 0x0, 0x0, 0x0, 0x9, 0x80,
    0x7, 0xfe, 0x0, 0x5e, 0x10, 0x3f, 0xfc, 0x15,
    0xfc, 0x8, 0xff, 0x90, 0x5e, 0xff, 0xe8, 0xfc,
    0xcf, 0xff, 0x80, 0x0, 0x6e, 0xff, 0xff, 0xff,
    0x81, 0x0, 0x0, 0x0, 0xbf, 0xff, 0xe2, 0x0,
    0x0, 0x0, 0x5d, 0xff, 0xff, 0xfe, 0x70, 0x0,
    0x3c, 0xff, 0xf9, 0xfc, 0xdf, 0xfe, 0x60, 0x2f,
    0xfd, 0x25, 0xfc, 0xa, 0xff, 0xb0, 0x9, 0xb0,
    0x7, 0xfd, 0x0, 0x7f, 0x20, 0x0, 0x0, 0x8,
    0xff, 0x0, 0x1, 0x0, 0x0, 0x0, 0xa, 0xff,
    0x0, 0x0, 0x0, 0x0, 0x0, 0x1, 0x22, 0x0,
    0x0, 0x0,

    /* U+002B "+" */
    0x0, 0x0, 0x15, 0x51, 0x0, 0x0, 0x0, 0x0,
    0x5f, 0xf4, 0x0, 0x0, 0x0, 0x0, 0x5f, 0xf4,
    0x0, 0x0, 0x0, 0x0, 0x5f, 0xf4, 0x0, 0x0,
    0x0, 0x0, 0x5f, 0xf4, 0x0, 0x0, 0x4f, 0xff,
    0xff, 0xff, 0xff, 0xf4, 0x4f, 0xff, 0xff, 0xff,
    0xff, 0xf4, 0x27, 0x77, 0xaf, 0xf9, 0x77, 0x71,
    0x0, 0x0, 0x5f, 0xf4, 0x0, 0x0, 0x0, 0x0,
    0x5f, 0xf4, 0x0, 0x0, 0x0, 0x0, 0x5f, 0xf4,
    0x0, 0x0, 0x0, 0x0, 0x5f, 0xf4, 0x0, 0x0,

    /* U+002C "," */
    0x22, 0x22, 0x1e, 0xff, 0xfa, 0xef, 0xff, 0xae,
    0xff, 0xfa, 0xef, 0xff, 0x90, 0xd, 0xf6, 0x0,
    0xff, 0x20, 0x4f, 0xd0, 0x7, 0xf9, 0x0, 0xbf,
    0x40, 0xe, 0xf0, 0x0,

    /* U+002D "-" */
    0x49, 0x99, 0x99, 0x99, 0x47, 0xff, 0xff, 0xff,
    0xf8, 0x7f, 0xff, 0xff, 0xff, 0x80,

    /* U+002E "." */
    0x88, 0x80, 0xff, 0xf1, 0xff, 0xf1, 0xff, 0xf1,

    /* U+002F "/" */
    0x0, 0x0, 0x0, 0x0, 0x7f, 0xfc, 0x0, 0x0,
    0x0, 0x0, 0xbf, 0xf8, 0x0, 0x0, 0x0, 0x0,
    0xff, 0xf4, 0x0, 0x0, 0x0, 0x3, 0xff, 0xf0,
    0x0, 0x0, 0x0, 0x7, 0xff, 0xc0, 0x0, 0x0,
    0x0, 0xb, 0xff, 0x80, 0x0, 0x0, 0x0, 0xe,
    0xff, 0x40, 0x0, 0x0, 0x0, 0x3f, 0xff, 0x0,
    0x0, 0x0, 0x0, 0x7f, 0xfc, 0x0, 0x0, 0x0,
    0x0, 0xbf, 0xf8, 0x0, 0x0, 0x0, 0x0, 0xef,
    0xf4, 0x0, 0x0, 0x0, 0x3, 0xff, 0xf0, 0x0,
    0x0, 0x0, 0x7, 0xff, 0xc0, 0x0, 0x0, 0x0,
    0xb, 0xff, 0x80, 0x0, 0x0, 0x0, 0xe, 0xff,
    0x40, 0x0, 0x0, 0x0, 0x3f, 0xff, 0x0, 0x0,
    0x0, 0x0, 0x7f, 0xfc, 0x0, 0x0, 0x0, 0x0,
    0xbf, 0xf8, 0x0, 0x0, 0x0, 0x0, 0xef, 0xf4,
    0x0, 0x0, 0x0, 0x2, 0xff, 0xf0, 0x0, 0x0,
    0x0, 0x6, 0xff, 0xc0, 0x0, 0x0, 0x0, 0xa,
    0xff, 0x80, 0x0, 0x0, 0x0, 0xe, 0xff, 0x40,
    0x0, 0x0, 0x0, 0x2f, 0xff, 0x0, 0x0, 0x0,
    0x0, 0x6f, 0xfc, 0x0, 0x0, 0x0, 0x0, 0xaf,
    0xf8, 0x0, 0x0, 0x0, 0x0, 0xef, 0xf4, 0x0,
    0x0, 0x0, 0x2, 0xff, 0xf0, 0x0, 0x0, 0x0,
    0x6, 0xff, 0xc0, 0x0, 0x0, 0x0, 0xa, 0xff,
    0x80, 0x0, 0x0, 0x0, 0xe, 0xff, 0x40, 0x0,
    0x0, 0x0,

    /* U+0030 "0" */
    0x0, 0x6c, 0xef, 0xfc, 0x70, 0x0, 0x7f, 0xff,
    0xff, 0xff, 0x90, 0x1f, 0xff, 0xff, 0xff, 0xff,
    0x26, 0xff, 0xf7, 0x26, 0xff, 0xf7, 0x9f, 0xfe,
    0x0, 0xd, 0xff, 0xab, 0xff, 0xb0, 0x0, 0xbf,
    0xfb, 0xcf, 0xfa, 0x0, 0xa, 0xff, 0xcc, 0xff,
    0xa0, 0x0, 0x9f, 0xfc, 0xcf, 0xfa, 0x0, 0x9,
    0xff, 0xdd, 0xff, 0xa0, 0x0, 0x9f, 0xfd, 0xdf,
    0xfa, 0x0, 0x9, 0xff, 0xdd, 0xff, 0xa0, 0x0,
    0x9f, 0xfd, 0xdf, 0xfa, 0x0, 0x9, 0xff, 0xdd,
    0xff, 0xa0, 0x0, 0x9f, 0xfd, 0xdf, 0xfa, 0x0,
    0x9, 0xff, 0xdd, 0xff, 0xa0, 0x0, 0x9f, 0xfd,
    0xdf, 0xfa, 0x0, 0x9, 0xff, 0xdd, 0xff, 0xa0,
    0x0, 0x9f, 0xfd, 0xdf, 0xfa, 0x0, 0x9, 0xff,
    0xdd, 0xff, 0xa0, 0x0, 0x9f, 0xfd, 0xdf, 0xfa,
    0x0, 0x9, 0xff, 0xdd, 0xff, 0xa0, 0x0, 0x9f,
    0xfd, 0xdf, 0xfa, 0x0, 0x9, 0xff, 0xdc, 0xff,
    0xa0, 0x0, 0x9f, 0xfd, 0xcf, 0xfa, 0x0, 0xa,
    0xff, 0xcb, 0xff, 0xa0, 0x0, 0xaf, 0xfc, 0xaf,
    0xfb, 0x0, 0xb, 0xff, 0xb8, 0xff, 0xe0, 0x0,
    0xef, 0xf9, 0x5f, 0xff, 0x62, 0x6f, 0xff, 0x71,
    0xff, 0xff, 0xff, 0xff, 0xf2, 0x6, 0xff, 0xff,
    0xff, 0xf8, 0x0, 0x5, 0xbe, 0xfe, 0xc6, 0x0,

    /* U+0031 "1" */
    0x0, 0x0, 0x5, 0xff, 0x80, 0x0, 0x2, 0xef,
    0xf8, 0x0, 0x5, 0xef, 0xff, 0x82, 0x7d, 0xff,
    0xff, 0xf8, 0xcf, 0xff, 0xff, 0xff, 0x8c, 0xff,
    0xd5, 0xff, 0xf8, 0x98, 0x30, 0x1f, 0xff, 0x80,
    0x0, 0x1, 0xff, 0xf8, 0x0, 0x0, 0x1f, 0xff,
    0x80, 0x0, 0x1, 0xff, 0xf8, 0x0, 0x0, 0x1f,
    0xff, 0x80, 0x0, 0x1, 0xff, 0xf8, 0x0, 0x0,
    0x1f, 0xff, 0x80, 0x0, 0x1, 0xff, 0xf8, 0x0,
    0x0, 0x1f, 0xff, 0x80, 0x0, 0x1, 0xff, 0xf8,
    0x0, 0x0, 0x1f, 0xff, 0x80, 0x0, 0x1, 0xff,
    0xf8, 0x0, 0x0, 0x1f, 0xff, 0x80, 0x0, 0x1,
    0xff, 0xf8, 0x0, 0x0, 0x1f, 0xff, 0x80, 0x0,
    0x1, 0xff, 0xf8, 0x0, 0x0, 0x1f, 0xff, 0x80,
    0x0, 0x1, 0xff, 0xf8, 0x0, 0x0, 0x1f, 0xff,
    0x80, 0x0, 0x1, 0xff, 0xf8, 0x0, 0x0, 0x1f,
    0xff, 0x80, 0x0, 0x1, 0xff, 0xf8, 0x0, 0x0,
    0x1f, 0xff, 0x80, 0x0, 0x1, 0xff, 0xf8, 0x0,
    0x0, 0x1f, 0xff, 0x80,

    /* U+0032 "2" */
    0x0, 0x4, 0xbe, 0xfe, 0xb3, 0x0, 0x0, 0x6f,
    0xff, 0xff, 0xff, 0x20, 0x1, 0xff, 0xff, 0xff,
    0xff, 0xc0, 0x7, 0xff, 0xf6, 0x28, 0xff, 0xf2,
    0xb, 0xff, 0xc0, 0x0, 0xef, 0xf6, 0xe, 0xff,
    0x80, 0x0, 0xcf, 0xf9, 0xf, 0xff, 0x70, 0x0,
    0xaf, 0xfb, 0x1f, 0xff, 0x60, 0x0, 0xaf, 0xfc,
    0x1f, 0xff, 0x60, 0x0, 0xaf, 0xfc, 0x2f, 0xff,
    0x60, 0x0, 0xaf, 0xfc, 0x2f, 0xff, 0x60, 0x0,
    0xbf, 0xfb, 0x2f, 0xff, 0x60, 0x0, 0xdf, 0xfa,
    0x2d, 0xdd, 0x50, 0x1, 0xff, 0xf6, 0x0, 0x0,
    0x0, 0x5, 0xff, 0xf3, 0x0, 0x0, 0x0, 0xc,
    0xff, 0xe0, 0x0, 0x0, 0x0, 0x4f, 0xff, 0x80,
    0x0, 0x0, 0x0, 0xdf, 0xff, 0x10, 0x0, 0x0,
    0x6, 0xff, 0xf8, 0x0, 0x0, 0x0, 0xe, 0xff,
    0xe0, 0x0, 0x0, 0x0, 0x7f, 0xff, 0x60, 0x0,
    0x0, 0x1, 0xff, 0xfd, 0x0, 0x0, 0x0, 0x9,
    0xff, 0xf5, 0x0, 0x0, 0x0, 0x1f, 0xff, 0xc0,
    0x0, 0x0, 0x0, 0x8f, 0xff, 0x40, 0x0, 0x0,
    0x0, 0xef, 0xfc, 0x0, 0x0, 0x0, 0x4, 0xff,
    0xf5, 0x0, 0x0, 0x0, 0x8, 0xff, 0xf0, 0x0,
    0x0, 0x0, 0xb, 0xff, 0xc0, 0x0, 0x0, 0x0,
    0xd, 0xff, 0xa0, 0x0, 0x0, 0x0, 0xe, 0xff,
    0xec, 0xcc, 0xcc, 0xc4, 0xe, 0xff, 0xff, 0xff,
    0xff, 0xf5, 0xf, 0xff, 0xff, 0xff, 0xff, 0xf5,

    /* U+0033 "3" */
    0x0, 0x3, 0xae, 0xfe, 0xb5, 0x0, 0x0, 0x5,
    0xff, 0xff, 0xff, 0xfa, 0x0, 0x1, 0xff, 0xff,
    0xff, 0xff, 0xf5, 0x0, 0x7f, 0xff, 0x92, 0x5f,
    0xff, 0xc0, 0xb, 0xff, 0xe0, 0x0, 0x8f, 0xff,
    0x10, 0xdf, 0xfa, 0x0, 0x4, 0xff, 0xf4, 0xf,
    0xff, 0x80, 0x0, 0x2f, 0xff, 0x60, 0xff, 0xf7,
    0x0, 0x1, 0xff, 0xf7, 0xf, 0xff, 0x70, 0x0,
    0x1f, 0xff, 0x70, 0x22, 0x20, 0x0, 0x1, 0xff,
    0xf6, 0x0, 0x0, 0x0, 0x0, 0x2f, 0xff, 0x50,
    0x0, 0x0, 0x0, 0x4, 0xff, 0xf1, 0x0, 0x0,
    0x0, 0x0, 0x9f, 0xfd, 0x0, 0x0, 0x0, 0x1,
    0x6f, 0xff, 0x70, 0x0, 0x0, 0xf, 0xff, 0xff,
    0xb0, 0x0, 0x0, 0x0, 0xff, 0xff, 0xc0, 0x0,
    0x0, 0x0, 0xe, 0xff, 0xff, 0xb0, 0x0, 0x0,
    0x0, 0x0, 0x6f, 0xff, 0x60, 0x0, 0x0, 0x0,
    0x0, 0x9f, 0xfe, 0x0, 0x0, 0x0, 0x0, 0x4,
    0xff, 0xf2, 0x0, 0x0, 0x0, 0x0, 0x2f, 0xff,
    0x50, 0x0, 0x0, 0x0, 0x1, 0xff, 0xf7, 0x1f,
    0xff, 0x50, 0x0, 0xf, 0xff, 0x81, 0xff, 0xf5,
    0x0, 0x0, 0xff, 0xf9, 0xf, 0xff, 0x50, 0x0,
    0x1f, 0xff, 0x80, 0xff, 0xf6, 0x0, 0x1, 0xff,
    0xf7, 0xe, 0xff, 0x70, 0x0, 0x3f, 0xff, 0x40,
    0xbf, 0xfb, 0x0, 0x7, 0xff, 0xf1, 0x7, 0xff,
    0xf6, 0x24, 0xef, 0xfc, 0x0, 0x1f, 0xff, 0xff,
    0xff, 0xff, 0x50, 0x0, 0x6f, 0xff, 0xff, 0xff,
    0x90, 0x0, 0x0, 0x4b, 0xef, 0xeb, 0x50, 0x0,

    /* U+0034 "4" */
    0x0, 0x0, 0x0, 0xd, 0xff, 0xf0, 0x0, 0x0,
    0x0, 0x0, 0x2f, 0xff, 0xf0, 0x0, 0x0, 0x0,
    0x0, 0x7f, 0xff, 0xf0, 0x0, 0x0, 0x0, 0x0,
    0xcf, 0xff, 0xf0, 0x0, 0x0, 0x0, 0x1, 0xff,
    0xff, 0xf0, 0x0, 0x0, 0x0, 0x6, 0xff, 0xff,
    0xf0, 0x0, 0x0, 0x0, 0xb, 0xfe, 0xff, 0xf0,
    0x0, 0x0, 0x0, 0xf, 0xf9, 0xff, 0xf0, 0x0,
    0x0, 0x0, 0x4f, 0xf5, 0xff, 0xf0, 0x0, 0x0,
    0x0, 0x9f, 0xc4, 0xff, 0xf0, 0x0, 0x0, 0x0,
    0xef, 0x84, 0xff, 0xf0, 0x0, 0x0, 0x3, 0xff,
    0x44, 0xff, 0xf0, 0x0, 0x0, 0x8, 0xff, 0x4,
    0xff, 0xf0, 0x0, 0x0, 0xd, 0xfb, 0x4, 0xff,
    0xf0, 0x0, 0x0, 0x2f, 0xf7, 0x4, 0xff, 0xf0,
    0x0, 0x0, 0x7f, 0xf2, 0x4, 0xff, 0xf0, 0x0,
    0x0, 0xcf, 0xe0, 0x4, 0xff, 0xf0, 0x0, 0x1,
    0xff, 0xa0, 0x4, 0xff, 0xf0, 0x0, 0x6, 0xff,
    0x50, 0x4, 0xff, 0xf0, 0x0, 0xa, 0xff, 0x10,
    0x4, 0xff, 0xf0, 0x0, 0xf, 0xfd, 0x0, 0x4,
    0xff, 0xf0, 0x0, 0x4f, 0xf8, 0x0, 0x4, 0xff,
    0xf0, 0x0, 0x8f, 0xff, 0xee, 0xef, 0xff, 0xfe,
    0xe8, 0x9f, 0xff, 0xff, 0xff, 0xff, 0xff, 0xf9,
    0x9f, 0xff, 0xff, 0xff, 0xff, 0xff, 0xf9, 0x0,
    0x0, 0x0, 0x4, 0xff, 0xf0, 0x0, 0x0, 0x0,
    0x0, 0x4, 0xff, 0xf0, 0x0, 0x0, 0x0, 0x0,
    0x4, 0xff, 0xf0, 0x0, 0x0, 0x0, 0x0, 0x4,
    0xff, 0xf0, 0x0, 0x0, 0x0, 0x0, 0x4, 0xff,
    0xf0, 0x0, 0x0, 0x0, 0x0, 0x4, 0xff, 0xf0,
    0x0,

    /* U+0035 "5" */
    0x2f, 0xff, 0xff, 0xff, 0xff, 0x80, 0x2f, 0xff,
    0xff, 0xff, 0xff, 0x80, 0x2f, 0xff, 0xff, 0xff,
    0xff, 0x80, 0x2f, 0xff, 0x65, 0x55, 0x55, 0x20,
    0x2f, 0xff, 0x20, 0x0, 0x0, 0x0, 0x2f, 0xff,
    0x20, 0x0, 0x0, 0x0, 0x2f, 0xff, 0x20, 0x0,
    0x0, 0x0, 0x2f, 0xff, 0x20, 0x0, 0x0, 0x0,
    0x2f, 0xff, 0x20, 0x10, 0x0, 0x0, 0x2f, 0xff,
    0x6d, 0xff, 0xb2, 0x0, 0x2f, 0xff, 0xff, 0xff,
    0xfe, 0x0, 0x2f, 0xff, 0xff, 0xff, 0xff, 0x70,
    0x2f, 0xff, 0xc1, 0x2d, 0xff, 0xb0, 0x2f, 0xff,
    0x30, 0x7, 0xff, 0xf0, 0x2f, 0xff, 0x0, 0x4,
    0xff, 0xf1, 0x1, 0x23, 0x0, 0x3, 0xff, 0xf2,
    0x0, 0x0, 0x0, 0x3, 0xff, 0xf3, 0x0, 0x0,
    0x0, 0x3, 0xff, 0xf4, 0x0, 0x0, 0x0, 0x3,
    0xff, 0xf4, 0x0, 0x0, 0x0, 0x3, 0xff, 0xf4,
    0x0, 0x0, 0x0, 0x3, 0xff, 0xf4, 0x25, 0x55,
    0x0, 0x3, 0xff, 0xf4, 0x7f, 0xff, 0x0, 0x3,
    0xff, 0xf3, 0x7f, 0xff, 0x0, 0x3, 0xff, 0xf3,
    0x7f, 0xff, 0x0, 0x3, 0xff, 0xf2, 0x7f, 0xff,
    0x10, 0x4, 0xff, 0xf0, 0x5f, 0xff, 0x30, 0x6,
    0xff, 0xe0, 0x2f, 0xff, 0xc2, 0x3e, 0xff, 0xa0,
    0xc, 0xff, 0xff, 0xff, 0xff, 0x50, 0x2, 0xef,
    0xff, 0xff, 0xfb, 0x0, 0x0, 0x18, 0xdf, 0xfd,
    0x70, 0x0,

    /* U+0036 "6" */
    0x0, 0x19, 0xdf, 0xec, 0x60, 0x0, 0x2, 0xef,
    0xff, 0xff, 0xfa, 0x0, 0xc, 0xff, 0xff, 0xff,
    0xff, 0x40, 0x2f, 0xff, 0x82, 0x4d, 0xff, 0xa0,
    0x6f, 0xfe, 0x0, 0x6, 0xff, 0xe0, 0x9f, 0xfc,
    0x0, 0x3, 0xff, 0xf0, 0xaf, 0xfb, 0x0, 0x2,
    0xff, 0xf1, 0xcf, 0xfa, 0x0, 0x1, 0xff, 0xf2,
    0xcf, 0xfa, 0x0, 0x1, 0xff, 0xf2, 0xcf, 0xfa,
    0x0, 0x0, 0x77, 0x71, 0xdf, 0xfa, 0x0, 0x0,
    0x0, 0x0, 0xdf, 0xfa, 0x0, 0x0, 0x0, 0x0,
    0xdf, 0xfa, 0x7c, 0xed, 0x91, 0x0, 0xdf, 0xff,
    0xff, 0xff, 0xfe, 0x10, 0xdf, 0xff, 0xff, 0xff,
    0xff, 0xa0, 0xdf, 0xfe, 0x61, 0x19, 0xff, 0xf0,
    0xdf, 0xfa, 0x0, 0x1, 0xff, 0xf3, 0xdf, 0xfa,
    0x0, 0x0, 0xdf, 0xf6, 0xdf, 0xfa, 0x0, 0x0,
    0xcf, 0xf7, 0xdf, 0xfa, 0x0, 0x0, 0xbf, 0xf8,
    0xdf, 0xfa, 0x0, 0x0, 0xbf, 0xf9, 0xdf, 0xfa,
    0x0, 0x0, 0xbf, 0xf9, 0xcf, 0xfa, 0x0, 0x0,
    0xbf, 0xf9, 0xcf, 0xfa, 0x0, 0x0, 0xbf, 0xf9,
    0xcf, 0xfa, 0x0, 0x0, 0xbf, 0xf8, 0xbf, 0xfb,
    0x0, 0x0, 0xcf, 0xf7, 0x9f, 0xfd, 0x0, 0x0,
    0xdf, 0xf6, 0x6f, 0xff, 0x10, 0x1, 0xff, 0xf3,
    0x2f, 0xff, 0xc4, 0x3b, 0xff, 0xf0, 0xc, 0xff,
    0xff, 0xff, 0xff, 0x90, 0x2, 0xef, 0xff, 0xff,
    0xfe, 0x10, 0x0, 0x18, 0xdf, 0xfd, 0x91, 0x0,

    /* U+0037 "7" */
    0x8f, 0xff, 0xff, 0xff, 0xff, 0xff, 0xd8, 0xff,
    0xff, 0xff, 0xff, 0xff, 0xfd, 0x8f, 0xff, 0xff,
    0xff, 0xff, 0xff, 0xc1, 0x22, 0x22, 0x22, 0x22,
    0xef, 0xf9, 0x0, 0x0, 0x0, 0x0, 0x4f, 0xff,
    0x40, 0x0, 0x0, 0x0, 0xa, 0xff, 0xe0, 0x0,
    0x0, 0x0, 0x0, 0xff, 0xf8, 0x0, 0x0, 0x0,
    0x0, 0x5f, 0xff, 0x30, 0x0, 0x0, 0x0, 0xa,
    0xff, 0xd0, 0x0, 0x0, 0x0, 0x0, 0xef, 0xf8,
    0x0, 0x0, 0x0, 0x0, 0x3f, 0xff, 0x40, 0x0,
    0x0, 0x0, 0x8, 0xff, 0xf0, 0x0, 0x0, 0x0,
    0x0, 0xdf, 0xfb, 0x0, 0x0, 0x0, 0x0, 0x2f,
    0xff, 0x60, 0x0, 0x0, 0x0, 0x6, 0xff, 0xf2,
    0x0, 0x0, 0x0, 0x0, 0xaf, 0xfe, 0x0, 0x0,
    0x0, 0x0, 0xe, 0xff, 0xa0, 0x0, 0x0, 0x0,
    0x3, 0xff, 0xf7, 0x0, 0x0, 0x0, 0x0, 0x6f,
    0xff, 0x40, 0x0, 0x0, 0x0, 0xa, 0xff, 0xf0,
    0x0, 0x0, 0x0, 0x0, 0xdf, 0xfd, 0x0, 0x0,
    0x0, 0x0, 0x1f, 0xff, 0xa0, 0x0, 0x0, 0x0,
    0x4, 0xff, 0xf8, 0x0, 0x0, 0x0, 0x0, 0x7f,
    0xff, 0x50, 0x0, 0x0, 0x0, 0x9, 0xff, 0xf3,
    0x0, 0x0, 0x0, 0x0, 0xcf, 0xff, 0x10, 0x0,
    0x0, 0x0, 0xe, 0xff, 0xf0, 0x0, 0x0, 0x0,
    0x0, 0xff, 0xfd, 0x0, 0x0, 0x0, 0x0, 0x1f,
    0xff, 0xb0, 0x0, 0x0, 0x0, 0x3, 0xff, 0xfa,
    0x0, 0x0, 0x0, 0x0, 0x4f, 0xff, 0x90, 0x0,
    0x0, 0x0,

    /* U+0038 "8" */
    0x0, 0x5, 0xbe, 0xfe, 0xc6, 0x0, 0x0, 0x8,
    0xff, 0xff, 0xff, 0xfb, 0x0, 0x3, 0xff, 0xff,
    0xff, 0xff, 0xf6, 0x0, 0x9f, 0xff, 0x40, 0x2d,
    0xff, 0xc0, 0xd, 0xff, 0xa0, 0x0, 0x7f, 0xff,
    0x0, 0xff, 0xf7, 0x0, 0x4, 0xff, 0xf3, 0x1f,
    0xff, 0x50, 0x0, 0x2f, 0xff, 0x42, 0xff, 0xf5,
    0x0, 0x2, 0xff, 0xf5, 0x1f, 0xff, 0x50, 0x0,
    0x2f, 0xff, 0x41, 0xff, 0xf5, 0x0, 0x2, 0xff,
    0xf4, 0xf, 0xff, 0x60, 0x0, 0x4f, 0xff, 0x20,
    0xcf, 0xf9, 0x0, 0x6, 0xff, 0xf0, 0x7, 0xff,
    0xd0, 0x0, 0xaf, 0xfb, 0x0, 0x1f, 0xff, 0x70,
    0x5f, 0xff, 0x40, 0x0, 0x5f, 0xff, 0xff, 0xff,
    0x80, 0x0, 0x2, 0xef, 0xff, 0xff, 0xf6, 0x0,
    0x0, 0xdf, 0xff, 0x9d, 0xff, 0xf1, 0x0, 0x6f,
    0xff, 0x40, 0x1f, 0xff, 0x80, 0xc, 0xff, 0xc0,
    0x0, 0xaf, 0xfd, 0x0, 0xff, 0xf8, 0x0, 0x7,
    0xff, 0xf0, 0x3f, 0xff, 0x50, 0x0, 0x5f, 0xff,
    0x35, 0xff, 0xf4, 0x0, 0x4, 0xff, 0xf5, 0x5f,
    0xff, 0x40, 0x0, 0x3f, 0xff, 0x55, 0xff, 0xf4,
    0x0, 0x3, 0xff, 0xf6, 0x5f, 0xff, 0x40, 0x0,
    0x3f, 0xff, 0x64, 0xff, 0xf4, 0x0, 0x4, 0xff,
    0xf5, 0x3f, 0xff, 0x60, 0x0, 0x5f, 0xff, 0x30,
    0xff, 0xf9, 0x0, 0x7, 0xff, 0xf1, 0xb, 0xff,
    0xf5, 0x14, 0xef, 0xfc, 0x0, 0x4f, 0xff, 0xff,
    0xff, 0xff, 0x60, 0x0, 0x9f, 0xff, 0xff, 0xff,
    0xa0, 0x0, 0x0, 0x4b, 0xef, 0xec, 0x60, 0x0,

    /* U+0039 "9" */
    0x0, 0x5, 0xbe, 0xfe, 0xa4, 0x0, 0x0, 0x8,
    0xff, 0xff, 0xff, 0xf7, 0x0, 0x3, 0xff, 0xff,
    0xff, 0xff, 0xf2, 0x0, 0x9f, 0xff, 0x63, 0x7f,
    0xff, 0x90, 0xd, 0xff, 0x80, 0x0, 0xaf, 0xfd,
    0x0, 0xff, 0xf4, 0x0, 0x7, 0xff, 0xf0, 0x1f,
    0xff, 0x20, 0x0, 0x5f, 0xff, 0x12, 0xff, 0xf1,
    0x0, 0x4, 0xff, 0xf3, 0x2f, 0xff, 0x10, 0x0,
    0x4f, 0xff, 0x32, 0xff, 0xf1, 0x0, 0x4, 0xff,
    0xf3, 0x2f, 0xff, 0x10, 0x0, 0x4f, 0xff, 0x32,
    0xff, 0xf1, 0x0, 0x4, 0xff, 0xf3, 0x1f, 0xff,
    0x10, 0x0, 0x4f, 0xff, 0x31, 0xff, 0xf2, 0x0,
    0x4, 0xff, 0xf3, 0xf, 0xff, 0x30, 0x0, 0x4f,
    0xff, 0x30, 0xdf, 0xf7, 0x0, 0x4, 0xff, 0xf3,
    0x9, 0xff, 0xe3, 0x3, 0xbf, 0xff, 0x30, 0x4f,
    0xff, 0xff, 0xff, 0xff, 0xf3, 0x0, 0xaf, 0xff,
    0xff, 0xff, 0xff, 0x30, 0x0, 0x6c, 0xed, 0xa6,
    0xff, 0xf3, 0x0, 0x0, 0x0, 0x0, 0x4f, 0xff,
    0x30, 0x0, 0x0, 0x0, 0x4, 0xff, 0xf3, 0x5,
    0x77, 0x30, 0x0, 0x4f, 0xff, 0x30, 0xbf, 0xf8,
    0x0, 0x4, 0xff, 0xf3, 0xb, 0xff, 0x80, 0x0,
    0x4f, 0xff, 0x20, 0xbf, 0xf8, 0x0, 0x4, 0xff,
    0xf1, 0x9, 0xff, 0x90, 0x0, 0x5f, 0xff, 0x0,
    0x7f, 0xfc, 0x0, 0x8, 0xff, 0xd0, 0x4, 0xff,
    0xf6, 0x24, 0xef, 0xf9, 0x0, 0xd, 0xff, 0xff,
    0xff, 0xff, 0x30, 0x0, 0x4f, 0xff, 0xff, 0xff,
    0x80, 0x0, 0x0, 0x3a, 0xef, 0xeb, 0x50, 0x0,

    /* U+003A ":" */
    0x6a, 0xaa, 0x2a, 0xff, 0xf4, 0xaf, 0xff, 0x4a,
    0xff, 0xf4, 0xaf, 0xff, 0x40, 0x0, 0x0, 0x0,
    0x0, 0x0, 0x0, 0x0, 0x0, 0x0, 0x0, 0x0,
    0x0, 0x0, 0x0, 0x0, 0x0, 0x0, 0x0, 0x0,
    0x0, 0x0, 0x0, 0x6a, 0xaa, 0x2a, 0xff, 0xf4,
    0xaf, 0xff, 0x4a, 0xff, 0xf4, 0xaf, 0xff, 0x40,

    /* U+003B ";" */
    0xaf, 0xff, 0x5a, 0xff, 0xf5, 0xaf, 0xff, 0x5a,
    0xff, 0xf5, 0x6a, 0xaa, 0x30, 0x0, 0x0, 0x0,
    0x0, 0x0, 0x0, 0x0, 0x0, 0x0, 0x0, 0x0,
    0x0, 0x0, 0x0, 0x0, 0x0, 0x0, 0x0, 0x0,
    0x3, 0x77, 0x74, 0x7f, 0xff, 0x87, 0xff, 0xf8,
    0x7f, 0xff, 0x87, 0xff, 0xf8, 0x4, 0xff, 0x50,
    0x7f, 0xf1, 0xa, 0xfc, 0x0, 0xef, 0x80, 0x1f,
    0xf3, 0x5, 0xfe, 0x0, 0x8f, 0xa0, 0x0,

    /* U+003C "<" */
    0x0, 0x0, 0x0, 0x0, 0x0, 0x0, 0x0, 0x0,
    0x0, 0x0, 0x83, 0x0, 0x0, 0x0, 0x3, 0xdf,
    0x40, 0x0, 0x0, 0x8, 0xff, 0xf4, 0x0, 0x0,
    0x3d, 0xff, 0xff, 0x30, 0x0, 0x8f, 0xff, 0xfe,
    0x40, 0x3, 0xdf, 0xff, 0xf8, 0x0, 0x8, 0xff,
    0xff, 0xc3, 0x0, 0x0, 0xef, 0xff, 0x60, 0x0,
    0x0, 0xe, 0xfe, 0x20, 0x0, 0x0, 0x0, 0xef,
    0xfd, 0x30, 0x0, 0x0, 0xa, 0xff, 0xff, 0x90,
    0x0, 0x0, 0x6, 0xff, 0xff, 0xe4, 0x0, 0x0,
    0x1, 0xbf, 0xff, 0xfa, 0x10, 0x0, 0x0, 0x6f,
    0xff, 0xfe, 0x20, 0x0, 0x0, 0x2c, 0xff, 0xf4,
    0x0, 0x0, 0x0, 0x7, 0xff, 0x40, 0x0, 0x0,
    0x0, 0x2, 0xc4, 0x0, 0x0, 0x0, 0x0, 0x0,
    0x0,

    /* U+003D "=" */
    0x6d, 0xdd, 0xdd, 0xdd, 0xdd, 0x98, 0xff, 0xff,
    0xff, 0xff, 0xfc, 0x8f, 0xff, 0xff, 0xff, 0xff,
    0xc0, 0x0, 0x0, 0x0, 0x0, 0x0, 0x0, 0x0,
    0x0, 0x0, 0x0, 0x0, 0x0, 0x0, 0x0, 0x0,
    0x0, 0x6d, 0xdd, 0xdd, 0xdd, 0xdd, 0x98, 0xff,
    0xff, 0xff, 0xff, 0xfc, 0x8f, 0xff, 0xff, 0xff,
    0xff, 0xc0,

    /* U+003E ">" */
    0x0, 0x0, 0x0, 0x0, 0x0, 0x6, 0x60, 0x0,
    0x0, 0x0, 0x0, 0x7f, 0xb1, 0x0, 0x0, 0x0,
    0x7, 0xff, 0xf6, 0x0, 0x0, 0x0, 0x6f, 0xff,
    0xfb, 0x10, 0x0, 0x0, 0x5e, 0xff, 0xfe, 0x50,
    0x0, 0x0, 0x1a, 0xff, 0xff, 0xa1, 0x0, 0x0,
    0x5, 0xef, 0xff, 0xe4, 0x0, 0x0, 0x1, 0x9f,
    0xff, 0xa0, 0x0, 0x0, 0x0, 0x5f, 0xfa, 0x0,
    0x0, 0x0, 0x4e, 0xff, 0xa0, 0x0, 0x1, 0xaf,
    0xff, 0xf7, 0x0, 0x7, 0xff, 0xff, 0xe4, 0x0,
    0x3c, 0xff, 0xff, 0xa1, 0x0, 0x5f, 0xff, 0xfe,
    0x40, 0x0, 0x7, 0xff, 0xfa, 0x10, 0x0, 0x0,
    0x7f, 0xe5, 0x0, 0x0, 0x0, 0x7, 0xa1, 0x0,
    0x0, 0x0, 0x0, 0x10, 0x0, 0x0, 0x0, 0x0,
    0x0,

    /* U+003F "?" */
    0x0, 0x8, 0xdf, 0xfc, 0x70, 0x0, 0xc, 0xff,
    0xff, 0xff, 0xa0, 0x7, 0xff, 0xff, 0xff, 0xff,
    0x30, 0xdf, 0xfe, 0x46, 0xff, 0xf8, 0xf, 0xff,
    0x80, 0xd, 0xff, 0xb1, 0xff, 0xf6, 0x0, 0xcf,
    0xfd, 0x2f, 0xff, 0x50, 0xb, 0xff, 0xe3, 0xff,
    0xf5, 0x0, 0xbf, 0xfe, 0x3f, 0xff, 0x50, 0xb,
    0xff, 0xe3, 0xff, 0xf5, 0x0, 0xbf, 0xfe, 0x2d,
    0xdd, 0x40, 0xc, 0xff, 0xd0, 0x0, 0x0, 0x0,
    0xdf, 0xfc, 0x0, 0x0, 0x0, 0xf, 0xff, 0xa0,
    0x0, 0x0, 0x4, 0xff, 0xf7, 0x0, 0x0, 0x0,
    0xbf, 0xff, 0x20, 0x0, 0x0, 0x9f, 0xff, 0xb0,
    0x0, 0x17, 0xef, 0xff, 0xe1, 0x0, 0x7, 0xff,
    0xff, 0xb1, 0x0, 0x0, 0x7f, 0xfc, 0x20, 0x0,
    0x0, 0x7, 0xff, 0xb0, 0x0, 0x0, 0x0, 0x7f,
    0xfb, 0x0, 0x0, 0x0, 0x7, 0xff, 0xb0, 0x0,
    0x0, 0x0, 0x25, 0x53, 0x0, 0x0, 0x0, 0x0,
    0x0, 0x0, 0x0, 0x0, 0x0, 0x0, 0x0, 0x0,
    0x0, 0x0, 0x2, 0x55, 0x30, 0x0, 0x0, 0x0,
    0x6f, 0xfb, 0x0, 0x0, 0x0, 0x6, 0xff, 0xb0,
    0x0, 0x0, 0x0, 0x6f, 0xfb, 0x0, 0x0, 0x0,
    0x6, 0xff, 0xb0, 0x0, 0x0, 0x0, 0x6f, 0xfb,
    0x0, 0x0, 0x0,

    /* U+0040 "@" */
    0x0, 0x0, 0x0, 0x1, 0x7b, 0xdf, 0xfe, 0xc8,
    0x20, 0x0, 0x0, 0x0, 0x0, 0x0, 0x19, 0xff,
    0xff, 0xff, 0xff, 0xff, 0x90, 0x0, 0x0, 0x0,
    0x0, 0x3e, 0xff, 0xfe, 0xb9, 0x9a, 0xdf, 0xff,
    0xc0, 0x0, 0x0, 0x0, 0x2e, 0xff, 0xd4, 0x0,
    0x0, 0x0, 0x3c, 0xff, 0xa0, 0x0, 0x0, 0xd,
    0xff, 0xa0, 0x0, 0x0, 0x0, 0x0, 0xb, 0xff,
    0x50, 0x0, 0x7, 0xff, 0xc0, 0x0, 0x0, 0x0,
    0x0, 0x0, 0xe, 0xfd, 0x0, 0x0, 0xef, 0xf2,
    0x0, 0x0, 0x0, 0x0, 0x0, 0x0, 0x5f, 0xf3,
    0x0, 0x6f, 0xfa, 0x0, 0x0, 0x4b, 0xef, 0xda,
    0x50, 0x0, 0xff, 0x90, 0xb, 0xff, 0x40, 0x0,
    0x6f, 0xff, 0xff, 0xff, 0xd0, 0xa, 0xfd, 0x0,
    0xff, 0xe0, 0x0, 0x4f, 0xfc, 0x41, 0x4d, 0xfe,
    0x0, 0x7f, 0xf0, 0x3f, 0xfb, 0x0, 0xc, 0xfd,
    0x0, 0x0, 0xaf, 0xe0, 0x5, 0xff, 0x36, 0xff,
    0x80, 0x2, 0xff, 0x50, 0x0, 0xa, 0xfe, 0x0,
    0x3f, 0xf5, 0x8f, 0xf5, 0x0, 0x7f, 0xf0, 0x0,
    0x0, 0xaf, 0xe0, 0x2, 0xff, 0x7a, 0xff, 0x40,
    0xb, 0xfc, 0x0, 0x0, 0xa, 0xfe, 0x0, 0x1f,
    0xf8, 0xbf, 0xf2, 0x0, 0xdf, 0xa0, 0x0, 0x0,
    0xaf, 0xe0, 0x0, 0xff, 0x8c, 0xff, 0x20, 0xe,
    0xf9, 0x0, 0x0, 0xa, 0xfe, 0x0, 0xf, 0xf9,
    0xcf, 0xf1, 0x0, 0xff, 0x80, 0x0, 0x0, 0xaf,
    0xe0, 0x1, 0xff, 0x8c, 0xff, 0x20, 0xf, 0xf8,
    0x0, 0x0, 0xa, 0xfe, 0x0, 0x1f, 0xf7, 0xcf,
    0xf2, 0x0, 0xff, 0x80, 0x0, 0x0, 0xaf, 0xe0,
    0x2, 0xff, 0x6b, 0xff, 0x30, 0xe, 0xf9, 0x0,
    0x0, 0xb, 0xfe, 0x0, 0x3f, 0xf3, 0x9f, 0xf5,
    0x0, 0xcf, 0xb0, 0x0, 0x0, 0xdf, 0xe0, 0x6,
    0xff, 0x17, 0xff, 0x80, 0x8, 0xff, 0x0, 0x0,
    0x2f, 0xff, 0x0, 0x9f, 0xc0, 0x4f, 0xfb, 0x0,
    0x3f, 0xf5, 0x0, 0xb, 0x9e, 0xf7, 0x2e, 0xf7,
    0x1, 0xff, 0xf0, 0x0, 0xbf, 0xf7, 0x5b, 0xf4,
    0x7f, 0xff, 0xfe, 0x0, 0xc, 0xff, 0x50, 0x1,
    0xef, 0xff, 0xfb, 0x0, 0xcf, 0xff, 0x40, 0x0,
    0x6f, 0xfc, 0x0, 0x1, 0x9e, 0xfa, 0x0, 0x0,
    0x56, 0x20, 0x0, 0x0, 0xff, 0xf5, 0x0, 0x0,
    0x0, 0x0, 0x0, 0x0, 0x0, 0x0, 0x0, 0x7,
    0xff, 0xf3, 0x0, 0x0, 0x0, 0x0, 0x0, 0x0,
    0x0, 0x0, 0x0, 0xc, 0xff, 0xf5, 0x0, 0x0,
    0x0, 0x0, 0x0, 0x4, 0x0, 0x0, 0x0, 0x1e,
    0xff, 0xfc, 0x62, 0x0, 0x2, 0x47, 0xbf, 0xf3,
    0x0, 0x0, 0x0, 0x1c, 0xff, 0xff, 0xff, 0xff,
    0xff, 0xff, 0xff, 0x50, 0x0, 0x0, 0x0, 0x6,
    0xdf, 0xff, 0xff, 0xff, 0xfe, 0xa6, 0x10, 0x0,
    0x0, 0x0, 0x0, 0x0, 0x25, 0x78, 0x76, 0x41,
    0x0, 0x0, 0x0, 0x0,

    /* U+0041 "A" */
    0x0, 0x0, 0x8, 0xff, 0xff, 0x0, 0x0, 0x0,
    0x0, 0x0, 0xa, 0xff, 0xff, 0x30, 0x0, 0x0,
    0x0, 0x0, 0xc, 0xff, 0xff, 0x50, 0x0, 0x0,
    0x0, 0x0, 0xf, 0xff, 0xff, 0x80, 0x0, 0x0,
    0x0, 0x0, 0x1f, 0xff, 0xff, 0xb0, 0x0, 0x0,
    0x0, 0x0, 0x4f, 0xff, 0xff, 0xd0, 0x0, 0x0,
    0x0, 0x0, 0x6f, 0xfb, 0xff, 0xf0, 0x0, 0x0,
    0x0, 0x0, 0x8f, 0xf9, 0xef, 0xf3, 0x0, 0x0,
    0x0, 0x0, 0xbf, 0xf6, 0xbf, 0xf5, 0x0, 0x0,
    0x0, 0x0, 0xdf, 0xf4, 0x9f, 0xf8, 0x0, 0x0,
    0x0, 0x0, 0xff, 0xf2, 0x6f, 0xfa, 0x0, 0x0,
    0x0, 0x2, 0xff, 0xf0, 0x4f, 0xfd, 0x0, 0x0,
    0x0, 0x5, 0xff, 0xd0, 0x2f, 0xff, 0x0, 0x0,
    0x0, 0x7, 0xff, 0xb0, 0xf, 0xff, 0x20, 0x0,
    0x0, 0x9, 0xff, 0x90, 0xd, 0xff, 0x50, 0x0,
    0x0, 0xc, 0xff, 0x70, 0xa, 0xff, 0x80, 0x0,
    0x0, 0xe, 0xff, 0x50, 0x8, 0xff, 0xa0, 0x0,
    0x0, 0x1f, 0xff, 0x20, 0x6, 0xff, 0xd0, 0x0,
    0x0, 0x3f, 0xff, 0x0, 0x3, 0xff, 0xf0, 0x0,
    0x0, 0x6f, 0xfe, 0x0, 0x1, 0xff, 0xf2, 0x0,
    0x0, 0x8f, 0xfc, 0x0, 0x0, 0xef, 0xf5, 0x0,
    0x0, 0xaf, 0xfa, 0x0, 0x0, 0xcf, 0xf7, 0x0,
    0x0, 0xdf, 0xff, 0xff, 0xff, 0xff, 0xfa, 0x0,
    0x0, 0xff, 0xff, 0xff, 0xff, 0xff, 0xfd, 0x0,
    0x2, 0xff, 0xff, 0xff, 0xff, 0xff, 0xff, 0x0,
    0x4, 0xff, 0xf1, 0x0, 0x0, 0x2f, 0xff, 0x20,
    0x7, 0xff, 0xf0, 0x0, 0x0, 0xf, 0xff, 0x50,
    0x9, 0xff, 0xd0, 0x0, 0x0, 0xd, 0xff, 0x70,
    0xb, 0xff, 0xa0, 0x0, 0x0, 0xb, 0xff, 0xa0,
    0xe, 0xff, 0x80, 0x0, 0x0, 0x9, 0xff, 0xd0,
    0xf, 0xff, 0x60, 0x0, 0x0, 0x6, 0xff, 0xf0,

    /* U+0042 "B" */
    0x7f, 0xff, 0xff, 0xfe, 0xb6, 0x0, 0x7, 0xff,
    0xff, 0xff, 0xff, 0xfa, 0x0, 0x7f, 0xff, 0xff,
    0xff, 0xff, 0xf5, 0x7, 0xff, 0xf2, 0x0, 0x6f,
    0xff, 0xb0, 0x7f, 0xff, 0x20, 0x0, 0xbf, 0xff,
    0x7, 0xff, 0xf2, 0x0, 0x8, 0xff, 0xf1, 0x7f,
    0xff, 0x20, 0x0, 0x7f, 0xff, 0x27, 0xff, 0xf2,
    0x0, 0x7, 0xff, 0xf2, 0x7f, 0xff, 0x20, 0x0,
    0x7f, 0xff, 0x27, 0xff, 0xf2, 0x0, 0x7, 0xff,
    0xf1, 0x7f, 0xff, 0x20, 0x0, 0x8f, 0xff, 0x7,
    0xff, 0xf2, 0x0, 0xa, 0xff, 0xc0, 0x7f, 0xff,
    0x20, 0x4, 0xff, 0xf6, 0x7, 0xff, 0xff, 0xff,
    0xff, 0xfb, 0x0, 0x7f, 0xff, 0xff, 0xff, 0xff,
    0x40, 0x7, 0xff, 0xfd, 0xdd, 0xff, 0xff, 0x40,
    0x7f, 0xff, 0x20, 0x0, 0xcf, 0xfd, 0x7, 0xff,
    0xf2, 0x0, 0x5, 0xff, 0xf3, 0x7f, 0xff, 0x20,
    0x0, 0x2f, 0xff, 0x67, 0xff, 0xf2, 0x0, 0x0,
    0xff, 0xf8, 0x7f, 0xff, 0x20, 0x0, 0xf, 0xff,
    0x97, 0xff, 0xf2, 0x0, 0x0, 0xff, 0xfa, 0x7f,
    0xff, 0x20, 0x0, 0xf, 0xff, 0xa7, 0xff, 0xf2,
    0x0, 0x0, 0xff, 0xfa, 0x7f, 0xff, 0x20, 0x0,
    0x1f, 0xff, 0x87, 0xff, 0xf2, 0x0, 0x3, 0xff,
    0xf7, 0x7f, 0xff, 0x20, 0x0, 0x7f, 0xff, 0x47,
    0xff, 0xf2, 0x0, 0x3e, 0xff, 0xe0, 0x7f, 0xff,
    0xff, 0xff, 0xff, 0xf8, 0x7, 0xff, 0xff, 0xff,
    0xff, 0xfb, 0x0, 0x7f, 0xff, 0xff, 0xfe, 0xc6,
    0x0, 0x0,

    /* U+0043 "C" */
    0x0, 0x6, 0xce, 0xfe, 0xa3, 0x0, 0x0, 0xb,
    0xff, 0xff, 0xff, 0xf5, 0x0, 0x8, 0xff, 0xff,
    0xff, 0xff, 0xf1, 0x0, 0xff, 0xfe, 0x53, 0x8f,
    0xff, 0x80, 0x5f, 0xff, 0x60, 0x0, 0xdf, 0xfc,
    0x8, 0xff, 0xf1, 0x0, 0x9, 0xff, 0xf0, 0xaf,
    0xff, 0x0, 0x0, 0x7f, 0xff, 0x1b, 0xff, 0xd0,
    0x0, 0x6, 0xff, 0xf2, 0xcf, 0xfd, 0x0, 0x0,
    0x5f, 0xff, 0x3c, 0xff, 0xd0, 0x0, 0x5, 0xff,
    0xf3, 0xdf, 0xfd, 0x0, 0x0, 0x5f, 0xff, 0x3d,
    0xff, 0xd0, 0x0, 0x5, 0xff, 0xf3, 0xdf, 0xfd,
    0x0, 0x0, 0x27, 0x77, 0x1d, 0xff, 0xd0, 0x0,
    0x0, 0x0, 0x0, 0xdf, 0xfd, 0x0, 0x0, 0x0,
    0x0, 0xd, 0xff, 0xd0, 0x0, 0x0, 0x0, 0x0,
    0xdf, 0xfd, 0x0, 0x0, 0x0, 0x0, 0xd, 0xff,
    0xd0, 0x0, 0x0, 0x0, 0x0, 0xdf, 0xfd, 0x0,
    0x0, 0x0, 0x0, 0xd, 0xff, 0xd0, 0x0, 0x5,
    0xff, 0xf4, 0xdf, 0xfd, 0x0, 0x0, 0x5f, 0xff,
    0x4d, 0xff, 0xd0, 0x0, 0x5, 0xff, 0xf4, 0xcf,
    0xfd, 0x0, 0x0, 0x5f, 0xff, 0x3c, 0xff, 0xd0,
    0x0, 0x5, 0xff, 0xf3, 0xbf, 0xfd, 0x0, 0x0,
    0x6f, 0xff, 0x29, 0xff, 0xf0, 0x0, 0x7, 0xff,
    0xf1, 0x7f, 0xff, 0x10, 0x0, 0x9f, 0xfe, 0x3,
    0xff, 0xf5, 0x0, 0xd, 0xff, 0xb0, 0xe, 0xff,
    0xe4, 0x29, 0xff, 0xf7, 0x0, 0x7f, 0xff, 0xff,
    0xff, 0xfe, 0x10, 0x0, 0xbf, 0xff, 0xff, 0xff,
    0x40, 0x0, 0x0, 0x6c, 0xff, 0xea, 0x20, 0x0,

    /* U+0044 "D" */
    0x7f, 0xff, 0xff, 0xfe, 0xb5, 0x0, 0x7, 0xff,
    0xff, 0xff, 0xff, 0xf9, 0x0, 0x7f, 0xff, 0xee,
    0xff, 0xff, 0xf6, 0x7, 0xff, 0xf2, 0x0, 0x5f,
    0xff, 0xd0, 0x7f, 0xff, 0x20, 0x0, 0x9f, 0xff,
    0x27, 0xff, 0xf2, 0x0, 0x4, 0xff, 0xf5, 0x7f,
    0xff, 0x20, 0x0, 0x2f, 0xff, 0x77, 0xff, 0xf2,
    0x0, 0x1, 0xff, 0xf8, 0x7f, 0xff, 0x20, 0x0,
    0xf, 0xff, 0x97, 0xff, 0xf2, 0x0, 0x0, 0xff,
    0xf9, 0x7f, 0xff, 0x20, 0x0, 0xf, 0xff, 0x97,
    0xff, 0xf2, 0x0, 0x0, 0xff, 0xf9, 0x7f, 0xff,
    0x20, 0x0, 0xf, 0xff, 0x97, 0xff, 0xf2, 0x0,
    0x0, 0xff, 0xf9, 0x7f, 0xff, 0x20, 0x0, 0xf,
    0xff, 0x97, 0xff, 0xf2, 0x0, 0x0, 0xff, 0xf9,
    0x7f, 0xff, 0x20, 0x0, 0xf, 0xff, 0x97, 0xff,
    0xf2, 0x0, 0x0, 0xff, 0xf9, 0x7f, 0xff, 0x20,
    0x0, 0xf, 0xff, 0x97, 0xff, 0xf2, 0x0, 0x0,
    0xff, 0xf9, 0x7f, 0xff, 0x20, 0x0, 0xf, 0xff,
    0x97, 0xff, 0xf2, 0x0, 0x0, 0xff, 0xf9, 0x7f,
    0xff, 0x20, 0x0, 0xf, 0xff, 0x97, 0xff, 0xf2,
    0x0, 0x1, 0xff, 0xf8, 0x7f, 0xff, 0x20, 0x0,
    0x2f, 0xff, 0x77, 0xff, 0xf2, 0x0, 0x4, 0xff,
    0xf5, 0x7f, 0xff, 0x20, 0x0, 0x9f, 0xff, 0x27,
    0xff, 0xf2, 0x0, 0x5f, 0xff, 0xd0, 0x7f, 0xff,
    0xff, 0xff, 0xff, 0xf5, 0x7, 0xff, 0xff, 0xff,
    0xff, 0xf9, 0x0, 0x7f, 0xff, 0xff, 0xfd, 0xa4,
    0x0, 0x0,

    /* U+0045 "E" */
    0x7f, 0xff, 0xff, 0xff, 0xfc, 0x7f, 0xff, 0xff,
    0xff, 0xfc, 0x7f, 0xff, 0xff, 0xff, 0xfc, 0x7f,
    0xff, 0x31, 0x11, 0x10, 0x7f, 0xff, 0x20, 0x0,
    0x0, 0x7f, 0xff, 0x20, 0x0, 0x0, 0x7f, 0xff,
    0x20, 0x0, 0x0, 0x7f, 0xff, 0x20, 0x0, 0x0,
    0x7f, 0xff, 0x20, 0x0, 0x0, 0x7f, 0xff, 0x20,
    0x0, 0x0, 0x7f, 0xff, 0x20, 0x0, 0x0, 0x7f,
    0xff, 0x20, 0x0, 0x0, 0x7f, 0xff, 0x20, 0x0,
    0x0, 0x7f, 0xff, 0xff, 0xff, 0xf7, 0x7f, 0xff,
    0xff, 0xff, 0xf7, 0x7f, 0xff, 0xff, 0xff, 0xf7,
    0x7f, 0xff, 0x31, 0x11, 0x10, 0x7f, 0xff, 0x20,
    0x0, 0x0, 0x7f, 0xff, 0x20, 0x0, 0x0, 0x7f,
    0xff, 0x20, 0x0, 0x0, 0x7f, 0xff, 0x20, 0x0,
    0x0, 0x7f, 0xff, 0x20, 0x0, 0x0, 0x7f, 0xff,
    0x20, 0x0, 0x0, 0x7f, 0xff, 0x20, 0x0, 0x0,
    0x7f, 0xff, 0x20, 0x0, 0x0, 0x7f, 0xff, 0x20,
    0x0, 0x0, 0x7f, 0xff, 0x20, 0x0, 0x0, 0x7f,
    0xff, 0x31, 0x11, 0x10, 0x7f, 0xff, 0xff, 0xff,
    0xfd, 0x7f, 0xff, 0xff, 0xff, 0xfd, 0x7f, 0xff,
    0xff, 0xff, 0xfd,

    /* U+0046 "F" */
    0x7f, 0xff, 0xff, 0xff, 0xfd, 0x7f, 0xff, 0xff,
    0xff, 0xfd, 0x7f, 0xff, 0xff, 0xff, 0xfd, 0x7f,
    0xff, 0x31, 0x11, 0x11, 0x7f, 0xff, 0x20, 0x0,
    0x0, 0x7f, 0xff, 0x20, 0x0, 0x0, 0x7f, 0xff,
    0x20, 0x0, 0x0, 0x7f, 0xff, 0x20, 0x0, 0x0,
    0x7f, 0xff, 0x20, 0x0, 0x0, 0x7f, 0xff, 0x20,
    0x0, 0x0, 0x7f, 0xff, 0x20, 0x0, 0x0, 0x7f,
    0xff, 0x20, 0x0, 0x0, 0x7f, 0xff, 0x31, 0x11,
    0x10, 0x7f, 0xff, 0xff, 0xff, 0xf8, 0x7f, 0xff,
    0xff, 0xff, 0xf8, 0x7f, 0xff, 0xff, 0xff, 0xf8,
    0x7f, 0xff, 0x20, 0x0, 0x0, 0x7f, 0xff, 0x20,
    0x0, 0x0, 0x7f, 0xff, 0x20, 0x0, 0x0, 0x7f,
    0xff, 0x20, 0x0, 0x0, 0x7f, 0xff, 0x20, 0x0,
    0x0, 0x7f, 0xff, 0x20, 0x0, 0x0, 0x7f, 0xff,
    0x20, 0x0, 0x0, 0x7f, 0xff, 0x20, 0x0, 0x0,
    0x7f, 0xff, 0x20, 0x0, 0x0, 0x7f, 0xff, 0x20,
    0x0, 0x0, 0x7f, 0xff, 0x20, 0x0, 0x0, 0x7f,
    0xff, 0x20, 0x0, 0x0, 0x7f, 0xff, 0x20, 0x0,
    0x0, 0x7f, 0xff, 0x20, 0x0, 0x0, 0x7f, 0xff,
    0x20, 0x0, 0x0,

    /* U+0047 "G" */
    0x0, 0x5, 0xbe, 0xfe, 0xb4, 0x0, 0x0, 0xa,
    0xff, 0xff, 0xff, 0xf8, 0x0, 0x7, 0xff, 0xff,
    0xff, 0xff, 0xf3, 0x0, 0xef, 0xff, 0x52, 0x6f,
    0xff, 0xa0, 0x4f, 0xff, 0x60, 0x0, 0x9f, 0xfe,
    0x8, 0xff, 0xf1, 0x0, 0x5, 0xff, 0xf1, 0xaf,
    0xff, 0x0, 0x0, 0x4f, 0xff, 0x2b, 0xff, 0xd0,
    0x0, 0x3, 0xff, 0xf3, 0xcf, 0xfd, 0x0, 0x0,
    0x3f, 0xff, 0x4c, 0xff, 0xd0, 0x0, 0x3, 0xff,
    0xf4, 0xdf, 0xfd, 0x0, 0x0, 0x3f, 0xff, 0x4d,
    0xff, 0xd0, 0x0, 0x2, 0xaa, 0xa3, 0xdf, 0xfd,
    0x0, 0x0, 0x0, 0x0, 0xd, 0xff, 0xd0, 0x0,
    0x0, 0x0, 0x0, 0xdf, 0xfd, 0x0, 0x0, 0x0,
    0x0, 0xd, 0xff, 0xd0, 0x7, 0xdd, 0xdd, 0xd4,
    0xdf, 0xfd, 0x0, 0x9f, 0xff, 0xff, 0x4d, 0xff,
    0xd0, 0x9, 0xff, 0xff, 0xf4, 0xdf, 0xfd, 0x0,
    0x0, 0xf, 0xff, 0x4d, 0xff, 0xd0, 0x0, 0x0,
    0xff, 0xf4, 0xdf, 0xfd, 0x0, 0x0, 0xf, 0xff,
    0x4d, 0xff, 0xd0, 0x0, 0x0, 0xff, 0xf4, 0xcf,
    0xfd, 0x0, 0x0, 0xf, 0xff, 0x4c, 0xff, 0xd0,
    0x0, 0x1, 0xff, 0xf4, 0xbf, 0xfe, 0x0, 0x0,
    0x2f, 0xff, 0x4a, 0xff, 0xf0, 0x0, 0x3, 0xff,
    0xf4, 0x7f, 0xff, 0x10, 0x0, 0x6f, 0xff, 0x44,
    0xff, 0xf5, 0x0, 0xa, 0xff, 0xf4, 0xe, 0xff,
    0xe3, 0x16, 0xff, 0xff, 0x40, 0x7f, 0xff, 0xff,
    0xff, 0xdf, 0xf4, 0x0, 0xbf, 0xff, 0xff, 0xf3,
    0xef, 0x40, 0x0, 0x7d, 0xfe, 0xa2, 0xb, 0xf4,

    /* U+0048 "H" */
    0x7f, 0xff, 0x20, 0x0, 0xe, 0xff, 0xc7, 0xff,
    0xf2, 0x0, 0x0, 0xef, 0xfc, 0x7f, 0xff, 0x20,
    0x0, 0xe, 0xff, 0xc7, 0xff, 0xf2, 0x0, 0x0,
    0xef, 0xfc, 0x7f, 0xff, 0x20, 0x0, 0xe, 0xff,
    0xc7, 0xff, 0xf2, 0x0, 0x0, 0xef, 0xfc, 0x7f,
    0xff, 0x20, 0x0, 0xe, 0xff, 0xc7, 0xff, 0xf2,
    0x0, 0x0, 0xef, 0xfc, 0x7f, 0xff, 0x20, 0x0,
    0xe, 0xff, 0xc7, 0xff, 0xf2, 0x0, 0x0, 0xef,
    0xfc, 0x7f, 0xff, 0x20, 0x0, 0xe, 0xff, 0xc7,
    0xff, 0xf2, 0x0, 0x0, 0xef, 0xfc, 0x7f, 0xff,
    0x20, 0x0, 0xe, 0xff, 0xc7, 0xff, 0xff, 0xff,
    0xff, 0xff, 0xfc, 0x7f, 0xff, 0xff, 0xff, 0xff,
    0xff, 0xc7, 0xff, 0xff, 0xff, 0xff, 0xff, 0xfc,
    0x7f, 0xff, 0x20, 0x0, 0xe, 0xff, 0xc7, 0xff,
    0xf2, 0x0, 0x0, 0xef, 0xfc, 0x7f, 0xff, 0x20,
    0x0, 0xe, 0xff, 0xc7, 0xff, 0xf2, 0x0, 0x0,
    0xef, 0xfc, 0x7f, 0xff, 0x20, 0x0, 0xe, 0xff,
    0xc7, 0xff, 0xf2, 0x0, 0x0, 0xef, 0xfc, 0x7f,
    0xff, 0x20, 0x0, 0xe, 0xff, 0xc7, 0xff, 0xf2,
    0x0, 0x0, 0xef, 0xfc, 0x7f, 0xff, 0x20, 0x0,
    0xe, 0xff, 0xc7, 0xff, 0xf2, 0x0, 0x0, 0xef,
    0xfc, 0x7f, 0xff, 0x20, 0x0, 0xe, 0xff, 0xc7,
    0xff, 0xf2, 0x0, 0x0, 0xef, 0xfc, 0x7f, 0xff,
    0x20, 0x0, 0xe, 0xff, 0xc7, 0xff, 0xf2, 0x0,
    0x0, 0xef, 0xfc, 0x7f, 0xff, 0x20, 0x0, 0xe,
    0xff, 0xc0,

    /* U+0049 "I" */
    0x7f, 0xff, 0x27, 0xff, 0xf2, 0x7f, 0xff, 0x27,
    0xff, 0xf2, 0x7f, 0xff, 0x27, 0xff, 0xf2, 0x7f,
    0xff, 0x27, 0xff, 0xf2, 0x7f, 0xff, 0x27, 0xff,
    0xf2, 0x7f, 0xff, 0x27, 0xff, 0xf2, 0x7f, 0xff,
    0x27, 0xff, 0xf2, 0x7f, 0xff, 0x27, 0xff, 0xf2,
    0x7f, 0xff, 0x27, 0xff, 0xf2, 0x7f, 0xff, 0x27,
    0xff, 0xf2, 0x7f, 0xff, 0x27, 0xff, 0xf2, 0x7f,
    0xff, 0x27, 0xff, 0xf2, 0x7f, 0xff, 0x27, 0xff,
    0xf2, 0x7f, 0xff, 0x27, 0xff, 0xf2, 0x7f, 0xff,
    0x27, 0xff, 0xf2, 0x7f, 0xff, 0x20,

    /* U+004A "J" */
    0x0, 0x0, 0x0, 0x0, 0xef, 0xfc, 0x0, 0x0,
    0x0, 0x0, 0xef, 0xfc, 0x0, 0x0, 0x0, 0x0,
    0xef, 0xfc, 0x0, 0x0, 0x0, 0x0, 0xef, 0xfc,
    0x0, 0x0, 0x0, 0x0, 0xef, 0xfc, 0x0, 0x0,
    0x0, 0x0, 0xef, 0xfc, 0x0, 0x0, 0x0, 0x0,
    0xef, 0xfc, 0x0, 0x0, 0x0, 0x0, 0xef, 0xfc,
    0x0, 0x0, 0x0, 0x0, 0xef, 0xfc, 0x0, 0x0,
    0x0, 0x0, 0xef, 0xfc, 0x0, 0x0, 0x0, 0x0,
    0xef, 0xfc, 0x0, 0x0, 0x0, 0x0, 0xef, 0xfc,
    0x0, 0x0, 0x0, 0x0, 0xef, 0xfc, 0x0, 0x0,
    0x0, 0x0, 0xef, 0xfc, 0x0, 0x0, 0x0, 0x0,
    0xef, 0xfc, 0x0, 0x0, 0x0, 0x0, 0xef, 0xfc,
    0x0, 0x0, 0x0, 0x0, 0xef, 0xfc, 0x0, 0x0,
    0x0, 0x0, 0xef, 0xfc, 0x0, 0x0, 0x0, 0x0,
    0xef, 0xfc, 0x13, 0x33, 0x0, 0x0, 0xef, 0xfc,
    0x6f, 0xff, 0x20, 0x0, 0xef, 0xfc, 0x6f, 0xff,
    0x20, 0x0, 0xef, 0xfc, 0x6f, 0xff, 0x20, 0x0,
    0xef, 0xfc, 0x6f, 0xff, 0x20, 0x0, 0xef, 0xfc,
    0x6f, 0xff, 0x20, 0x0, 0xef, 0xfb, 0x5f, 0xff,
    0x30, 0x0, 0xff, 0xf9, 0x2f, 0xff, 0x60, 0x2,
    0xff, 0xf6, 0xe, 0xff, 0xe4, 0x3b, 0xff, 0xf2,
    0x7, 0xff, 0xff, 0xff, 0xff, 0xb0, 0x0, 0xbf,
    0xff, 0xff, 0xfd, 0x10, 0x0, 0x6, 0xcf, 0xfd,
    0x81, 0x0,

    /* U+004B "K" */
    0x7f, 0xff, 0x20, 0x0, 0x8, 0xff, 0xf2, 0x7f,
    0xff, 0x20, 0x0, 0xe, 0xff, 0xc0, 0x7f, 0xff,
    0x20, 0x0, 0x4f, 0xff, 0x60, 0x7f, 0xff, 0x20,
    0x0, 0xaf, 0xff, 0x0, 0x7f, 0xff, 0x20, 0x0,
    0xff, 0xfa, 0x0, 0x7f, 0xff, 0x20, 0x6, 0xff,
    0xf4, 0x0, 0x7f, 0xff, 0x20, 0xb, 0xff, 0xd0,
    0x0, 0x7f, 0xff, 0x20, 0x2f, 0xff, 0x80, 0x0,
    0x7f, 0xff, 0x20, 0x7f, 0xff, 0x20, 0x0, 0x7f,
    0xff, 0x20, 0xdf, 0xfc, 0x0, 0x0, 0x7f, 0xff,
    0x23, 0xff, 0xf5, 0x0, 0x0, 0x7f, 0xff, 0x29,
    0xff, 0xf0, 0x0, 0x0, 0x7f, 0xff, 0x3f, 0xff,
    0x90, 0x0, 0x0, 0x7f, 0xff, 0x8f, 0xff, 0x30,
    0x0, 0x0, 0x7f, 0xff, 0xef, 0xfd, 0x0, 0x0,
    0x0, 0x7f, 0xff, 0xff, 0xfa, 0x0, 0x0, 0x0,
    0x7f, 0xff, 0xdf, 0xff, 0x10, 0x0, 0x0, 0x7f,
    0xff, 0x7f, 0xff, 0x60, 0x0, 0x0, 0x7f, 0xff,
    0x3e, 0xff, 0xd0, 0x0, 0x0, 0x7f, 0xff, 0x38,
    0xff, 0xf3, 0x0, 0x0, 0x7f, 0xff, 0x32, 0xff,
    0xf9, 0x0, 0x0, 0x7f, 0xff, 0x30, 0xbf, 0xff,
    0x0, 0x0, 0x7f, 0xff, 0x30, 0x5f, 0xff, 0x60,
    0x0, 0x7f, 0xff, 0x30, 0xe, 0xff, 0xc0, 0x0,
    0x7f, 0xff, 0x30, 0x9, 0xff, 0xf2, 0x0, 0x7f,
    0xff, 0x30, 0x3, 0xff, 0xf9, 0x0, 0x7f, 0xff,
    0x30, 0x0, 0xcf, 0xfe, 0x0, 0x7f, 0xff, 0x30,
    0x0, 0x6f, 0xff, 0x50, 0x7f, 0xff, 0x30, 0x0,
    0x1f, 0xff, 0xb0, 0x7f, 0xff, 0x30, 0x0, 0xa,
    0xff, 0xf2, 0x7f, 0xff, 0x30, 0x0, 0x4, 0xff,
    0xf8,

    /* U+004C "L" */
    0x7f, 0xff, 0x20, 0x0, 0x0, 0x7f, 0xff, 0x20,
    0x0, 0x0, 0x7f, 0xff, 0x20, 0x0, 0x0, 0x7f,
    0xff, 0x20, 0x0, 0x0, 0x7f, 0xff, 0x20, 0x0,
    0x0, 0x7f, 0xff, 0x20, 0x0, 0x0, 0x7f, 0xff,
    0x20, 0x0, 0x0, 0x7f, 0xff, 0x20, 0x0, 0x0,
    0x7f, 0xff, 0x20, 0x0, 0x0, 0x7f, 0xff, 0x20,
    0x0, 0x0, 0x7f, 0xff, 0x20, 0x0, 0x0, 0x7f,
    0xff, 0x20, 0x0, 0x0, 0x7f, 0xff, 0x20, 0x0,
    0x0, 0x7f, 0xff, 0x20, 0x0, 0x0, 0x7f, 0xff,
    0x20, 0x0, 0x0, 0x7f, 0xff, 0x20, 0x0, 0x0,
    0x7f, 0xff, 0x20, 0x0, 0x0, 0x7f, 0xff, 0x20,
    0x0, 0x0, 0x7f, 0xff, 0x20, 0x0, 0x0, 0x7f,
    0xff, 0x20, 0x0, 0x0, 0x7f, 0xff, 0x20, 0x0,
    0x0, 0x7f, 0xff, 0x20, 0x0, 0x0, 0x7f, 0xff,
    0x20, 0x0, 0x0, 0x7f, 0xff, 0x20, 0x0, 0x0,
    0x7f, 0xff, 0x20, 0x0, 0x0, 0x7f, 0xff, 0x20,
    0x0, 0x0, 0x7f, 0xff, 0x20, 0x0, 0x0, 0x7f,
    0xff, 0x30, 0x0, 0x0, 0x7f, 0xff, 0xff, 0xff,
    0xfe, 0x7f, 0xff, 0xff, 0xff, 0xfe, 0x7f, 0xff,
    0xff, 0xff, 0xfe,

    /* U+004D "M" */
    0x7f, 0xff, 0xd0, 0x0, 0x0, 0x0, 0x0, 0xff,
    0xff, 0x47, 0xff, 0xff, 0x0, 0x0, 0x0, 0x0,
    0x3f, 0xff, 0xf4, 0x7f, 0xff, 0xf3, 0x0, 0x0,
    0x0, 0x6, 0xff, 0xff, 0x47, 0xff, 0xff, 0x60,
    0x0, 0x0, 0x0, 0x9f, 0xff, 0xf4, 0x7f, 0xff,
    0xf9, 0x0, 0x0, 0x0, 0xc, 0xff, 0xff, 0x47,
    0xff, 0xff, 0xc0, 0x0, 0x0, 0x0, 0xff, 0xff,
    0xf4, 0x7f, 0xff, 0xff, 0x0, 0x0, 0x0, 0x2f,
    0xff, 0xff, 0x47, 0xff, 0xff, 0xf2, 0x0, 0x0,
    0x5, 0xff, 0xff, 0xf4, 0x7f, 0xfd, 0xff, 0x50,
    0x0, 0x0, 0x8f, 0xfd, 0xff, 0x47, 0xff, 0xaf,
    0xf8, 0x0, 0x0, 0xb, 0xff, 0xaf, 0xf4, 0x7f,
    0xf7, 0xff, 0xb0, 0x0, 0x0, 0xef, 0xda, 0xff,
    0x47, 0xff, 0x6e, 0xfe, 0x0, 0x0, 0x1f, 0xfa,
    0xaf, 0xf4, 0x7f, 0xf7, 0xaf, 0xf2, 0x0, 0x3,
    0xff, 0x7b, 0xff, 0x47, 0xff, 0x77, 0xff, 0x50,
    0x0, 0x6f, 0xf4, 0xbf, 0xf4, 0x7f, 0xf8, 0x4f,
    0xf8, 0x0, 0x9, 0xff, 0x1b, 0xff, 0x47, 0xff,
    0x80, 0xff, 0xb0, 0x0, 0xcf, 0xd0, 0xcf, 0xf4,
    0x7f, 0xf8, 0xd, 0xfe, 0x0, 0xf, 0xfa, 0xc,
    0xff, 0x47, 0xff, 0x90, 0xaf, 0xf1, 0x2, 0xff,
    0x70, 0xdf, 0xf4, 0x7f, 0xf9, 0x6, 0xff, 0x40,
    0x5f, 0xf4, 0xd, 0xff, 0x47, 0xff, 0x90, 0x3f,
    0xf7, 0x8, 0xff, 0x10, 0xdf, 0xf4, 0x7f, 0xfa,
    0x0, 0xff, 0xa0, 0xbf, 0xe0, 0xd, 0xff, 0x47,
    0xff, 0xa0, 0xc, 0xfd, 0xe, 0xfa, 0x0, 0xdf,
    0xf4, 0x7f, 0xfa, 0x0, 0x9f, 0xf2, 0xff, 0x70,
    0xd, 0xff, 0x47, 0xff, 0xa0, 0x6, 0xff, 0x8f,
    0xf4, 0x0, 0xdf, 0xf4, 0x7f, 0xfa, 0x0, 0x2f,
    0xfe, 0xff, 0x10, 0xd, 0xff, 0x47, 0xff, 0xa0,
    0x0, 0xff, 0xff, 0xe0, 0x0, 0xdf, 0xf4, 0x7f,
    0xfa, 0x0, 0xc, 0xff, 0xfa, 0x0, 0xd, 0xff,
    0x47, 0xff, 0xa0, 0x0, 0x8f, 0xff, 0x70, 0x0,
    0xdf, 0xf4, 0x7f, 0xfa, 0x0, 0x5, 0xff, 0xf4,
    0x0, 0xd, 0xff, 0x47, 0xff, 0xa0, 0x0, 0x2f,
    0xff, 0x10, 0x0, 0xdf, 0xf4, 0x7f, 0xfa, 0x0,
    0x0, 0xef, 0xe0, 0x0, 0xd, 0xff, 0x40,

    /* U+004E "N" */
    0x7f, 0xf7, 0x0, 0x0, 0x0, 0xef, 0xf4, 0x7f,
    0xfc, 0x0, 0x0, 0x0, 0xef, 0xf4, 0x7f, 0xff,
    0x20, 0x0, 0x0, 0xef, 0xf4, 0x7f, 0xff, 0x70,
    0x0, 0x0, 0xef, 0xf4, 0x7f, 0xff, 0xc0, 0x0,
    0x0, 0xef, 0xf4, 0x7f, 0xff, 0xf2, 0x0, 0x0,
    0xef, 0xf4, 0x7f, 0xff, 0xf7, 0x0, 0x0, 0xef,
    0xf4, 0x7f, 0xff, 0xfd, 0x0, 0x0, 0xef, 0xf4,
    0x7f, 0xff, 0xff, 0x20, 0x0, 0xef, 0xf4, 0x7f,
    0xff, 0xff, 0x80, 0x0, 0xef, 0xf4, 0x7f, 0xfc,
    0xff, 0xd0, 0x0, 0xef, 0xf4, 0x7f, 0xfb, 0xbf,
    0xf3, 0x0, 0xef, 0xf4, 0x7f, 0xfb, 0x6f, 0xf8,
    0x0, 0xef, 0xf4, 0x7f, 0xfc, 0x1f, 0xfd, 0x0,
    0xdf, 0xf4, 0x7f, 0xfc, 0xc, 0xff, 0x30, 0xdf,
    0xf4, 0x7f, 0xfd, 0x7, 0xff, 0x80, 0xcf, 0xf4,
    0x7f, 0xfd, 0x1, 0xff, 0xe0, 0xbf, 0xf4, 0x7f,
    0xfe, 0x0, 0xcf, 0xf3, 0xbf, 0xf4, 0x7f, 0xfe,
    0x0, 0x7f, 0xf9, 0xaf, 0xf4, 0x7f, 0xfe, 0x0,
    0x2f, 0xfe, 0x9f, 0xf4, 0x7f, 0xfe, 0x0, 0xc,
    0xff, 0xdf, 0xf4, 0x7f, 0xfe, 0x0, 0x7, 0xff,
    0xff, 0xf4, 0x7f, 0xfe, 0x0, 0x2, 0xff, 0xff,
    0xf4, 0x7f, 0xfe, 0x0, 0x0, 0xdf, 0xff, 0xf4,
    0x7f, 0xfe, 0x0, 0x0, 0x8f, 0xff, 0xf4, 0x7f,
    0xfe, 0x0, 0x0, 0x2f, 0xff, 0xf4, 0x7f, 0xfe,
    0x0, 0x0, 0xd, 0xff, 0xf4, 0x7f, 0xfe, 0x0,
    0x0, 0x8, 0xff, 0xf4, 0x7f, 0xfe, 0x0, 0x0,
    0x3, 0xff, 0xf4, 0x7f, 0xfe, 0x0, 0x0, 0x0,
    0xdf, 0xf4, 0x7f, 0xfe, 0x0, 0x0, 0x0, 0x8f,
    0xf4,

    /* U+004F "O" */
    0x0, 0x7, 0xcf, 0xfe, 0xb5, 0x0, 0x0, 0xc,
    0xff, 0xff, 0xff, 0xf9, 0x0, 0x9, 0xff, 0xff,
    0xff, 0xff, 0xf5, 0x1, 0xff, 0xfe, 0x53, 0x7f,
    0xff, 0xc0, 0x6f, 0xff, 0x50, 0x0, 0xaf, 0xff,
    0x9, 0xff, 0xf0, 0x0, 0x6, 0xff, 0xf3, 0xbf,
    0xfe, 0x0, 0x0, 0x4f, 0xff, 0x5c, 0xff, 0xd0,
    0x0, 0x3, 0xff, 0xf6, 0xcf, 0xfd, 0x0, 0x0,
    0x3f, 0xff, 0x6d, 0xff, 0xd0, 0x0, 0x3, 0xff,
    0xf6, 0xdf, 0xfd, 0x0, 0x0, 0x3f, 0xff, 0x6d,
    0xff, 0xd0, 0x0, 0x3, 0xff, 0xf6, 0xdf, 0xfd,
    0x0, 0x0, 0x3f, 0xff, 0x6d, 0xff, 0xd0, 0x0,
    0x3, 0xff, 0xf6, 0xdf, 0xfd, 0x0, 0x0, 0x3f,
    0xff, 0x6d, 0xff, 0xd0, 0x0, 0x3, 0xff, 0xf6,
    0xdf, 0xfd, 0x0, 0x0, 0x3f, 0xff, 0x6d, 0xff,
    0xd0, 0x0, 0x3, 0xff, 0xf6, 0xdf, 0xfd, 0x0,
    0x0, 0x3f, 0xff, 0x6d, 0xff, 0xd0, 0x0, 0x3,
    0xff, 0xf6, 0xdf, 0xfd, 0x0, 0x0, 0x3f, 0xff,
    0x6d, 0xff, 0xd0, 0x0, 0x3, 0xff, 0xf6, 0xcf,
    0xfd, 0x0, 0x0, 0x3f, 0xff, 0x6b, 0xff, 0xd0,
    0x0, 0x4, 0xff, 0xf5, 0xaf, 0xfe, 0x0, 0x0,
    0x5f, 0xff, 0x48, 0xff, 0xf0, 0x0, 0x7, 0xff,
    0xf2, 0x5f, 0xff, 0x50, 0x0, 0xbf, 0xff, 0x1,
    0xff, 0xfe, 0x53, 0x8f, 0xff, 0xa0, 0x9, 0xff,
    0xff, 0xff, 0xff, 0xf3, 0x0, 0xc, 0xff, 0xff,
    0xff, 0xf7, 0x0, 0x0, 0x6, 0xce, 0xfd, 0xa3,
    0x0, 0x0,

    /* U+0050 "P" */
    0x7f, 0xff, 0xff, 0xfe, 0xc7, 0x0, 0x7, 0xff,
    0xff, 0xff, 0xff, 0xfc, 0x0, 0x7f, 0xff, 0xee,
    0xef, 0xff, 0xf8, 0x7, 0xff, 0xf2, 0x0, 0x2e,
    0xff, 0xe0, 0x7f, 0xff, 0x20, 0x0, 0x7f, 0xff,
    0x37, 0xff, 0xf2, 0x0, 0x4, 0xff, 0xf6, 0x7f,
    0xff, 0x20, 0x0, 0x2f, 0xff, 0x77, 0xff, 0xf2,
    0x0, 0x1, 0xff, 0xf8, 0x7f, 0xff, 0x20, 0x0,
    0xf, 0xff, 0x97, 0xff, 0xf2, 0x0, 0x0, 0xff,
    0xf9, 0x7f, 0xff, 0x20, 0x0, 0x1f, 0xff, 0x87,
    0xff, 0xf2, 0x0, 0x1, 0xff, 0xf7, 0x7f, 0xff,
    0x20, 0x0, 0x2f, 0xff, 0x67, 0xff, 0xf2, 0x0,
    0x4, 0xff, 0xf4, 0x7f, 0xff, 0x20, 0x0, 0x9f,
    0xff, 0x17, 0xff, 0xf3, 0x11, 0x5f, 0xff, 0xd0,
    0x7f, 0xff, 0xff, 0xff, 0xff, 0xf6, 0x7, 0xff,
    0xff, 0xff, 0xff, 0xfb, 0x0, 0x7f, 0xff, 0xff,
    0xff, 0xc7, 0x0, 0x7, 0xff, 0xf2, 0x0, 0x0,
    0x0, 0x0, 0x7f, 0xff, 0x20, 0x0, 0x0, 0x0,
    0x7, 0xff, 0xf2, 0x0, 0x0, 0x0, 0x0, 0x7f,
    0xff, 0x20, 0x0, 0x0, 0x0, 0x7, 0xff, 0xf2,
    0x0, 0x0, 0x0, 0x0, 0x7f, 0xff, 0x20, 0x0,
    0x0, 0x0, 0x7, 0xff, 0xf2, 0x0, 0x0, 0x0,
    0x0, 0x7f, 0xff, 0x20, 0x0, 0x0, 0x0, 0x7,
    0xff, 0xf2, 0x0, 0x0, 0x0, 0x0, 0x7f, 0xff,
    0x20, 0x0, 0x0, 0x0, 0x7, 0xff, 0xf2, 0x0,
    0x0, 0x0, 0x0, 0x7f, 0xff, 0x20, 0x0, 0x0,
    0x0, 0x0,

    /* U+0051 "Q" */
    0x0, 0x7, 0xcf, 0xfe, 0xb5, 0x0, 0x0, 0xc,
    0xff, 0xff, 0xff, 0xf9, 0x0, 0x9, 0xff, 0xff,
    0xff, 0xff, 0xf5, 0x1, 0xff, 0xfe, 0x53, 0x7f,
    0xff, 0xc0, 0x6f, 0xff, 0x50, 0x0, 0xaf, 0xff,
    0x9, 0xff, 0xf0, 0x0, 0x6, 0xff, 0xf3, 0xbf,
    0xfe, 0x0, 0x0, 0x4f, 0xff, 0x5c, 0xff, 0xd0,
    0x0, 0x3, 0xff, 0xf6, 0xcf, 0xfd, 0x0, 0x0,
    0x3f, 0xff, 0x6d, 0xff, 0xd0, 0x0, 0x3, 0xff,
    0xf6, 0xdf, 0xfd, 0x0, 0x0, 0x3f, 0xff, 0x6d,
    0xff, 0xd0, 0x0, 0x3, 0xff, 0xf6, 0xdf, 0xfd,
    0x0, 0x0, 0x3f, 0xff, 0x6d, 0xff, 0xd0, 0x0,
    0x3, 0xff, 0xf6, 0xdf, 0xfd, 0x0, 0x0, 0x3f,
    0xff, 0x6d, 0xff, 0xd0, 0x0, 0x3, 0xff, 0xf6,
    0xdf, 0xfd, 0x0, 0x0, 0x3f, 0xff, 0x6d, 0xff,
    0xd0, 0x0, 0x3, 0xff, 0xf6, 0xdf, 0xfd, 0x0,
    0x0, 0x3f, 0xff, 0x6d, 0xff, 0xd0, 0x0, 0x3,
    0xff, 0xf6, 0xdf, 0xfd, 0x0, 0x0, 0x3f, 0xff,
    0x6d, 0xff, 0xd0, 0x0, 0x3, 0xff, 0xf6, 0xcf,
    0xfd, 0x0, 0x0, 0x3f, 0xff, 0x6b, 0xff, 0xd0,
    0x0, 0x4, 0xff, 0xf5, 0xaf, 0xfe, 0x0, 0x0,
    0x5f, 0xff, 0x48, 0xff, 0xf0, 0x0, 0x7, 0xff,
    0xf2, 0x5f, 0xff, 0x50, 0x0, 0xbf, 0xff, 0x1,
    0xff, 0xfe, 0x53, 0x8f, 0xff, 0xa0, 0x9, 0xff,
    0xff, 0xff, 0xff, 0xf3, 0x0, 0xc, 0xff, 0xff,
    0xff, 0xf7, 0x0, 0x0, 0x6, 0xcf, 0xff, 0xf3,
    0x0, 0x0, 0x0, 0x0, 0xc, 0xff, 0x90, 0x0,
    0x0, 0x0, 0x0, 0x1d, 0xff, 0x60, 0x0, 0x0,
    0x0, 0x0, 0x2e, 0xff, 0x30, 0x0, 0x0, 0x0,
    0x0, 0x2f, 0xb0, 0x0, 0x0, 0x0, 0x0, 0x0,
    0x20, 0x0,

    /* U+0052 "R" */
    0x7f, 0xff, 0xff, 0xff, 0xea, 0x30, 0x7, 0xff,
    0xff, 0xff, 0xff, 0xff, 0x30, 0x7f, 0xff, 0xee,
    0xef, 0xff, 0xfd, 0x7, 0xff, 0xf2, 0x0, 0x1b,
    0xff, 0xf2, 0x7f, 0xff, 0x20, 0x0, 0x4f, 0xff,
    0x57, 0xff, 0xf2, 0x0, 0x2, 0xff, 0xf7, 0x7f,
    0xff, 0x20, 0x0, 0x1f, 0xff, 0x87, 0xff, 0xf2,
    0x0, 0x0, 0xff, 0xf8, 0x7f, 0xff, 0x20, 0x0,
    0xf, 0xff, 0x87, 0xff, 0xf2, 0x0, 0x1, 0xff,
    0xf7, 0x7f, 0xff, 0x20, 0x0, 0x2f, 0xff, 0x67,
    0xff, 0xf2, 0x0, 0x5, 0xff, 0xf3, 0x7f, 0xff,
    0x20, 0x0, 0xbf, 0xfe, 0x7, 0xff, 0xfd, 0xcc,
    0xff, 0xff, 0x40, 0x7f, 0xff, 0xff, 0xff, 0xff,
    0x50, 0x7, 0xff, 0xff, 0xff, 0xff, 0xff, 0x40,
    0x7f, 0xff, 0x20, 0x2, 0xcf, 0xfc, 0x7, 0xff,
    0xf2, 0x0, 0x4, 0xff, 0xf0, 0x7f, 0xff, 0x20,
    0x0, 0x1f, 0xff, 0x37, 0xff, 0xf2, 0x0, 0x1,
    0xff, 0xf5, 0x7f, 0xff, 0x20, 0x0, 0xf, 0xff,
    0x67, 0xff, 0xf2, 0x0, 0x0, 0xff, 0xf7, 0x7f,
    0xff, 0x20, 0x0, 0xf, 0xff, 0x87, 0xff, 0xf2,
    0x0, 0x0, 0xff, 0xf8, 0x7f, 0xff, 0x20, 0x0,
    0xf, 0xff, 0x97, 0xff, 0xf2, 0x0, 0x0, 0xff,
    0xf9, 0x7f, 0xff, 0x20, 0x0, 0xf, 0xff, 0x97,
    0xff, 0xf2, 0x0, 0x0, 0xff, 0xf9, 0x7f, 0xff,
    0x20, 0x0, 0xf, 0xff, 0x97, 0xff, 0xf2, 0x0,
    0x0, 0xff, 0xfa, 0x7f, 0xff, 0x20, 0x0, 0xd,
    0xff, 0xb0,

    /* U+0053 "S" */
    0x0, 0x18, 0xcf, 0xfe, 0xa3, 0x0, 0x0, 0x1d,
    0xff, 0xff, 0xff, 0xf6, 0x0, 0xa, 0xff, 0xff,
    0xff, 0xff, 0xf1, 0x1, 0xff, 0xfe, 0x53, 0x9f,
    0xff, 0x70, 0x5f, 0xff, 0x40, 0x0, 0xdf, 0xfb,
    0x7, 0xff, 0xf0, 0x0, 0xa, 0xff, 0xd0, 0x8f,
    0xfe, 0x0, 0x0, 0x8f, 0xff, 0x9, 0xff, 0xe0,
    0x0, 0x7, 0xff, 0xf0, 0x8f, 0xff, 0x0, 0x0,
    0x7f, 0xff, 0x5, 0xff, 0xf6, 0x0, 0x7, 0xff,
    0xf0, 0xf, 0xff, 0xe2, 0x0, 0x4a, 0xaa, 0x0,
    0x8f, 0xff, 0xe1, 0x0, 0x0, 0x0, 0x0, 0xdf,
    0xff, 0xd1, 0x0, 0x0, 0x0, 0x2, 0xef, 0xff,
    0xd1, 0x0, 0x0, 0x0, 0x2, 0xef, 0xff, 0xd0,
    0x0, 0x0, 0x0, 0x3, 0xef, 0xff, 0xb0, 0x0,
    0x0, 0x0, 0x2, 0xef, 0xff, 0x70, 0x0, 0x0,
    0x0, 0x3, 0xff, 0xff, 0x10, 0x1, 0x11, 0x0,
    0x6, 0xff, 0xf9, 0x7, 0xff, 0xf1, 0x0, 0xd,
    0xff, 0xf0, 0x7f, 0xff, 0x10, 0x0, 0x7f, 0xff,
    0x37, 0xff, 0xf1, 0x0, 0x3, 0xff, 0xf6, 0x7f,
    0xff, 0x10, 0x0, 0x1f, 0xff, 0x76, 0xff, 0xf1,
    0x0, 0x1, 0xff, 0xf7, 0x5f, 0xff, 0x20, 0x0,
    0x1f, 0xff, 0x63, 0xff, 0xf5, 0x0, 0x3, 0xff,
    0xf4, 0xf, 0xff, 0x90, 0x0, 0x6f, 0xff, 0x20,
    0xbf, 0xff, 0x62, 0x5e, 0xff, 0xd0, 0x4, 0xff,
    0xff, 0xff, 0xff, 0xf7, 0x0, 0x8, 0xff, 0xff,
    0xff, 0xfa, 0x0, 0x0, 0x5, 0xbe, 0xff, 0xc6,
    0x0, 0x0,

    /* U+0054 "T" */
    0x9f, 0xff, 0xff, 0xff, 0xff, 0xa9, 0xff, 0xff,
    0xff, 0xff, 0xfa, 0x9f, 0xff, 0xff, 0xff, 0xff,
    0xa0, 0x11, 0x3f, 0xff, 0x71, 0x10, 0x0, 0x2,
    0xff, 0xf7, 0x0, 0x0, 0x0, 0x2f, 0xff, 0x70,
    0x0, 0x0, 0x2, 0xff, 0xf7, 0x0, 0x0, 0x0,
    0x2f, 0xff, 0x70, 0x0, 0x0, 0x2, 0xff, 0xf7,
    0x0, 0x0, 0x0, 0x2f, 0xff, 0x70, 0x0, 0x0,
    0x2, 0xff, 0xf7, 0x0, 0x0, 0x0, 0x2f, 0xff,
    0x70, 0x0, 0x0, 0x2, 0xff, 0xf7, 0x0, 0x0,
    0x0, 0x2f, 0xff, 0x70, 0x0, 0x0, 0x2, 0xff,
    0xf7, 0x0, 0x0, 0x0, 0x2f, 0xff, 0x70, 0x0,
    0x0, 0x2, 0xff, 0xf7, 0x0, 0x0, 0x0, 0x2f,
    0xff, 0x70, 0x0, 0x0, 0x2, 0xff, 0xf7, 0x0,
    0x0, 0x0, 0x2f, 0xff, 0x70, 0x0, 0x0, 0x2,
    0xff, 0xf7, 0x0, 0x0, 0x0, 0x2f, 0xff, 0x70,
    0x0, 0x0, 0x2, 0xff, 0xf7, 0x0, 0x0, 0x0,
    0x2f, 0xff, 0x70, 0x0, 0x0, 0x2, 0xff, 0xf7,
    0x0, 0x0, 0x0, 0x2f, 0xff, 0x70, 0x0, 0x0,
    0x2, 0xff, 0xf7, 0x0, 0x0, 0x0, 0x2f, 0xff,
    0x70, 0x0, 0x0, 0x2, 0xff, 0xf7, 0x0, 0x0,
    0x0, 0x2f, 0xff, 0x70, 0x0, 0x0, 0x2, 0xff,
    0xf7, 0x0, 0x0,

    /* U+0055 "U" */
    0xbf, 0xfe, 0x0, 0x0, 0x2f, 0xff, 0x8b, 0xff,
    0xe0, 0x0, 0x2, 0xff, 0xf8, 0xbf, 0xfe, 0x0,
    0x0, 0x2f, 0xff, 0x8b, 0xff, 0xe0, 0x0, 0x2,
    0xff, 0xf8, 0xbf, 0xfe, 0x0, 0x0, 0x2f, 0xff,
    0x8b, 0xff, 0xe0, 0x0, 0x2, 0xff, 0xf8, 0xbf,
    0xfe, 0x0, 0x0, 0x2f, 0xff, 0x8b, 0xff, 0xe0,
    0x0, 0x2, 0xff, 0xf8, 0xbf, 0xfe, 0x0, 0x0,
    0x2f, 0xff, 0x8b, 0xff, 0xe0, 0x0, 0x2, 0xff,
    0xf8, 0xbf, 0xfe, 0x0, 0x0, 0x2f, 0xff, 0x8b,
    0xff, 0xe0, 0x0, 0x2, 0xff, 0xf8, 0xbf, 0xfe,
    0x0, 0x0, 0x2f, 0xff, 0x8b, 0xff, 0xe0, 0x0,
    0x2, 0xff, 0xf8, 0xbf, 0xfe, 0x0, 0x0, 0x2f,
    0xff, 0x8b, 0xff, 0xe0, 0x0, 0x2, 0xff, 0xf8,
    0xbf, 0xfe, 0x0, 0x0, 0x2f, 0xff, 0x8b, 0xff,
    0xe0, 0x0, 0x2, 0xff, 0xf8, 0xbf, 0xfe, 0x0,
    0x0, 0x2f, 0xff, 0x8b, 0xff, 0xe0, 0x0, 0x2,
    0xff, 0xf8, 0xbf, 0xfe, 0x0, 0x0, 0x2f, 0xff,
    0x8b, 0xff, 0xe0, 0x0, 0x2, 0xff, 0xf8, 0xbf,
    0xfe, 0x0, 0x0, 0x2f, 0xff, 0x7a, 0xff, 0xf0,
    0x0, 0x2, 0xff, 0xf7, 0x9f, 0xff, 0x0, 0x0,
    0x2f, 0xff, 0x68, 0xff, 0xf1, 0x0, 0x4, 0xff,
    0xf5, 0x5f, 0xff, 0x40, 0x0, 0x7f, 0xff, 0x11,
    0xff, 0xfd, 0x42, 0x5e, 0xff, 0xd0, 0x9, 0xff,
    0xff, 0xff, 0xff, 0xf6, 0x0, 0xc, 0xff, 0xff,
    0xff, 0xfa, 0x0, 0x0, 0x6, 0xce, 0xfe, 0xb5,
    0x0, 0x0,

    /* U+0056 "V" */
    0x3f, 0xff, 0x40, 0x0, 0x0, 0xb, 0xff, 0xb0,
    0xff, 0xf6, 0x0, 0x0, 0x0, 0xdf, 0xf9, 0xd,
    0xff, 0x90, 0x0, 0x0, 0xf, 0xff, 0x60, 0xbf,
    0xfb, 0x0, 0x0, 0x1, 0xff, 0xf4, 0x8, 0xff,
    0xe0, 0x0, 0x0, 0x3f, 0xff, 0x10, 0x5f, 0xff,
    0x0, 0x0, 0x5, 0xff, 0xf0, 0x3, 0xff, 0xf3,
    0x0, 0x0, 0x8f, 0xfd, 0x0, 0xf, 0xff, 0x50,
    0x0, 0xa, 0xff, 0xa0, 0x0, 0xdf, 0xf8, 0x0,
    0x0, 0xcf, 0xf8, 0x0, 0xb, 0xff, 0xa0, 0x0,
    0xe, 0xff, 0x50, 0x0, 0x8f, 0xfd, 0x0, 0x0,
    0xff, 0xf3, 0x0, 0x5, 0xff, 0xf0, 0x0, 0x3f,
    0xff, 0x0, 0x0, 0x3f, 0xff, 0x20, 0x5, 0xff,
    0xe0, 0x0, 0x0, 0xff, 0xf4, 0x0, 0x7f, 0xfc,
    0x0, 0x0, 0xd, 0xff, 0x70, 0x9, 0xff, 0x90,
    0x0, 0x0, 0xbf, 0xf9, 0x0, 0xbf, 0xf7, 0x0,
    0x0, 0x8, 0xff, 0xb0, 0xd, 0xff, 0x40, 0x0,
    0x0, 0x5f, 0xfe, 0x0, 0xff, 0xf2, 0x0, 0x0,
    0x3, 0xff, 0xf0, 0x1f, 0xff, 0x0, 0x0, 0x0,
    0xf, 0xff, 0x34, 0xff, 0xd0, 0x0, 0x0, 0x0,
    0xdf, 0xf5, 0x6f, 0xfb, 0x0, 0x0, 0x0, 0xb,
    0xff, 0x88, 0xff, 0x80, 0x0, 0x0, 0x0, 0x8f,
    0xfa, 0xaf, 0xf6, 0x0, 0x0, 0x0, 0x6, 0xff,
    0xdc, 0xff, 0x30, 0x0, 0x0, 0x0, 0x3f, 0xff,
    0xef, 0xf1, 0x0, 0x0, 0x0, 0x0, 0xff, 0xff,
    0xff, 0x0, 0x0, 0x0, 0x0, 0xe, 0xff, 0xff,
    0xc0, 0x0, 0x0, 0x0, 0x0, 0xbf, 0xff, 0xfa,
    0x0, 0x0, 0x0, 0x0, 0x8, 0xff, 0xff, 0x70,
    0x0, 0x0, 0x0, 0x0, 0x6f, 0xff, 0xf5, 0x0,
    0x0, 0x0, 0x0, 0x3, 0xff, 0xff, 0x20, 0x0,
    0x0,

    /* U+0057 "W" */
    0xf, 0xff, 0x50, 0x0, 0x0, 0x9f, 0xf8, 0x0,
    0x0, 0xc, 0xff, 0x80, 0xdf, 0xf7, 0x0, 0x0,
    0xc, 0xff, 0xa0, 0x0, 0x0, 0xef, 0xf6, 0xb,
    0xff, 0x90, 0x0, 0x0, 0xef, 0xfd, 0x0, 0x0,
    0xf, 0xff, 0x50, 0x9f, 0xfb, 0x0, 0x0, 0x1f,
    0xff, 0xf0, 0x0, 0x1, 0xff, 0xf3, 0x7, 0xff,
    0xc0, 0x0, 0x3, 0xff, 0xff, 0x10, 0x0, 0x2f,
    0xff, 0x10, 0x5f, 0xfe, 0x0, 0x0, 0x5f, 0xff,
    0xf4, 0x0, 0x4, 0xff, 0xf0, 0x3, 0xff, 0xf0,
    0x0, 0x8, 0xff, 0xff, 0x60, 0x0, 0x5f, 0xfd,
    0x0, 0xf, 0xff, 0x20, 0x0, 0xaf, 0xff, 0xf9,
    0x0, 0x7, 0xff, 0xb0, 0x0, 0xef, 0xf4, 0x0,
    0xc, 0xff, 0xef, 0xb0, 0x0, 0x8f, 0xf9, 0x0,
    0xc, 0xff, 0x50, 0x0, 0xff, 0xdc, 0xfd, 0x0,
    0xa, 0xff, 0x70, 0x0, 0xaf, 0xf7, 0x0, 0x1f,
    0xfa, 0x9f, 0xf0, 0x0, 0xbf, 0xf5, 0x0, 0x8,
    0xff, 0x90, 0x4, 0xff, 0x87, 0xff, 0x20, 0xd,
    0xff, 0x40, 0x0, 0x6f, 0xfb, 0x0, 0x6f, 0xf6,
    0x5f, 0xf5, 0x0, 0xef, 0xf2, 0x0, 0x4, 0xff,
    0xc0, 0x8, 0xff, 0x32, 0xff, 0x70, 0xf, 0xff,
    0x0, 0x0, 0x2f, 0xfe, 0x0, 0xbf, 0xf1, 0xf,
    0xfa, 0x1, 0xff, 0xe0, 0x0, 0x0, 0xff, 0xf0,
    0xd, 0xfe, 0x0, 0xef, 0xc0, 0x3f, 0xfc, 0x0,
    0x0, 0xe, 0xff, 0x20, 0xff, 0xc0, 0xb, 0xfe,
    0x4, 0xff, 0xa0, 0x0, 0x0, 0xbf, 0xf3, 0x2f,
    0xf9, 0x0, 0x9f, 0xf1, 0x6f, 0xf8, 0x0, 0x0,
    0x9, 0xff, 0x54, 0xff, 0x70, 0x7, 0xff, 0x37,
    0xff, 0x60, 0x0, 0x0, 0x7f, 0xf7, 0x6f, 0xf4,
    0x0, 0x5f, 0xf6, 0x9f, 0xf4, 0x0, 0x0, 0x5,
    0xff, 0x99, 0xff, 0x20, 0x2, 0xff, 0x8a, 0xff,
    0x30, 0x0, 0x0, 0x3f, 0xfa, 0xbf, 0xf0, 0x0,
    0xf, 0xfa, 0xcf, 0xf1, 0x0, 0x0, 0x1, 0xff,
    0xce, 0xfd, 0x0, 0x0, 0xef, 0xdd, 0xff, 0x0,
    0x0, 0x0, 0xf, 0xfe, 0xff, 0xb0, 0x0, 0xb,
    0xff, 0xff, 0xd0, 0x0, 0x0, 0x0, 0xdf, 0xff,
    0xf8, 0x0, 0x0, 0x9f, 0xff, 0xfb, 0x0, 0x0,
    0x0, 0xb, 0xff, 0xff, 0x60, 0x0, 0x7, 0xff,
    0xff, 0x90, 0x0, 0x0, 0x0, 0x9f, 0xff, 0xf3,
    0x0, 0x0, 0x4f, 0xff, 0xf7, 0x0, 0x0, 0x0,
    0x6, 0xff, 0xff, 0x10, 0x0, 0x2, 0xff, 0xff,
    0x50, 0x0, 0x0, 0x0, 0x4f, 0xff, 0xe0, 0x0,
    0x0, 0xf, 0xff, 0xf3, 0x0, 0x0, 0x0, 0x2,
    0xff, 0xfc, 0x0, 0x0, 0x0, 0xdf, 0xff, 0x20,
    0x0, 0x0, 0x0, 0xf, 0xff, 0x90, 0x0, 0x0,
    0xb, 0xff, 0xf0, 0x0, 0x0,

    /* U+0058 "X" */
    0xe, 0xff, 0x40, 0x0, 0x5, 0xff, 0xe0, 0x9,
    0xff, 0x80, 0x0, 0x9, 0xff, 0xa0, 0x5, 0xff,
    0xd0, 0x0, 0xd, 0xff, 0x60, 0x0, 0xff, 0xf2,
    0x0, 0x1f, 0xff, 0x10, 0x0, 0xbf, 0xf6, 0x0,
    0x5f, 0xfd, 0x0, 0x0, 0x7f, 0xfb, 0x0, 0x9f,
    0xf9, 0x0, 0x0, 0x2f, 0xff, 0x0, 0xef, 0xf4,
    0x0, 0x0, 0xd, 0xff, 0x42, 0xff, 0xf0, 0x0,
    0x0, 0x9, 0xff, 0x96, 0xff, 0xc0, 0x0, 0x0,
    0x4, 0xff, 0xea, 0xff, 0x70, 0x0, 0x0, 0x0,
    0xff, 0xff, 0xff, 0x30, 0x0, 0x0, 0x0, 0xbf,
    0xff, 0xff, 0x0, 0x0, 0x0, 0x0, 0x6f, 0xff,
    0xfa, 0x0, 0x0, 0x0, 0x0, 0x1f, 0xff, 0xf6,
    0x0, 0x0, 0x0, 0x0, 0xd, 0xff, 0xf2, 0x0,
    0x0, 0x0, 0x0, 0xf, 0xff, 0xe0, 0x0, 0x0,
    0x0, 0x0, 0x4f, 0xff, 0xe0, 0x0, 0x0, 0x0,
    0x0, 0x9f, 0xff, 0xf3, 0x0, 0x0, 0x0, 0x0,
    0xdf, 0xff, 0xf8, 0x0, 0x0, 0x0, 0x1, 0xff,
    0xff, 0xfd, 0x0, 0x0, 0x0, 0x6, 0xff, 0xef,
    0xff, 0x10, 0x0, 0x0, 0xa, 0xff, 0x9c, 0xff,
    0x60, 0x0, 0x0, 0xe, 0xff, 0x57, 0xff, 0xb0,
    0x0, 0x0, 0x2f, 0xff, 0x12, 0xff, 0xf0, 0x0,
    0x0, 0x7f, 0xfc, 0x0, 0xef, 0xf4, 0x0, 0x0,
    0xbf, 0xf8, 0x0, 0x9f, 0xf9, 0x0, 0x0, 0xff,
    0xf4, 0x0, 0x4f, 0xfe, 0x0, 0x4, 0xff, 0xf0,
    0x0, 0xf, 0xff, 0x20, 0x8, 0xff, 0xc0, 0x0,
    0xb, 0xff, 0x70, 0xc, 0xff, 0x70, 0x0, 0x6,
    0xff, 0xc0, 0x1f, 0xff, 0x30, 0x0, 0x1, 0xff,
    0xf1,

    /* U+0059 "Y" */
    0x9f, 0xff, 0x0, 0x0, 0x0, 0x7f, 0xff, 0x24,
    0xff, 0xf4, 0x0, 0x0, 0xb, 0xff, 0xd0, 0xf,
    0xff, 0x90, 0x0, 0x0, 0xff, 0xf9, 0x0, 0xbf,
    0xfd, 0x0, 0x0, 0x3f, 0xff, 0x40, 0x6, 0xff,
    0xf2, 0x0, 0x7, 0xff, 0xf0, 0x0, 0x1f, 0xff,
    0x60, 0x0, 0xbf, 0xfc, 0x0, 0x0, 0xcf, 0xfb,
    0x0, 0xf, 0xff, 0x70, 0x0, 0x7, 0xff, 0xf0,
    0x3, 0xff, 0xf3, 0x0, 0x0, 0x3f, 0xff, 0x40,
    0x7f, 0xfe, 0x0, 0x0, 0x0, 0xef, 0xf9, 0xb,
    0xff, 0xa0, 0x0, 0x0, 0x9, 0xff, 0xd0, 0xff,
    0xf5, 0x0, 0x0, 0x0, 0x4f, 0xff, 0x5f, 0xff,
    0x10, 0x0, 0x0, 0x0, 0xff, 0xfd, 0xff, 0xc0,
    0x0, 0x0, 0x0, 0xb, 0xff, 0xff, 0xf8, 0x0,
    0x0, 0x0, 0x0, 0x6f, 0xff, 0xff, 0x30, 0x0,
    0x0, 0x0, 0x1, 0xff, 0xff, 0xf0, 0x0, 0x0,
    0x0, 0x0, 0xc, 0xff, 0xfb, 0x0, 0x0, 0x0,
    0x0, 0x0, 0x8f, 0xff, 0x60, 0x0, 0x0, 0x0,
    0x0, 0x5, 0xff, 0xf4, 0x0, 0x0, 0x0, 0x0,
    0x0, 0x5f, 0xff, 0x40, 0x0, 0x0, 0x0, 0x0,
    0x5, 0xff, 0xf4, 0x0, 0x0, 0x0, 0x0, 0x0,
    0x5f, 0xff, 0x40, 0x0, 0x0, 0x0, 0x0, 0x5,
    0xff, 0xf4, 0x0, 0x0, 0x0, 0x0, 0x0, 0x5f,
    0xff, 0x40, 0x0, 0x0, 0x0, 0x0, 0x5, 0xff,
    0xf4, 0x0, 0x0, 0x0, 0x0, 0x0, 0x5f, 0xff,
    0x40, 0x0, 0x0, 0x0, 0x0, 0x5, 0xff, 0xf4,
    0x0, 0x0, 0x0, 0x0, 0x0, 0x5f, 0xff, 0x40,
    0x0, 0x0, 0x0, 0x0, 0x5, 0xff, 0xf4, 0x0,
    0x0, 0x0, 0x0, 0x0, 0x5f, 0xff, 0x40, 0x0,
    0x0, 0x0, 0x0, 0x5, 0xff, 0xf4, 0x0, 0x0,
    0x0,

    /* U+005A "Z" */
    0x3f, 0xff, 0xff, 0xff, 0xff, 0x53, 0xff, 0xff,
    0xff, 0xff, 0xf5, 0x3f, 0xff, 0xff, 0xff, 0xff,
    0x50, 0x11, 0x11, 0x18, 0xff, 0xf2, 0x0, 0x0,
    0x0, 0xcf, 0xfe, 0x0, 0x0, 0x0, 0xf, 0xff,
    0xa0, 0x0, 0x0, 0x4, 0xff, 0xf6, 0x0, 0x0,
    0x0, 0x8f, 0xff, 0x20, 0x0, 0x0, 0xc, 0xff,
    0xe0, 0x0, 0x0, 0x1, 0xff, 0xfa, 0x0, 0x0,
    0x0, 0x5f, 0xff, 0x60, 0x0, 0x0, 0x9, 0xff,
    0xf2, 0x0, 0x0, 0x0, 0xdf, 0xfe, 0x0, 0x0,
    0x0, 0x1f, 0xff, 0xa0, 0x0, 0x0, 0x5, 0xff,
    0xf6, 0x0, 0x0, 0x0, 0x9f, 0xff, 0x20, 0x0,
    0x0, 0xd, 0xff, 0xe0, 0x0, 0x0, 0x1, 0xff,
    0xf9, 0x0, 0x0, 0x0, 0x6f, 0xff, 0x50, 0x0,
    0x0, 0xa, 0xff, 0xf1, 0x0, 0x0, 0x0, 0xef,
    0xfd, 0x0, 0x0, 0x0, 0x2f, 0xff, 0x90, 0x0,
    0x0, 0x6, 0xff, 0xf5, 0x0, 0x0, 0x0, 0xaf,
    0xff, 0x10, 0x0, 0x0, 0xe, 0xff, 0xd0, 0x0,
    0x0, 0x3, 0xff, 0xf9, 0x0, 0x0, 0x0, 0x7f,
    0xff, 0x50, 0x0, 0x0, 0xb, 0xff, 0xf2, 0x11,
    0x11, 0x10, 0xcf, 0xff, 0xff, 0xff, 0xff, 0x3c,
    0xff, 0xff, 0xff, 0xff, 0xf3, 0xcf, 0xff, 0xff,
    0xff, 0xff, 0x30,

    /* U+005B "[" */
    0x7f, 0xff, 0xff, 0xfd, 0x7f, 0xff, 0xff, 0xfd,
    0x7f, 0xff, 0xdd, 0xda, 0x7f, 0xff, 0x20, 0x0,
    0x7f, 0xff, 0x20, 0x0, 0x7f, 0xff, 0x20, 0x0,
    0x7f, 0xff, 0x20, 0x0, 0x7f, 0xff, 0x20, 0x0,
    0x7f, 0xff, 0x20, 0x0, 0x7f, 0xff, 0x20, 0x0,
    0x7f, 0xff, 0x20, 0x0, 0x7f, 0xff, 0x20, 0x0,
    0x7f, 0xff, 0x20, 0x0, 0x7f, 0xff, 0x20, 0x0,
    0x7f, 0xff, 0x20, 0x0, 0x7f, 0xff, 0x20, 0x0,
    0x7f, 0xff, 0x20, 0x0, 0x7f, 0xff, 0x20, 0x0,
    0x7f, 0xff, 0x20, 0x0, 0x7f, 0xff, 0x20, 0x0,
    0x7f, 0xff, 0x20, 0x0, 0x7f, 0xff, 0x20, 0x0,
    0x7f, 0xff, 0x20, 0x0, 0x7f, 0xff, 0x20, 0x0,
    0x7f, 0xff, 0x20, 0x0, 0x7f, 0xff, 0x20, 0x0,
    0x7f, 0xff, 0x20, 0x0, 0x7f, 0xff, 0x20, 0x0,
    0x7f, 0xff, 0x20, 0x0, 0x7f, 0xff, 0x20, 0x0,
    0x7f, 0xff, 0x20, 0x0, 0x7f, 0xff, 0xff, 0xfd,
    0x7f, 0xff, 0xff, 0xfd, 0x6d, 0xdd, 0xdd, 0xdb,

    /* U+005C "\\" */
    0x9f, 0xf9, 0x0, 0x0, 0x0, 0x6, 0xff, 0xd0,
    0x0, 0x0, 0x0, 0x2f, 0xff, 0x0, 0x0, 0x0,
    0x0, 0xef, 0xf4, 0x0, 0x0, 0x0, 0xb, 0xff,
    0x80, 0x0, 0x0, 0x0, 0x7f, 0xfb, 0x0, 0x0,
    0x0, 0x3, 0xff, 0xf0, 0x0, 0x0, 0x0, 0xf,
    0xff, 0x30, 0x0, 0x0, 0x0, 0xcf, 0xf7, 0x0,
    0x0, 0x0, 0x8, 0xff, 0xa0, 0x0, 0x0, 0x0,
    0x4f, 0xfe, 0x0, 0x0, 0x0, 0x1, 0xff, 0xf2,
    0x0, 0x0, 0x0, 0xd, 0xff, 0x50, 0x0, 0x0,
    0x0, 0x9f, 0xf9, 0x0, 0x0, 0x0, 0x5, 0xff,
    0xd0, 0x0, 0x0, 0x0, 0x2f, 0xff, 0x10, 0x0,
    0x0, 0x0, 0xef, 0xf4, 0x0, 0x0, 0x0, 0xa,
    0xff, 0x80, 0x0, 0x0, 0x0, 0x6f, 0xfc, 0x0,
    0x0, 0x0, 0x3, 0xff, 0xf0, 0x0, 0x0, 0x0,
    0xf, 0xff, 0x30, 0x0, 0x0, 0x0, 0xbf, 0xf7,
    0x0, 0x0, 0x0, 0x7, 0xff, 0xb0, 0x0, 0x0,
    0x0, 0x4f, 0xfe, 0x0, 0x0, 0x0, 0x0, 0xff,
    0xf2, 0x0, 0x0, 0x0, 0xc, 0xff, 0x60, 0x0,
    0x0, 0x0, 0x9f, 0xfa, 0x0, 0x0, 0x0, 0x5,
    0xff, 0xd0, 0x0, 0x0, 0x0, 0x1f, 0xff, 0x10,
    0x0, 0x0, 0x0, 0xdf, 0xf5, 0x0, 0x0, 0x0,
    0xa, 0xff, 0x80,

    /* U+005D "]" */
    0xcf, 0xff, 0xff, 0xf8, 0xcf, 0xff, 0xff, 0xf8,
    0xad, 0xdd, 0xff, 0xf8, 0x0, 0x1, 0xff, 0xf8,
    0x0, 0x1, 0xff, 0xf8, 0x0, 0x1, 0xff, 0xf8,
    0x0, 0x1, 0xff, 0xf8, 0x0, 0x1, 0xff, 0xf8,
    0x0, 0x1, 0xff, 0xf8, 0x0, 0x1, 0xff, 0xf8,
    0x0, 0x1, 0xff, 0xf8, 0x0, 0x1, 0xff, 0xf8,
    0x0, 0x1, 0xff, 0xf8, 0x0, 0x1, 0xff, 0xf8,
    0x0, 0x1, 0xff, 0xf8, 0x0, 0x1, 0xff, 0xf8,
    0x0, 0x1, 0xff, 0xf8, 0x0, 0x1, 0xff, 0xf8,
    0x0, 0x1, 0xff, 0xf8, 0x0, 0x1, 0xff, 0xf8,
    0x0, 0x1, 0xff, 0xf8, 0x0, 0x1, 0xff, 0xf8,
    0x0, 0x1, 0xff, 0xf8, 0x0, 0x1, 0xff, 0xf8,
    0x0, 0x1, 0xff, 0xf8, 0x0, 0x1, 0xff, 0xf8,
    0x0, 0x1, 0xff, 0xf8, 0x0, 0x1, 0xff, 0xf8,
    0x0, 0x1, 0xff, 0xf8, 0x0, 0x1, 0xff, 0xf8,
    0x0, 0x1, 0xff, 0xf8, 0xcf, 0xff, 0xff, 0xf8,
    0xcf, 0xff, 0xff, 0xf8, 0xad, 0xdd, 0xdd, 0xd7,

    /* U+005E "^" */
    0x0, 0x0, 0x28, 0x88, 0x83, 0x0, 0x0, 0x0,
    0x0, 0x7f, 0xff, 0xfa, 0x0, 0x0, 0x0, 0x0,
    0xbf, 0xff, 0xfe, 0x0, 0x0, 0x0, 0x0, 0xff,
    0xfe, 0xff, 0x20, 0x0, 0x0, 0x3, 0xff, 0xda,
    0xff, 0x60, 0x0, 0x0, 0x8, 0xff, 0x97, 0xff,
    0xa0, 0x0, 0x0, 0xc, 0xff, 0x63, 0xff, 0xe0,
    0x0, 0x0, 0xf, 0xff, 0x20, 0xff, 0xf2, 0x0,
    0x0, 0x4f, 0xff, 0x0, 0xcf, 0xf6, 0x0, 0x0,
    0x8f, 0xfb, 0x0, 0x9f, 0xfa, 0x0, 0x0, 0xcf,
    0xf8, 0x0, 0x5f, 0xfe, 0x0, 0x0, 0xff, 0xf4,
    0x0, 0x2f, 0xff, 0x30, 0x4, 0xff, 0xf1, 0x0,
    0xe, 0xff, 0x70, 0x8, 0xff, 0xd0, 0x0, 0xb,
    0xff, 0xb0, 0xd, 0xff, 0xa0, 0x0, 0x7, 0xff,
    0xf0, 0x1f, 0xff, 0x60, 0x0, 0x4, 0xff, 0xf3,
    0x5f, 0xff, 0x30, 0x0, 0x0, 0xff, 0xf7,

    /* U+005F "_" */
    0x1b, 0xbb, 0xbb, 0xbb, 0xbb, 0xbb, 0x32, 0xff,
    0xff, 0xff, 0xff, 0xff, 0xf4, 0x2f, 0xff, 0xff,
    0xff, 0xff, 0xff, 0x40,

    /* U+0060 "`" */
    0x8, 0x99, 0x60, 0x0, 0x8f, 0xfd, 0x0, 0x1,
    0xff, 0xf1, 0x0, 0x8, 0xff, 0x50, 0x0, 0x1e,
    0xf9, 0x0, 0x0, 0x7f, 0xd0, 0x0, 0x0, 0xef,
    0x10,

    /* U+0061 "a" */
    0x0, 0x1, 0x8d, 0xff, 0xd9, 0x20, 0x0, 0x1,
    0xef, 0xff, 0xff, 0xfe, 0x20, 0x0, 0xbf, 0xff,
    0xff, 0xff, 0xfc, 0x0, 0x2f, 0xff, 0xb2, 0x1b,
    0xff, 0xf2, 0x6, 0xff, 0xf3, 0x0, 0x2f, 0xff,
    0x60, 0x8f, 0xff, 0x0, 0x0, 0xff, 0xf8, 0x9,
    0xff, 0xf0, 0x0, 0xf, 0xff, 0xa0, 0xaf, 0xfe,
    0x0, 0x0, 0xef, 0xfa, 0x8, 0xcc, 0xa0, 0x0,
    0xe, 0xff, 0xb0, 0x0, 0x0, 0x0, 0x0, 0xef,
    0xfb, 0x0, 0x0, 0x0, 0x17, 0xef, 0xff, 0xb0,
    0x0, 0x2, 0xaf, 0xff, 0xff, 0xfb, 0x0, 0x8,
    0xff, 0xfe, 0x7f, 0xff, 0xb0, 0xa, 0xff, 0xf8,
    0x0, 0xef, 0xfb, 0x5, 0xff, 0xf5, 0x0, 0xe,
    0xff, 0xb0, 0xcf, 0xfd, 0x0, 0x0, 0xef, 0xfb,
    0xe, 0xff, 0xa0, 0x0, 0xe, 0xff, 0xb0, 0xff,
    0xfa, 0x0, 0x0, 0xef, 0xfb, 0xf, 0xff, 0xa0,
    0x0, 0xe, 0xff, 0xb0, 0xff, 0xfa, 0x0, 0x0,
    0xef, 0xfb, 0xf, 0xff, 0xa0, 0x0, 0xe, 0xff,
    0xb0, 0xff, 0xfb, 0x0, 0x0, 0xef, 0xfb, 0xc,
    0xff, 0xd0, 0x0, 0x1f, 0xff, 0xb0, 0x9f, 0xff,
    0x60, 0x3d, 0xff, 0xfb, 0x3, 0xff, 0xff, 0xff,
    0xff, 0xff, 0xb0, 0xa, 0xff, 0xff, 0xf7, 0xef,
    0xfb, 0x0, 0x8, 0xef, 0xd6, 0xe, 0xff, 0xb0,

    /* U+0062 "b" */
    0x6f, 0xff, 0x30, 0x0, 0x0, 0x0, 0x6, 0xff,
    0xf3, 0x0, 0x0, 0x0, 0x0, 0x6f, 0xff, 0x30,
    0x0, 0x0, 0x0, 0x6, 0xff, 0xf3, 0x0, 0x0,
    0x0, 0x0, 0x6f, 0xff, 0x30, 0x0, 0x0, 0x0,
    0x6, 0xff, 0xf3, 0x4c, 0xfe, 0x91, 0x0, 0x6f,
    0xff, 0x8f, 0xff, 0xff, 0xc0, 0x6, 0xff, 0xff,
    0xff, 0xff, 0xff, 0x60, 0x6f, 0xff, 0xf6, 0x14,
    0xff, 0xfc, 0x6, 0xff, 0xfa, 0x0, 0x9, 0xff,
    0xf0, 0x6f, 0xff, 0x50, 0x0, 0x6f, 0xff, 0x26,
    0xff, 0xf4, 0x0, 0x5, 0xff, 0xf4, 0x6f, 0xff,
    0x30, 0x0, 0x4f, 0xff, 0x46, 0xff, 0xf3, 0x0,
    0x4, 0xff, 0xf5, 0x6f, 0xff, 0x30, 0x0, 0x4f,
    0xff, 0x56, 0xff, 0xf3, 0x0, 0x4, 0xff, 0xf5,
    0x6f, 0xff, 0x30, 0x0, 0x4f, 0xff, 0x56, 0xff,
    0xf3, 0x0, 0x4, 0xff, 0xf5, 0x6f, 0xff, 0x30,
    0x0, 0x4f, 0xff, 0x56, 0xff, 0xf3, 0x0, 0x4,
    0xff, 0xf5, 0x6f, 0xff, 0x30, 0x0, 0x4f, 0xff,
    0x56, 0xff, 0xf3, 0x0, 0x4, 0xff, 0xf5, 0x6f,
    0xff, 0x30, 0x0, 0x4f, 0xff, 0x56, 0xff, 0xf3,
    0x0, 0x4, 0xff, 0xf5, 0x6f, 0xff, 0x30, 0x0,
    0x4f, 0xff, 0x46, 0xff, 0xf4, 0x0, 0x5, 0xff,
    0xf4, 0x6f, 0xff, 0x60, 0x0, 0x7f, 0xff, 0x26,
    0xff, 0xfa, 0x0, 0xa, 0xff, 0xf0, 0x6f, 0xff,
    0xf4, 0x3, 0xff, 0xfc, 0x6, 0xff, 0xfe, 0xff,
    0xff, 0xff, 0x70, 0x6f, 0xff, 0x7f, 0xff, 0xff,
    0xd0, 0x6, 0xff, 0xf3, 0x3b, 0xff, 0xa1, 0x0,

    /* U+0063 "c" */
    0x0, 0x18, 0xdf, 0xfd, 0x91, 0x0, 0x1, 0xdf,
    0xff, 0xff, 0xfe, 0x20, 0xa, 0xff, 0xff, 0xff,
    0xff, 0xb0, 0x1f, 0xff, 0xd4, 0x3b, 0xff, 0xf1,
    0x6f, 0xff, 0x30, 0x2, 0xff, 0xf5, 0x8f, 0xff,
    0x0, 0x0, 0xff, 0xf7, 0xbf, 0xfd, 0x0, 0x0,
    0xff, 0xf9, 0xcf, 0xfc, 0x0, 0x0, 0xef, 0xf9,
    0xcf, 0xfc, 0x0, 0x0, 0xef, 0xf9, 0xdf, 0xfc,
    0x0, 0x0, 0xef, 0xfa, 0xdf, 0xfc, 0x0, 0x0,
    0x0, 0x0, 0xdf, 0xfc, 0x0, 0x0, 0x0, 0x0,
    0xdf, 0xfc, 0x0, 0x0, 0x0, 0x0, 0xdf, 0xfc,
    0x0, 0x0, 0x0, 0x0, 0xdf, 0xfc, 0x0, 0x0,
    0x0, 0x0, 0xdf, 0xfc, 0x0, 0x0, 0x0, 0x0,
    0xdf, 0xfc, 0x0, 0x0, 0x67, 0x74, 0xcf, 0xfc,
    0x0, 0x0, 0xef, 0xfa, 0xcf, 0xfc, 0x0, 0x0,
    0xef, 0xf9, 0xcf, 0xfc, 0x0, 0x0, 0xef, 0xf9,
    0xbf, 0xfd, 0x0, 0x0, 0xff, 0xf8, 0x9f, 0xfe,
    0x0, 0x0, 0xff, 0xf7, 0x6f, 0xff, 0x20, 0x4,
    0xff, 0xf4, 0x2f, 0xff, 0xb3, 0x3c, 0xff, 0xf1,
    0xb, 0xff, 0xff, 0xff, 0xff, 0xa0, 0x2, 0xef,
    0xff, 0xff, 0xfe, 0x10, 0x0, 0x18, 0xdf, 0xfd,
    0x81, 0x0,

    /* U+0064 "d" */
    0x0, 0x0, 0x0, 0x0, 0xbf, 0xfe, 0x0, 0x0,
    0x0, 0x0, 0xbf, 0xfe, 0x0, 0x0, 0x0, 0x0,
    0xbf, 0xfe, 0x0, 0x0, 0x0, 0x0, 0xbf, 0xfe,
    0x0, 0x0, 0x0, 0x0, 0xbf, 0xfe, 0x0, 0x3b,
    0xff, 0xa1, 0xbf, 0xfe, 0x2, 0xff, 0xff, 0xfd,
    0xbf, 0xfe, 0xc, 0xff, 0xff, 0xff, 0xff, 0xfe,
    0x2f, 0xff, 0xc2, 0x2b, 0xff, 0xfe, 0x7f, 0xff,
    0x30, 0x1, 0xff, 0xfe, 0x9f, 0xff, 0x0, 0x0,
    0xef, 0xfe, 0xbf, 0xfd, 0x0, 0x0, 0xcf, 0xfe,
    0xcf, 0xfd, 0x0, 0x0, 0xbf, 0xfe, 0xcf, 0xfc,
    0x0, 0x0, 0xbf, 0xfe, 0xdf, 0xfc, 0x0, 0x0,
    0xbf, 0xfe, 0xdf, 0xfc, 0x0, 0x0, 0xbf, 0xfe,
    0xdf, 0xfc, 0x0, 0x0, 0xbf, 0xfe, 0xdf, 0xfc,
    0x0, 0x0, 0xbf, 0xfe, 0xdf, 0xfc, 0x0, 0x0,
    0xbf, 0xfe, 0xdf, 0xfc, 0x0, 0x0, 0xbf, 0xfe,
    0xdf, 0xfc, 0x0, 0x0, 0xbf, 0xfe, 0xdf, 0xfc,
    0x0, 0x0, 0xbf, 0xfe, 0xdf, 0xfc, 0x0, 0x0,
    0xbf, 0xfe, 0xcf, 0xfc, 0x0, 0x0, 0xbf, 0xfe,
    0xcf, 0xfc, 0x0, 0x0, 0xbf, 0xfe, 0xbf, 0xfd,
    0x0, 0x0, 0xbf, 0xfe, 0xaf, 0xfe, 0x0, 0x0,
    0xdf, 0xfe, 0x8f, 0xff, 0x20, 0x1, 0xff, 0xfe,
    0x5f, 0xff, 0xa0, 0x1a, 0xff, 0xfe, 0xf, 0xff,
    0xff, 0xff, 0xff, 0xfe, 0x7, 0xff, 0xff, 0xfb,
    0xbf, 0xfe, 0x0, 0x7d, 0xfe, 0x80, 0xbf, 0xfe,

    /* U+0065 "e" */
    0x0, 0x7, 0xdf, 0xfd, 0x91, 0x0, 0x1, 0xdf,
    0xff, 0xff, 0xfe, 0x20, 0xa, 0xff, 0xff, 0xff,
    0xff, 0xb0, 0x2f, 0xff, 0xb2, 0x1a, 0xff, 0xf2,
    0x6f, 0xff, 0x20, 0x2, 0xff, 0xf5, 0x9f, 0xfe,
    0x0, 0x0, 0xff, 0xf8, 0xbf, 0xfd, 0x0, 0x0,
    0xff, 0xf9, 0xcf, 0xfc, 0x0, 0x0, 0xef, 0xfa,
    0xcf, 0xfc, 0x0, 0x0, 0xef, 0xfa, 0xdf, 0xfc,
    0x0, 0x0, 0xef, 0xfa, 0xdf, 0xfc, 0x0, 0x0,
    0xef, 0xfa, 0xdf, 0xff, 0xff, 0xff, 0xff, 0xfa,
    0xdf, 0xff, 0xff, 0xff, 0xff, 0xfa, 0xdf, 0xfe,
    0x77, 0x77, 0x77, 0x75, 0xdf, 0xfc, 0x0, 0x0,
    0x0, 0x0, 0xdf, 0xfc, 0x0, 0x0, 0x0, 0x0,
    0xdf, 0xfc, 0x0, 0x0, 0x45, 0x53, 0xcf, 0xfc,
    0x0, 0x0, 0xef, 0xf9, 0xcf, 0xfc, 0x0, 0x0,
    0xef, 0xf9, 0xcf, 0xfc, 0x0, 0x0, 0xef, 0xf9,
    0xbf, 0xfd, 0x0, 0x0, 0xff, 0xf8, 0x9f, 0xff,
    0x0, 0x0, 0xff, 0xf7, 0x7f, 0xff, 0x10, 0x3,
    0xff, 0xf4, 0x3f, 0xff, 0xa1, 0x2b, 0xff, 0xf1,
    0xc, 0xff, 0xff, 0xff, 0xff, 0xa0, 0x2, 0xef,
    0xff, 0xff, 0xfe, 0x10, 0x0, 0x18, 0xdf, 0xfd,
    0x81, 0x0,

    /* U+0066 "f" */
    0x0, 0x0, 0x8d, 0xff, 0xc2, 0x0, 0x9, 0xff,
    0xff, 0xf4, 0x0, 0x1f, 0xff, 0xfe, 0xd3, 0x0,
    0x5f, 0xff, 0x70, 0x0, 0x0, 0x6f, 0xff, 0x20,
    0x0, 0x0, 0x7f, 0xff, 0x20, 0x0, 0x7b, 0xdf,
    0xff, 0xbb, 0xb2, 0xbf, 0xff, 0xff, 0xff, 0xf4,
    0xbf, 0xff, 0xff, 0xff, 0xf4, 0x0, 0x7f, 0xff,
    0x20, 0x0, 0x0, 0x7f, 0xff, 0x20, 0x0, 0x0,
    0x7f, 0xff, 0x20, 0x0, 0x0, 0x7f, 0xff, 0x20,
    0x0, 0x0, 0x7f, 0xff, 0x20, 0x0, 0x0, 0x7f,
    0xff, 0x20, 0x0, 0x0, 0x7f, 0xff, 0x20, 0x0,
    0x0, 0x7f, 0xff, 0x20, 0x0, 0x0, 0x7f, 0xff,
    0x20, 0x0, 0x0, 0x7f, 0xff, 0x20, 0x0, 0x0,
    0x7f, 0xff, 0x20, 0x0, 0x0, 0x7f, 0xff, 0x20,
    0x0, 0x0, 0x7f, 0xff, 0x20, 0x0, 0x0, 0x7f,
    0xff, 0x20, 0x0, 0x0, 0x7f, 0xff, 0x20, 0x0,
    0x0, 0x7f, 0xff, 0x20, 0x0, 0x0, 0x7f, 0xff,
    0x20, 0x0, 0x0, 0x7f, 0xff, 0x20, 0x0, 0x0,
    0x7f, 0xff, 0x20, 0x0, 0x0, 0x7f, 0xff, 0x20,
    0x0, 0x0, 0x7f, 0xff, 0x20, 0x0, 0x0, 0x7f,
    0xff, 0x20, 0x0, 0x0, 0x7f, 0xff, 0x20, 0x0,

    /* U+0067 "g" */
    0x0, 0x3b, 0xff, 0xb2, 0xcf, 0xfd, 0x2, 0xff,
    0xff, 0xfd, 0xcf, 0xfd, 0xc, 0xff, 0xff, 0xff,
    0xff, 0xfd, 0x2f, 0xff, 0xb2, 0x2b, 0xff, 0xfd,
    0x7f, 0xff, 0x20, 0x2, 0xff, 0xfd, 0xaf, 0xfe,
    0x0, 0x0, 0xef, 0xfd, 0xcf, 0xfc, 0x0, 0x0,
    0xcf, 0xfd, 0xdf, 0xfc, 0x0, 0x0, 0xcf, 0xfd,
    0xdf, 0xfc, 0x0, 0x0, 0xcf, 0xfd, 0xdf, 0xfc,
    0x0, 0x0, 0xcf, 0xfd, 0xdf, 0xfc, 0x0, 0x0,
    0xcf, 0xfd, 0xdf, 0xfc, 0x0, 0x0, 0xcf, 0xfd,
    0xdf, 0xfc, 0x0, 0x0, 0xcf, 0xfd, 0xdf, 0xfc,
    0x0, 0x0, 0xcf, 0xfd, 0xdf, 0xfc, 0x0, 0x0,
    0xcf, 0xfd, 0xdf, 0xfc, 0x0, 0x0, 0xcf, 0xfd,
    0xdf, 0xfc, 0x0, 0x0, 0xcf, 0xfd, 0xcf, 0xfd,
    0x0, 0x0, 0xcf, 0xfd, 0xbf, 0xfe, 0x0, 0x0,
    0xef, 0xfd, 0x8f, 0xff, 0x20, 0x1, 0xff, 0xfd,
    0x4f, 0xff, 0xb0, 0x9, 0xff, 0xfd, 0xe, 0xff,
    0xff, 0xff, 0xff, 0xfd, 0x5, 0xff, 0xff, 0xfd,
    0xcf, 0xfd, 0x0, 0x5d, 0xfe, 0xa1, 0xcf, 0xfd,
    0x0, 0x0, 0x0, 0x0, 0xcf, 0xfd, 0x0, 0x0,
    0x0, 0x0, 0xdf, 0xfc, 0x2, 0x0, 0x0, 0x2,
    0xff, 0xf9, 0x1f, 0xa4, 0x0, 0x1c, 0xff, 0xf5,
    0x8f, 0xff, 0xfe, 0xff, 0xff, 0xd0, 0x8f, 0xff,
    0xff, 0xff, 0xfe, 0x20, 0x2, 0x8c, 0xef, 0xfd,
    0x80, 0x0,

    /* U+0068 "h" */
    0x7f, 0xff, 0x20, 0x0, 0x0, 0x0, 0x7, 0xff,
    0xf2, 0x0, 0x0, 0x0, 0x0, 0x7f, 0xff, 0x20,
    0x0, 0x0, 0x0, 0x7, 0xff, 0xf2, 0x0, 0x0,
    0x0, 0x0, 0x7f, 0xff, 0x20, 0x0, 0x0, 0x0,
    0x7, 0xff, 0xf2, 0x8, 0xdf, 0xd6, 0x0, 0x7f,
    0xff, 0x3c, 0xff, 0xff, 0xf7, 0x7, 0xff, 0xfb,
    0xff, 0xff, 0xff, 0xf1, 0x7f, 0xff, 0xf8, 0x34,
    0xdf, 0xff, 0x57, 0xff, 0xf9, 0x0, 0x3, 0xff,
    0xf8, 0x7f, 0xff, 0x40, 0x0, 0xf, 0xff, 0x97,
    0xff, 0xf2, 0x0, 0x0, 0xff, 0xf9, 0x7f, 0xff,
    0x20, 0x0, 0xf, 0xff, 0x97, 0xff, 0xf2, 0x0,
    0x0, 0xff, 0xf9, 0x7f, 0xff, 0x20, 0x0, 0xf,
    0xff, 0x97, 0xff, 0xf2, 0x0, 0x0, 0xff, 0xf9,
    0x7f, 0xff, 0x20, 0x0, 0xf, 0xff, 0x97, 0xff,
    0xf2, 0x0, 0x0, 0xff, 0xf9, 0x7f, 0xff, 0x20,
    0x0, 0xf, 0xff, 0x97, 0xff, 0xf2, 0x0, 0x0,
    0xff, 0xf9, 0x7f, 0xff, 0x20, 0x0, 0xf, 0xff,
    0x97, 0xff, 0xf2, 0x0, 0x0, 0xff, 0xf9, 0x7f,
    0xff, 0x20, 0x0, 0xf, 0xff, 0x97, 0xff, 0xf2,
    0x0, 0x0, 0xff, 0xf9, 0x7f, 0xff, 0x20, 0x0,
    0xf, 0xff, 0x97, 0xff, 0xf2, 0x0, 0x0, 0xff,
    0xf9, 0x7f, 0xff, 0x20, 0x0, 0xf, 0xff, 0x97,
    0xff, 0xf2, 0x0, 0x0, 0xff, 0xf9, 0x7f, 0xff,
    0x20, 0x0, 0xf, 0xff, 0x97, 0xff, 0xf2, 0x0,
    0x0, 0xff, 0xf9, 0x7f, 0xff, 0x20, 0x0, 0xf,
    0xff, 0x97, 0xff, 0xf2, 0x0, 0x0, 0xff, 0xf9,

    /* U+0069 "i" */
    0x25, 0x55, 0x16, 0xff, 0xf3, 0x6f, 0xff, 0x36,
    0xff, 0xf3, 0x0, 0x0, 0x0, 0x0, 0x0, 0x6f,
    0xff, 0x36, 0xff, 0xf3, 0x6f, 0xff, 0x36, 0xff,
    0xf3, 0x6f, 0xff, 0x36, 0xff, 0xf3, 0x6f, 0xff,
    0x36, 0xff, 0xf3, 0x6f, 0xff, 0x36, 0xff, 0xf3,
    0x6f, 0xff, 0x36, 0xff, 0xf3, 0x6f, 0xff, 0x36,
    0xff, 0xf3, 0x6f, 0xff, 0x36, 0xff, 0xf3, 0x6f,
    0xff, 0x36, 0xff, 0xf3, 0x6f, 0xff, 0x36, 0xff,
    0xf3, 0x6f, 0xff, 0x36, 0xff, 0xf3, 0x6f, 0xff,
    0x36, 0xff, 0xf3, 0x6f, 0xff, 0x36, 0xff, 0xf3,
    0x6f, 0xff, 0x30,

    /* U+006A "j" */
    0x0, 0xff, 0xfa, 0x0, 0xff, 0xfa, 0x0, 0xff,
    0xfa, 0x0, 0x55, 0x53, 0x0, 0x0, 0x0, 0x0,
    0x0, 0x0, 0x0, 0xff, 0xf9, 0x0, 0xff, 0xf9,
    0x0, 0xff, 0xf9, 0x0, 0xff, 0xf9, 0x0, 0xff,
    0xf9, 0x0, 0xff, 0xf9, 0x0, 0xff, 0xf9, 0x0,
    0xff, 0xf9, 0x0, 0xff, 0xf9, 0x0, 0xff, 0xf9,
    0x0, 0xff, 0xf9, 0x0, 0xff, 0xf9, 0x0, 0xff,
    0xf9, 0x0, 0xff, 0xf9, 0x0, 0xff, 0xf9, 0x0,
    0xff, 0xf9, 0x0, 0xff, 0xf9, 0x0, 0xff, 0xf9,
    0x0, 0xff, 0xf9, 0x0, 0xff, 0xf9, 0x0, 0xff,
    0xf9, 0x0, 0xff, 0xf9, 0x0, 0xff, 0xf9, 0x0,
    0xff, 0xf9, 0x0, 0xff, 0xf9, 0x0, 0xff, 0xf9,
    0x0, 0xff, 0xf9, 0x47, 0xff, 0xf7, 0xef, 0xff,
    0xf3, 0xef, 0xff, 0x90, 0x45, 0x63, 0x0,

    /* U+006B "k" */
    0x6f, 0xff, 0x30, 0x0, 0x0, 0x0, 0x0, 0x6f,
    0xff, 0x30, 0x0, 0x0, 0x0, 0x0, 0x6f, 0xff,
    0x30, 0x0, 0x0, 0x0, 0x0, 0x6f, 0xff, 0x30,
    0x0, 0x0, 0x0, 0x0, 0x6f, 0xff, 0x30, 0x0,
    0x0, 0x0, 0x0, 0x6f, 0xff, 0x30, 0x0, 0xc,
    0xff, 0xd0, 0x6f, 0xff, 0x30, 0x0, 0x3f, 0xff,
    0x60, 0x6f, 0xff, 0x30, 0x0, 0x9f, 0xff, 0x0,
    0x6f, 0xff, 0x30, 0x0, 0xff, 0xf9, 0x0, 0x6f,
    0xff, 0x30, 0x6, 0xff, 0xf2, 0x0, 0x6f, 0xff,
    0x30, 0xd, 0xff, 0xc0, 0x0, 0x6f, 0xff, 0x30,
    0x3f, 0xff, 0x50, 0x0, 0x6f, 0xff, 0x30, 0xaf,
    0xfe, 0x0, 0x0, 0x6f, 0xff, 0x31, 0xff, 0xf8,
    0x0, 0x0, 0x6f, 0xff, 0x37, 0xff, 0xf1, 0x0,
    0x0, 0x6f, 0xff, 0x3d, 0xff, 0xa0, 0x0, 0x0,
    0x6f, 0xff, 0x7f, 0xff, 0x40, 0x0, 0x0, 0x6f,
    0xff, 0xdf, 0xfd, 0x0, 0x0, 0x0, 0x6f, 0xff,
    0xff, 0xf9, 0x0, 0x0, 0x0, 0x6f, 0xff, 0xbf,
    0xff, 0x0, 0x0, 0x0, 0x6f, 0xff, 0x5f, 0xff,
    0x60, 0x0, 0x0, 0x6f, 0xff, 0x3b, 0xff, 0xd0,
    0x0, 0x0, 0x6f, 0xff, 0x34, 0xff, 0xf4, 0x0,
    0x0, 0x6f, 0xff, 0x30, 0xdf, 0xfb, 0x0, 0x0,
    0x6f, 0xff, 0x30, 0x7f, 0xff, 0x20, 0x0, 0x6f,
    0xff, 0x30, 0x1f, 0xff, 0x80, 0x0, 0x6f, 0xff,
    0x30, 0xa, 0xff, 0xf0, 0x0, 0x6f, 0xff, 0x30,
    0x3, 0xff, 0xf6, 0x0, 0x6f, 0xff, 0x30, 0x0,
    0xcf, 0xfd, 0x0, 0x6f, 0xff, 0x30, 0x0, 0x6f,
    0xff, 0x40, 0x6f, 0xff, 0x30, 0x0, 0xf, 0xff,
    0xb0, 0x6f, 0xff, 0x30, 0x0, 0x9, 0xff, 0xf2,

    /* U+006C "l" */
    0x6f, 0xff, 0x36, 0xff, 0xf3, 0x6f, 0xff, 0x36,
    0xff, 0xf3, 0x6f, 0xff, 0x36, 0xff, 0xf3, 0x6f,
    0xff, 0x36, 0xff, 0xf3, 0x6f, 0xff, 0x36, 0xff,
    0xf3, 0x6f, 0xff, 0x36, 0xff, 0xf3, 0x6f, 0xff,
    0x36, 0xff, 0xf3, 0x6f, 0xff, 0x36, 0xff, 0xf3,
    0x6f, 0xff, 0x36, 0xff, 0xf3, 0x6f, 0xff, 0x36,
    0xff, 0xf3, 0x6f, 0xff, 0x36, 0xff, 0xf3, 0x6f,
    0xff, 0x36, 0xff, 0xf3, 0x6f, 0xff, 0x36, 0xff,
    0xf3, 0x6f, 0xff, 0x36, 0xff, 0xf3, 0x6f, 0xff,
    0x36, 0xff, 0xf3, 0x6f, 0xff, 0x36, 0xff, 0xf3,

    /* U+006D "m" */
    0x7f, 0xff, 0x21, 0x9e, 0xfc, 0x40, 0x1, 0x9e,
    0xfd, 0x70, 0x7, 0xff, 0xf3, 0xef, 0xff, 0xff,
    0x53, 0xef, 0xff, 0xff, 0x80, 0x7f, 0xff, 0xbf,
    0xff, 0xff, 0xfd, 0xdf, 0xff, 0xff, 0xff, 0x17,
    0xff, 0xff, 0x73, 0x5e, 0xff, 0xff, 0x73, 0x4c,
    0xff, 0xf6, 0x7f, 0xff, 0x80, 0x0, 0x6f, 0xff,
    0xa0, 0x0, 0x2f, 0xff, 0x97, 0xff, 0xf3, 0x0,
    0x3, 0xff, 0xf7, 0x0, 0x0, 0xff, 0xfa, 0x7f,
    0xff, 0x20, 0x0, 0x3f, 0xff, 0x60, 0x0, 0xe,
    0xff, 0xb7, 0xff, 0xf2, 0x0, 0x3, 0xff, 0xf6,
    0x0, 0x0, 0xef, 0xfb, 0x7f, 0xff, 0x20, 0x0,
    0x3f, 0xff, 0x60, 0x0, 0xe, 0xff, 0xb7, 0xff,
    0xf2, 0x0, 0x3, 0xff, 0xf6, 0x0, 0x0, 0xef,
    0xfb, 0x7f, 0xff, 0x20, 0x0, 0x3f, 0xff, 0x60,
    0x0, 0xe, 0xff, 0xb7, 0xff, 0xf2, 0x0, 0x3,
    0xff, 0xf6, 0x0, 0x0, 0xef, 0xfb, 0x7f, 0xff,
    0x20, 0x0, 0x3f, 0xff, 0x60, 0x0, 0xe, 0xff,
    0xb7, 0xff, 0xf2, 0x0, 0x3, 0xff, 0xf6, 0x0,
    0x0, 0xef, 0xfb, 0x7f, 0xff, 0x20, 0x0, 0x3f,
    0xff, 0x60, 0x0, 0xe, 0xff, 0xb7, 0xff, 0xf2,
    0x0, 0x3, 0xff, 0xf6, 0x0, 0x0, 0xef, 0xfb,
    0x7f, 0xff, 0x20, 0x0, 0x3f, 0xff, 0x60, 0x0,
    0xe, 0xff, 0xb7, 0xff, 0xf2, 0x0, 0x3, 0xff,
    0xf6, 0x0, 0x0, 0xef, 0xfb, 0x7f, 0xff, 0x20,
    0x0, 0x3f, 0xff, 0x60, 0x0, 0xe, 0xff, 0xb7,
    0xff, 0xf2, 0x0, 0x3, 0xff, 0xf6, 0x0, 0x0,
    0xef, 0xfb, 0x7f, 0xff, 0x20, 0x0, 0x3f, 0xff,
    0x60, 0x0, 0xe, 0xff, 0xb7, 0xff, 0xf2, 0x0,
    0x3, 0xff, 0xf6, 0x0, 0x0, 0xef, 0xfb, 0x7f,
    0xff, 0x20, 0x0, 0x3f, 0xff, 0x60, 0x0, 0xe,
    0xff, 0xb7, 0xff, 0xf2, 0x0, 0x3, 0xff, 0xf6,
    0x0, 0x0, 0xef, 0xfb, 0x7f, 0xff, 0x20, 0x0,
    0x3f, 0xff, 0x60, 0x0, 0xe, 0xff, 0xb7, 0xff,
    0xf2, 0x0, 0x3, 0xff, 0xf6, 0x0, 0x0, 0xef,
    0xfb, 0x7f, 0xff, 0x20, 0x0, 0x3f, 0xff, 0x60,
    0x0, 0xe, 0xff, 0xb0,

    /* U+006E "n" */
    0x7f, 0xff, 0x20, 0x8d, 0xfd, 0x60, 0x7, 0xff,
    0xf2, 0xdf, 0xff, 0xff, 0x70, 0x7f, 0xff, 0xbf,
    0xff, 0xff, 0xff, 0x17, 0xff, 0xff, 0x61, 0x3d,
    0xff, 0xf5, 0x7f, 0xff, 0x70, 0x0, 0x4f, 0xff,
    0x87, 0xff, 0xf2, 0x0, 0x1, 0xff, 0xf9, 0x7f,
    0xff, 0x20, 0x0, 0xf, 0xff, 0x97, 0xff, 0xf2,
    0x0, 0x0, 0xff, 0xf9, 0x7f, 0xff, 0x20, 0x0,
    0xf, 0xff, 0x97, 0xff, 0xf2, 0x0, 0x0, 0xff,
    0xf9, 0x7f, 0xff, 0x20, 0x0, 0xf, 0xff, 0x97,
    0xff, 0xf2, 0x0, 0x0, 0xff, 0xf9, 0x7f, 0xff,
    0x20, 0x0, 0xf, 0xff, 0x97, 0xff, 0xf2, 0x0,
    0x0, 0xff, 0xf9, 0x7f, 0xff, 0x20, 0x0, 0xf,
    0xff, 0x97, 0xff, 0xf2, 0x0, 0x0, 0xff, 0xf9,
    0x7f, 0xff, 0x20, 0x0, 0xf, 0xff, 0x97, 0xff,
    0xf2, 0x0, 0x0, 0xff, 0xf9, 0x7f, 0xff, 0x20,
    0x0, 0xf, 0xff, 0x97, 0xff, 0xf2, 0x0, 0x0,
    0xff, 0xf9, 0x7f, 0xff, 0x20, 0x0, 0xf, 0xff,
    0x97, 0xff, 0xf2, 0x0, 0x0, 0xff, 0xf9, 0x7f,
    0xff, 0x20, 0x0, 0xf, 0xff, 0x97, 0xff, 0xf2,
    0x0, 0x0, 0xff, 0xf9, 0x7f, 0xff, 0x20, 0x0,
    0xf, 0xff, 0x97, 0xff, 0xf2, 0x0, 0x0, 0xff,
    0xf9, 0x7f, 0xff, 0x20, 0x0, 0xf, 0xff, 0x90,

    /* U+006F "o" */
    0x0, 0x18, 0xdf, 0xfd, 0x81, 0x0, 0x0, 0xdf,
    0xff, 0xff, 0xfe, 0x20, 0xa, 0xff, 0xff, 0xff,
    0xff, 0xc0, 0x1f, 0xff, 0xc2, 0x2b, 0xff, 0xf3,
    0x6f, 0xff, 0x20, 0x2, 0xff, 0xf7, 0x9f, 0xfe,
    0x0, 0x0, 0xef, 0xfa, 0xbf, 0xfd, 0x0, 0x0,
    0xcf, 0xfc, 0xcf, 0xfc, 0x0, 0x0, 0xbf, 0xfd,
    0xcf, 0xfc, 0x0, 0x0, 0xbf, 0xfe, 0xdf, 0xfc,
    0x0, 0x0, 0xbf, 0xfe, 0xdf, 0xfc, 0x0, 0x0,
    0xbf, 0xfe, 0xdf, 0xfc, 0x0, 0x0, 0xbf, 0xfe,
    0xdf, 0xfc, 0x0, 0x0, 0xbf, 0xfe, 0xdf, 0xfc,
    0x0, 0x0, 0xbf, 0xfe, 0xdf, 0xfc, 0x0, 0x0,
    0xbf, 0xfe, 0xdf, 0xfc, 0x0, 0x0, 0xbf, 0xfe,
    0xdf, 0xfc, 0x0, 0x0, 0xbf, 0xfe, 0xdf, 0xfc,
    0x0, 0x0, 0xbf, 0xfe, 0xcf, 0xfc, 0x0, 0x0,
    0xbf, 0xfd, 0xcf, 0xfc, 0x0, 0x0, 0xcf, 0xfd,
    0xbf, 0xfd, 0x0, 0x0, 0xcf, 0xfc, 0x9f, 0xff,
    0x0, 0x0, 0xef, 0xfa, 0x6f, 0xff, 0x20, 0x2,
    0xff, 0xf8, 0x2f, 0xff, 0xc2, 0x1b, 0xff, 0xf3,
    0xb, 0xff, 0xff, 0xff, 0xff, 0xd0, 0x1, 0xef,
    0xff, 0xff, 0xfe, 0x20, 0x0, 0x18, 0xdf, 0xfd,
    0x91, 0x0,

    /* U+0070 "p" */
    0x6f, 0xff, 0x34, 0xcf, 0xfb, 0x20, 0x6, 0xff,
    0xf8, 0xff, 0xff, 0xfe, 0x0, 0x6f, 0xff, 0xff,
    0xce, 0xff, 0xf7, 0x6, 0xff, 0xfe, 0x10, 0x1e,
    0xff, 0xc0, 0x6f, 0xff, 0x80, 0x0, 0x8f, 0xff,
    0x6, 0xff, 0xf4, 0x0, 0x6, 0xff, 0xf2, 0x6f,
    0xff, 0x30, 0x0, 0x5f, 0xff, 0x46, 0xff, 0xf3,
    0x0, 0x4, 0xff, 0xf4, 0x6f, 0xff, 0x30, 0x0,
    0x4f, 0xff, 0x56, 0xff, 0xf3, 0x0, 0x4, 0xff,
    0xf5, 0x6f, 0xff, 0x30, 0x0, 0x4f, 0xff, 0x56,
    0xff, 0xf3, 0x0, 0x4, 0xff, 0xf5, 0x6f, 0xff,
    0x30, 0x0, 0x4f, 0xff, 0x56, 0xff, 0xf3, 0x0,
    0x4, 0xff, 0xf5, 0x6f, 0xff, 0x30, 0x0, 0x4f,
    0xff, 0x56, 0xff, 0xf3, 0x0, 0x4, 0xff, 0xf5,
    0x6f, 0xff, 0x30, 0x0, 0x4f, 0xff, 0x56, 0xff,
    0xf3, 0x0, 0x4, 0xff, 0xf5, 0x6f, 0xff, 0x30,
    0x0, 0x4f, 0xff, 0x46, 0xff, 0xf3, 0x0, 0x5,
    0xff, 0xf4, 0x6f, 0xff, 0x40, 0x0, 0x5f, 0xff,
    0x36, 0xff, 0xf5, 0x0, 0x7, 0xff, 0xf1, 0x6f,
    0xff, 0x90, 0x0, 0xbf, 0xff, 0x6, 0xff, 0xff,
    0x51, 0x5f, 0xff, 0xa0, 0x6f, 0xff, 0xff, 0xff,
    0xff, 0xf5, 0x6, 0xff, 0xf9, 0xff, 0xff, 0xfb,
    0x0, 0x6f, 0xff, 0x36, 0xdf, 0xd8, 0x0, 0x6,
    0xff, 0xf3, 0x0, 0x0, 0x0, 0x0, 0x6f, 0xff,
    0x30, 0x0, 0x0, 0x0, 0x6, 0xff, 0xf3, 0x0,
    0x0, 0x0, 0x0, 0x6f, 0xff, 0x30, 0x0, 0x0,
    0x0, 0x3, 0x88, 0x81, 0x0, 0x0, 0x0, 0x0,

    /* U+0071 "q" */
    0x0, 0x6d, 0xfe, 0x80, 0xbf, 0xfe, 0x6, 0xff,
    0xff, 0xfc, 0xbf, 0xfe, 0xe, 0xff, 0xff, 0xff,
    0xff, 0xfe, 0x4f, 0xff, 0xa0, 0x1b, 0xff, 0xfe,
    0x8f, 0xff, 0x10, 0x2, 0xff, 0xfe, 0xaf, 0xfe,
    0x0, 0x0, 0xef, 0xfe, 0xbf, 0xfd, 0x0, 0x0,
    0xcf, 0xfe, 0xcf, 0xfc, 0x0, 0x0, 0xcf, 0xfe,
    0xcf, 0xfc, 0x0, 0x0, 0xbf, 0xfe, 0xdf, 0xfc,
    0x0, 0x0, 0xbf, 0xfe, 0xdf, 0xfc, 0x0, 0x0,
    0xbf, 0xfe, 0xdf, 0xfc, 0x0, 0x0, 0xbf, 0xfe,
    0xdf, 0xfc, 0x0, 0x0, 0xbf, 0xfe, 0xdf, 0xfc,
    0x0, 0x0, 0xbf, 0xfe, 0xdf, 0xfc, 0x0, 0x0,
    0xbf, 0xfe, 0xdf, 0xfc, 0x0, 0x0, 0xbf, 0xfe,
    0xdf, 0xfc, 0x0, 0x0, 0xbf, 0xfe, 0xdf, 0xfc,
    0x0, 0x0, 0xbf, 0xfe, 0xcf, 0xfc, 0x0, 0x0,
    0xbf, 0xfe, 0xcf, 0xfc, 0x0, 0x0, 0xcf, 0xfe,
    0xbf, 0xfd, 0x0, 0x0, 0xcf, 0xfe, 0x9f, 0xfe,
    0x0, 0x0, 0xef, 0xfe, 0x7f, 0xff, 0x10, 0x2,
    0xff, 0xfe, 0x2f, 0xff, 0xa1, 0x2b, 0xff, 0xfe,
    0xc, 0xff, 0xff, 0xff, 0xff, 0xfe, 0x3, 0xff,
    0xff, 0xfd, 0xbf, 0xfe, 0x0, 0x3b, 0xff, 0xa1,
    0xbf, 0xfe, 0x0, 0x0, 0x0, 0x0, 0xbf, 0xfe,
    0x0, 0x0, 0x0, 0x0, 0xbf, 0xfe, 0x0, 0x0,
    0x0, 0x0, 0xbf, 0xfe, 0x0, 0x0, 0x0, 0x0,
    0xbf, 0xfe, 0x0, 0x0, 0x0, 0x0, 0x8c, 0xcb,

    /* U+0072 "r" */
    0x6f, 0xff, 0x30, 0x7d, 0xa6, 0xff, 0xf3, 0xcf,
    0xfb, 0x6f, 0xff, 0xaf, 0xff, 0xb6, 0xff, 0xff,
    0xe7, 0x31, 0x6f, 0xff, 0xc1, 0x0, 0x6, 0xff,
    0xf3, 0x0, 0x0, 0x6f, 0xff, 0x30, 0x0, 0x6,
    0xff, 0xf3, 0x0, 0x0, 0x6f, 0xff, 0x30, 0x0,
    0x6, 0xff, 0xf3, 0x0, 0x0, 0x6f, 0xff, 0x30,
    0x0, 0x6, 0xff, 0xf3, 0x0, 0x0, 0x6f, 0xff,
    0x30, 0x0, 0x6, 0xff, 0xf3, 0x0, 0x0, 0x6f,
    0xff, 0x30, 0x0, 0x6, 0xff, 0xf3, 0x0, 0x0,
    0x6f, 0xff, 0x30, 0x0, 0x6, 0xff, 0xf3, 0x0,
    0x0, 0x6f, 0xff, 0x30, 0x0, 0x6, 0xff, 0xf3,
    0x0, 0x0, 0x6f, 0xff, 0x30, 0x0, 0x6, 0xff,
    0xf3, 0x0, 0x0, 0x6f, 0xff, 0x30, 0x0, 0x6,
    0xff, 0xf3, 0x0, 0x0, 0x6f, 0xff, 0x30, 0x0,
    0x6, 0xff, 0xf3, 0x0, 0x0, 0x6f, 0xff, 0x30,
    0x0, 0x0,

    /* U+0073 "s" */
    0x0, 0x7, 0xcf, 0xfd, 0x81, 0x0, 0x0, 0x1c,
    0xff, 0xff, 0xff, 0xe1, 0x0, 0xa, 0xff, 0xff,
    0xff, 0xff, 0xa0, 0x1, 0xff, 0xfd, 0x43, 0xbf,
    0xff, 0x10, 0x4f, 0xff, 0x40, 0x2, 0xff, 0xf5,
    0x6, 0xff, 0xf1, 0x0, 0xe, 0xff, 0x70, 0x6f,
    0xff, 0x10, 0x0, 0xcf, 0xf9, 0x4, 0xff, 0xf4,
    0x0, 0xc, 0xff, 0xa0, 0x1f, 0xff, 0x90, 0x0,
    0xcf, 0xfa, 0x0, 0xcf, 0xff, 0x20, 0x6, 0x88,
    0x50, 0x4, 0xff, 0xfd, 0x10, 0x0, 0x0, 0x0,
    0xa, 0xff, 0xfd, 0x10, 0x0, 0x0, 0x0, 0xc,
    0xff, 0xfd, 0x20, 0x0, 0x0, 0x0, 0x1d, 0xff,
    0xfd, 0x10, 0x0, 0x0, 0x0, 0x1c, 0xff, 0xfd,
    0x0, 0x0, 0x0, 0x0, 0xc, 0xff, 0xf8, 0x0,
    0x0, 0x0, 0x0, 0x1e, 0xff, 0xf2, 0x2, 0xaa,
    0xa2, 0x0, 0x5f, 0xff, 0x80, 0x3f, 0xff, 0x40,
    0x0, 0xef, 0xfd, 0x3, 0xff, 0xf4, 0x0, 0xa,
    0xff, 0xf0, 0x2f, 0xff, 0x40, 0x0, 0x8f, 0xff,
    0x11, 0xff, 0xf6, 0x0, 0x9, 0xff, 0xf0, 0xe,
    0xff, 0xa0, 0x0, 0xcf, 0xfe, 0x0, 0xaf, 0xff,
    0x62, 0x7f, 0xff, 0xa0, 0x3, 0xff, 0xff, 0xff,
    0xff, 0xf3, 0x0, 0x7, 0xff, 0xff, 0xff, 0xf8,
    0x0, 0x0, 0x4, 0xbe, 0xfe, 0xb4, 0x0, 0x0,

    /* U+0074 "t" */
    0x0, 0xd, 0xff, 0xc0, 0x0, 0x0, 0xd, 0xff,
    0xc0, 0x0, 0x0, 0xd, 0xff, 0xc0, 0x0, 0x0,
    0xd, 0xff, 0xc0, 0x0, 0x4f, 0xff, 0xff, 0xff,
    0xf9, 0x4f, 0xff, 0xff, 0xff, 0xf9, 0x2b, 0xbf,
    0xff, 0xeb, 0xb6, 0x0, 0xd, 0xff, 0xc0, 0x0,
    0x0, 0xd, 0xff, 0xc0, 0x0, 0x0, 0xd, 0xff,
    0xc0, 0x0, 0x0, 0xd, 0xff, 0xc0, 0x0, 0x0,
    0xd, 0xff, 0xc0, 0x0, 0x0, 0xd, 0xff, 0xc0,
    0x0, 0x0, 0xd, 0xff, 0xc0, 0x0, 0x0, 0xd,
    0xff, 0xc0, 0x0, 0x0, 0xd, 0xff, 0xc0, 0x0,
    0x0, 0xd, 0xff, 0xc0, 0x0, 0x0, 0xd, 0xff,
    0xc0, 0x0, 0x0, 0xd, 0xff, 0xc0, 0x0, 0x0,
    0xd, 0xff, 0xc0, 0x0, 0x0, 0xd, 0xff, 0xc0,
    0x0, 0x0, 0xd, 0xff, 0xc0, 0x0, 0x0, 0xd,
    0xff, 0xc0, 0x0, 0x0, 0xd, 0xff, 0xc0, 0x0,
    0x0, 0xd, 0xff, 0xc0, 0x0, 0x0, 0xd, 0xff,
    0xc0, 0x0, 0x0, 0xd, 0xff, 0xc0, 0x0, 0x0,
    0xc, 0xff, 0xe1, 0x0, 0x0, 0xa, 0xff, 0xff,
    0xe9, 0x0, 0x6, 0xff, 0xff, 0xfa, 0x0, 0x0,
    0x7d, 0xff, 0xfa,

    /* U+0075 "u" */
    0xaf, 0xff, 0x0, 0x0, 0x3f, 0xff, 0x6a, 0xff,
    0xf0, 0x0, 0x3, 0xff, 0xf6, 0xaf, 0xff, 0x0,
    0x0, 0x3f, 0xff, 0x6a, 0xff, 0xf0, 0x0, 0x3,
    0xff, 0xf6, 0xaf, 0xff, 0x0, 0x0, 0x3f, 0xff,
    0x6a, 0xff, 0xf0, 0x0, 0x3, 0xff, 0xf6, 0xaf,
    0xff, 0x0, 0x0, 0x3f, 0xff, 0x6a, 0xff, 0xf0,
    0x0, 0x3, 0xff, 0xf6, 0xaf, 0xff, 0x0, 0x0,
    0x3f, 0xff, 0x6a, 0xff, 0xf0, 0x0, 0x3, 0xff,
    0xf6, 0xaf, 0xff, 0x0, 0x0, 0x3f, 0xff, 0x6a,
    0xff, 0xf0, 0x0, 0x3, 0xff, 0xf6, 0xaf, 0xff,
    0x0, 0x0, 0x3f, 0xff, 0x6a, 0xff, 0xf0, 0x0,
    0x3, 0xff, 0xf6, 0xaf, 0xff, 0x0, 0x0, 0x3f,
    0xff, 0x6a, 0xff, 0xf0, 0x0, 0x3, 0xff, 0xf6,
    0xaf, 0xff, 0x0, 0x0, 0x3f, 0xff, 0x6a, 0xff,
    0xf0, 0x0, 0x3, 0xff, 0xf6, 0xaf, 0xff, 0x0,
    0x0, 0x3f, 0xff, 0x6a, 0xff, 0xf0, 0x0, 0x3,
    0xff, 0xf6, 0xaf, 0xff, 0x0, 0x0, 0x3f, 0xff,
    0x69, 0xff, 0xf0, 0x0, 0x5, 0xff, 0xf6, 0x8f,
    0xff, 0x40, 0x0, 0xaf, 0xff, 0x65, 0xff, 0xfe,
    0x53, 0x8f, 0xff, 0xf6, 0xe, 0xff, 0xff, 0xff,
    0xbf, 0xff, 0x60, 0x5f, 0xff, 0xff, 0xd4, 0xff,
    0xf6, 0x0, 0x4c, 0xfe, 0x91, 0x3f, 0xff, 0x60,

    /* U+0076 "v" */
    0x1f, 0xff, 0x30, 0x0, 0x9, 0xff, 0xb0, 0xef,
    0xf5, 0x0, 0x0, 0xbf, 0xf8, 0xc, 0xff, 0x70,
    0x0, 0xd, 0xff, 0x60, 0xaf, 0xf9, 0x0, 0x0,
    0xff, 0xf4, 0x8, 0xff, 0xb0, 0x0, 0x1f, 0xff,
    0x10, 0x5f, 0xfd, 0x0, 0x3, 0xff, 0xf0, 0x3,
    0xff, 0xf0, 0x0, 0x4f, 0xfd, 0x0, 0x1f, 0xff,
    0x20, 0x6, 0xff, 0xb0, 0x0, 0xff, 0xf4, 0x0,
    0x8f, 0xf8, 0x0, 0xc, 0xff, 0x60, 0xa, 0xff,
    0x60, 0x0, 0xaf, 0xf8, 0x0, 0xcf, 0xf4, 0x0,
    0x8, 0xff, 0xa0, 0xe, 0xff, 0x10, 0x0, 0x6f,
    0xfc, 0x0, 0xff, 0xf0, 0x0, 0x3, 0xff, 0xf0,
    0x2f, 0xfd, 0x0, 0x0, 0x1f, 0xff, 0x14, 0xff,
    0xb0, 0x0, 0x0, 0xff, 0xf3, 0x6f, 0xf8, 0x0,
    0x0, 0xd, 0xff, 0x57, 0xff, 0x60, 0x0, 0x0,
    0xaf, 0xf6, 0x9f, 0xf4, 0x0, 0x0, 0x8, 0xff,
    0x8a, 0xff, 0x10, 0x0, 0x0, 0x6f, 0xfa, 0xcf,
    0xf0, 0x0, 0x0, 0x3, 0xff, 0xcd, 0xfd, 0x0,
    0x0, 0x0, 0x1f, 0xfe, 0xff, 0xb0, 0x0, 0x0,
    0x0, 0xff, 0xff, 0xf8, 0x0, 0x0, 0x0, 0xd,
    0xff, 0xff, 0x60, 0x0, 0x0, 0x0, 0xaf, 0xff,
    0xf4, 0x0, 0x0, 0x0, 0x8, 0xff, 0xff, 0x10,
    0x0, 0x0, 0x0, 0x6f, 0xff, 0xf0, 0x0, 0x0,

    /* U+0077 "w" */
    0xf, 0xff, 0x0, 0x0, 0x5f, 0xfe, 0x0, 0x0,
    0x7f, 0xf7, 0xd, 0xff, 0x10, 0x0, 0x8f, 0xff,
    0x0, 0x0, 0x8f, 0xf5, 0xb, 0xff, 0x30, 0x0,
    0xaf, 0xff, 0x30, 0x0, 0xaf, 0xf4, 0xa, 0xff,
    0x40, 0x0, 0xcf, 0xff, 0x50, 0x0, 0xbf, 0xf2,
    0x8, 0xff, 0x60, 0x0, 0xef, 0xff, 0x70, 0x0,
    0xdf, 0xf0, 0x6, 0xff, 0x70, 0x1, 0xff, 0xff,
    0xa0, 0x0, 0xef, 0xe0, 0x4, 0xff, 0x90, 0x3,
    0xff, 0xdf, 0xc0, 0x0, 0xff, 0xc0, 0x2, 0xff,
    0xa0, 0x5, 0xff, 0x8f, 0xe0, 0x1, 0xff, 0xa0,
    0x1, 0xff, 0xc0, 0x7, 0xff, 0x4f, 0xf0, 0x3,
    0xff, 0x80, 0x0, 0xff, 0xd0, 0x9, 0xfd, 0x2f,
    0xf3, 0x4, 0xff, 0x60, 0x0, 0xdf, 0xf0, 0xc,
    0xfb, 0xf, 0xf5, 0x6, 0xff, 0x40, 0x0, 0xbf,
    0xf0, 0xe, 0xf8, 0xe, 0xf7, 0x7, 0xff, 0x30,
    0x0, 0x9f, 0xf2, 0xf, 0xf6, 0xc, 0xfa, 0x9,
    0xff, 0x10, 0x0, 0x7f, 0xf3, 0x2f, 0xf3, 0xa,
    0xfc, 0xa, 0xff, 0x0, 0x0, 0x6f, 0xf5, 0x5f,
    0xf1, 0x8, 0xfe, 0xc, 0xfd, 0x0, 0x0, 0x4f,
    0xf6, 0x7f, 0xf0, 0x6, 0xff, 0xd, 0xfb, 0x0,
    0x0, 0x2f, 0xf7, 0x9f, 0xc0, 0x4, 0xff, 0x2e,
    0xf9, 0x0, 0x0, 0xf, 0xf9, 0xbf, 0xa0, 0x2,
    0xff, 0x5f, 0xf7, 0x0, 0x0, 0xe, 0xfa, 0xdf,
    0x70, 0x0, 0xff, 0x8f, 0xf5, 0x0, 0x0, 0xc,
    0xfb, 0xff, 0x50, 0x0, 0xef, 0xbf, 0xf3, 0x0,
    0x0, 0xb, 0xff, 0xff, 0x30, 0x0, 0xcf, 0xff,
    0xf2, 0x0, 0x0, 0x9, 0xff, 0xff, 0x0, 0x0,
    0xaf, 0xff, 0xf0, 0x0, 0x0, 0x7, 0xff, 0xfe,
    0x0, 0x0, 0x8f, 0xff, 0xe0, 0x0, 0x0, 0x5,
    0xff, 0xfb, 0x0, 0x0, 0x6f, 0xff, 0xc0, 0x0,
    0x0, 0x3, 0xff, 0xf9, 0x0, 0x0, 0x4f, 0xff,
    0xa0, 0x0, 0x0, 0x2, 0xff, 0xf7, 0x0, 0x0,
    0x2f, 0xff, 0x80, 0x0, 0x0, 0x0, 0xff, 0xf4,
    0x0, 0x0, 0xf, 0xff, 0x60, 0x0,

    /* U+0078 "x" */
    0xf, 0xff, 0x20, 0x0, 0xe, 0xff, 0x50, 0xbf,
    0xf7, 0x0, 0x2, 0xff, 0xf0, 0x6, 0xff, 0xd0,
    0x0, 0x7f, 0xfb, 0x0, 0x1f, 0xff, 0x20, 0xc,
    0xff, 0x60, 0x0, 0xcf, 0xf7, 0x0, 0xff, 0xf1,
    0x0, 0x7, 0xff, 0xc0, 0x5f, 0xfb, 0x0, 0x0,
    0x2f, 0xff, 0x19, 0xff, 0x60, 0x0, 0x0, 0xcf,
    0xf6, 0xef, 0xf1, 0x0, 0x0, 0x7, 0xff, 0xef,
    0xfc, 0x0, 0x0, 0x0, 0x2f, 0xff, 0xff, 0x70,
    0x0, 0x0, 0x0, 0xdf, 0xff, 0xf2, 0x0, 0x0,
    0x0, 0x8, 0xff, 0xfd, 0x0, 0x0, 0x0, 0x0,
    0x3f, 0xff, 0x70, 0x0, 0x0, 0x0, 0x2, 0xff,
    0xf5, 0x0, 0x0, 0x0, 0x0, 0x7f, 0xff, 0xa0,
    0x0, 0x0, 0x0, 0xd, 0xff, 0xff, 0x0, 0x0,
    0x0, 0x2, 0xff, 0xff, 0xf5, 0x0, 0x0, 0x0,
    0x7f, 0xff, 0xff, 0xa0, 0x0, 0x0, 0xc, 0xff,
    0x9f, 0xfe, 0x0, 0x0, 0x1, 0xff, 0xf1, 0xff,
    0xf4, 0x0, 0x0, 0x6f, 0xfa, 0xb, 0xff, 0x90,
    0x0, 0xb, 0xff, 0x60, 0x6f, 0xfe, 0x0, 0x0,
    0xff, 0xf1, 0x1, 0xff, 0xf3, 0x0, 0x5f, 0xfc,
    0x0, 0xc, 0xff, 0x90, 0xa, 0xff, 0x80, 0x0,
    0x7f, 0xfe, 0x0, 0xff, 0xf3, 0x0, 0x2, 0xff,
    0xf3, 0x4f, 0xfe, 0x0, 0x0, 0xd, 0xff, 0x80,

    /* U+0079 "y" */
    0x1f, 0xff, 0x60, 0x0, 0x5, 0xff, 0xf1, 0xe,
    0xff, 0x80, 0x0, 0x7, 0xff, 0xf0, 0xc, 0xff,
    0xa0, 0x0, 0x9, 0xff, 0xc0, 0x9, 0xff, 0xc0,
    0x0, 0xb, 0xff, 0xa0, 0x6, 0xff, 0xf0, 0x0,
    0xd, 0xff, 0x70, 0x3, 0xff, 0xf1, 0x0, 0xf,
    0xff, 0x50, 0x1, 0xff, 0xf3, 0x0, 0x1f, 0xff,
    0x20, 0x0, 0xef, 0xf5, 0x0, 0x3f, 0xff, 0x0,
    0x0, 0xbf, 0xf7, 0x0, 0x5f, 0xfd, 0x0, 0x0,
    0x9f, 0xfa, 0x0, 0x7f, 0xfa, 0x0, 0x0, 0x6f,
    0xfc, 0x0, 0x9f, 0xf8, 0x0, 0x0, 0x3f, 0xfe,
    0x0, 0xbf, 0xf5, 0x0, 0x0, 0x1f, 0xff, 0x0,
    0xdf, 0xf2, 0x0, 0x0, 0xe, 0xff, 0x20, 0xff,
    0xf0, 0x0, 0x0, 0xb, 0xff, 0x41, 0xff, 0xd0,
    0x0, 0x0, 0x9, 0xff, 0x62, 0xff, 0xb0, 0x0,
    0x0, 0x6, 0xff, 0x84, 0xff, 0x80, 0x0, 0x0,
    0x3, 0xff, 0x95, 0xff, 0x50, 0x0, 0x0, 0x0,
    0xff, 0xb7, 0xff, 0x30, 0x0, 0x0, 0x0, 0xef,
    0xd8, 0xff, 0x0, 0x0, 0x0, 0x0, 0xbf, 0xfa,
    0xfe, 0x0, 0x0, 0x0, 0x0, 0x8f, 0xff, 0xfb,
    0x0, 0x0, 0x0, 0x0, 0x6f, 0xff, 0xf9, 0x0,
    0x0, 0x0, 0x0, 0x3f, 0xff, 0xf6, 0x0, 0x0,
    0x0, 0x0, 0xf, 0xff, 0xf3, 0x0, 0x0, 0x0,
    0x0, 0xe, 0xff, 0xf1, 0x0, 0x0, 0x0, 0x0,
    0xc, 0xff, 0xe0, 0x0, 0x0, 0x0, 0x0, 0xc,
    0xff, 0xb0, 0x0, 0x0, 0x2, 0xcc, 0xef, 0xff,
    0x80, 0x0, 0x0, 0x2, 0xff, 0xff, 0xff, 0x30,
    0x0, 0x0, 0x2, 0xff, 0xff, 0xd6, 0x0, 0x0,
    0x0,

    /* U+007A "z" */
    0x4f, 0xff, 0xff, 0xff, 0xfc, 0x4f, 0xff, 0xff,
    0xff, 0xfc, 0x4f, 0xff, 0xff, 0xff, 0xfc, 0x2,
    0x22, 0x23, 0xff, 0xf8, 0x0, 0x0, 0x5, 0xff,
    0xf4, 0x0, 0x0, 0x9, 0xff, 0xf0, 0x0, 0x0,
    0xd, 0xff, 0xb0, 0x0, 0x0, 0x2f, 0xff, 0x60,
    0x0, 0x0, 0x6f, 0xff, 0x20, 0x0, 0x0, 0xaf,
    0xfe, 0x0, 0x0, 0x0, 0xff, 0xf9, 0x0, 0x0,
    0x3, 0xff, 0xf5, 0x0, 0x0, 0x8, 0xff, 0xf1,
    0x0, 0x0, 0xc, 0xff, 0xc0, 0x0, 0x0, 0x1f,
    0xff, 0x80, 0x0, 0x0, 0x5f, 0xff, 0x40, 0x0,
    0x0, 0x9f, 0xff, 0x0, 0x0, 0x0, 0xdf, 0xfb,
    0x0, 0x0, 0x2, 0xff, 0xf6, 0x0, 0x0, 0x6,
    0xff, 0xf2, 0x0, 0x0, 0xb, 0xff, 0xe0, 0x0,
    0x0, 0xf, 0xff, 0x90, 0x0, 0x0, 0x3f, 0xff,
    0x50, 0x0, 0x0, 0x8f, 0xff, 0x31, 0x11, 0x10,
    0xbf, 0xff, 0xff, 0xff, 0xf8, 0xbf, 0xff, 0xff,
    0xff, 0xf8, 0xbf, 0xff, 0xff, 0xff, 0xf8,

    /* U+007B "{" */
    0x0, 0x0, 0x19, 0xdf, 0xf3, 0x0, 0x0, 0xdf,
    0xff, 0xf3, 0x0, 0x6, 0xff, 0xff, 0xf3, 0x0,
    0xa, 0xff, 0xf5, 0x0, 0x0, 0xb, 0xff, 0xd0,
    0x0, 0x0, 0xc, 0xff, 0xc0, 0x0, 0x0, 0xd,
    0xff, 0xc0, 0x0, 0x0, 0xd, 0xff, 0xc0, 0x0,
    0x0, 0xd, 0xff, 0xc0, 0x0, 0x0, 0xd, 0xff,
    0xc0, 0x0, 0x0, 0xd, 0xff, 0xc0, 0x0, 0x0,
    0xd, 0xff, 0xc0, 0x0, 0x0, 0xd, 0xff, 0xb0,
    0x0, 0x0, 0xe, 0xff, 0xa0, 0x0, 0x0, 0x2f,
    0xff, 0x80, 0x0, 0x2a, 0xef, 0xff, 0x40, 0x0,
    0x4f, 0xff, 0xf7, 0x0, 0x0, 0x4f, 0xff, 0x91,
    0x0, 0x0, 0x4f, 0xff, 0xfe, 0x10, 0x0, 0x1,
    0x8f, 0xff, 0x60, 0x0, 0x0, 0xf, 0xff, 0xa0,
    0x0, 0x0, 0xd, 0xff, 0xb0, 0x0, 0x0, 0xd,
    0xff, 0xb0, 0x0, 0x0, 0xd, 0xff, 0xc0, 0x0,
    0x0, 0xd, 0xff, 0xc0, 0x0, 0x0, 0xd, 0xff,
    0xc0, 0x0, 0x0, 0xd, 0xff, 0xc0, 0x0, 0x0,
    0xd, 0xff, 0xc0, 0x0, 0x0, 0xd, 0xff, 0xc0,
    0x0, 0x0, 0xc, 0xff, 0xc0, 0x0, 0x0, 0xb,
    0xff, 0xe0, 0x0, 0x0, 0x9, 0xff, 0xf5, 0x0,
    0x0, 0x5, 0xff, 0xff, 0xf3, 0x0, 0x0, 0xdf,
    0xff, 0xf3, 0x0, 0x0, 0x18, 0xdf, 0xf3,

    /* U+007C "|" */
    0xef, 0xf8, 0xef, 0xf8, 0xef, 0xf8, 0xef, 0xf8,
    0xef, 0xf8, 0xef, 0xf8, 0xef, 0xf8, 0xef, 0xf8,
    0xef, 0xf8, 0xef, 0xf8, 0xef, 0xf8, 0xef, 0xf8,
    0xef, 0xf8, 0xef, 0xf8, 0xef, 0xf8, 0xef, 0xf8,
    0xef, 0xf8, 0xef, 0xf8, 0xef, 0xf8, 0xef, 0xf8,
    0xef, 0xf8, 0xef, 0xf8, 0xef, 0xf8, 0xef, 0xf8,
    0xef, 0xf8, 0xef, 0xf8, 0xef, 0xf8, 0xef, 0xf8,
    0xef, 0xf8, 0xef, 0xf8, 0xef, 0xf8, 0xef, 0xf8,
    0xef, 0xf8, 0xef, 0xf8, 0xef, 0xf8,

    /* U+007D "}" */
    0xaf, 0xeb, 0x50, 0x0, 0xa, 0xff, 0xff, 0x60,
    0x0, 0xaf, 0xff, 0xfe, 0x0, 0x0, 0x1b, 0xff,
    0xf2, 0x0, 0x0, 0x5f, 0xff, 0x40, 0x0, 0x3,
    0xff, 0xf5, 0x0, 0x0, 0x3f, 0xff, 0x50, 0x0,
    0x3, 0xff, 0xf5, 0x0, 0x0, 0x3f, 0xff, 0x50,
    0x0, 0x3, 0xff, 0xf5, 0x0, 0x0, 0x3f, 0xff,
    0x50, 0x0, 0x3, 0xff, 0xf5, 0x0, 0x0, 0x3f,
    0xff, 0x60, 0x0, 0x2, 0xff, 0xf7, 0x0, 0x0,
    0xf, 0xff, 0xb0, 0x0, 0x0, 0xbf, 0xff, 0xc7,
    0x0, 0x1, 0xbf, 0xff, 0xd0, 0x0, 0x4, 0xdf,
    0xfd, 0x0, 0x6, 0xff, 0xff, 0xd0, 0x0, 0xef,
    0xfe, 0x30, 0x0, 0x1f, 0xff, 0x80, 0x0, 0x2,
    0xff, 0xf6, 0x0, 0x0, 0x3f, 0xff, 0x50, 0x0,
    0x3, 0xff, 0xf5, 0x0, 0x0, 0x3f, 0xff, 0x50,
    0x0, 0x3, 0xff, 0xf5, 0x0, 0x0, 0x3f, 0xff,
    0x50, 0x0, 0x3, 0xff, 0xf5, 0x0, 0x0, 0x3f,
    0xff, 0x50, 0x0, 0x3, 0xff, 0xf5, 0x0, 0x0,
    0x5f, 0xff, 0x40, 0x0, 0x1b, 0xff, 0xf2, 0x0,
    0xaf, 0xff, 0xfe, 0x0, 0xa, 0xff, 0xff, 0x60,
    0x0, 0xaf, 0xeb, 0x50, 0x0, 0x0,

    /* U+007E "~" */
    0x0, 0x0, 0x0, 0x0, 0x0, 0x0, 0x1, 0x0,
    0x0, 0x0, 0x5a, 0xa7, 0x20, 0x0, 0x0, 0xae,
    0xa2, 0x0, 0x7f, 0xff, 0xff, 0xd7, 0x20, 0x3f,
    0xff, 0x20, 0x3f, 0xff, 0xff, 0xff, 0xff, 0xef,
    0xff, 0xd0, 0xb, 0xff, 0xff, 0xff, 0xff, 0xff,
    0xff, 0xf5, 0x0, 0x9f, 0xf5, 0x3, 0x8e, 0xff,
    0xff, 0xfb, 0x0, 0x0, 0x27, 0x0, 0x0, 0x4,
    0x9e, 0xfa, 0x0, 0x0,

    /* U+00B0 "°" */
    0x0, 0x1, 0x7c, 0xff, 0xd8, 0x10, 0x0, 0x0,
    0x3e, 0xff, 0xff, 0xff, 0xe4, 0x0, 0x2, 0xff,
    0xf8, 0x33, 0x8f, 0xff, 0x30, 0xa, 0xff, 0x50,
    0x0, 0x4, 0xff, 0xb0, 0xf, 0xfc, 0x0, 0x0,
    0x0, 0xbf, 0xf1, 0x1f, 0xf9, 0x0, 0x0, 0x0,
    0x8f, 0xf3, 0x1f, 0xf9, 0x0, 0x0, 0x0, 0x8f,
    0xf2, 0xf, 0xfc, 0x0, 0x0, 0x0, 0xbf, 0xf0,
    0xa, 0xff, 0x50, 0x0, 0x4, 0xff, 0xb0, 0x2,
    0xff, 0xf8, 0x33, 0x7f, 0xff, 0x30, 0x0, 0x3e,
    0xff, 0xff, 0xff, 0xe4, 0x0, 0x0, 0x1, 0x7c,
    0xff, 0xd8, 0x10, 0x0,

    /* U+00E4 "ä" */
    0x2, 0x22, 0x10, 0x0, 0x2, 0x22, 0x20, 0x5f,
    0xff, 0xb0, 0x0, 0xd, 0xff, 0xf3, 0x5f, 0xff,
    0xb0, 0x0, 0xd, 0xff, 0xf3, 0x5f, 0xff, 0xb0,
    0x0, 0xd, 0xff, 0xf3, 0x0, 0x0, 0x0, 0x0,
    0x0, 0x0, 0x0, 0x0, 0x0, 0x0, 0x0, 0x0,
    0x0, 0x0, 0x0, 0x1, 0x8d, 0xff, 0xd9, 0x20,
    0x0, 0x0, 0x1e, 0xff, 0xff, 0xff, 0xe2, 0x0,
    0x0, 0xbf, 0xff, 0xff, 0xff, 0xfc, 0x0, 0x2,
    0xff, 0xfb, 0x21, 0xbf, 0xff, 0x20, 0x6, 0xff,
    0xf3, 0x0, 0x2f, 0xff, 0x60, 0x8, 0xff, 0xf0,
    0x0, 0xf, 0xff, 0x80, 0x9, 0xff, 0xf0, 0x0,
    0xf, 0xff, 0xa0, 0xa, 0xff, 0xe0, 0x0, 0xe,
    0xff, 0xa0, 0x8, 0xcc, 0xa0, 0x0, 0xe, 0xff,
    0xb0, 0x0, 0x0, 0x0, 0x0, 0xe, 0xff, 0xb0,
    0x0, 0x0, 0x0, 0x17, 0xef, 0xff, 0xb0, 0x0,
    0x0, 0x2a, 0xff, 0xff, 0xff, 0xb0, 0x0, 0x8,
    0xff, 0xfe, 0x7f, 0xff, 0xb0, 0x0, 0xaf, 0xff,
    0x80, 0xe, 0xff, 0xb0, 0x5, 0xff, 0xf5, 0x0,
    0xe, 0xff, 0xb0, 0xc, 0xff, 0xd0, 0x0, 0xe,
    0xff, 0xb0, 0xe, 0xff, 0xa0, 0x0, 0xe, 0xff,
    0xb0, 0xf, 0xff, 0xa0, 0x0, 0xe, 0xff, 0xb0,
    0xf, 0xff, 0xa0, 0x0, 0xe, 0xff, 0xb0, 0xf,
    0xff, 0xa0, 0x0, 0xe, 0xff, 0xb0, 0xf, 0xff,
    0xa0, 0x0, 0xe, 0xff, 0xb0, 0xf, 0xff, 0xb0,
    0x0, 0xe, 0xff, 0xb0, 0xc, 0xff, 0xd0, 0x0,
    0x1f, 0xff, 0xb0, 0x9, 0xff, 0xf6, 0x3, 0xdf,
    0xff, 0xb0, 0x3, 0xff, 0xff, 0xff, 0xff, 0xff,
    0xb0, 0x0, 0xaf, 0xff, 0xff, 0x7e, 0xff, 0xb0,
    0x0, 0x8, 0xef, 0xd6, 0xe, 0xff, 0xb0,

    /* U+F048 "" */
    0x6, 0x77, 0x73, 0x0, 0x0, 0x0, 0x0, 0x0,
    0x0, 0x0, 0x65, 0x0, 0x4f, 0xff, 0xfc, 0x0,
    0x0, 0x0, 0x0, 0x0, 0x0, 0x1d, 0xff, 0xc0,
    0x4f, 0xff, 0xfc, 0x0, 0x0, 0x0, 0x0, 0x0,
    0x2, 0xef, 0xff, 0xf2, 0x4f, 0xff, 0xfc, 0x0,
    0x0, 0x0, 0x0, 0x0, 0x3e, 0xff, 0xff, 0xf3,
    0x4f, 0xff, 0xfc, 0x0, 0x0, 0x0, 0x0, 0x3,
    0xff, 0xff, 0xff, 0xf3, 0x4f, 0xff, 0xfc, 0x0,
    0x0, 0x0, 0x0, 0x4f, 0xff, 0xff, 0xff, 0xf3,
    0x4f, 0xff, 0xfc, 0x0, 0x0, 0x0, 0x5, 0xff,
    0xff, 0xff, 0xff, 0xf3, 0x4f, 0xff, 0xfc, 0x0,
    0x0, 0x0, 0x7f, 0xff, 0xff, 0xff, 0xff, 0xf3,
    0x4f, 0xff, 0xfc, 0x0, 0x0, 0x8, 0xff, 0xff,
    0xff, 0xff, 0xff, 0xf3, 0x4f, 0xff, 0xfc, 0x0,
    0x0, 0x9f, 0xff, 0xff, 0xff, 0xff, 0xff, 0xf3,
    0x4f, 0xff, 0xfc, 0x0, 0xa, 0xff, 0xff, 0xff,
    0xff, 0xff, 0xff, 0xf3, 0x4f, 0xff, 0xfc, 0x0,
    0xbf, 0xff, 0xff, 0xff, 0xff, 0xff, 0xff, 0xf3,
    0x4f, 0xff, 0xfc, 0x1c, 0xff, 0xff, 0xff, 0xff,
    0xff, 0xff, 0xff, 0xf3, 0x4f, 0xff, 0xfd, 0xdf,
    0xff, 0xff, 0xff, 0xff, 0xff, 0xff, 0xff, 0xf3,
    0x4f, 0xff, 0xff, 0xff, 0xff, 0xff, 0xff, 0xff,
    0xff, 0xff, 0xff, 0xf3, 0x4f, 0xff, 0xff, 0xff,
    0xff, 0xff, 0xff, 0xff, 0xff, 0xff, 0xff, 0xf3,
    0x4f, 0xff, 0xff, 0xff, 0xff, 0xff, 0xff, 0xff,
    0xff, 0xff, 0xff, 0xf3, 0x4f, 0xff, 0xff, 0xff,
    0xff, 0xff, 0xff, 0xff, 0xff, 0xff, 0xff, 0xf3,
    0x4f, 0xff, 0xff, 0xff, 0xff, 0xff, 0xff, 0xff,
    0xff, 0xff, 0xff, 0xf3, 0x4f, 0xff, 0xfc, 0x8f,
    0xff, 0xff, 0xff, 0xff, 0xff, 0xff, 0xff, 0xf3,
    0x4f, 0xff, 0xfc, 0x7, 0xff, 0xff, 0xff, 0xff,
    0xff, 0xff, 0xff, 0xf3, 0x4f, 0xff, 0xfc, 0x0,
    0x6f, 0xff, 0xff, 0xff, 0xff, 0xff, 0xff, 0xf3,
    0x4f, 0xff, 0xfc, 0x0, 0x5, 0xff, 0xff, 0xff,
    0xff, 0xff, 0xff, 0xf3, 0x4f, 0xff, 0xfc, 0x0,
    0x0, 0x4f, 0xff, 0xff, 0xff, 0xff, 0xff, 0xf3,
    0x4f, 0xff, 0xfc, 0x0, 0x0, 0x3, 0xef, 0xff,
    0xff, 0xff, 0xff, 0xf3, 0x4f, 0xff, 0xfc, 0x0,
    0x0, 0x0, 0x2e, 0xff, 0xff, 0xff, 0xff, 0xf3,
    0x4f, 0xff, 0xfc, 0x0, 0x0, 0x0, 0x1, 0xdf,
    0xff, 0xff, 0xff, 0xf3, 0x4f, 0xff, 0xfc, 0x0,
    0x0, 0x0, 0x0, 0x1c, 0xff, 0xff, 0xff, 0xf3,
    0x4f, 0xff, 0xfc, 0x0, 0x0, 0x0, 0x0, 0x0,
    0xbf, 0xff, 0xff, 0xf3, 0x4f, 0xff, 0xfc, 0x0,
    0x0, 0x0, 0x0, 0x0, 0xa, 0xff, 0xff, 0xf3,
    0x4f, 0xff, 0xfc, 0x0, 0x0, 0x0, 0x0, 0x0,
    0x0, 0x9f, 0xff, 0xf1, 0x2f, 0xff, 0xfa, 0x0,
    0x0, 0x0, 0x0, 0x0, 0x0, 0x7, 0xff, 0x60,
    0x0, 0x0, 0x0, 0x0, 0x0, 0x0, 0x0, 0x0,
    0x0, 0x0, 0x0, 0x0,

    /* U+F04B "" */
    0x0, 0x57, 0x40, 0x0, 0x0, 0x0, 0x0, 0x0,
    0x0, 0x0, 0x0, 0x0, 0x0, 0x0, 0x0, 0x0,
    0x2d, 0xff, 0xfc, 0x20, 0x0, 0x0, 0x0, 0x0,
    0x0, 0x0, 0x0, 0x0, 0x0, 0x0, 0x0, 0x0,
    0xbf, 0xff, 0xff, 0xf9, 0x10, 0x0, 0x0, 0x0,
    0x0, 0x0, 0x0, 0x0, 0x0, 0x0, 0x0, 0x0,
    0xff, 0xff, 0xff, 0xff, 0xe6, 0x0, 0x0, 0x0,
    0x0, 0x0, 0x0, 0x0, 0x0, 0x0, 0x0, 0x0,
    0xff, 0xff, 0xff, 0xff, 0xff, 0xc3, 0x0, 0x0,
    0x0, 0x0, 0x0, 0x0, 0x0, 0x0, 0x0, 0x0,
    0xff, 0xff, 0xff, 0xff, 0xff, 0xff, 0x91, 0x0,
    0x0, 0x0, 0x0, 0x0, 0x0, 0x0, 0x0, 0x0,
    0xff, 0xff, 0xff, 0xff, 0xff, 0xff, 0xff, 0x60,
    0x0, 0x0, 0x0, 0x0, 0x0, 0x0, 0x0, 0x0,
    0xff, 0xff, 0xff, 0xff, 0xff, 0xff, 0xff, 0xfd,
    0x40, 0x0, 0x0, 0x0, 0x0, 0x0, 0x0, 0x0,
    0xff, 0xff, 0xff, 0xff, 0xff, 0xff, 0xff, 0xff,
    0xfa, 0x10, 0x0, 0x0, 0x0, 0x0, 0x0, 0x0,
    0xff, 0xff, 0xff, 0xff, 0xff, 0xff, 0xff, 0xff,
    0xff, 0xf7, 0x0, 0x0, 0x0, 0x0, 0x0, 0x0,
    0xff, 0xff, 0xff, 0xff, 0xff, 0xff, 0xff, 0xff,
    0xff, 0xff, 0xd4, 0x0, 0x0, 0x0, 0x0, 0x0,
    0xff, 0xff, 0xff, 0xff, 0xff, 0xff, 0xff, 0xff,
    0xff, 0xff, 0xff, 0xb2, 0x0, 0x0, 0x0, 0x0,
    0xff, 0xff, 0xff, 0xff, 0xff, 0xff, 0xff, 0xff,
    0xff, 0xff, 0xff, 0xff, 0x80, 0x0, 0x0, 0x0,
    0xff, 0xff, 0xff, 0xff, 0xff, 0xff, 0xff, 0xff,
    0xff, 0xff, 0xff, 0xff, 0xfe, 0x50, 0x0, 0x0,
    0xff, 0xff, 0xff, 0xff, 0xff, 0xff, 0xff, 0xff,
    0xff, 0xff, 0xff, 0xff, 0xff, 0xfc, 0x20, 0x0,
    0xff, 0xff, 0xff, 0xff, 0xff, 0xff, 0xff, 0xff,
    0xff, 0xff, 0xff, 0xff, 0xff, 0xff, 0xf9, 0x0,
    0xff, 0xff, 0xff, 0xff, 0xff, 0xff, 0xff, 0xff,
    0xff, 0xff, 0xff, 0xff, 0xff, 0xff, 0xff, 0xc0,
    0xff, 0xff, 0xff, 0xff, 0xff, 0xff, 0xff, 0xff,
    0xff, 0xff, 0xff, 0xff, 0xff, 0xff, 0xff, 0xf5,
    0xff, 0xff, 0xff, 0xff, 0xff, 0xff, 0xff, 0xff,
    0xff, 0xff, 0xff, 0xff, 0xff, 0xff, 0xff, 0xf7,
    0xff, 0xff, 0xff, 0xff, 0xff, 0xff, 0xff, 0xff,
    0xff, 0xff, 0xff, 0xff, 0xff, 0xff, 0xff, 0xf5,
    0xff, 0xff, 0xff, 0xff, 0xff, 0xff, 0xff, 0xff,
    0xff, 0xff, 0xff, 0xff, 0xff, 0xff, 0xff, 0xc0,
    0xff, 0xff, 0xff, 0xff, 0xff, 0xff, 0xff, 0xff,
    0xff, 0xff, 0xff, 0xff, 0xff, 0xff, 0xf8, 0x0,
    0xff, 0xff, 0xff, 0xff, 0xff, 0xff, 0xff, 0xff,
    0xff, 0xff, 0xff, 0xff, 0xff, 0xfb, 0x20, 0x0,
    0xff, 0xff, 0xff, 0xff, 0xff, 0xff, 0xff, 0xff,
    0xff, 0xff, 0xff, 0xff, 0xfe, 0x50, 0x0, 0x0,
    0xff, 0xff, 0xff, 0xff, 0xff, 0xff, 0xff, 0xff,
    0xff, 0xff, 0xff, 0xff, 0x80, 0x0, 0x0, 0x0,
    0xff, 0xff, 0xff, 0xff, 0xff, 0xff, 0xff, 0xff,
    0xff, 0xff, 0xff, 0xb2, 0x0, 0x0, 0x0, 0x0,
    0xff, 0xff, 0xff, 0xff, 0xff, 0xff, 0xff, 0xff,
    0xff, 0xff, 0xd4, 0x0, 0x0, 0x0, 0x0, 0x0,
    0xff, 0xff, 0xff, 0xff, 0xff, 0xff, 0xff, 0xff,
    0xff, 0xf7, 0x0, 0x0, 0x0, 0x0, 0x0, 0x0,
    0xff, 0xff, 0xff, 0xff, 0xff, 0xff, 0xff, 0xff,
    0xfa, 0x10, 0x0, 0x0, 0x0, 0x0, 0x0, 0x0,
    0xff, 0xff, 0xff, 0xff, 0xff, 0xff, 0xff, 0xfd,
    0x40, 0x0, 0x0, 0x0, 0x0, 0x0, 0x0, 0x0,
    0xff, 0xff, 0xff, 0xff, 0xff, 0xff, 0xff, 0x60,
    0x0, 0x0, 0x0, 0x0, 0x0, 0x0, 0x0, 0x0,
    0xff, 0xff, 0xff, 0xff, 0xff, 0xff, 0x91, 0x0,
    0x0, 0x0, 0x0, 0x0, 0x0, 0x0, 0x0, 0x0,
    0xff, 0xff, 0xff, 0xff, 0xff, 0xc3, 0x0, 0x0,
    0x0, 0x0, 0x0, 0x0, 0x0, 0x0, 0x0, 0x0,
    0xff, 0xff, 0xff, 0xff, 0xe6, 0x0, 0x0, 0x0,
    0x0, 0x0, 0x0, 0x0, 0x0, 0x0, 0x0, 0x0,
    0xbf, 0xff, 0xff, 0xf9, 0x10, 0x0, 0x0, 0x0,
    0x0, 0x0, 0x0, 0x0, 0x0, 0x0, 0x0, 0x0,
    0x1d, 0xff, 0xfc, 0x20, 0x0, 0x0, 0x0, 0x0,
    0x0, 0x0, 0x0, 0x0, 0x0, 0x0, 0x0, 0x0,
    0x0, 0x57, 0x40, 0x0, 0x0, 0x0, 0x0, 0x0,
    0x0, 0x0, 0x0, 0x0, 0x0, 0x0, 0x0, 0x0,

    /* U+F04C "" */
    0x0, 0x47, 0x77, 0x77, 0x77, 0x62, 0x0, 0x0,
    0x0, 0x0, 0x47, 0x77, 0x77, 0x77, 0x62, 0x0,
    0x1c, 0xff, 0xff, 0xff, 0xff, 0xff, 0x60, 0x0,
    0x0, 0x1c, 0xff, 0xff, 0xff, 0xff, 0xff, 0x60,
    0xaf, 0xff, 0xff, 0xff, 0xff, 0xff, 0xf2, 0x0,
    0x0, 0xaf, 0xff, 0xff, 0xff, 0xff, 0xff, 0xf2,
    0xef, 0xff, 0xff, 0xff, 0xff, 0xff, 0xf6, 0x0,
    0x0, 0xef, 0xff, 0xff, 0xff, 0xff, 0xff, 0xf6,
    0xff, 0xff, 0xff, 0xff, 0xff, 0xff, 0xf8, 0x0,
    0x0, 0xff, 0xff, 0xff, 0xff, 0xff, 0xff, 0xf8,
    0xff, 0xff, 0xff, 0xff, 0xff, 0xff, 0xf8, 0x0,
    0x0, 0xff, 0xff, 0xff, 0xff, 0xff, 0xff, 0xf8,
    0xff, 0xff, 0xff, 0xff, 0xff, 0xff, 0xf8, 0x0,
    0x0, 0xff, 0xff, 0xff, 0xff, 0xff, 0xff, 0xf8,
    0xff, 0xff, 0xff, 0xff, 0xff, 0xff, 0xf8, 0x0,
    0x0, 0xff, 0xff, 0xff, 0xff, 0xff, 0xff, 0xf8,
    0xff, 0xff, 0xff, 0xff, 0xff, 0xff, 0xf8, 0x0,
    0x0, 0xff, 0xff, 0xff, 0xff, 0xff, 0xff, 0xf8,
    0xff, 0xff, 0xff, 0xff, 0xff, 0xff, 0xf8, 0x0,
    0x0, 0xff, 0xff, 0xff, 0xff, 0xff, 0xff, 0xf8,
    0xff, 0xff, 0xff, 0xff, 0xff, 0xff, 0xf8, 0x0,
    0x0, 0xff, 0xff, 0xff, 0xff, 0xff, 0xff, 0xf8,
    0xff, 0xff, 0xff, 0xff, 0xff, 0xff, 0xf8, 0x0,
    0x0, 0xff, 0xff, 0xff, 0xff, 0xff, 0xff, 0xf8,
    0xff, 0xff, 0xff, 0xff, 0xff, 0xff, 0xf8, 0x0,
    0x0, 0xff, 0xff, 0xff, 0xff, 0xff, 0xff, 0xf8,
    0xff, 0xff, 0xff, 0xff, 0xff, 0xff, 0xf8, 0x0,
    0x0, 0xff, 0xff, 0xff, 0xff, 0xff, 0xff, 0xf8,
    0xff, 0xff, 0xff, 0xff, 0xff, 0xff, 0xf8, 0x0,
    0x0, 0xff, 0xff, 0xff, 0xff, 0xff, 0xff, 0xf8,
    0xff, 0xff, 0xff, 0xff, 0xff, 0xff, 0xf8, 0x0,
    0x0, 0xff, 0xff, 0xff, 0xff, 0xff, 0xff, 0xf8,
    0xff, 0xff, 0xff, 0xff, 0xff, 0xff, 0xf8, 0x0,
    0x0, 0xff, 0xff, 0xff, 0xff, 0xff, 0xff, 0xf8,
    0xff, 0xff, 0xff, 0xff, 0xff, 0xff, 0xf8, 0x0,
    0x0, 0xff, 0xff, 0xff, 0xff, 0xff, 0xff, 0xf8,
    0xff, 0xff, 0xff, 0xff, 0xff, 0xff, 0xf8, 0x0,
    0x0, 0xff, 0xff, 0xff, 0xff, 0xff, 0xff, 0xf8,
    0xff, 0xff, 0xff, 0xff, 0xff, 0xff, 0xf8, 0x0,
    0x0, 0xff, 0xff, 0xff, 0xff, 0xff, 0xff, 0xf8,
    0xff, 0xff, 0xff, 0xff, 0xff, 0xff, 0xf8, 0x0,
    0x0, 0xff, 0xff, 0xff, 0xff, 0xff, 0xff, 0xf8,
    0xff, 0xff, 0xff, 0xff, 0xff, 0xff, 0xf8, 0x0,
    0x0, 0xff, 0xff, 0xff, 0xff, 0xff, 0xff, 0xf8,
    0xff, 0xff, 0xff, 0xff, 0xff, 0xff, 0xf8, 0x0,
    0x0, 0xff, 0xff, 0xff, 0xff, 0xff, 0xff, 0xf8,
    0xff, 0xff, 0xff, 0xff, 0xff, 0xff, 0xf8, 0x0,
    0x0, 0xff, 0xff, 0xff, 0xff, 0xff, 0xff, 0xf8,
    0xff, 0xff, 0xff, 0xff, 0xff, 0xff, 0xf8, 0x0,
    0x0, 0xff, 0xff, 0xff, 0xff, 0xff, 0xff, 0xf8,
    0xff, 0xff, 0xff, 0xff, 0xff, 0xff, 0xf8, 0x0,
    0x0, 0xff, 0xff, 0xff, 0xff, 0xff, 0xff, 0xf8,
    0xff, 0xff, 0xff, 0xff, 0xff, 0xff, 0xf8, 0x0,
    0x0, 0xff, 0xff, 0xff, 0xff, 0xff, 0xff, 0xf8,
    0xff, 0xff, 0xff, 0xff, 0xff, 0xff, 0xf8, 0x0,
    0x0, 0xff, 0xff, 0xff, 0xff, 0xff, 0xff, 0xf8,
    0xff, 0xff, 0xff, 0xff, 0xff, 0xff, 0xf7, 0x0,
    0x0, 0xff, 0xff, 0xff, 0xff, 0xff, 0xff, 0xf7,
    0xdf, 0xff, 0xff, 0xff, 0xff, 0xff, 0xf5, 0x0,
    0x0, 0xdf, 0xff, 0xff, 0xff, 0xff, 0xff, 0xf5,
    0x6f, 0xff, 0xff, 0xff, 0xff, 0xff, 0xd0, 0x0,
    0x0, 0x6f, 0xff, 0xff, 0xff, 0xff, 0xff, 0xd0,
    0x6, 0xef, 0xff, 0xff, 0xff, 0xfb, 0x10, 0x0,
    0x0, 0x6, 0xef, 0xff, 0xff, 0xff, 0xfb, 0x10,
    0x0, 0x0, 0x0, 0x0, 0x0, 0x0, 0x0, 0x0,
    0x0, 0x0, 0x0, 0x0, 0x0, 0x0, 0x0, 0x0,

    /* U+F04D "" */
    0x0, 0x47, 0x77, 0x77, 0x77, 0x77, 0x77, 0x77,
    0x77, 0x77, 0x77, 0x77, 0x77, 0x77, 0x62, 0x0,
    0x1c, 0xff, 0xff, 0xff, 0xff, 0xff, 0xff, 0xff,
    0xff, 0xff, 0xff, 0xff, 0xff, 0xff, 0xff, 0x60,
    0xaf, 0xff, 0xff, 0xff, 0xff, 0xff, 0xff, 0xff,
    0xff, 0xff, 0xff, 0xff, 0xff, 0xff, 0xff, 0xf2,
    0xef, 0xff, 0xff, 0xff, 0xff, 0xff, 0xff, 0xff,
    0xff, 0xff, 0xff, 0xff, 0xff, 0xff, 0xff, 0xf6,
    0xff, 0xff, 0xff, 0xff, 0xff, 0xff, 0xff, 0xff,
    0xff, 0xff, 0xff, 0xff, 0xff, 0xff, 0xff, 0xf8,
    0xff, 0xff, 0xff, 0xff, 0xff, 0xff, 0xff, 0xff,
    0xff, 0xff, 0xff, 0xff, 0xff, 0xff, 0xff, 0xf8,
    0xff, 0xff, 0xff, 0xff, 0xff, 0xff, 0xff, 0xff,
    0xff, 0xff, 0xff, 0xff, 0xff, 0xff, 0xff, 0xf8,
    0xff, 0xff, 0xff, 0xff, 0xff, 0xff, 0xff, 0xff,
    0xff, 0xff, 0xff, 0xff, 0xff, 0xff, 0xff, 0xf8,
    0xff, 0xff, 0xff, 0xff, 0xff, 0xff, 0xff, 0xff,
    0xff, 0xff, 0xff, 0xff, 0xff, 0xff, 0xff, 0xf8,
    0xff, 0xff, 0xff, 0xff, 0xff, 0xff, 0xff, 0xff,
    0xff, 0xff, 0xff, 0xff, 0xff, 0xff, 0xff, 0xf8,
    0xff, 0xff, 0xff, 0xff, 0xff, 0xff, 0xff, 0xff,
    0xff, 0xff, 0xff, 0xff, 0xff, 0xff, 0xff, 0xf8,
    0xff, 0xff, 0xff, 0xff, 0xff, 0xff, 0xff, 0xff,
    0xff, 0xff, 0xff, 0xff, 0xff, 0xff, 0xff, 0xf8,
    0xff, 0xff, 0xff, 0xff, 0xff, 0xff, 0xff, 0xff,
    0xff, 0xff, 0xff, 0xff, 0xff, 0xff, 0xff, 0xf8,
    0xff, 0xff, 0xff, 0xff, 0xff, 0xff, 0xff, 0xff,
    0xff, 0xff, 0xff, 0xff, 0xff, 0xff, 0xff, 0xf8,
    0xff, 0xff, 0xff, 0xff, 0xff, 0xff, 0xff, 0xff,
    0xff, 0xff, 0xff, 0xff, 0xff, 0xff, 0xff, 0xf8,
    0xff, 0xff, 0xff, 0xff, 0xff, 0xff, 0xff, 0xff,
    0xff, 0xff, 0xff, 0xff, 0xff, 0xff, 0xff, 0xf8,
    0xff, 0xff, 0xff, 0xff, 0xff, 0xff, 0xff, 0xff,
    0xff, 0xff, 0xff, 0xff, 0xff, 0xff, 0xff, 0xf8,
    0xff, 0xff, 0xff, 0xff, 0xff, 0xff, 0xff, 0xff,
    0xff, 0xff, 0xff, 0xff, 0xff, 0xff, 0xff, 0xf8,
    0xff, 0xff, 0xff, 0xff, 0xff, 0xff, 0xff, 0xff,
    0xff, 0xff, 0xff, 0xff, 0xff, 0xff, 0xff, 0xf8,
    0xff, 0xff, 0xff, 0xff, 0xff, 0xff, 0xff, 0xff,
    0xff, 0xff, 0xff, 0xff, 0xff, 0xff, 0xff, 0xf8,
    0xff, 0xff, 0xff, 0xff, 0xff, 0xff, 0xff, 0xff,
    0xff, 0xff, 0xff, 0xff, 0xff, 0xff, 0xff, 0xf8,
    0xff, 0xff, 0xff, 0xff, 0xff, 0xff, 0xff, 0xff,
    0xff, 0xff, 0xff, 0xff, 0xff, 0xff, 0xff, 0xf8,
    0xff, 0xff, 0xff, 0xff, 0xff, 0xff, 0xff, 0xff,
    0xff, 0xff, 0xff, 0xff, 0xff, 0xff, 0xff, 0xf8,
    0xff, 0xff, 0xff, 0xff, 0xff, 0xff, 0xff, 0xff,
    0xff, 0xff, 0xff, 0xff, 0xff, 0xff, 0xff, 0xf8,
    0xff, 0xff, 0xff, 0xff, 0xff, 0xff, 0xff, 0xff,
    0xff, 0xff, 0xff, 0xff, 0xff, 0xff, 0xff, 0xf8,
    0xff, 0xff, 0xff, 0xff, 0xff, 0xff, 0xff, 0xff,
    0xff, 0xff, 0xff, 0xff, 0xff, 0xff, 0xff, 0xf8,
    0xff, 0xff, 0xff, 0xff, 0xff, 0xff, 0xff, 0xff,
    0xff, 0xff, 0xff, 0xff, 0xff, 0xff, 0xff, 0xf8,
    0xff, 0xff, 0xff, 0xff, 0xff, 0xff, 0xff, 0xff,
    0xff, 0xff, 0xff, 0xff, 0xff, 0xff, 0xff, 0xf8,
    0xff, 0xff, 0xff, 0xff, 0xff, 0xff, 0xff, 0xff,
    0xff, 0xff, 0xff, 0xff, 0xff, 0xff, 0xff, 0xf7,
    0xdf, 0xff, 0xff, 0xff, 0xff, 0xff, 0xff, 0xff,
    0xff, 0xff, 0xff, 0xff, 0xff, 0xff, 0xff, 0xf5,
    0x6f, 0xff, 0xff, 0xff, 0xff, 0xff, 0xff, 0xff,
    0xff, 0xff, 0xff, 0xff, 0xff, 0xff, 0xff, 0xd0,
    0x6, 0xef, 0xff, 0xff, 0xff, 0xff, 0xff, 0xff,
    0xff, 0xff, 0xff, 0xff, 0xff, 0xff, 0xfb, 0x10,
    0x0, 0x0, 0x0, 0x0, 0x0, 0x0, 0x0, 0x0,
    0x0, 0x0, 0x0, 0x0, 0x0, 0x0, 0x0, 0x0,

    /* U+F051 "" */
    0x1, 0x65, 0x0, 0x0, 0x0, 0x0, 0x0, 0x0,
    0x0, 0x57, 0x77, 0x42, 0xef, 0xfa, 0x0, 0x0,
    0x0, 0x0, 0x0, 0x0, 0xf, 0xff, 0xff, 0x7f,
    0xff, 0xfb, 0x0, 0x0, 0x0, 0x0, 0x0, 0x1,
    0xff, 0xff, 0xf8, 0xff, 0xff, 0xfc, 0x10, 0x0,
    0x0, 0x0, 0x0, 0x1f, 0xff, 0xff, 0x8f, 0xff,
    0xff, 0xfd, 0x10, 0x0, 0x0, 0x0, 0x1, 0xff,
    0xff, 0xf8, 0xff, 0xff, 0xff, 0xfd, 0x20, 0x0,
    0x0, 0x0, 0x1f, 0xff, 0xff, 0x8f, 0xff, 0xff,
    0xff, 0xfe, 0x30, 0x0, 0x0, 0x1, 0xff, 0xff,
    0xf8, 0xff, 0xff, 0xff, 0xff, 0xff, 0x40, 0x0,
    0x0, 0x1f, 0xff, 0xff, 0x8f, 0xff, 0xff, 0xff,
    0xff, 0xff, 0x50, 0x0, 0x1, 0xff, 0xff, 0xf8,
    0xff, 0xff, 0xff, 0xff, 0xff, 0xff, 0x60, 0x0,
    0x1f, 0xff, 0xff, 0x8f, 0xff, 0xff, 0xff, 0xff,
    0xff, 0xff, 0x70, 0x1, 0xff, 0xff, 0xf8, 0xff,
    0xff, 0xff, 0xff, 0xff, 0xff, 0xff, 0x80, 0x1f,
    0xff, 0xff, 0x8f, 0xff, 0xff, 0xff, 0xff, 0xff,
    0xff, 0xff, 0xa1, 0xff, 0xff, 0xf8, 0xff, 0xff,
    0xff, 0xff, 0xff, 0xff, 0xff, 0xff, 0xbf, 0xff,
    0xff, 0x8f, 0xff, 0xff, 0xff, 0xff, 0xff, 0xff,
    0xff, 0xff, 0xff, 0xff, 0xf8, 0xff, 0xff, 0xff,
    0xff, 0xff, 0xff, 0xff, 0xff, 0xff, 0xff, 0xff,
    0x8f, 0xff, 0xff, 0xff, 0xff, 0xff, 0xff, 0xff,
    0xff, 0xff, 0xff, 0xf8, 0xff, 0xff, 0xff, 0xff,
    0xff, 0xff, 0xff, 0xff, 0xff, 0xff, 0xff, 0x8f,
    0xff, 0xff, 0xff, 0xff, 0xff, 0xff, 0xff, 0xff,
    0xff, 0xff, 0xf8, 0xff, 0xff, 0xff, 0xff, 0xff,
    0xff, 0xff, 0xff, 0x5f, 0xff, 0xff, 0x8f, 0xff,
    0xff, 0xff, 0xff, 0xff, 0xff, 0xfe, 0x31, 0xff,
    0xff, 0xf8, 0xff, 0xff, 0xff, 0xff, 0xff, 0xff,
    0xfe, 0x20, 0x1f, 0xff, 0xff, 0x8f, 0xff, 0xff,
    0xff, 0xff, 0xff, 0xfd, 0x10, 0x1, 0xff, 0xff,
    0xf8, 0xff, 0xff, 0xff, 0xff, 0xff, 0xfc, 0x10,
    0x0, 0x1f, 0xff, 0xff, 0x8f, 0xff, 0xff, 0xff,
    0xff, 0xfb, 0x0, 0x0, 0x1, 0xff, 0xff, 0xf8,
    0xff, 0xff, 0xff, 0xff, 0xfb, 0x0, 0x0, 0x0,
    0x1f, 0xff, 0xff, 0x8f, 0xff, 0xff, 0xff, 0xf9,
    0x0, 0x0, 0x0, 0x1, 0xff, 0xff, 0xf8, 0xff,
    0xff, 0xff, 0xf8, 0x0, 0x0, 0x0, 0x0, 0x1f,
    0xff, 0xff, 0x8f, 0xff, 0xff, 0xf7, 0x0, 0x0,
    0x0, 0x0, 0x1, 0xff, 0xff, 0xf7, 0xff, 0xff,
    0xf6, 0x0, 0x0, 0x0, 0x0, 0x0, 0x1f, 0xff,
    0xff, 0x5f, 0xff, 0xf5, 0x0, 0x0, 0x0, 0x0,
    0x0, 0x1, 0xff, 0xff, 0xf0, 0xaf, 0xe4, 0x0,
    0x0, 0x0, 0x0, 0x0, 0x0, 0xe, 0xff, 0xfd,
    0x0, 0x0, 0x0, 0x0, 0x0, 0x0, 0x0, 0x0,
    0x0, 0x0, 0x0, 0x0,

    /* U+F053 "" */
    0x0, 0x0, 0x0, 0x0, 0x0, 0x0, 0x0, 0x8,
    0xb4, 0x0, 0x0, 0x0, 0x0, 0x0, 0x0, 0x0,
    0x0, 0xaf, 0xff, 0x50, 0x0, 0x0, 0x0, 0x0,
    0x0, 0x0, 0xa, 0xff, 0xff, 0xf3, 0x0, 0x0,
    0x0, 0x0, 0x0, 0x0, 0xaf, 0xff, 0xff, 0xf8,
    0x0, 0x0, 0x0, 0x0, 0x0, 0xa, 0xff, 0xff,
    0xff, 0xf3, 0x0, 0x0, 0x0, 0x0, 0x0, 0xaf,
    0xff, 0xff, 0xff, 0x40, 0x0, 0x0, 0x0, 0x0,
    0xa, 0xff, 0xff, 0xff, 0xf4, 0x0, 0x0, 0x0,
    0x0, 0x0, 0xaf, 0xff, 0xff, 0xff, 0x40, 0x0,
    0x0, 0x0, 0x0, 0xa, 0xff, 0xff, 0xff, 0xf4,
    0x0, 0x0, 0x0, 0x0, 0x0, 0xaf, 0xff, 0xff,
    0xff, 0x40, 0x0, 0x0, 0x0, 0x0, 0xa, 0xff,
    0xff, 0xff, 0xf4, 0x0, 0x0, 0x0, 0x0, 0x0,
    0xaf, 0xff, 0xff, 0xff, 0x40, 0x0, 0x0, 0x0,
    0x0, 0xa, 0xff, 0xff, 0xff, 0xf4, 0x0, 0x0,
    0x0, 0x0, 0x0, 0xaf, 0xff, 0xff, 0xff, 0x40,
    0x0, 0x0, 0x0, 0x0, 0xa, 0xff, 0xff, 0xff,
    0xf4, 0x0, 0x0, 0x0, 0x0, 0x0, 0xf, 0xff,
    0xff, 0xff, 0x70, 0x0, 0x0, 0x0, 0x0, 0x0,
    0xa, 0xff, 0xff, 0xff, 0xf3, 0x0, 0x0, 0x0,
    0x0, 0x0, 0x0, 0xbf, 0xff, 0xff, 0xff, 0x30,
    0x0, 0x0, 0x0, 0x0, 0x0, 0xb, 0xff, 0xff,
    0xff, 0xf3, 0x0, 0x0, 0x0, 0x0, 0x0, 0x0,
    0xbf, 0xff, 0xff, 0xff, 0x30, 0x0, 0x0, 0x0,
    0x0, 0x0, 0xb, 0xff, 0xff, 0xff, 0xf3, 0x0,
    0x0, 0x0, 0x0, 0x0, 0x0, 0xbf, 0xff, 0xff,
    0xff, 0x30, 0x0, 0x0, 0x0, 0x0, 0x0, 0xb,
    0xff, 0xff, 0xff, 0xf3, 0x0, 0x0, 0x0, 0x0,
    0x0, 0x0, 0xbf, 0xff, 0xff, 0xff, 0x30, 0x0,
    0x0, 0x0, 0x0, 0x0, 0xb, 0xff, 0xff, 0xff,
    0xf3, 0x0, 0x0, 0x0, 0x0, 0x0, 0x0, 0xbf,
    0xff, 0xff, 0xff, 0x30, 0x0, 0x0, 0x0, 0x0,
    0x0, 0xb, 0xff, 0xff, 0xff, 0xf2, 0x0, 0x0,
    0x0, 0x0, 0x0, 0x0, 0xbf, 0xff, 0xff, 0xf8,
    0x0, 0x0, 0x0, 0x0, 0x0, 0x0, 0xb, 0xff,
    0xff, 0xf3, 0x0, 0x0, 0x0, 0x0, 0x0, 0x0,
    0x0, 0xbf, 0xff, 0x50, 0x0, 0x0, 0x0, 0x0,
    0x0, 0x0, 0x0, 0x9, 0xc5, 0x0,

    /* U+F067 "" */
    0x0, 0x0, 0x0, 0x0, 0x0, 0x0, 0x1, 0x55,
    0x53, 0x0, 0x0, 0x0, 0x0, 0x0, 0x0, 0x0,
    0x0, 0x0, 0x0, 0x0, 0x0, 0x0, 0x2e, 0xff,
    0xff, 0x80, 0x0, 0x0, 0x0, 0x0, 0x0, 0x0,
    0x0, 0x0, 0x0, 0x0, 0x0, 0x0, 0x8f, 0xff,
    0xff, 0xf0, 0x0, 0x0, 0x0, 0x0, 0x0, 0x0,
    0x0, 0x0, 0x0, 0x0, 0x0, 0x0, 0xaf, 0xff,
    0xff, 0xf2, 0x0, 0x0, 0x0, 0x0, 0x0, 0x0,
    0x0, 0x0, 0x0, 0x0, 0x0, 0x0, 0xaf, 0xff,
    0xff, 0xf2, 0x0, 0x0, 0x0, 0x0, 0x0, 0x0,
    0x0, 0x0, 0x0, 0x0, 0x0, 0x0, 0xaf, 0xff,
    0xff, 0xf2, 0x0, 0x0, 0x0, 0x0, 0x0, 0x0,
    0x0, 0x0, 0x0, 0x0, 0x0, 0x0, 0xaf, 0xff,
    0xff, 0xf2, 0x0, 0x0, 0x0, 0x0, 0x0, 0x0,
    0x0, 0x0, 0x0, 0x0, 0x0, 0x0, 0xaf, 0xff,
    0xff, 0xf2, 0x0, 0x0, 0x0, 0x0, 0x0, 0x0,
    0x0, 0x0, 0x0, 0x0, 0x0, 0x0, 0xaf, 0xff,
    0xff, 0xf2, 0x0, 0x0, 0x0, 0x0, 0x0, 0x0,
    0x0, 0x0, 0x0, 0x0, 0x0, 0x0, 0xaf, 0xff,
    0xff, 0xf2, 0x0, 0x0, 0x0, 0x0, 0x0, 0x0,
    0x0, 0x0, 0x0, 0x0, 0x0, 0x0, 0xaf, 0xff,
    0xff, 0xf2, 0x0, 0x0, 0x0, 0x0, 0x0, 0x0,
    0x0, 0x0, 0x0, 0x0, 0x0, 0x0, 0xaf, 0xff,
    0xff, 0xf2, 0x0, 0x0, 0x0, 0x0, 0x0, 0x0,
    0x0, 0x0, 0x0, 0x0, 0x0, 0x0, 0xaf, 0xff,
    0xff, 0xf2, 0x0, 0x0, 0x0, 0x0, 0x0, 0x0,
    0x2c, 0xff, 0xff, 0xff, 0xff, 0xff, 0xff, 0xff,
    0xff, 0xff, 0xff, 0xff, 0xff, 0xff, 0xfe, 0x80,
    0xcf, 0xff, 0xff, 0xff, 0xff, 0xff, 0xff, 0xff,
    0xff, 0xff, 0xff, 0xff, 0xff, 0xff, 0xff, 0xf4,
    0xff, 0xff, 0xff, 0xff, 0xff, 0xff, 0xff, 0xff,
    0xff, 0xff, 0xff, 0xff, 0xff, 0xff, 0xff, 0xf7,
    0xff, 0xff, 0xff, 0xff, 0xff, 0xff, 0xff, 0xff,
    0xff, 0xff, 0xff, 0xff, 0xff, 0xff, 0xff, 0xf8,
    0xff, 0xff, 0xff, 0xff, 0xff, 0xff, 0xff, 0xff,
    0xff, 0xff, 0xff, 0xff, 0xff, 0xff, 0xff, 0xf7,
    0xbf, 0xff, 0xff, 0xff, 0xff, 0xff, 0xff, 0xff,
    0xff, 0xff, 0xff, 0xff, 0xff, 0xff, 0xff, 0xf3,
    0x19, 0xcc, 0xcc, 0xcc, 0xcc, 0xcc, 0xef, 0xff,
    0xff, 0xfc, 0xcc, 0xcc, 0xcc, 0xcc, 0xcb, 0x50,
    0x0, 0x0, 0x0, 0x0, 0x0, 0x0, 0xaf, 0xff,
    0xff, 0xf2, 0x0, 0x0, 0x0, 0x0, 0x0, 0x0,
    0x0, 0x0, 0x0, 0x0, 0x0, 0x0, 0xaf, 0xff,
    0xff, 0xf2, 0x0, 0x0, 0x0, 0x0, 0x0, 0x0,
    0x0, 0x0, 0x0, 0x0, 0x0, 0x0, 0xaf, 0xff,
    0xff, 0xf2, 0x0, 0x0, 0x0, 0x0, 0x0, 0x0,
    0x0, 0x0, 0x0, 0x0, 0x0, 0x0, 0xaf, 0xff,
    0xff, 0xf2, 0x0, 0x0, 0x0, 0x0, 0x0, 0x0,
    0x0, 0x0, 0x0, 0x0, 0x0, 0x0, 0xaf, 0xff,
    0xff, 0xf2, 0x0, 0x0, 0x0, 0x0, 0x0, 0x0,
    0x0, 0x0, 0x0, 0x0, 0x0, 0x0, 0xaf, 0xff,
    0xff, 0xf2, 0x0, 0x0, 0x0, 0x0, 0x0, 0x0,
    0x0, 0x0, 0x0, 0x0, 0x0, 0x0, 0xaf, 0xff,
    0xff, 0xf2, 0x0, 0x0, 0x0, 0x0, 0x0, 0x0,
    0x0, 0x0, 0x0, 0x0, 0x0, 0x0, 0xaf, 0xff,
    0xff, 0xf2, 0x0, 0x0, 0x0, 0x0, 0x0, 0x0,
    0x0, 0x0, 0x0, 0x0, 0x0, 0x0, 0xaf, 0xff,
    0xff, 0xf2, 0x0, 0x0, 0x0, 0x0, 0x0, 0x0,
    0x0, 0x0, 0x0, 0x0, 0x0, 0x0, 0x9f, 0xff,
    0xff, 0xf1, 0x0, 0x0, 0x0, 0x0, 0x0, 0x0,
    0x0, 0x0, 0x0, 0x0, 0x0, 0x0, 0x7f, 0xff,
    0xff, 0xf0, 0x0, 0x0, 0x0, 0x0, 0x0, 0x0,
    0x0, 0x0, 0x0, 0x0, 0x0, 0x0, 0xc, 0xff,
    0xff, 0x50, 0x0, 0x0, 0x0, 0x0, 0x0, 0x0,
    0x0, 0x0, 0x0, 0x0, 0x0, 0x0, 0x0, 0x12,
    0x20, 0x0, 0x0, 0x0, 0x0, 0x0, 0x0, 0x0,

    /* U+F068 "" */
    0x19, 0xcc, 0xcc, 0xcc, 0xcc, 0xcc, 0xcc, 0xcc,
    0xcc, 0xcc, 0xcc, 0xcc, 0xcc, 0xcc, 0xcb, 0x50,
    0xbf, 0xff, 0xff, 0xff, 0xff, 0xff, 0xff, 0xff,
    0xff, 0xff, 0xff, 0xff, 0xff, 0xff, 0xff, 0xf3,
    0xff, 0xff, 0xff, 0xff, 0xff, 0xff, 0xff, 0xff,
    0xff, 0xff, 0xff, 0xff, 0xff, 0xff, 0xff, 0xf7,
    0xff, 0xff, 0xff, 0xff, 0xff, 0xff, 0xff, 0xff,
    0xff, 0xff, 0xff, 0xff, 0xff, 0xff, 0xff, 0xf8,
    0xff, 0xff, 0xff, 0xff, 0xff, 0xff, 0xff, 0xff,
    0xff, 0xff, 0xff, 0xff, 0xff, 0xff, 0xff, 0xf7,
    0xcf, 0xff, 0xff, 0xff, 0xff, 0xff, 0xff, 0xff,
    0xff, 0xff, 0xff, 0xff, 0xff, 0xff, 0xff, 0xf4,
    0x2c, 0xff, 0xff, 0xff, 0xff, 0xff, 0xff, 0xff,
    0xff, 0xff, 0xff, 0xff, 0xff, 0xff, 0xfe, 0x70,

    /* U+F06E "" */
    0x0, 0x0, 0x0, 0x0, 0x0, 0x0, 0x0, 0x37,
    0xad, 0xef, 0xfe, 0xdb, 0x85, 0x10, 0x0, 0x0,
    0x0, 0x0, 0x0, 0x0, 0x0, 0x0, 0x0, 0x0,
    0x0, 0x0, 0x28, 0xef, 0xff, 0xff, 0xff, 0xff,
    0xff, 0xff, 0xb5, 0x0, 0x0, 0x0, 0x0, 0x0,
    0x0, 0x0, 0x0, 0x0, 0x0, 0x2, 0xbf, 0xff,
    0xff, 0xff, 0xff, 0xff, 0xff, 0xff, 0xff, 0xfd,
    0x50, 0x0, 0x0, 0x0, 0x0, 0x0, 0x0, 0x0,
    0x0, 0x9, 0xff, 0xff, 0xff, 0xff, 0xc8, 0x76,
    0x8a, 0xef, 0xff, 0xff, 0xff, 0xc2, 0x0, 0x0,
    0x0, 0x0, 0x0, 0x0, 0x0, 0x2d, 0xff, 0xff,
    0xff, 0xf8, 0x10, 0x0, 0x0, 0x0, 0x5d, 0xff,
    0xff, 0xff, 0xf6, 0x0, 0x0, 0x0, 0x0, 0x0,
    0x0, 0x5f, 0xff, 0xff, 0xff, 0xd2, 0x0, 0x0,
    0x0, 0x0, 0x0, 0xa, 0xff, 0xff, 0xff, 0xfa,
    0x0, 0x0, 0x0, 0x0, 0x0, 0x5f, 0xff, 0xff,
    0xff, 0xd1, 0x0, 0x0, 0x14, 0x53, 0x0, 0x0,
    0x9, 0xff, 0xff, 0xff, 0xfa, 0x0, 0x0, 0x0,
    0x0, 0x5f, 0xff, 0xff, 0xff, 0xe2, 0x0, 0x0,
    0x3, 0xff, 0xff, 0x80, 0x0, 0xb, 0xff, 0xff,
    0xff, 0xfb, 0x0, 0x0, 0x0, 0x3f, 0xff, 0xff,
    0xff, 0xf7, 0x0, 0x0, 0x0, 0xe, 0xff, 0xff,
    0xc1, 0x0, 0x1f, 0xff, 0xff, 0xff, 0xf8, 0x0,
    0x0, 0x1d, 0xff, 0xff, 0xff, 0xfe, 0x0, 0x0,
    0x0, 0x0, 0xff, 0xff, 0xff, 0xb0, 0x0, 0x9f,
    0xff, 0xff, 0xff, 0xf5, 0x0, 0x9, 0xff, 0xff,
    0xff, 0xff, 0x90, 0x0, 0x0, 0x0, 0x5f, 0xff,
    0xff, 0xff, 0x50, 0x3, 0xff, 0xff, 0xff, 0xff,
    0xe1, 0x3, 0xff, 0xff, 0xff, 0xff, 0xf5, 0x0,
    0x11, 0x0, 0x4e, 0xff, 0xff, 0xff, 0xfb, 0x0,
    0xf, 0xff, 0xff, 0xff, 0xff, 0x90, 0xcf, 0xff,
    0xff, 0xff, 0xff, 0x30, 0x6, 0xfc, 0xef, 0xff,
    0xff, 0xff, 0xff, 0xe0, 0x0, 0xdf, 0xff, 0xff,
    0xff, 0xff, 0x2f, 0xff, 0xff, 0xff, 0xff, 0xf2,
    0x0, 0x7f, 0xff, 0xff, 0xff, 0xff, 0xff, 0xff,
    0x0, 0xc, 0xff, 0xff, 0xff, 0xff, 0xf4, 0xcf,
    0xff, 0xff, 0xff, 0xff, 0x30, 0x6, 0xff, 0xff,
    0xff, 0xff, 0xff, 0xff, 0xe0, 0x0, 0xdf, 0xff,
    0xff, 0xff, 0xff, 0x23, 0xff, 0xff, 0xff, 0xff,
    0xf5, 0x0, 0x2f, 0xff, 0xff, 0xff, 0xff, 0xff,
    0xfa, 0x0, 0xf, 0xff, 0xff, 0xff, 0xff, 0x90,
    0xa, 0xff, 0xff, 0xff, 0xff, 0x90, 0x0, 0xbf,
    0xff, 0xff, 0xff, 0xff, 0xff, 0x30, 0x3, 0xff,
    0xff, 0xff, 0xff, 0xe0, 0x0, 0xe, 0xff, 0xff,
    0xff, 0xfe, 0x0, 0x1, 0xef, 0xff, 0xff, 0xff,
    0xff, 0x80, 0x0, 0x9f, 0xff, 0xff, 0xff, 0xf5,
    0x0, 0x0, 0x3f, 0xff, 0xff, 0xff, 0xf7, 0x0,
    0x2, 0xef, 0xff, 0xff, 0xff, 0x90, 0x0, 0x1f,
    0xff, 0xff, 0xff, 0xf8, 0x0, 0x0, 0x0, 0x5f,
    0xff, 0xff, 0xff, 0xe2, 0x0, 0x0, 0x8e, 0xff,
    0xfb, 0x40, 0x0, 0xb, 0xff, 0xff, 0xff, 0xfb,
    0x0, 0x0, 0x0, 0x0, 0x6f, 0xff, 0xff, 0xff,
    0xd1, 0x0, 0x0, 0x1, 0x10, 0x0, 0x0, 0x9,
    0xff, 0xff, 0xff, 0xfa, 0x0, 0x0, 0x0, 0x0,
    0x0, 0x5f, 0xff, 0xff, 0xff, 0xd2, 0x0, 0x0,
    0x0, 0x0, 0x0, 0xa, 0xff, 0xff, 0xff, 0xfa,
    0x0, 0x0, 0x0, 0x0, 0x0, 0x0, 0x3d, 0xff,
    0xff, 0xff, 0xf8, 0x10, 0x0, 0x0, 0x0, 0x5d,
    0xff, 0xff, 0xff, 0xf6, 0x0, 0x0, 0x0, 0x0,
    0x0, 0x0, 0x0, 0x9, 0xff, 0xff, 0xff, 0xff,
    0xc8, 0x66, 0x7a, 0xef, 0xff, 0xff, 0xff, 0xc2,
    0x0, 0x0, 0x0, 0x0, 0x0, 0x0, 0x0, 0x0,
    0x2, 0xbf, 0xff, 0xff, 0xff, 0xff, 0xff, 0xff,
    0xff, 0xff, 0xfd, 0x50, 0x0, 0x0, 0x0, 0x0,
    0x0, 0x0, 0x0, 0x0, 0x0, 0x0, 0x29, 0xef,
    0xff, 0xff, 0xff, 0xff, 0xff, 0xff, 0xb5, 0x0,
    0x0, 0x0, 0x0, 0x0, 0x0, 0x0, 0x0, 0x0,
    0x0, 0x0, 0x0, 0x0, 0x37, 0xad, 0xef, 0xfe,
    0xdb, 0x85, 0x10, 0x0, 0x0, 0x0, 0x0, 0x0,
    0x0, 0x0,

    /* U+F077 "" */
    0x0, 0x0, 0x0, 0x0, 0x0, 0x0, 0x0, 0x3c,
    0x90, 0x0, 0x0, 0x0, 0x0, 0x0, 0x0, 0x0,
    0x0, 0x0, 0x0, 0x0, 0x0, 0x0, 0x4, 0xff,
    0xfb, 0x0, 0x0, 0x0, 0x0, 0x0, 0x0, 0x0,
    0x0, 0x0, 0x0, 0x0, 0x0, 0x0, 0x4f, 0xff,
    0xff, 0xb0, 0x0, 0x0, 0x0, 0x0, 0x0, 0x0,
    0x0, 0x0, 0x0, 0x0, 0x0, 0x4, 0xff, 0xff,
    0xff, 0xfb, 0x0, 0x0, 0x0, 0x0, 0x0, 0x0,
    0x0, 0x0, 0x0, 0x0, 0x0, 0x4f, 0xff, 0xff,
    0xff, 0xff, 0xb0, 0x0, 0x0, 0x0, 0x0, 0x0,
    0x0, 0x0, 0x0, 0x0, 0x4, 0xff, 0xff, 0xff,
    0xff, 0xff, 0xfb, 0x0, 0x0, 0x0, 0x0, 0x0,
    0x0, 0x0, 0x0, 0x0, 0x4f, 0xff, 0xff, 0xff,
    0xff, 0xff, 0xff, 0xb0, 0x0, 0x0, 0x0, 0x0,
    0x0, 0x0, 0x0, 0x4, 0xff, 0xff, 0xff, 0xfb,
    0xff, 0xff, 0xff, 0xfb, 0x0, 0x0, 0x0, 0x0,
    0x0, 0x0, 0x0, 0x4f, 0xff, 0xff, 0xff, 0xa0,
    0x3f, 0xff, 0xff, 0xff, 0xb0, 0x0, 0x0, 0x0,
    0x0, 0x0, 0x4, 0xff, 0xff, 0xff, 0xfa, 0x0,
    0x3, 0xff, 0xff, 0xff, 0xfb, 0x0, 0x0, 0x0,
    0x0, 0x0, 0x4f, 0xff, 0xff, 0xff, 0xa0, 0x0,
    0x0, 0x3f, 0xff, 0xff, 0xff, 0xb0, 0x0, 0x0,
    0x0, 0x4, 0xff, 0xff, 0xff, 0xfa, 0x0, 0x0,
    0x0, 0x3, 0xff, 0xff, 0xff, 0xfb, 0x0, 0x0,
    0x0, 0x4f, 0xff, 0xff, 0xff, 0xb0, 0x0, 0x0,
    0x0, 0x0, 0x3f, 0xff, 0xff, 0xff, 0xb0, 0x0,
    0x4, 0xff, 0xff, 0xff, 0xfb, 0x0, 0x0, 0x0,
    0x0, 0x0, 0x3, 0xff, 0xff, 0xff, 0xfb, 0x0,
    0x3f, 0xff, 0xff, 0xff, 0xb0, 0x0, 0x0, 0x0,
    0x0, 0x0, 0x0, 0x3f, 0xff, 0xff, 0xff, 0xa0,
    0x8f, 0xff, 0xff, 0xfb, 0x0, 0x0, 0x0, 0x0,
    0x0, 0x0, 0x0, 0x3, 0xff, 0xff, 0xff, 0xf0,
    0x3f, 0xff, 0xff, 0xb0, 0x0, 0x0, 0x0, 0x0,
    0x0, 0x0, 0x0, 0x0, 0x3f, 0xff, 0xff, 0xb0,
    0x5, 0xff, 0xfb, 0x0, 0x0, 0x0, 0x0, 0x0,
    0x0, 0x0, 0x0, 0x0, 0x3, 0xff, 0xfc, 0x0,
    0x0, 0x4c, 0x90, 0x0, 0x0, 0x0, 0x0, 0x0,
    0x0, 0x0, 0x0, 0x0, 0x0, 0x3b, 0x90, 0x0,

    /* U+F078 "" */
    0x0, 0x4c, 0x90, 0x0, 0x0, 0x0, 0x0, 0x0,
    0x0, 0x0, 0x0, 0x0, 0x0, 0x3c, 0x90, 0x0,
    0x5, 0xff, 0xfb, 0x0, 0x0, 0x0, 0x0, 0x0,
    0x0, 0x0, 0x0, 0x0, 0x3, 0xff, 0xfc, 0x0,
    0x3f, 0xff, 0xff, 0xb0, 0x0, 0x0, 0x0, 0x0,
    0x0, 0x0, 0x0, 0x0, 0x3f, 0xff, 0xff, 0xb0,
    0x8f, 0xff, 0xff, 0xfb, 0x0, 0x0, 0x0, 0x0,
    0x0, 0x0, 0x0, 0x3, 0xff, 0xff, 0xff, 0xf0,
    0x3f, 0xff, 0xff, 0xff, 0xb0, 0x0, 0x0, 0x0,
    0x0, 0x0, 0x0, 0x4f, 0xff, 0xff, 0xff, 0xa0,
    0x4, 0xff, 0xff, 0xff, 0xfb, 0x0, 0x0, 0x0,
    0x0, 0x0, 0x4, 0xff, 0xff, 0xff, 0xfb, 0x0,
    0x0, 0x4f, 0xff, 0xff, 0xff, 0xb0, 0x0, 0x0,
    0x0, 0x0, 0x4f, 0xff, 0xff, 0xff, 0xb0, 0x0,
    0x0, 0x4, 0xff, 0xff, 0xff, 0xfb, 0x0, 0x0,
    0x0, 0x4, 0xff, 0xff, 0xff, 0xfb, 0x0, 0x0,
    0x0, 0x0, 0x4f, 0xff, 0xff, 0xff, 0xb0, 0x0,
    0x0, 0x4f, 0xff, 0xff, 0xff, 0xb0, 0x0, 0x0,
    0x0, 0x0, 0x4, 0xff, 0xff, 0xff, 0xfb, 0x0,
    0x4, 0xff, 0xff, 0xff, 0xfb, 0x0, 0x0, 0x0,
    0x0, 0x0, 0x0, 0x4f, 0xff, 0xff, 0xff, 0xb0,
    0x4f, 0xff, 0xff, 0xff, 0xb0, 0x0, 0x0, 0x0,
    0x0, 0x0, 0x0, 0x4, 0xff, 0xff, 0xff, 0xfc,
    0xff, 0xff, 0xff, 0xfb, 0x0, 0x0, 0x0, 0x0,
    0x0, 0x0, 0x0, 0x0, 0x4f, 0xff, 0xff, 0xff,
    0xff, 0xff, 0xff, 0xb0, 0x0, 0x0, 0x0, 0x0,
    0x0, 0x0, 0x0, 0x0, 0x4, 0xff, 0xff, 0xff,
    0xff, 0xff, 0xfb, 0x0, 0x0, 0x0, 0x0, 0x0,
    0x0, 0x0, 0x0, 0x0, 0x0, 0x4f, 0xff, 0xff,
    0xff, 0xff, 0xb0, 0x0, 0x0, 0x0, 0x0, 0x0,
    0x0, 0x0, 0x0, 0x0, 0x0, 0x4, 0xff, 0xff,
    0xff, 0xfb, 0x0, 0x0, 0x0, 0x0, 0x0, 0x0,
    0x0, 0x0, 0x0, 0x0, 0x0, 0x0, 0x4f, 0xff,
    0xff, 0xb0, 0x0, 0x0, 0x0, 0x0, 0x0, 0x0,
    0x0, 0x0, 0x0, 0x0, 0x0, 0x0, 0x4, 0xff,
    0xfb, 0x0, 0x0, 0x0, 0x0, 0x0, 0x0, 0x0,
    0x0, 0x0, 0x0, 0x0, 0x0, 0x0, 0x0, 0x3c,
    0x90, 0x0, 0x0, 0x0, 0x0, 0x0, 0x0, 0x0,

    /* U+F8A2 "" */
    0x0, 0x0, 0x0, 0x0, 0x0, 0x0, 0x0, 0x0,
    0x0, 0x0, 0x0, 0x0, 0x0, 0x0, 0x0, 0x0,
    0x0, 0x37, 0x0, 0x0, 0x0, 0x0, 0x0, 0x0,
    0x0, 0x0, 0x0, 0x0, 0x0, 0x0, 0x0, 0x0,
    0x0, 0x0, 0x0, 0x3f, 0xf1, 0x0, 0x0, 0x0,
    0x0, 0x0, 0x0, 0x0, 0x0, 0x0, 0x0, 0x0,
    0x0, 0x0, 0x0, 0x0, 0x0, 0x3f, 0xff, 0x10,
    0x0, 0x0, 0x0, 0x0, 0x0, 0x0, 0x0, 0x0,
    0x0, 0x0, 0x0, 0x0, 0x0, 0x0, 0x0, 0x3f,
    0xff, 0xf1, 0x0, 0x0, 0x0, 0x0, 0x1, 0x0,
    0x0, 0x0, 0x0, 0x0, 0x0, 0x0, 0x0, 0x0,
    0x0, 0x3f, 0xff, 0xff, 0x10, 0x0, 0x0, 0x0,
    0xa, 0xfd, 0x10, 0x0, 0x0, 0x0, 0x0, 0x0,
    0x0, 0x0, 0x0, 0x8, 0xff, 0xff, 0xf1, 0x0,
    0x0, 0x0, 0xb, 0xff, 0xf4, 0x0, 0x0, 0x0,
    0x0, 0x0, 0x0, 0x0, 0x0, 0x0, 0x8f, 0xff,
    0xff, 0x10, 0x0, 0x0, 0x1c, 0xff, 0xff, 0x50,
    0x0, 0x0, 0x0, 0x0, 0x0, 0x0, 0x0, 0x0,
    0x8, 0xff, 0xff, 0xf1, 0x0, 0x0, 0x1d, 0xff,
    0xff, 0xf5, 0x0, 0x0, 0x0, 0x0, 0x0, 0x0,
    0x0, 0x0, 0x0, 0x8f, 0xff, 0xff, 0x10, 0x0,
    0x2e, 0xff, 0xff, 0xff, 0x50, 0x0, 0x0, 0x0,
    0x0, 0x0, 0x0, 0x0, 0x0, 0x8, 0xff, 0xff,
    0xf1, 0x0, 0x3e, 0xff, 0xff, 0xff, 0xf5, 0x0,
    0x0, 0x0, 0x0, 0x0, 0x0, 0x0, 0x0, 0x0,
    0x8f, 0xff, 0xff, 0x10, 0x3f, 0xff, 0xff, 0xff,
    0xff, 0xff, 0xff, 0xff, 0xff, 0xff, 0xff, 0xff,
    0xff, 0xff, 0xff, 0xff, 0xff, 0xf1, 0x4f, 0xff,
    0xff, 0xff, 0xff, 0xff, 0xff, 0xff, 0xff, 0xff,
    0xff, 0xff, 0xff, 0xff, 0xff, 0xff, 0xff, 0xff,
    0x1d, 0xff, 0xff, 0xff, 0xff, 0xff, 0xff, 0xff,
    0xff, 0xff, 0xff, 0xff, 0xff, 0xff, 0xff, 0xff,
    0xff, 0xff, 0xf1, 0xbf, 0xff, 0xff, 0xff, 0xff,
    0xff, 0xff, 0xff, 0xff, 0xff, 0xff, 0xff, 0xff,
    0xff, 0xff, 0xff, 0xff, 0xff, 0x11, 0xdf, 0xff,
    0xff, 0xff, 0xff, 0xff, 0xff, 0xff, 0xff, 0xff,
    0xff, 0xff, 0xff, 0xff, 0xff, 0xff, 0xff, 0xe0,
    0x1, 0xcf, 0xff, 0xff, 0xff, 0xfc, 0xaa, 0xaa,
    0xaa, 0xaa, 0xaa, 0xaa, 0xaa, 0xaa, 0xaa, 0xaa,
    0xaa, 0xa3, 0x0, 0x0, 0xbf, 0xff, 0xff, 0xff,
    0x50, 0x0, 0x0, 0x0, 0x0, 0x0, 0x0, 0x0,
    0x0, 0x0, 0x0, 0x0, 0x0, 0x0, 0x0, 0xbf,
    0xff, 0xff, 0xf5, 0x0, 0x0, 0x0, 0x0, 0x0,
    0x0, 0x0, 0x0, 0x0, 0x0, 0x0, 0x0, 0x0,
    0x0, 0x0, 0xaf, 0xff, 0xff, 0x50, 0x0, 0x0,
    0x0, 0x0, 0x0, 0x0, 0x0, 0x0, 0x0, 0x0,
    0x0, 0x0, 0x0, 0x0, 0x0, 0x9f, 0xff, 0xf5,
    0x0, 0x0, 0x0, 0x0, 0x0, 0x0, 0x0, 0x0,
    0x0, 0x0, 0x0, 0x0, 0x0, 0x0, 0x0, 0x0,
    0x7f, 0xff, 0x40, 0x0, 0x0, 0x0, 0x0, 0x0,
    0x0, 0x0, 0x0, 0x0, 0x0, 0x0, 0x0, 0x0,
    0x0, 0x0, 0x0, 0x6d, 0x90, 0x0, 0x0, 0x0,
    0x0, 0x0, 0x0, 0x0, 0x0, 0x0, 0x0, 0x0,
    0x0, 0x0
};


/*---------------------
 *  GLYPH DESCRIPTION
 *--------------------*/

static const lv_font_fmt_txt_glyph_dsc_t glyph_dsc[] = {
    {.bitmap_index = 0, .adv_w = 0, .box_w = 0, .box_h = 0, .ofs_x = 0, .ofs_y = 0} /* id = 0 reserved */,
    {.bitmap_index = 0, .adv_w = 139, .box_w = 0, .box_h = 0, .ofs_x = 0, .ofs_y = 0},
    {.bitmap_index = 0, .adv_w = 149, .box_w = 5, .box_h = 31, .ofs_x = 2, .ofs_y = 0},
    {.bitmap_index = 78, .adv_w = 209, .box_w = 10, .box_h = 13, .ofs_x = 2, .ofs_y = 18},
    {.bitmap_index = 143, .adv_w = 240, .box_w = 16, .box_h = 31, .ofs_x = 0, .ofs_y = 0},
    {.bitmap_index = 391, .adv_w = 226, .box_w = 13, .box_h = 35, .ofs_x = 1, .ofs_y = -4},
    {.bitmap_index = 619, .adv_w = 613, .box_w = 34, .box_h = 31, .ofs_x = 2, .ofs_y = 0},
    {.bitmap_index = 1146, .adv_w = 269, .box_w = 16, .box_h = 31, .ofs_x = 1, .ofs_y = 0},
    {.bitmap_index = 1394, .adv_w = 116, .box_w = 5, .box_h = 12, .ofs_x = 1, .ofs_y = 19},
    {.bitmap_index = 1424, .adv_w = 158, .box_w = 7, .box_h = 35, .ofs_x = 2, .ofs_y = -4},
    {.bitmap_index = 1547, .adv_w = 158, .box_w = 7, .box_h = 35, .ofs_x = 1, .ofs_y = -4},
    {.bitmap_index = 1670, .adv_w = 246, .box_w = 14, .box_h = 14, .ofs_x = 1, .ofs_y = 17},
    {.bitmap_index = 1768, .adv_w = 191, .box_w = 12, .box_h = 12, .ofs_x = 0, .ofs_y = 9},
    {.bitmap_index = 1840, .adv_w = 130, .box_w = 5, .box_h = 11, .ofs_x = 2, .ofs_y = -6},
    {.bitmap_index = 1868, .adv_w = 196, .box_w = 9, .box_h = 3, .ofs_x = 1, .ofs_y = 14},
    {.bitmap_index = 1882, .adv_w = 150, .box_w = 4, .box_h = 4, .ofs_x = 3, .ofs_y = 0},
    {.bitmap_index = 1890, .adv_w = 205, .box_w = 12, .box_h = 31, .ofs_x = 0, .ofs_y = 0},
    {.bitmap_index = 2076, .adv_w = 240, .box_w = 11, .box_h = 32, .ofs_x = 2, .ofs_y = 0},
    {.bitmap_index = 2252, .adv_w = 240, .box_w = 9, .box_h = 31, .ofs_x = 2, .ofs_y = 0},
    {.bitmap_index = 2392, .adv_w = 240, .box_w = 12, .box_h = 32, .ofs_x = 2, .ofs_y = 0},
    {.bitmap_index = 2584, .adv_w = 240, .box_w = 13, .box_h = 32, .ofs_x = 1, .ofs_y = 0},
    {.bitmap_index = 2792, .adv_w = 240, .box_w = 14, .box_h = 31, .ofs_x = 1, .ofs_y = 0},
    {.bitmap_index = 3009, .adv_w = 240, .box_w = 12, .box_h = 31, .ofs_x = 2, .ofs_y = 0},
    {.bitmap_index = 3195, .adv_w = 240, .box_w = 12, .box_h = 32, .ofs_x = 2, .ofs_y = 0},
    {.bitmap_index = 3387, .adv_w = 240, .box_w = 13, .box_h = 31, .ofs_x = 1, .ofs_y = 0},
    {.bitmap_index = 3589, .adv_w = 240, .box_w = 13, .box_h = 32, .ofs_x = 1, .ofs_y = 0},
    {.bitmap_index = 3797, .adv_w = 240, .box_w = 13, .box_h = 32, .ofs_x = 1, .ofs_y = 0},
    {.bitmap_index = 4005, .adv_w = 138, .box_w = 5, .box_h = 19, .ofs_x = 2, .ofs_y = 5},
    {.bitmap_index = 4053, .adv_w = 158, .box_w = 5, .box_h = 25, .ofs_x = 3, .ofs_y = -2},
    {.bitmap_index = 4116, .adv_w = 205, .box_w = 11, .box_h = 19, .ofs_x = 1, .ofs_y = 4},
    {.bitmap_index = 4221, .adv_w = 203, .box_w = 11, .box_h = 9, .ofs_x = 1, .ofs_y = 10},
    {.bitmap_index = 4271, .adv_w = 205, .box_w = 11, .box_h = 19, .ofs_x = 1, .ofs_y = 4},
    {.bitmap_index = 4376, .adv_w = 240, .box_w = 11, .box_h = 31, .ofs_x = 2, .ofs_y = 0},
    {.bitmap_index = 4547, .adv_w = 428, .box_w = 23, .box_h = 33, .ofs_x = 2, .ofs_y = -1},
    {.bitmap_index = 4927, .adv_w = 255, .box_w = 16, .box_h = 31, .ofs_x = 0, .ofs_y = 0},
    {.bitmap_index = 5175, .adv_w = 258, .box_w = 13, .box_h = 31, .ofs_x = 2, .ofs_y = 0},
    {.bitmap_index = 5377, .adv_w = 258, .box_w = 13, .box_h = 32, .ofs_x = 2, .ofs_y = 0},
    {.bitmap_index = 5585, .adv_w = 268, .box_w = 13, .box_h = 31, .ofs_x = 2, .ofs_y = 0},
    {.bitmap_index = 5787, .adv_w = 212, .box_w = 10, .box_h = 31, .ofs_x = 2, .ofs_y = 0},
    {.bitmap_index = 5942, .adv_w = 210, .box_w = 10, .box_h = 31, .ofs_x = 2, .ofs_y = 0},
    {.bitmap_index = 6097, .adv_w = 264, .box_w = 13, .box_h = 32, .ofs_x = 2, .ofs_y = 0},
    {.bitmap_index = 6305, .adv_w = 277, .box_w = 13, .box_h = 31, .ofs_x = 2, .ofs_y = 0},
    {.bitmap_index = 6507, .adv_w = 139, .box_w = 5, .box_h = 31, .ofs_x = 2, .ofs_y = 0},
    {.bitmap_index = 6585, .adv_w = 246, .box_w = 12, .box_h = 31, .ofs_x = 1, .ofs_y = 0},
    {.bitmap_index = 6771, .adv_w = 256, .box_w = 14, .box_h = 31, .ofs_x = 2, .ofs_y = 0},
    {.bitmap_index = 6988, .adv_w = 195, .box_w = 10, .box_h = 31, .ofs_x = 2, .ofs_y = 0},
    {.bitmap_index = 7143, .adv_w = 365, .box_w = 19, .box_h = 31, .ofs_x = 2, .ofs_y = 0},
    {.bitmap_index = 7438, .adv_w = 285, .box_w = 14, .box_h = 31, .ofs_x = 2, .ofs_y = 0},
    {.bitmap_index = 7655, .adv_w = 266, .box_w = 13, .box_h = 31, .ofs_x = 2, .ofs_y = 0},
    {.bitmap_index = 7857, .adv_w = 251, .box_w = 13, .box_h = 31, .ofs_x = 2, .ofs_y = 0},
    {.bitmap_index = 8059, .adv_w = 266, .box_w = 13, .box_h = 36, .ofs_x = 2, .ofs_y = -5},
    {.bitmap_index = 8293, .adv_w = 264, .box_w = 13, .box_h = 31, .ofs_x = 2, .ofs_y = 0},
    {.bitmap_index = 8495, .adv_w = 233, .box_w = 13, .box_h = 31, .ofs_x = 1, .ofs_y = 0},
    {.bitmap_index = 8697, .adv_w = 177, .box_w = 11, .box_h = 31, .ofs_x = 0, .ofs_y = 0},
    {.bitmap_index = 8868, .adv_w = 268, .box_w = 13, .box_h = 31, .ofs_x = 2, .ofs_y = 0},
    {.bitmap_index = 9070, .adv_w = 248, .box_w = 15, .box_h = 31, .ofs_x = 0, .ofs_y = 0},
    {.bitmap_index = 9303, .adv_w = 377, .box_w = 23, .box_h = 31, .ofs_x = 0, .ofs_y = 0},
    {.bitmap_index = 9660, .adv_w = 224, .box_w = 14, .box_h = 31, .ofs_x = 0, .ofs_y = 0},
    {.bitmap_index = 9877, .adv_w = 233, .box_w = 15, .box_h = 31, .ofs_x = 0, .ofs_y = 0},
    {.bitmap_index = 10110, .adv_w = 194, .box_w = 11, .box_h = 31, .ofs_x = 1, .ofs_y = 0},
    {.bitmap_index = 10281, .adv_w = 177, .box_w = 8, .box_h = 34, .ofs_x = 2, .ofs_y = -3},
    {.bitmap_index = 10417, .adv_w = 207, .box_w = 11, .box_h = 31, .ofs_x = 1, .ofs_y = 0},
    {.bitmap_index = 10588, .adv_w = 177, .box_w = 8, .box_h = 34, .ofs_x = 1, .ofs_y = -3},
    {.bitmap_index = 10724, .adv_w = 258, .box_w = 14, .box_h = 17, .ofs_x = 1, .ofs_y = 15},
    {.bitmap_index = 10843, .adv_w = 210, .box_w = 13, .box_h = 3, .ofs_x = 0, .ofs_y = -4},
    {.bitmap_index = 10863, .adv_w = 114, .box_w = 7, .box_h = 7, .ofs_x = 0, .ofs_y = 29},
    {.bitmap_index = 10888, .adv_w = 254, .box_w = 13, .box_h = 27, .ofs_x = 1, .ofs_y = 0},
    {.bitmap_index = 11064, .adv_w = 264, .box_w = 13, .box_h = 32, .ofs_x = 2, .ofs_y = 0},
    {.bitmap_index = 11272, .adv_w = 247, .box_w = 12, .box_h = 27, .ofs_x = 2, .ofs_y = 0},
    {.bitmap_index = 11434, .adv_w = 264, .box_w = 12, .box_h = 32, .ofs_x = 2, .ofs_y = 0},
    {.bitmap_index = 11626, .adv_w = 248, .box_w = 12, .box_h = 27, .ofs_x = 2, .ofs_y = 0},
    {.bitmap_index = 11788, .adv_w = 183, .box_w = 10, .box_h = 32, .ofs_x = 1, .ofs_y = 0},
    {.bitmap_index = 11948, .adv_w = 261, .box_w = 12, .box_h = 31, .ofs_x = 2, .ofs_y = -4},
    {.bitmap_index = 12134, .adv_w = 273, .box_w = 13, .box_h = 32, .ofs_x = 2, .ofs_y = 0},
    {.bitmap_index = 12342, .adv_w = 142, .box_w = 5, .box_h = 33, .ofs_x = 2, .ofs_y = 0},
    {.bitmap_index = 12425, .adv_w = 146, .box_w = 6, .box_h = 37, .ofs_x = 1, .ofs_y = -4},
    {.bitmap_index = 12536, .adv_w = 252, .box_w = 14, .box_h = 32, .ofs_x = 2, .ofs_y = 0},
    {.bitmap_index = 12760, .adv_w = 141, .box_w = 5, .box_h = 32, .ofs_x = 2, .ofs_y = 0},
    {.bitmap_index = 12840, .adv_w = 402, .box_w = 21, .box_h = 27, .ofs_x = 2, .ofs_y = 0},
    {.bitmap_index = 13124, .adv_w = 272, .box_w = 13, .box_h = 27, .ofs_x = 2, .ofs_y = 0},
    {.bitmap_index = 13300, .adv_w = 257, .box_w = 12, .box_h = 27, .ofs_x = 2, .ofs_y = 0},
    {.bitmap_index = 13462, .adv_w = 264, .box_w = 13, .box_h = 32, .ofs_x = 2, .ofs_y = -5},
    {.bitmap_index = 13670, .adv_w = 264, .box_w = 12, .box_h = 32, .ofs_x = 2, .ofs_y = -5},
    {.bitmap_index = 13862, .adv_w = 181, .box_w = 9, .box_h = 27, .ofs_x = 2, .ofs_y = 0},
    {.bitmap_index = 13984, .adv_w = 226, .box_w = 13, .box_h = 27, .ofs_x = 1, .ofs_y = 0},
    {.bitmap_index = 14160, .adv_w = 168, .box_w = 10, .box_h = 31, .ofs_x = 0, .ofs_y = 0},
    {.bitmap_index = 14315, .adv_w = 271, .box_w = 13, .box_h = 27, .ofs_x = 2, .ofs_y = 0},
    {.bitmap_index = 14491, .adv_w = 218, .box_w = 13, .box_h = 27, .ofs_x = 0, .ofs_y = 0},
    {.bitmap_index = 14667, .adv_w = 328, .box_w = 20, .box_h = 27, .ofs_x = 0, .ofs_y = 0},
    {.bitmap_index = 14937, .adv_w = 211, .box_w = 13, .box_h = 27, .ofs_x = 0, .ofs_y = 0},
    {.bitmap_index = 15113, .adv_w = 221, .box_w = 14, .box_h = 31, .ofs_x = 0, .ofs_y = -4},
    {.bitmap_index = 15330, .adv_w = 189, .box_w = 10, .box_h = 27, .ofs_x = 1, .ofs_y = 0},
    {.bitmap_index = 15465, .adv_w = 185, .box_w = 10, .box_h = 35, .ofs_x = 1, .ofs_y = -4},
    {.bitmap_index = 15640, .adv_w = 151, .box_w = 4, .box_h = 35, .ofs_x = 3, .ofs_y = -2},
    {.bitmap_index = 15710, .adv_w = 185, .box_w = 9, .box_h = 35, .ofs_x = 1, .ofs_y = -4},
    {.bitmap_index = 15868, .adv_w = 314, .box_w = 17, .box_h = 7, .ofs_x = 1, .ofs_y = 15},
    {.bitmap_index = 15928, .adv_w = 257, .box_w = 14, .box_h = 12, .ofs_x = 1, .ofs_y = 20},
    {.bitmap_index = 16012, .adv_w = 254, .box_w = 14, .box_h = 33, .ofs_x = 1, .ofs_y = 0},
    {.bitmap_index = 16243, .adv_w = 504, .box_w = 24, .box_h = 33, .ofs_x = 4, .ofs_y = -3},
    {.bitmap_index = 16639, .adv_w = 504, .box_w = 32, .box_h = 37, .ofs_x = 0, .ofs_y = -5},
    {.bitmap_index = 17231, .adv_w = 504, .box_w = 32, .box_h = 33, .ofs_x = 0, .ofs_y = -3},
    {.bitmap_index = 17759, .adv_w = 504, .box_w = 32, .box_h = 33, .ofs_x = 0, .ofs_y = -3},
    {.bitmap_index = 18287, .adv_w = 504, .box_w = 23, .box_h = 33, .ofs_x = 4, .ofs_y = -3},
    {.bitmap_index = 18667, .adv_w = 360, .box_w = 20, .box_h = 31, .ofs_x = 1, .ofs_y = -2},
    {.bitmap_index = 18977, .adv_w = 504, .box_w = 32, .box_h = 33, .ofs_x = 0, .ofs_y = -3},
    {.bitmap_index = 19505, .adv_w = 504, .box_w = 32, .box_h = 7, .ofs_x = 0, .ofs_y = 10},
    {.bitmap_index = 19617, .adv_w = 648, .box_w = 41, .box_h = 27, .ofs_x = 0, .ofs_y = 0},
    {.bitmap_index = 20171, .adv_w = 504, .box_w = 32, .box_h = 19, .ofs_x = 0, .ofs_y = 4},
    {.bitmap_index = 20475, .adv_w = 504, .box_w = 32, .box_h = 19, .ofs_x = 0, .ofs_y = 4},
    {.bitmap_index = 20779, .adv_w = 579, .box_w = 37, .box_h = 23, .ofs_x = 0, .ofs_y = 2}
};

/*---------------------
 *  CHARACTER MAPPING
 *--------------------*/

static const uint16_t unicode_list_1[] = {
    0x0, 0x34, 0xef98, 0xef9b, 0xef9c, 0xef9d, 0xefa1, 0xefa3,
    0xefb7, 0xefb8, 0xefbe, 0xefc7, 0xefc8, 0xf7f2
};

/*Collect the unicode lists and glyph_id offsets*/
static const lv_font_fmt_txt_cmap_t cmaps[] =
{
    {
        .range_start = 32, .range_length = 95, .glyph_id_start = 1,
        .unicode_list = NULL, .glyph_id_ofs_list = NULL, .list_length = 0, .type = LV_FONT_FMT_TXT_CMAP_FORMAT0_TINY
    },
    {
        .range_start = 176, .range_length = 63475, .glyph_id_start = 96,
        .unicode_list = unicode_list_1, .glyph_id_ofs_list = NULL, .list_length = 14, .type = LV_FONT_FMT_TXT_CMAP_SPARSE_TINY
    }
};

/*-----------------
 *    KERNING
 *----------------*/


/*Map glyph_ids to kern left classes*/
static const uint8_t kern_left_class_mapping[] =
{
    0, 0, 0, 1, 0, 0, 0, 0,
    0, 0, 0, 2, 3, 4, 5, 6,
    7, 0, 0, 0, 0, 0, 0, 0,
    8, 0, 0, 0, 0, 0, 0, 0,
    0, 0, 9, 0, 10, 10, 0, 11,
    0, 0, 0, 12, 13, 14, 0, 0,
    10, 15, 0, 0, 0, 16, 17, 18,
    18, 19, 20, 0, 0, 0, 0, 0,
    0, 0, 21, 22, 22, 0, 22, 23,
    0, 0, 0, 0, 0, 0, 0, 0,
    22, 22, 0, 24, 0, 0, 0, 25,
    25, 0, 26, 0, 0, 0, 0, 0,
    0, 21, 0, 0, 0, 0, 0, 0,
    0, 0, 0, 0, 0, 0
};

/*Map glyph_ids to kern right classes*/
static const uint8_t kern_right_class_mapping[] =
{
    0, 0, 0, 1, 0, 0, 0, 0,
    0, 0, 0, 2, 3, 4, 5, 6,
    7, 0, 8, 0, 0, 9, 0, 0,
    10, 0, 0, 0, 0, 0, 0, 0,
    0, 0, 11, 0, 12, 0, 0, 0,
    12, 0, 0, 13, 0, 0, 0, 0,
    12, 0, 0, 0, 0, 14, 15, 16,
    16, 17, 18, 0, 0, 0, 0, 0,
    0, 0, 19, 0, 20, 20, 20, 21,
    20, 0, 0, 0, 0, 0, 0, 0,
    20, 0, 20, 0, 0, 22, 0, 23,
    23, 0, 24, 0, 0, 0, 0, 0,
    0, 19, 0, 0, 0, 0, 0, 0,
    0, 0, 0, 0, 0, 0
};

/*Kern values between classes*/
static const int8_t kern_class_values[] =
{
    0, 0, 0, 0, 0, 0, 0, 0,
    -25, 0, -17, 0, -53, 0, 0, 0,
    0, 0, 0, 0, 0, 0, 0, 0,
    0, 0, 0, 0, 0, 0, 0, 0,
    0, 0, -20, 0, -62, 0, 0, 0,
    0, 0, 0, 0, 0, 0, 0, 0,
    0, 0, 0, 0, 0, 0, 0, 0,
    0, -17, 0, 0, 0, 0, 0, 0,
    0, 0, 0, 0, 0, 0, 0, 0,
    0, 0, 0, 0, 0, 0, 31, -20,
    0, -20, 0, 0, 0, -14, -6, -28,
    0, -34, 0, 0, 0, -11, -20, -17,
    0, 0, 0, 0, 0, 0, 0, 0,
    0, -14, 0, 0, 0, 0, 0, 0,
    0, 0, 0, 0, 0, 0, 0, 0,
    0, 0, 0, 0, 0, 0, 31, -20,
    0, -20, 0, 0, 0, -14, -6, -28,
    0, -34, 0, 0, 0, -11, -31, -17,
    0, 0, 0, -67, 0, -67, -51, 0,
    0, 0, 0, 0, 0, 0, 0, 0,
    0, 0, 0, 0, 0, 0, 0, 0,
    0, 0, -11, -45, -14, -45, -22, 0,
    0, 0, 0, 0, 0, 0, 0, 0,
    0, 0, 0, 0, 0, 0, 0, 0,
    -22, -20, 0, 0, 0, 0, 0, 0,
    0, 0, 0, 0, 0, 0, 0, -14,
    0, -17, 0, 0, -8, 0, -8, -14,
    0, 0, 0, 0, 0, 0, 0, 0,
    0, 0, 0, 0, 0, 0, 0, 0,
    -6, 0, 0, 0, 0, 0, 0, 0,
    0, 0, 0, -51, 0, -51, 0, 0,
    0, 0, -11, 0, -42, 0, 0, 0,
    0, 0, -8, -6, 0, 0, 0, 0,
    0, 0, 0, -6, 0, -6, 0, 0,
    0, 0, -11, 0, 0, 0, 0, 0,
    0, 0, 0, 0, 0, 0, 0, 0,
    0, 0, 0, 0, 0, 0, 0, 0,
    0, 0, 0, 0, 0, 0, 0, 0,
    0, 0, -3, -3, 0, 0, 0, 0,
    -37, -28, 0, 0, 0, 0, 0, 0,
    0, 0, 0, -6, 0, -14, 0, -11,
    0, -17, 0, 0, 0, 0, -6, 0,
    0, 0, 0, -67, 0, -67, 0, 0,
    0, 0, -17, 0, -37, 0, 0, 0,
    0, 0, 0, 0, 0, 0, 0, 0,
    0, 0, 0, -14, 0, -14, 0, 0,
    0, 0, 0, 0, -14, 0, 0, 0,
    0, 0, -8, -8, 0, 0, 0, 0,
    0, 0, 0, -6, 0, -6, 0, 0,
    0, 0, 0, 0, 0, 0, 0, 0,
    0, 0, 0, 0, 0, 0, 0, 0,
    0, 0, 0, -28, 0, -28, 0, 0,
    0, 0, -14, 0, -17, 0, 0, 0,
    0, 0, -6, -6, 0, 0, 0, 0,
    0, 0, 0, 0, 0, 0, 0, 0,
    0, 0, 0, -6, 0, 0, 0, 0,
    0, 0, 0, -6, 0, 0, 0, 0,
    0, 0, 0, -34, 0, -34, 0, 0,
    0, 0, -17, 0, -34, 0, 0, 0,
    0, 0, -8, -11, 0, 0, 0, 0,
    0, 0, 0, 0, 0, 0, 0, 0,
    0, 0, 0, 0, 0, -6, 0, -6,
    0, -8, 0, 0, 0, 0, 0, 0,
    0, 0, 0, 0, 0, 0, 0, 0,
    0, 0, 0, 0, 0, -8, 0, -6,
    -6, -11, 0, 0, 0, 0, 0, 0,
    0, 0, 0, -22, 0, -17, 0, 0,
    0, 0, 0, 0, 0, 0, 0, 0,
    0, 0, -6, -6, 0, 0, 0, 0,
    0, 0, 0, -34, 0, -34, 0, 0,
    0, 0, 0, 0, 0, 0, 0, 0,
    0, 0, 0, 0, 0, 0, 0, 0,
    0, 0, 0, -25, 0, -28, 0, 0,
    0, 0, 0, 0, 0, 0, 0, 0,
    0, 0, 0, 0, 0, 0, 0, 0,
    0, 0, 0, -28, 0, -34, 0, 0,
    0, 0, 0, 0, 0, 0, 0, 0,
    0, 0, 0, 0, 0, 0, 0, 0
};


/*Collect the kern class' data in one place*/
static const lv_font_fmt_txt_kern_classes_t kern_classes =
{
    .class_pair_values   = kern_class_values,
    .left_class_mapping  = kern_left_class_mapping,
    .right_class_mapping = kern_right_class_mapping,
    .left_class_cnt      = 26,
    .right_class_cnt     = 24,
};

/*--------------------
 *  ALL CUSTOM DATA
 *--------------------*/

#if LVGL_VERSION_MAJOR == 8
/*Store all the custom data of the font*/
static  lv_font_fmt_txt_glyph_cache_t cache;
#endif

#if LVGL_VERSION_MAJOR >= 8
static const lv_font_fmt_txt_dsc_t font_dsc = {
#else
static lv_font_fmt_txt_dsc_t font_dsc = {
#endif
    .glyph_bitmap = glyph_bitmap,
    .glyph_dsc = glyph_dsc,
    .cmaps = cmaps,
    .kern_dsc = &kern_classes,
    .kern_scale = 16,
    .cmap_num = 2,
    .bpp = 4,
    .kern_classes = 1,
    .bitmap_format = 0,
#if LVGL_VERSION_MAJOR == 8
    .cache = &cache
#endif
};



/*-----------------
 *  PUBLIC FONT
 *----------------*/

/*Initialize a public general font descriptor*/
#if LVGL_VERSION_MAJOR >= 8
const lv_font_t custom_font_lcars_36 = {
#else
lv_font_t custom_font_lcars_36 = {
#endif
    .get_glyph_dsc = lv_font_get_glyph_dsc_fmt_txt,    /*Function pointer to get glyph's data*/
    .get_glyph_bitmap = lv_font_get_bitmap_fmt_txt,    /*Function pointer to get glyph's bitmap*/
    .line_height = 42,          /*The maximum line height required by the font*/
    .base_line = 6,             /*Baseline measured from the bottom of the line*/
#if !(LVGL_VERSION_MAJOR == 6 && LVGL_VERSION_MINOR == 0)
    .subpx = LV_FONT_SUBPX_NONE,
#endif
#if LV_VERSION_CHECK(7, 4, 0) || LVGL_VERSION_MAJOR >= 8
    .underline_position = 0,
    .underline_thickness = 0,
#endif
    .dsc = &font_dsc,          /*The custom font data. Will be accessed by `get_glyph_bitmap/dsc` */
#if LV_VERSION_CHECK(8, 2, 0) || LVGL_VERSION_MAJOR >= 9
    .fallback = NULL,
#endif
    .user_data = NULL,
};



#endif /*#if CUSTOM_FONT_LCARS_36*/

