/*******************************************************************************
 * Size: 22 px
 * Bpp: 4
 * Opts: --format lvgl --lv-include lvgl.h --bpp 4 --force-fast-kern-format --size 22 --font /tmp/ohez-fonts-kgUXel/Rajdhani-Medium.ttf -r 0x20-0x7F -r 0xA0-0xFF --font components/lvgl/lvgl/scripts/built_in_font/FontAwesome5-Solid+Brands+Regular.woff -r 61441,61448,61451,61452,61453,61457,61459,61461,61465,61468,61473,61478,61479,61480,61502,61512,61515,61516,61517,61521,61522,61523,61524,61543,61544,61550,61552,61553,61556,61559,61560,61561,61563,61587,61589,61636,61637,61639,61671,61674,61683,61724,61732,61787,61931,62016,62017,62018,62019,62020,62087,62099,62189,62212,62810,63426,63650 --lv-font-name custom_font_hud_22 -o components/lvgl/fonts/custom_font_hud_22.c
 ******************************************************************************/

#ifdef LV_LVGL_H_INCLUDE_SIMPLE
#include "lvgl.h"
#else
#include "lvgl.h"
#endif

#ifndef CUSTOM_FONT_HUD_22
#define CUSTOM_FONT_HUD_22 1
#endif

#if CUSTOM_FONT_HUD_22

/*-----------------
 *    BITMAPS
 *----------------*/

/*Store the image of the glyphs*/
static LV_ATTRIBUTE_LARGE_CONST const uint8_t glyph_bitmap[] = {
    /* U+0020 " " */

    /* U+0021 "!" */
    0x4f, 0x70, 0x7, 0x80, 0x3c, 0x2, 0x70, 0xc,
    0x22, 0x3, 0x30, 0x8, 0x81, 0xc3, 0xc, 0x4,
    0x47, 0xac, 0x1, 0x8, 0x8,

    /* U+0022 "\"" */
    0xcb, 0x4, 0xf2, 0x71, 0x7, 0x3, 0x22, 0x0,
    0x80, 0x8b, 0xc0, 0x84, 0x2d, 0x0, 0x12, 0x0,

    /* U+0023 "#" */
    0x0, 0xee, 0x50, 0xb, 0x98, 0x3, 0x88, 0x5c,
    0x0, 0x42, 0xa0, 0x1c, 0x82, 0x40, 0x4, 0x3,
    0x0, 0x84, 0x58, 0xa2, 0x36, 0x20, 0x80, 0x27,
    0xb8, 0xa9, 0xdd, 0x2a, 0x76, 0x4, 0x5c, 0x85,
    0x5d, 0xa4, 0x2a, 0xf8, 0x5, 0x38, 0xd5, 0x11,
    0xc4, 0xa8, 0x40, 0x12, 0xd8, 0x4, 0xaa, 0x0,
    0xc2, 0x64, 0x82, 0x23, 0x2c, 0x10, 0x7, 0x73,
    0x3, 0x3b, 0x98, 0x17, 0xcc, 0x1b, 0x64, 0xb7,
    0x71, 0x25, 0xd9, 0xc0, 0xd0, 0xbd, 0x12, 0x2d,
    0x44, 0x8, 0x0, 0xc1, 0x0, 0x6, 0x8, 0x1,
    0xc8, 0x42, 0x0, 0x42, 0x20, 0x6,

    /* U+0024 "$" */
    0x0, 0xda, 0xe0, 0x1f, 0x18, 0x7, 0x2e, 0xf8,
    0xc6, 0xb8, 0x1d, 0x4, 0xcc, 0xd0, 0xd6, 0x1e,
    0xcd, 0x58, 0xe9, 0x1, 0x0, 0x64, 0x13, 0x0,
    0xf5, 0x53, 0x82, 0x48, 0x44, 0x1, 0x3a, 0x36,
    0xf7, 0x3e, 0x40, 0x17, 0xd9, 0x74, 0xad, 0x0,
    0x1, 0x34, 0x5a, 0x14, 0x34, 0x0, 0xe5, 0x1a,
    0xb0, 0xe, 0x70, 0xe0, 0x20, 0xc, 0x4c, 0xa1,
    0xee, 0xcc, 0xb1, 0xe2, 0xb1, 0x89, 0x93, 0x4a,
    0x82, 0x67, 0x8c, 0x6b, 0x0, 0x71, 0x80, 0x60,

    /* U+0025 "%" */
    0x3c, 0xff, 0x61, 0x0, 0x5a, 0xa0, 0x17, 0xaf,
    0xf9, 0xa0, 0x0, 0x86, 0xa0, 0x11, 0x60, 0x3,
    0x18, 0x1, 0xec, 0x1, 0xff, 0x12, 0x48, 0x6,
    0x2c, 0x0, 0x63, 0x5, 0xa8, 0x80, 0x6f, 0x4f,
    0xf3, 0x40, 0xb4, 0x80, 0x71, 0xef, 0xfb, 0x9,
    0x8c, 0xc0, 0x1f, 0xf4, 0xc8, 0x6b, 0xb6, 0x84,
    0x3, 0x94, 0x16, 0xc7, 0x3c, 0x60, 0x3, 0xa5,
    0x81, 0xf8, 0x89, 0xaa, 0x1, 0x8c, 0xd2, 0x6,
    0x1, 0x18, 0x80, 0x6a, 0x51, 0x3, 0x0, 0x8c,
    0x40, 0x21, 0x69, 0x0, 0x3f, 0x80, 0x31, 0x40,
    0x27, 0x33, 0x0, 0x21, 0xbf, 0xc3, 0x0,

    /* U+0026 "&" */
    0x0, 0x15, 0xf7, 0xeb, 0x80, 0x7b, 0xd2, 0x69,
    0xe1, 0x80, 0x31, 0x94, 0x3a, 0xd1, 0x68, 0x6,
    0x70, 0x20, 0x9, 0x98, 0x1, 0x98, 0xc, 0x2,
    0x9f, 0x0, 0xc4, 0xb4, 0x1, 0x11, 0x0, 0x34,
    0xa1, 0xb0, 0x7, 0xca, 0xd1, 0xb0, 0x82, 0x3c,
    0x18, 0xc, 0x55, 0x7d, 0xdc, 0x6, 0x20, 0x4,
    0x80, 0x9b, 0xb8, 0x3, 0xce, 0xb6, 0xa8, 0x80,
    0x21, 0x10, 0x5, 0x5, 0xa0, 0x15, 0x6, 0x3b,
    0x3f, 0x89, 0x60, 0x0, 0xac, 0x62, 0x60, 0x77,
    0xa, 0xc0,

    /* U+0027 "'" */
    0xac, 0x36, 0xe3, 0x2e,

    /* U+0028 "(" */
    0x4, 0xcf, 0x3b, 0x4c, 0x94, 0x83, 0x63, 0x0,
    0x8, 0x7, 0xff, 0x4c, 0x40, 0x26, 0x20, 0x7,
    0xaa, 0x81, 0x62, 0xbc, 0x1f, 0xf4,

    /* U+0029 ")" */
    0xcd, 0x60, 0xea, 0x96, 0x27, 0x6a, 0x0, 0x79,
    0x80, 0x7f, 0xf6, 0xb8, 0x81, 0x1a, 0xb2, 0xdd,
    0xdb, 0xf2, 0x0,

    /* U+002A "*" */
    0x0, 0x17, 0x80, 0x44, 0x26, 0x0, 0x22, 0x5f,
    0x4b, 0x56, 0xa4, 0xfe, 0x9f, 0xf9, 0x81, 0x2e,
    0x29, 0x0, 0x7, 0x5, 0x4, 0x0,

    /* U+002B "+" */
    0x0, 0xd9, 0x0, 0x1f, 0x84, 0x40, 0x1f, 0xfc,
    0x31, 0x18, 0x0, 0x22, 0x0, 0x3f, 0x74, 0x4d,
    0xdc, 0xf3, 0x6b, 0xb8, 0x92, 0xed, 0x86, 0x28,
    0x90, 0x12, 0x20, 0xc0, 0x3f, 0xf8, 0x77, 0xa0,
    0x18,

    /* U+002C "," */
    0x46, 0xf9, 0x0, 0x8c, 0x24, 0x94,

    /* U+002D "-" */
    0x0, 0x8, 0xc0, 0x3f, 0xdd, 0x78, 0xe5, 0xdd,
    0x80,

    /* U+002E "." */
    0x12, 0xad, 0x0, 0x8, 0x0,

    /* U+002F "/" */
    0x0, 0xee, 0x80, 0xc, 0xa3, 0x60, 0x1b, 0x88,
    0xc0, 0x21, 0x4a, 0x0, 0xcc, 0xa, 0x1, 0xa8,
    0xc8, 0x2, 0x32, 0xa0, 0xd, 0x40, 0xc0, 0x19,
    0xd4, 0x3, 0x20, 0xf0, 0x6, 0xe1, 0x40, 0xc,
    0xac, 0x1, 0x98, 0x28, 0x3, 0x69, 0x90, 0x6,

    /* U+0030 "0" */
    0x4, 0xcf, 0xfb, 0xa0, 0x0, 0x56, 0x31, 0x32,
    0x77, 0x48, 0x28, 0x7b, 0xb3, 0x25, 0x1c, 0x38,
    0x8, 0x3, 0x18, 0x80, 0x7f, 0xfe, 0xf8, 0x8,
    0x3, 0x10, 0x82, 0x87, 0x33, 0x52, 0xae, 0x5,
    0x61, 0x33, 0x3b, 0x48, 0x0,

    /* U+0031 "1" */
    0x0, 0x1d, 0xfa, 0x85, 0x62, 0x80, 0x11, 0x13,
    0x40, 0x4, 0xe6, 0x0, 0xff, 0xf8, 0x38, 0x0,

    /* U+0032 "2" */
    0x7, 0xdf, 0xfa, 0xc8, 0x1a, 0x1e, 0xa9, 0xb,
    0x81, 0xa5, 0x4a, 0xa7, 0xa1, 0x46, 0x10, 0xc,
    0xc0, 0x51, 0x0, 0xc, 0xc0, 0x6a, 0x80, 0x1b,
    0xc1, 0x0, 0x30, 0xe2, 0x48, 0x80, 0x47, 0xe5,
    0x6c, 0x1, 0x3e, 0x17, 0xa0, 0x5, 0x50, 0xd8,
    0x20, 0x13, 0xac, 0x48, 0x7, 0x60, 0x38, 0x7,
    0x9c, 0x19, 0xbc, 0x4e, 0x13, 0x3e, 0x40,

    /* U+0033 "3" */
    0x6, 0xdf, 0xfb, 0x54, 0x1a, 0x5e, 0xa9, 0x23,
    0x47, 0xa3, 0x4a, 0xa6, 0xd0, 0xb7, 0x20, 0xc,
    0x20, 0x59, 0x80, 0xf, 0x18, 0x6, 0x11, 0x40,
    0x68, 0x4, 0xdd, 0xc7, 0x94, 0x0, 0x9e, 0xec,
    0x92, 0x40, 0x10, 0xa2, 0x28, 0x29, 0x9c, 0x3,
    0x8, 0x15, 0x50, 0x3, 0xe6, 0x30, 0xc, 0x20,
    0x5c, 0x36, 0xca, 0xda, 0x14, 0x92, 0xd3, 0x52,
    0x16, 0x40,

    /* U+0034 "4" */
    0x0, 0xf4, 0x7f, 0x80, 0x3e, 0x27, 0x20, 0xf,
    0xd2, 0x54, 0x1, 0xf2, 0xa4, 0x80, 0x7e, 0x85,
    0x40, 0xf, 0x9c, 0xa0, 0x3, 0xe1, 0x87, 0x20,
    0xf, 0xac, 0x60, 0x3, 0xe3, 0x5b, 0x0, 0xfd,
    0xe4, 0x82, 0x37, 0x81, 0x8, 0x19, 0x77, 0x67,
    0xd, 0xe0, 0xcb, 0xbe, 0x60, 0xab, 0x3, 0x44,
    0xee, 0x5, 0x40, 0xf, 0xf8,

    /* U+0035 "5" */
    0x9f, 0xff, 0x90, 0x1, 0x11, 0xe5, 0x0, 0x3b,
    0xf8, 0x40, 0x3f, 0xf9, 0x13, 0xff, 0x6b, 0x0,
    0x6b, 0xcb, 0x69, 0x3b, 0xb4, 0xa1, 0xa5, 0x5,
    0x92, 0x0, 0x61, 0x1, 0x23, 0x0, 0xfa, 0x74,
    0x3, 0xe2, 0x10, 0xc, 0x21, 0xd4, 0x18, 0xca,
    0xda, 0xa, 0x74, 0x33, 0x52, 0x16, 0x40,

    /* U+0036 "6" */
    0x6, 0xdf, 0xfe, 0x4, 0x91, 0x99, 0xe0, 0xe0,
    0xc6, 0x6e, 0x6, 0x20, 0xf, 0xfe, 0x30, 0x8e,
    0x0, 0xc5, 0xdd, 0xbe, 0x0, 0x3, 0x77, 0x99,
    0xdc, 0x6, 0x89, 0xa4, 0xb0, 0x3, 0xe1, 0x60,
    0xf, 0xc2, 0xc4, 0x1, 0xc4, 0xfc, 0x16, 0xcd,
    0x50, 0xea, 0x4b, 0x4c, 0xcf, 0xc,

    /* U+0037 "7" */
    0x9f, 0xff, 0x8f, 0x62, 0x38, 0xc0, 0x51, 0xdf,
    0x84, 0x88, 0x1, 0xc8, 0x54, 0x1, 0xee, 0x6,
    0x0, 0xe1, 0x55, 0x8, 0x7, 0x30, 0x70, 0x7,
    0xa8, 0x50, 0x3, 0x8c, 0x98, 0x3, 0xd4, 0x12,
    0x1, 0xe6, 0x41, 0x0, 0xe6, 0xe, 0x0, 0xf5,
    0xa, 0x80, 0x71, 0x1b, 0x0, 0x70,

    /* U+0038 "8" */
    0x5, 0xdf, 0xfb, 0xa8, 0x80, 0xe8, 0x66, 0x66,
    0x5e, 0xb, 0xd, 0x66, 0xa1, 0xcc, 0x44, 0x2,
    0x1, 0xb8, 0x8, 0x3, 0xe1, 0x1, 0xd0, 0x81,
    0x0, 0x15, 0x11, 0x11, 0xdd, 0xdf, 0xed, 0x3f,
    0x2, 0x74, 0xbc, 0xc4, 0x84, 0x5, 0x5, 0x21,
    0x99, 0x98, 0xa2, 0x20, 0x10, 0xd, 0xc0, 0x60,
    0x1f, 0xee, 0x2, 0x0, 0xdc, 0x6, 0xa1, 0xec,
    0xd4, 0x3a, 0x9, 0x58, 0xcc, 0xcc, 0xb4, 0x0,

    /* U+0039 "9" */
    0x7, 0xdf, 0xfb, 0x54, 0x1a, 0x1a, 0x66, 0x1a,
    0x4d, 0x1b, 0x66, 0xb0, 0x35, 0x88, 0x3, 0x88,
    0x80, 0x1f, 0xc2, 0x20, 0xf, 0x90, 0x98, 0x47,
    0x0, 0x21, 0x27, 0xbb, 0x10, 0x2, 0xf6, 0xef,
    0x8, 0x4, 0x48, 0x98, 0xc0, 0x3f, 0xf8, 0xa4,
    0x40, 0x56, 0x6d, 0x81, 0xa5, 0x53, 0x38, 0x69,
    0x0,

    /* U+003A ":" */
    0xaf, 0x10, 0xa, 0xb4, 0x48, 0x3, 0x9, 0x56,
    0x80, 0x4, 0x0,

    /* U+003B ";" */
    0xaf, 0x10, 0xa, 0xb4, 0x48, 0x3, 0xd5, 0xe2,
    0x0, 0x10, 0x60, 0x98, 0x10,

    /* U+003C "<" */
    0x0, 0xf8, 0xe4, 0x40, 0x31, 0x47, 0x62, 0x0,
    0x5, 0xf7, 0x49, 0x3b, 0xa1, 0x6e, 0xba, 0xdc,
    0x72, 0x0, 0x8, 0x0, 0x4c, 0x3, 0x9f, 0x52,
    0xfb, 0x1c, 0x40, 0x22, 0x8d, 0xc5, 0x9e, 0xc1,
    0x0, 0xc7, 0x3d, 0x6c, 0x0,

    /* U+003D "=" */
    0x1, 0x1f, 0x80, 0xd, 0xdd, 0xf7, 0xa3, 0xdd,
    0xfd, 0x88, 0x28, 0x9f, 0x18, 0x0, 0x47, 0xe0,
    0x3, 0x77, 0x7d, 0xe8, 0xf9, 0x9f, 0x90,

    /* U+003E ">" */
    0x48, 0x20, 0xf, 0x9d, 0xb7, 0x1c, 0x40, 0x31,
    0xf6, 0x24, 0xf5, 0xb0, 0x6, 0x38, 0xec, 0x3b,
    0xf3, 0x0, 0xe1, 0x0, 0xf1, 0x46, 0xe9, 0x2f,
    0x8c, 0xdb, 0xa5, 0x56, 0xe3, 0x8, 0x3a, 0x66,
    0xc1, 0x0, 0x60,

    /* U+003F "?" */
    0x5, 0xdf, 0xf7, 0x40, 0x1d, 0xd, 0x51, 0x9e,
    0x2c, 0x35, 0x55, 0x8, 0xc4, 0x2, 0x1, 0x10,
    0xc5, 0x80, 0x64, 0x22, 0x20, 0x5, 0x65, 0xc0,
    0x1b, 0x17, 0xc, 0x2, 0x63, 0xd3, 0x0, 0xdc,
    0x6, 0x1, 0xd5, 0x40, 0xf, 0x1b, 0x80, 0x7a,
    0x34, 0x40, 0x38, 0xc0, 0x3e, 0x30, 0xc,

    /* U+0040 "@" */
    0x0, 0x9b, 0x3f, 0xfd, 0x8a, 0x1, 0x5d, 0x47,
    0xff, 0xa2, 0xd4, 0x24, 0x31, 0x0, 0x3c, 0x97,
    0x22, 0xd4, 0x3, 0x5f, 0xfa, 0x1, 0xcd, 0x48,
    0x43, 0x5e, 0xb3, 0x2, 0x1, 0x85, 0x80, 0x4e,
    0x14, 0xce, 0x0, 0xf8, 0xc0, 0x40, 0x3f, 0xe1,
    0x0, 0xff, 0xe0, 0x90, 0x7, 0x18, 0x4, 0x22,
    0x70, 0x12, 0xf0, 0x3, 0x8, 0x2, 0xd1, 0x4c,
    0x43, 0xdb, 0xfe, 0x47, 0xf2, 0xb1, 0x5b, 0x2,
    0xdf, 0xf4, 0xdf, 0x7d, 0x88, 0x53, 0x59, 0x80,
    0x70, 0x80, 0x76, 0x63, 0xbf, 0xbb, 0x30, 0x7,
    0x9f, 0x7f, 0xf9, 0x80, 0x20,

    /* U+0041 "A" */
    0x0, 0xc9, 0xfe, 0x30, 0xf, 0xdc, 0x21, 0x60,
    0x1f, 0x91, 0xd1, 0x40, 0x3e, 0x31, 0xdd, 0x11,
    0x0, 0x3d, 0x60, 0x8e, 0xa, 0x1, 0xe5, 0x50,
    0x9, 0xe0, 0x7, 0x11, 0x3c, 0x1, 0x68, 0x20,
    0x19, 0x41, 0x0, 0x8, 0x8, 0x1, 0xac, 0xc0,
    0x44, 0x43, 0xe0, 0x10, 0x99, 0xbb, 0xb0, 0xa8,
    0x4, 0xe1, 0x37, 0x7a, 0x1, 0x0, 0x1a, 0x2c,
    0x89, 0x9c, 0x34, 0x0, 0x8e, 0x1, 0xe4, 0x70,
    0x40, 0xd0, 0xf, 0x68, 0x90,

    /* U+0042 "B" */
    0x3f, 0xff, 0x61, 0x83, 0x83, 0x55, 0x52, 0x38,
    0x20, 0xc, 0x55, 0x9b, 0x81, 0x0, 0x3e, 0x20,
    0x20, 0xf, 0x8c, 0x4, 0x0, 0x62, 0x31, 0x40,
    0x20, 0x2, 0x7b, 0xad, 0x5b, 0x20, 0x3, 0xdd,
    0xd4, 0x94, 0x40, 0xd, 0x44, 0x96, 0x86, 0x80,
    0x3e, 0x10, 0x10, 0xf, 0xfe, 0x28, 0x87, 0x0,
    0x31, 0x56, 0x6d, 0x5, 0x70, 0x6a, 0xaa, 0x42,
    0xc8,

    /* U+0043 "C" */
    0x3, 0xcf, 0xfd, 0xaa, 0x3, 0xa5, 0x13, 0x28,
    0x1a, 0x34, 0x1a, 0x76, 0x63, 0xe8, 0x59, 0x3,
    0x0, 0x61, 0x2, 0x0, 0xfc, 0xfe, 0x1, 0xfa,
    0x14, 0x3, 0xff, 0xb5, 0xa, 0x1, 0xf9, 0xfc,
    0x81, 0x80, 0x30, 0x81, 0x20, 0x4b, 0xb3, 0x5a,
    0x16, 0x38, 0x31, 0x33, 0xd, 0x18,

    /* U+0044 "D" */
    0x3f, 0xff, 0x6a, 0x83, 0x83, 0x4c, 0xe1, 0xa4,
    0x0, 0x63, 0x36, 0xd0, 0xd0, 0xf, 0x84, 0x44,
    0x1, 0xff, 0xff, 0x0, 0x84, 0x80, 0x18, 0xcd,
    0xb0, 0x35, 0xc1, 0xa6, 0x70, 0xd2, 0x0,

    /* U+0045 "E" */
    0x3f, 0xff, 0x8d, 0xc1, 0xa6, 0x78, 0x80, 0x18,
    0xcd, 0xc2, 0x1, 0xff, 0xc8, 0x31, 0x1c, 0x1,
    0xa7, 0xbb, 0x48, 0x4, 0xf7, 0x7c, 0x1, 0x6a,
    0x26, 0x20, 0xf, 0xfe, 0x96, 0x33, 0x65, 0x17,
    0x6, 0x99, 0xd4, 0x40,

    /* U+0046 "F" */
    0x3f, 0xff, 0x89, 0xc1, 0xa6, 0x78, 0x80, 0x18,
    0xcd, 0xc0, 0x1f, 0xfd, 0x23, 0x11, 0xc0, 0x1a,
    0x7b, 0xb4, 0x80, 0x4f, 0x77, 0xc0, 0x16, 0xa2,
    0x62, 0x0, 0xff, 0xe8, 0x38, 0x7, 0xe0,

    /* U+0047 "G" */
    0x3, 0xcf, 0xfd, 0x64, 0x3, 0xa5, 0x13, 0x28,
    0x5f, 0x4, 0x1a, 0x76, 0x63, 0xc1, 0x21, 0x3,
    0x0, 0x65, 0x2, 0x0, 0xf8, 0x99, 0x40, 0x3e,
    0x19, 0x30, 0xe, 0x11, 0xc0, 0x1e, 0xfe, 0xe9,
    0x40, 0x3b, 0x6e, 0x0, 0xc0, 0x38, 0xd1, 0x0,
    0x1f, 0xfc, 0x2, 0x6, 0x0, 0xcc, 0x4, 0x81,
    0x2e, 0xcc, 0x7b, 0x14, 0x1c, 0x18, 0x99, 0x42,
    0xe8, 0x0,

    /* U+0048 "H" */
    0x3f, 0x50, 0xe, 0xbd, 0x70, 0xf, 0x9c, 0x3,
    0xff, 0xaa, 0x62, 0x3c, 0x1, 0xa7, 0xbb, 0x8c,
    0x2, 0x7b, 0xbe, 0x20, 0xb, 0x51, 0x38, 0x40,
    0x3f, 0xfb, 0xae, 0x1, 0xf3, 0x80,

    /* U+0049 "I" */
    0x2f, 0x60, 0x0, 0x80, 0x7f, 0xf5, 0xc4,

    /* U+004A "J" */
    0x0, 0xf8, 0x7d, 0xc0, 0x3f, 0xff, 0x6c, 0x40,
    0x1f, 0x1c, 0xa0, 0x7, 0xff, 0x14, 0x83, 0x80,
    0x32, 0x81, 0xa, 0x3c, 0x33, 0x1e, 0x45, 0x2,
    0x95, 0xa6, 0x50, 0x3a, 0x20,

    /* U+004B "K" */
    0x3f, 0x50, 0xc, 0x9f, 0x0, 0xe0, 0x1c, 0x54,
    0x70, 0x1, 0xf7, 0xf, 0x0, 0x7d, 0x7, 0x44,
    0x1, 0xe4, 0x76, 0x50, 0xf, 0xd, 0x1c, 0x80,
    0x7d, 0xa2, 0xa0, 0x1f, 0x49, 0xab, 0x18, 0x7,
    0x8e, 0xa8, 0x5c, 0x1, 0xe7, 0x50, 0xe2, 0x80,
    0xe, 0xd0, 0x1, 0xbb, 0x8c, 0x3, 0xf4, 0x17,
    0x0, 0x7f, 0x71, 0x40, 0x38, 0x7, 0x8d, 0xdc,
    0x40,

    /* U+004C "L" */
    0x3f, 0x50, 0xf, 0x38, 0x7, 0xff, 0xfc, 0x3,
    0xff, 0x9b, 0xec, 0xdc, 0x4e, 0xb, 0x33, 0xc8,

    /* U+004D "M" */
    0x3f, 0xf1, 0x80, 0x7a, 0xfe, 0xdc, 0x1, 0x40,
    0x1c, 0x28, 0xe, 0x0, 0x36, 0x10, 0xd, 0x22,
    0x40, 0x14, 0x83, 0x80, 0x66, 0x60, 0x6, 0x15,
    0xb0, 0x9, 0x46, 0x80, 0x3a, 0x48, 0xc0, 0x1c,
    0x64, 0x1, 0xc6, 0x52, 0x2, 0x92, 0x1, 0xf5,
    0xa8, 0xc8, 0xa8, 0x7, 0xcc, 0xc, 0xd0, 0x7,
    0xf3, 0x40, 0xd0, 0x7, 0xf5, 0x2, 0x10, 0x7,
    0xf1, 0xfd, 0x80, 0x7f, 0xf1, 0x9c, 0x3, 0xfc,
    0x2e,

    /* U+004E "N" */
    0x3f, 0x70, 0xe, 0x8f, 0x7, 0x8, 0x10, 0xf,
    0xf5, 0x80, 0x7f, 0x1a, 0x98, 0x7, 0xe9, 0x2f,
    0x0, 0xfe, 0x93, 0x50, 0xf, 0xc8, 0x8b, 0x0,
    0xfe, 0x91, 0x80, 0xf, 0xc4, 0xce, 0x20, 0x1f,
    0xa0, 0x6c, 0x3, 0xf0, 0xc2, 0xa0, 0x7, 0xe6,
    0x23, 0x0, 0xfe, 0x90, 0x9, 0xc0, 0x40, 0x32,
    0x28, 0x0,

    /* U+004F "O" */
    0x3, 0xcf, 0xfd, 0x88, 0x3, 0xa5, 0x13, 0x28,
    0x1b, 0x34, 0x1a, 0x76, 0x63, 0xe0, 0x59, 0x3,
    0x0, 0x61, 0x2, 0x0, 0xff, 0xfd, 0x10, 0x30,
    0x6, 0x10, 0x24, 0x9, 0x76, 0x6b, 0x42, 0xc7,
    0x6, 0x26, 0x60, 0xb3,

    /* U+0050 "P" */
    0x3f, 0xff, 0x59, 0x3, 0x83, 0x4c, 0xd0, 0xb8,
    0x1, 0x63, 0x34, 0xf6, 0x28, 0x1, 0xf3, 0x81,
    0x0, 0x7f, 0xf3, 0xd8, 0xc, 0x0, 0x42, 0x31,
    0xc0, 0x20, 0x2, 0x3b, 0xac, 0x39, 0x10, 0x3,
    0xdd, 0xd9, 0xcc, 0x1, 0x6a, 0x24, 0x62, 0x1,
    0xff, 0xca, 0x70, 0xf, 0xe0,

    /* U+0051 "Q" */
    0x2, 0xbf, 0xfd, 0xaa, 0x0, 0xc5, 0x89, 0x98,
    0x69, 0x10, 0x36, 0xec, 0xd6, 0x6, 0x90, 0x30,
    0x7, 0x9, 0x0, 0x7f, 0xfe, 0x88, 0x18, 0x3,
    0x84, 0x90, 0x6d, 0xd9, 0xac, 0xd, 0xc, 0x58,
    0x99, 0x82, 0x90, 0xa, 0xff, 0xce, 0x1e, 0xa0,
    0x1e, 0x81, 0xf0, 0xf, 0xd4, 0x6a, 0x0,

    /* U+0052 "R" */
    0x3f, 0xfe, 0xeb, 0x20, 0x70, 0x69, 0x9c, 0xb8,
    0x1, 0x63, 0x34, 0xf6, 0x28, 0x1, 0xf3, 0x1,
    0x0, 0x7f, 0xf1, 0x5c, 0xc, 0x0, 0x62, 0x31,
    0x40, 0x20, 0x2, 0x7b, 0xad, 0x2a, 0x10, 0x3,
    0xdd, 0x9c, 0x29, 0x40, 0x2d, 0x44, 0x40, 0xc0,
    0x7, 0xe6, 0x33, 0x0, 0x7d, 0x21, 0x0, 0x1f,
    0xb, 0x21, 0x38, 0x7, 0xac, 0x2c,

    /* U+0053 "S" */
    0x2, 0xbf, 0xfd, 0x86, 0x0, 0xc5, 0x79, 0x94,
    0x16, 0xa, 0xd, 0xc3, 0x31, 0xf4, 0x1c, 0x81,
    0xc0, 0x31, 0x87, 0x0, 0x4, 0x3, 0xba, 0x10,
    0x3c, 0xc0, 0x30, 0x81, 0x49, 0xe7, 0xdb, 0x90,
    0x4, 0xdd, 0x2a, 0xd1, 0xb2, 0x1, 0xb, 0x56,
    0xe9, 0x19, 0x44, 0xc0, 0x31, 0x58, 0x63, 0xe1,
    0x80, 0x7c, 0x40, 0xc0, 0x18, 0x80, 0x50, 0x6d,
    0xd9, 0x8f, 0xe1, 0x41, 0x8b, 0x13, 0x28, 0x1b,
    0x20,

    /* U+0054 "T" */
    0x9f, 0xff, 0xc1, 0x53, 0x28, 0x4, 0x99, 0x80,
    0xd9, 0xa0, 0x36, 0x68, 0x3, 0xff, 0xfe, 0x1,
    0xff, 0xd3, 0xf0, 0xc,

    /* U+0055 "U" */
    0x5f, 0x30, 0xe, 0xf8, 0x30, 0xf, 0xc2, 0x1,
    0xff, 0xff, 0x0, 0xe3, 0x0, 0xfc, 0x22, 0x5,
    0x0, 0xc4, 0x1e, 0x83, 0xe, 0xcd, 0x78, 0x28,
    0x62, 0xc4, 0xcc, 0x36, 0x40,

    /* U+0056 "V" */
    0x6f, 0x40, 0xe, 0x2f, 0x84, 0xd, 0x0, 0xe5,
    0xc, 0x22, 0x20, 0x7, 0x60, 0x20, 0x29, 0x8,
    0x6, 0x45, 0x0, 0x60, 0x38, 0x4, 0x81, 0x80,
    0x4, 0xc, 0x0, 0xb0, 0x1c, 0x2, 0x54, 0x0,
    0x94, 0xc4, 0x2, 0xc1, 0x30, 0x12, 0x40, 0xc,
    0xe0, 0x80, 0x81, 0x60, 0x18, 0x4e, 0xc3, 0xc4,
    0xc0, 0x39, 0xc, 0x51, 0x0, 0x1e, 0xb0, 0x91,
    0xf0, 0xf, 0x18, 0xb8, 0x20, 0x7, 0xce, 0x8,
    0x20, 0x10,

    /* U+0057 "W" */
    0x5f, 0x60, 0xc, 0x9f, 0x80, 0x1d, 0xdc, 0x7,
    0xc, 0x0, 0xd8, 0x6, 0x20, 0x10, 0x89, 0x40,
    0x81, 0xc0, 0x32, 0x28, 0x20, 0x4, 0xa0, 0x60,
    0x4, 0x20, 0xc, 0x7e, 0x78, 0x1, 0x18, 0x60,
    0x0, 0xc0, 0xc0, 0x8, 0x8, 0x90, 0x5, 0xa0,
    0xa0, 0xd, 0x5, 0x0, 0x61, 0xe, 0x90, 0x80,
    0x1c, 0x84, 0x0, 0x81, 0xe0, 0x4, 0x40, 0x20,
    0x20, 0x0, 0x9c, 0x2, 0x11, 0x28, 0x0, 0xf0,
    0x4, 0xb0, 0xc, 0x34, 0x3, 0x29, 0x2, 0x2,
    0x0, 0x11, 0x0, 0xa0, 0x80, 0x1b, 0x4, 0x58,
    0x42, 0x0, 0xc2, 0x1f, 0x3, 0x0, 0xc6, 0xa,
    0x88, 0x0, 0x90, 0x11, 0x4c, 0x3, 0x94, 0x30,
    0xf0, 0x2, 0x12, 0xc3, 0x50, 0xe, 0x12, 0x70,
    0x70, 0xc, 0x8c, 0x1e, 0x1, 0xe4, 0x2, 0x20,
    0x6, 0xc0, 0x2, 0x0, 0x40,

    /* U+0058 "X" */
    0xe, 0xc0, 0xe, 0x7f, 0x40, 0x83, 0x50, 0x8,
    0x60, 0xd0, 0x18, 0xa0, 0x2, 0x80, 0xf0, 0xa,
    0x49, 0xc0, 0x99, 0x86, 0x1, 0x22, 0x24, 0x60,
    0x20, 0x3, 0xa4, 0x69, 0x60, 0x40, 0x38, 0x99,
    0x5, 0xc0, 0x3e, 0x40, 0x13, 0x0, 0xf3, 0x95,
    0xf, 0x80, 0x70, 0xca, 0x2c, 0x1a, 0x80, 0x69,
    0x18, 0x6, 0x28, 0x0, 0x89, 0xd4, 0xc0, 0x10,
    0x4c, 0x0, 0x80, 0x80, 0x9, 0x4e, 0x0, 0x95,
    0x88, 0x3, 0x40, 0xb8,

    /* U+0059 "Y" */
    0x6f, 0x60, 0xe, 0x6f, 0x66, 0xd, 0x80, 0x75,
    0x8b, 0x4, 0x12, 0x80, 0x4a, 0x50, 0x0, 0x61,
    0x80, 0xa, 0x5, 0x80, 0x28, 0x24, 0x4, 0x28,
    0x0, 0xcc, 0x30, 0x10, 0x2c, 0x1, 0xd0, 0x70,
    0x70, 0x1, 0xe6, 0x17, 0x16, 0x0, 0xfa, 0x42,
    0x0, 0x3f, 0x10, 0x10, 0x7, 0xff, 0x74, 0x40,
    0x3c,

    /* U+005A "Z" */
    0xb, 0xff, 0xfa, 0x83, 0x9d, 0xf9, 0x40, 0xc1,
    0x62, 0x38, 0x42, 0xc0, 0x3c, 0xa8, 0xe4, 0x1,
    0xeb, 0x28, 0x0, 0xf4, 0x8c, 0x80, 0x78, 0xd9,
    0x50, 0x3, 0xdc, 0x36, 0x1, 0xe7, 0x2b, 0x10,
    0xe, 0x28, 0x45, 0x0, 0xf4, 0x84, 0x80, 0x79,
    0x92, 0x8, 0x3, 0xd0, 0x1f, 0x11, 0xcc, 0x2,
    0xe, 0xfe, 0xb0,

    /* U+005B "[" */
    0x8f, 0xf8, 0x0, 0x3b, 0xa0, 0x1, 0x91, 0x0,
    0x3f, 0xfe, 0x45, 0xfe, 0x9, 0xdd, 0x80,

    /* U+005C "\\" */
    0xcc, 0x0, 0x75, 0x19, 0x0, 0x67, 0xa, 0x0,
    0xc2, 0xac, 0x1, 0xde, 0x28, 0x1, 0x94, 0x78,
    0x3, 0x9d, 0x40, 0x3a, 0x81, 0x40, 0x31, 0x97,
    0x0, 0x75, 0x20, 0x80, 0x66, 0x6, 0x0, 0xc2,
    0x74, 0x1, 0xd4, 0x46, 0x1, 0x98, 0x6c,

    /* U+005D "]" */
    0xaf, 0xf7, 0x5e, 0xb8, 0x9, 0x78, 0x7, 0xff,
    0x96, 0xbe, 0x2, 0xf7, 0x5e,

    /* U+005E "^" */
    0x0, 0xf, 0x7b, 0x80, 0x74, 0x83, 0xc0, 0x80,
    0x42, 0xf3, 0x3, 0x0, 0x15, 0x8b, 0x84, 0x31,
    0x1, 0x2c, 0x0, 0x18, 0xa0, 0x20, 0x98, 0x2,
    0x85, 0x30,

    /* U+005F "_" */
    0xff, 0xfc, 0x40,

    /* U+0060 "`" */
    0x5f, 0x70, 0x55, 0x40, 0x85, 0x1c, 0x80,

    /* U+0061 "a" */
    0x5, 0xdf, 0xfe, 0x94, 0xa1, 0x99, 0xc0, 0x7a,
    0x1a, 0xcd, 0x80, 0x4, 0x22, 0x0, 0xff, 0xef,
    0x10, 0x88, 0x2, 0x20, 0x6, 0x86, 0xb3, 0x1f,
    0xc0, 0x9, 0x43, 0x33, 0x58, 0x18,

    /* U+0062 "b" */
    0x7f, 0x10, 0xf, 0xc6, 0x1, 0xff, 0xce, 0x4d,
    0xff, 0x6c, 0x0, 0x51, 0x53, 0x27, 0x78, 0x1,
    0x6e, 0xcc, 0xa3, 0xa0, 0x3, 0x80, 0x66, 0x30,
    0xf, 0xfe, 0xfb, 0x18, 0x1, 0x59, 0xaa, 0x3a,
    0x0, 0x44, 0xcc, 0x8e, 0xe0,

    /* U+0063 "c" */
    0x5, 0xdf, 0xfc, 0x9, 0x43, 0x33, 0x50, 0x68,
    0x6b, 0x34, 0xa0, 0x42, 0x20, 0xf, 0xfe, 0xc9,
    0x8, 0x80, 0x3b, 0x43, 0x59, 0xa5, 0x4, 0xa1,
    0x99, 0xa8, 0x0,

    /* U+0064 "d" */
    0x0, 0xfb, 0x68, 0x3, 0xe3, 0x10, 0xf, 0xfe,
    0x3b, 0x6f, 0xfb, 0x9c, 0x0, 0x92, 0x33, 0x35,
    0x8, 0x68, 0x6b, 0x31, 0xf0, 0x0, 0x42, 0x20,
    0x8, 0x44, 0x1, 0xff, 0xd9, 0x21, 0x10, 0x4,
    0x22, 0xd, 0xd, 0x66, 0x3e, 0x0, 0x12, 0x46,
    0x66, 0xa2, 0x10,

    /* U+0065 "e" */
    0x5, 0xdf, 0xfb, 0x54, 0x12, 0x86, 0x66, 0x1a,
    0x3d, 0xc, 0x66, 0xb4, 0x2c, 0x84, 0x3, 0x8,
    0x88, 0x3, 0xfc, 0x3f, 0xfc, 0x20, 0x1, 0xdd,
    0xf5, 0x80, 0x8, 0xbc, 0x24, 0x20, 0x1f, 0x68,
    0x63, 0x2a, 0xe2, 0x4a, 0x19, 0xaa, 0xe0,

    /* U+0066 "f" */
    0x0, 0x93, 0x7e, 0x40, 0x5, 0x63, 0x34, 0x0,
    0x40, 0xf6, 0x30, 0x0, 0x80, 0x80, 0x13, 0xe0,
    0x37, 0xe5, 0x69, 0x2, 0x26, 0x85, 0x70, 0x15,
    0x8c, 0x3, 0xff, 0xd2, 0x60, 0x0,

    /* U+0067 "g" */
    0x4, 0xcf, 0xfe, 0xa3, 0xb0, 0x99, 0xc0, 0x36,
    0x1a, 0xcd, 0x84, 0x8, 0x4, 0x3, 0xff, 0xaa,
    0x60, 0x1e, 0x10, 0xc0, 0x92, 0x12, 0xa0, 0x2,
    0xa9, 0xb7, 0xb4, 0x44, 0x0, 0xae, 0xbb, 0x65,
    0x80, 0x61, 0x44, 0x18, 0x88, 0x81, 0x59, 0xb6,
    0x86, 0x85, 0xcc, 0xe1, 0xa4,

    /* U+0068 "h" */
    0x7f, 0x10, 0xf, 0xc6, 0x1, 0xff, 0xce, 0x4d,
    0xff, 0x6b, 0x80, 0x51, 0x53, 0x26, 0x86, 0x0,
    0x5b, 0xb3, 0x2c, 0x74, 0x0, 0xe0, 0x18, 0x98,
    0x3, 0xff, 0xd8, 0x60, 0x19, 0xc0,

    /* U+0069 "i" */
    0x5f, 0x33, 0x0, 0x15, 0x88, 0xe4, 0x57, 0xcc,
    0xc0, 0x1f, 0xfc, 0xe3, 0x0, 0x0,

    /* U+006A "j" */
    0x0, 0x97, 0xcc, 0x2, 0x30, 0xe, 0x56, 0x20,
    0x8, 0xe4, 0x40, 0x25, 0xf3, 0x0, 0x8c, 0x3,
    0xff, 0xdf, 0xe0, 0x42, 0xd2, 0xc6, 0x25, 0x2e,
    0xba, 0x0,

    /* U+006B "k" */
    0x7f, 0x10, 0xf, 0xc6, 0x1, 0xff, 0xd2, 0xcf,
    0x10, 0xe, 0x73, 0x91, 0x0, 0xc5, 0x8, 0xc0,
    0x1d, 0x21, 0x20, 0x1c, 0xc9, 0x24, 0x1, 0xda,
    0xe, 0x1, 0xe9, 0xa, 0x0, 0xf1, 0x3a, 0x28,
    0x7, 0xa0, 0xac, 0x40, 0x3d, 0xc3, 0x40, 0x11,
    0x80, 0xe, 0x11, 0x40,

    /* U+006C "l" */
    0x5f, 0x33, 0x0, 0x7f, 0xf6, 0x8c, 0x0,

    /* U+006D "m" */
    0x7f, 0x5d, 0xff, 0x62, 0x15, 0xff, 0xb5, 0x40,
    0x2b, 0xa9, 0x82, 0xbc, 0x19, 0x90, 0xd2, 0x0,
    0x2d, 0xd9, 0xec, 0x12, 0x99, 0x9a, 0x1a, 0x0,
    0x70, 0x9, 0xc3, 0x40, 0x21, 0x11, 0x80, 0x7f,
    0xf0, 0x84, 0x3, 0xff, 0xfe, 0x0, 0x30, 0xe,
    0x10, 0xe, 0x10,

    /* U+006E "n" */
    0x7f, 0x6d, 0xff, 0x6b, 0x80, 0x51, 0x53, 0x26,
    0x86, 0x0, 0x5b, 0xb3, 0x2c, 0x74, 0x0, 0xe0,
    0x18, 0x98, 0x3, 0xff, 0xd8, 0x60, 0x19, 0xc0,

    /* U+006F "o" */
    0x5, 0xdf, 0xfb, 0x54, 0x12, 0x86, 0x66, 0x1a,
    0x4d, 0xc, 0x66, 0xb0, 0x34, 0x84, 0x3, 0x84,
    0x80, 0x3f, 0xfb, 0x4, 0x20, 0x1c, 0x25, 0xa1,
    0x8c, 0xd6, 0x6, 0xa5, 0xc, 0xcc, 0x34, 0x80,

    /* U+0070 "p" */
    0x7f, 0x6d, 0xff, 0x74, 0x0, 0x51, 0x53, 0x24,
    0x77, 0x0, 0x2d, 0xd9, 0x94, 0x74, 0x0, 0x70,
    0xc, 0xc6, 0x1, 0xff, 0xda, 0x70, 0xc, 0xc6,
    0x0, 0xb7, 0x66, 0x51, 0xd0, 0x2, 0x2a, 0x64,
    0x8e, 0xe0, 0x2, 0x6f, 0xfb, 0xa0, 0x3, 0xff,
    0x80, 0x60, 0x1e,

    /* U+0071 "q" */
    0x5, 0xdf, 0xfe, 0x94, 0xa1, 0x99, 0xc0, 0x7a,
    0x1a, 0xcd, 0x80, 0x4, 0x22, 0x0, 0xff, 0xef,
    0x10, 0x88, 0x2, 0x30, 0x6, 0x86, 0xb3, 0x1f,
    0x80, 0x9, 0x43, 0x33, 0x40, 0x4, 0xbb, 0xfe,
    0xe5, 0x0, 0xff, 0xe3, 0x98,

    /* U+0072 "r" */
    0x7f, 0x5c, 0xf9, 0x0, 0x5a, 0x4d, 0x0, 0x22,
    0xc, 0x60, 0x4, 0x0, 0xff, 0xee, 0x98, 0x4,

    /* U+0073 "s" */
    0x2b, 0xef, 0xfb, 0x42, 0x52, 0x6a, 0xa9, 0x4,
    0x57, 0x55, 0x90, 0x9, 0x4, 0x3, 0xa4, 0x7a,
    0x48, 0x2, 0x4e, 0x77, 0x6d, 0x10, 0x0, 0x63,
    0xa9, 0x30, 0x40, 0x32, 0xd0, 0xa0, 0x7, 0x38,
    0x1a, 0x2a, 0xcd, 0xe0, 0xb5, 0x5a, 0x46, 0x4c,

    /* U+0074 "t" */
    0x0, 0x32, 0x80, 0x75, 0xf0, 0x7, 0x9c, 0x2,
    0x8f, 0x23, 0xff, 0x4d, 0xc8, 0x94, 0xca, 0x8d,
    0x8d, 0x9a, 0x30, 0xf, 0xfe, 0xcb, 0x30, 0x3,
    0xb4, 0xad, 0x90, 0x0, 0xd2, 0xd3, 0x20,

    /* U+0075 "u" */
    0x9f, 0x0, 0xed, 0xb0, 0xf, 0xce, 0x1, 0xff,
    0xea, 0xe0, 0x20, 0x8, 0x48, 0x14, 0x3d, 0x9a,
    0xc0, 0x1, 0x50, 0x4c, 0xa2, 0x89, 0xc0,

    /* U+0076 "v" */
    0x7f, 0x10, 0xd, 0x5e, 0x8, 0xe, 0x1, 0x91,
    0x40, 0xc7, 0x0, 0x23, 0x1f, 0x0, 0x3a, 0x80,
    0x56, 0x8, 0x0, 0xd0, 0x40, 0x2, 0x18, 0x80,
    0x10, 0x30, 0x4, 0xec, 0x3, 0x2a, 0x81, 0x1,
    0x40, 0x37, 0x91, 0x3c, 0x88, 0x1, 0x90, 0x11,
    0xa, 0x1, 0xc2, 0x70, 0x36, 0x1, 0xea, 0x11,
    0x18, 0x4,

    /* U+0077 "w" */
    0x7f, 0x30, 0x9, 0x7d, 0xc0, 0x21, 0xf8, 0x40,
    0x40, 0xb, 0xc2, 0xc0, 0x24, 0xc, 0x31, 0xc0,
    0x9, 0x10, 0x60, 0x16, 0x2, 0x2, 0x28, 0x0,
    0x86, 0x0, 0xc0, 0x8, 0x60, 0xc, 0x12, 0x4,
    0x13, 0x24, 0x1, 0x2b, 0x0, 0x20, 0x20, 0x62,
    0x2, 0x60, 0x20, 0x20, 0x0, 0x89, 0x80, 0x98,
    0x18, 0x81, 0x82, 0x60, 0x12, 0x20, 0x85, 0x1,
    0x0, 0xd1, 0x0, 0x1b, 0x6, 0xc4, 0x80, 0x4a,
    0x8b, 0x0, 0x32, 0x83, 0x20, 0x4, 0x8c, 0x8,
    0x1, 0xc6, 0x18, 0x1, 0x68, 0x11, 0x0, 0x0,

    /* U+0078 "x" */
    0x3f, 0x90, 0x9, 0x3d, 0xc0, 0xd5, 0x88, 0x1,
    0x2, 0xe0, 0xb, 0x8, 0x4, 0x3b, 0x0, 0x86,
    0x14, 0xe0, 0xd4, 0x3, 0x39, 0x69, 0xf8, 0x7,
    0x94, 0x44, 0x60, 0x1c, 0x2c, 0x62, 0xc0, 0x1d,
    0x3, 0xa9, 0x2, 0x1, 0x1b, 0x30, 0x64, 0x60,
    0x2, 0xf0, 0x80, 0x25, 0x62, 0x4, 0x38, 0x10,
    0x5, 0x84, 0x80,

    /* U+0079 "y" */
    0x5f, 0x40, 0xc, 0x3f, 0xa, 0x1a, 0x1, 0x9c,
    0x2c, 0x15, 0xc0, 0x36, 0x89, 0x87, 0x8a, 0x0,
    0x5, 0x1c, 0x0, 0xa1, 0xa0, 0x7, 0xa, 0x0,
    0x95, 0xc0, 0x1a, 0x26, 0x1, 0x78, 0xa0, 0xa3,
    0x80, 0x65, 0xd, 0x70, 0xd0, 0xe, 0x57, 0xd1,
    0x40, 0xe, 0xe1, 0x47, 0x0, 0xf2, 0x48, 0x68,
    0x7, 0xd4, 0x48, 0x1, 0x95, 0xf0, 0xe4, 0x3,
    0xa2, 0x3, 0x48, 0x1, 0x80,

    /* U+007A "z" */
    0x1f, 0xff, 0x90, 0x66, 0x78, 0x41, 0x81, 0x9b,
    0x18, 0xb9, 0x0, 0x61, 0xb2, 0x80, 0xe, 0xb1,
    0xe0, 0xe, 0x55, 0x39, 0x80, 0x61, 0xb2, 0x80,
    0xe, 0xb1, 0xe0, 0xe, 0x45, 0x73, 0x0, 0xea,
    0xf, 0x66, 0xc4, 0x62, 0x11, 0x33, 0x94,

    /* U+007B "{" */
    0x0, 0xa7, 0x98, 0x0, 0xee, 0xa6, 0x0, 0x6a,
    0x20, 0x2, 0x13, 0x0, 0xff, 0x38, 0x6, 0x33,
    0x70, 0x1, 0x30, 0xdc, 0x0, 0x92, 0x6a, 0x1,
    0x31, 0xe0, 0x6, 0x70, 0xf, 0xfe, 0x28, 0x98,
    0x6, 0xc4, 0x20, 0x9, 0x97, 0x58, 0x2, 0xbe,
    0x60,

    /* U+007C "|" */
    0x3e, 0x1, 0x0, 0xff, 0xe5, 0x88,

    /* U+007D "}" */
    0x4f, 0xa1, 0x0, 0x25, 0xbc, 0x0, 0x48, 0xaa,
    0x0, 0xde, 0x40, 0x1f, 0xfc, 0x43, 0x14, 0x0,
    0x91, 0x6d, 0x80, 0x6, 0xae, 0xe0, 0x2, 0x8c,
    0x8, 0x0, 0x40, 0x3f, 0xf8, 0x6, 0x1, 0xbc,
    0x40, 0x21, 0x55, 0x0, 0x13, 0x82, 0x0, 0x9,
    0xda, 0x20, 0x0,

    /* U+007E "~" */
    0x0, 0xff, 0x16, 0x7f, 0x4a, 0x0, 0xd1, 0xab,
    0xdd, 0x82, 0x7f, 0x9c, 0x9e, 0xd1, 0x67, 0x7b,
    0x9a, 0x20,

    /* U+00A0 " " */

    /* U+00A1 "¡" */
    0x2f, 0x61, 0x1, 0x0, 0x8f, 0x18, 0x0, 0x21,
    0x86, 0x20, 0xe6, 0x2, 0x20, 0x30, 0x0, 0xb8,
    0x7, 0xde, 0x0, 0xf0,

    /* U+00A2 "¢" */
    0x0, 0xde, 0xa0, 0x1f, 0xf3, 0x6f, 0x85, 0x7a,
    0xa4, 0x8c, 0xce, 0x7d, 0xd, 0x66, 0xc4, 0x41,
    0x10, 0x7, 0xff, 0x64, 0x84, 0x40, 0x1d, 0xa1,
    0xac, 0xd8, 0x92, 0x46, 0x67, 0x20, 0x36, 0xf8,
    0x57, 0xb0, 0x7, 0xe0,

    /* U+00A3 "£" */
    0x0, 0x97, 0x7f, 0xdd, 0x42, 0x1, 0x25, 0x34,
    0xd4, 0xae, 0x80, 0x5a, 0x16, 0xca, 0xee, 0x31,
    0x0, 0x11, 0x0, 0x37, 0x1, 0x0, 0x7e, 0x6e,
    0x30, 0xf, 0xe1, 0x0, 0xe1, 0x18, 0x3, 0x27,
    0xa1, 0x77, 0x4c, 0x1, 0x26, 0x18, 0xdd, 0xce,
    0x1, 0x8d, 0xcd, 0x12, 0x10, 0xf, 0xfe, 0x23,
    0x88, 0x7, 0xc2, 0xe6, 0xca, 0xbe, 0x15, 0x80,
    0x5a, 0xaf, 0x28,

    /* U+00A5 "¥" */
    0x4f, 0x70, 0xe, 0x4f, 0x84, 0x39, 0x0, 0xef,
    0x9, 0x8, 0x17, 0x0, 0x8d, 0x1c, 0x41, 0xe,
    0x40, 0x28, 0x9, 0x0, 0xa0, 0x58, 0x9, 0x1c,
    0x40, 0x24, 0x3b, 0x8, 0x9, 0x0, 0xf, 0xf8,
    0xca, 0x14, 0x3b, 0xd4, 0x77, 0x64, 0x71, 0xdd,
    0x94, 0x8, 0xaf, 0x6, 0x22, 0x80, 0x7f, 0xeb,
    0x7, 0xff, 0x94, 0x77, 0x6a, 0x7, 0xdd, 0x94,
    0x8, 0xa6, 0xe, 0x22, 0x80, 0x3f, 0xf8, 0x82,
    0x1, 0xe0,

    /* U+00A6 "¦" */
    0x4e, 0x10, 0xf, 0x99, 0x4e, 0xc0, 0x7, 0x6c,
    0xa0, 0x1e, 0x10,

    /* U+00A7 "§" */
    0x8, 0xef, 0xfc, 0x6c, 0xe9, 0x33, 0x8b, 0x2,
    0x99, 0xb0, 0x88, 0x8, 0x3, 0xed, 0xa7, 0x40,
    0x8, 0xa8, 0x2a, 0xf8, 0xc4, 0x16, 0xb7, 0x41,
    0x4, 0x44, 0x0, 0x13, 0xac, 0x9d, 0xf5, 0xb9,
    0x0, 0xe6, 0x20, 0xa5, 0x0, 0x23, 0x69, 0xe2,
    0x0, 0xf8, 0x4c, 0x99, 0xb4, 0x9a, 0xa4, 0xce,
    0x76, 0x80,

    /* U+00A8 "¨" */
    0x7b, 0x0, 0x54, 0x72, 0x80, 0x10, 0x80, 0x31,
    0x80,

    /* U+00A9 "©" */
    0x4, 0xce, 0xef, 0xd6, 0x40, 0x37, 0x59, 0xff,
    0xec, 0x2f, 0x7, 0x36, 0x21, 0x1f, 0x14, 0x91,
    0x5, 0xc0, 0x9, 0xbf, 0xec, 0x20, 0x0, 0xb0,
    0x6, 0xa8, 0xff, 0x2c, 0x0, 0x7c, 0x22, 0x50,
    0x6, 0xb0, 0x7, 0xff, 0x1, 0x30, 0x3, 0xff,
    0x9c, 0x9a, 0x1, 0xf0, 0x82, 0x80, 0x35, 0x80,
    0x3f, 0x5c, 0x7f, 0x96, 0x40, 0x30, 0x80, 0x49,
    0xbf, 0xec, 0x20, 0x0, 0xba, 0x20, 0xc0, 0x3f,
    0x38, 0x99, 0x4e, 0x7f, 0x77, 0xbe, 0x68, 0x0,
    0xdf, 0xdf, 0xfe, 0xee, 0x20, 0x0,

    /* U+00AB "«" */
    0x0, 0xff, 0x16, 0x80, 0x29, 0x40, 0xf2, 0xc7,
    0x1, 0x53, 0x6d, 0xf1, 0x68, 0x3d, 0x95, 0xc2,
    0x40, 0x1e, 0xcc, 0x70, 0xa0, 0x2, 0x6c, 0x36,
    0x8d, 0x80, 0xf, 0x28, 0x2c, 0x54, 0x0, 0x5a,
    0x0, 0xa5,

    /* U+00AE "®" */
    0x8, 0xbb, 0xce, 0xc, 0x10, 0x3, 0x3a, 0x9d,
    0x8f, 0xb8, 0xfe, 0x40, 0x16, 0xdb, 0x80, 0x76,
    0xa8, 0x80, 0x3b, 0x15, 0xe4, 0x7c, 0x98, 0x2a,
    0xa9, 0xd4,

    /* U+00AF "¯" */
    0x9f, 0xfc, 0xd1, 0xbb, 0x98,

    /* U+00B0 "°" */
    0xc, 0xc5, 0x80, 0x86, 0x1, 0x0, 0x70, 0xbe,
    0x1, 0x0,

    /* U+00B1 "±" */
    0x0, 0xd9, 0x20, 0x1f, 0x84, 0x3, 0x9b, 0xfe,
    0x26, 0xff, 0x8d, 0xf3, 0x22, 0x4c, 0xc8, 0xc4,
    0xce, 0x2, 0x33, 0x80, 0x38, 0x40, 0x3f, 0xba,
    0x0, 0x33, 0xff, 0xdb, 0xdf, 0xf1, 0xb6, 0x67,
    0xe3,

    /* U+00B4 "´" */
    0x6, 0xf7, 0x8, 0x47, 0x71, 0xd0, 0x0,

    /* U+00B6 "¶" */
    0x1b, 0xef, 0xfe, 0xab, 0x41, 0x9, 0xbb, 0x18,
    0xa0, 0x4, 0x89, 0x38, 0x7, 0xff, 0x1d, 0x0,
    0x3f, 0x42, 0x0, 0x7c, 0x57, 0x80, 0x1f, 0xfe,
    0x91, 0x3, 0x0, 0x8, 0x80,

    /* U+00B7 "·" */
    0x12, 0x9, 0xd1, 0x10, 0x18, 0x81, 0x80,

    /* U+00B8 "¸" */
    0x4, 0x60, 0x2a, 0x40, 0x50, 0xe1, 0x7e, 0x5,
    0x6e, 0x75,

    /* U+00BB "»" */
    0x0, 0xfd, 0x4a, 0xd, 0x20, 0x14, 0x5b, 0xb1,
    0x58, 0x0, 0xb2, 0xa2, 0xc7, 0x4, 0xb, 0x9c,
    0x28, 0x50, 0xb, 0x5c, 0x2c, 0x54, 0xf2, 0x27,
    0x3, 0x2, 0x6d, 0x9d, 0x6c, 0x1, 0x4a, 0xd,
    0x20, 0x10,

    /* U+00BF "¿" */
    0x0, 0xab, 0xc0, 0x3c, 0x20, 0x1f, 0xfc, 0x3a,
    0xd0, 0xf, 0x13, 0x0, 0x7a, 0x64, 0x1, 0xe7,
    0x10, 0xe, 0xa2, 0xf0, 0xd, 0x89, 0x86, 0x1,
    0x39, 0xe9, 0x80, 0x9, 0x34, 0xc, 0x2, 0xbb,
    0x10, 0x8, 0x4, 0x43, 0x61, 0xac, 0xb2, 0x8c,
    0x74, 0x33, 0x4e, 0xe8,

    /* U+00C0 "À" */
    0x0, 0xa7, 0xcc, 0x3, 0xfa, 0x57, 0x80, 0x3f,
    0xd5, 0x42, 0x0, 0xff, 0x39, 0x0, 0x7f, 0x27,
    0xf8, 0xc0, 0x3f, 0x70, 0x85, 0x80, 0x7e, 0x47,
    0x45, 0x0, 0xf8, 0xc7, 0x74, 0x44, 0x0, 0xf5,
    0x82, 0x38, 0x28, 0x7, 0x95, 0x40, 0x27, 0x80,
    0x1c, 0x44, 0xf0, 0x5, 0xa0, 0x80, 0x65, 0x4,
    0x0, 0x20, 0x20, 0x6, 0xb3, 0x1, 0x11, 0xf,
    0x80, 0x42, 0x66, 0xee, 0xc2, 0xa0, 0x13, 0x84,
    0xdd, 0xe8, 0x4, 0x0, 0x68, 0xb2, 0x26, 0x70,
    0xd0, 0x2, 0x38, 0x7, 0x91, 0xc1, 0x3, 0x40,
    0x3d, 0xa2, 0x40,

    /* U+00C1 "Á" */
    0x0, 0xf3, 0x7b, 0x0, 0x7e, 0x19, 0x76, 0x0,
    0xfc, 0x53, 0x0, 0x1f, 0xc6, 0xc0, 0x1f, 0xc9,
    0xfe, 0x30, 0xf, 0xdc, 0x21, 0x60, 0x1f, 0x91,
    0xd1, 0x40, 0x3e, 0x31, 0xdd, 0x11, 0x0, 0x3d,
    0x60, 0x8e, 0xa, 0x1, 0xe5, 0x50, 0x9, 0xe0,
    0x7, 0x11, 0x3c, 0x1, 0x68, 0x20, 0x19, 0x41,
    0x0, 0x8, 0x8, 0x1, 0xac, 0xc0, 0x44, 0x43,
    0xe0, 0x10, 0x99, 0xbb, 0xb0, 0xa8, 0x4, 0xe1,
    0x37, 0x7a, 0x1, 0x0, 0x1a, 0x2c, 0x89, 0x9c,
    0x34, 0x0, 0x8e, 0x1, 0xe4, 0x70, 0x40, 0xd0,
    0xf, 0x68, 0x90,

    /* U+00C2 "Â" */
    0x0, 0xc5, 0xba, 0x10, 0xf, 0xdd, 0x6b, 0x60,
    0x1f, 0xd, 0xb4, 0x68, 0x7, 0xc2, 0xe0, 0x7,
    0x0, 0xfc, 0x9f, 0xe3, 0x0, 0xfd, 0xc2, 0x16,
    0x1, 0xf9, 0x1d, 0x14, 0x3, 0xe3, 0x1d, 0xd1,
    0x10, 0x3, 0xd6, 0x8, 0xe0, 0xa0, 0x1e, 0x55,
    0x0, 0x9e, 0x0, 0x71, 0x13, 0xc0, 0x16, 0x82,
    0x1, 0x94, 0x10, 0x0, 0x80, 0x80, 0x1a, 0xcc,
    0x4, 0x44, 0x3e, 0x1, 0x9, 0x9b, 0xbb, 0xa,
    0x80, 0x4e, 0x13, 0x77, 0xa0, 0x10, 0x1, 0xa2,
    0xc8, 0x99, 0xc3, 0x40, 0x8, 0xe0, 0x1e, 0x47,
    0x4, 0xd, 0x0, 0xf6, 0x89, 0x0,

    /* U+00C3 "Ã" */
    0x0, 0x99, 0x42, 0xf0, 0x40, 0x3c, 0x25, 0x1c,
    0xa8, 0x1, 0xe5, 0xa3, 0x5e, 0x0, 0xf8, 0xb6,
    0xc1, 0xd4, 0x3, 0xe4, 0xff, 0x18, 0x7, 0xee,
    0x10, 0xb0, 0xf, 0xc8, 0xe8, 0xa0, 0x1f, 0x18,
    0xee, 0x88, 0x80, 0x1e, 0xb0, 0x47, 0x5, 0x0,
    0xf2, 0xa8, 0x4, 0xf0, 0x3, 0x88, 0x9e, 0x0,
    0xb4, 0x10, 0xc, 0xa0, 0x80, 0x4, 0x4, 0x0,
    0xd6, 0x60, 0x22, 0x21, 0xf0, 0x8, 0x4c, 0xdd,
    0xd8, 0x54, 0x2, 0x70, 0x9b, 0xbd, 0x0, 0x80,
    0xd, 0x16, 0x44, 0xce, 0x1a, 0x0, 0x47, 0x0,
    0xf2, 0x38, 0x20, 0x68, 0x7, 0xb4, 0x48,

    /* U+00C4 "Ä" */
    0x0, 0xab, 0x0, 0x1d, 0x0, 0x1e, 0x10, 0x8,
    0x44, 0x1, 0xe3, 0x50, 0x2, 0x78, 0x7, 0xa2,
    0x40, 0x16, 0xc0, 0x1f, 0x27, 0xf8, 0xc0, 0x3f,
    0x70, 0x85, 0x80, 0x7e, 0x47, 0x45, 0x0, 0xf8,
    0xc7, 0x74, 0x44, 0x0, 0xf5, 0x82, 0x38, 0x28,
    0x7, 0x95, 0x40, 0x27, 0x80, 0x1c, 0x44, 0xf0,
    0x5, 0xa0, 0x80, 0x65, 0x4, 0x0, 0x20, 0x20,
    0x6, 0xb3, 0x1, 0x11, 0xf, 0x80, 0x42, 0x66,
    0xee, 0xc2, 0xa0, 0x13, 0x84, 0xdd, 0xe8, 0x4,
    0x0, 0x68, 0xb2, 0x26, 0x70, 0xd0, 0x2, 0x38,
    0x7, 0x91, 0xc1, 0x3, 0x40, 0x3d, 0xa2, 0x40,

    /* U+00C5 "Å" */
    0x0, 0xcd, 0x98, 0x40, 0xf, 0xd7, 0x9f, 0xe0,
    0xf, 0xfe, 0x45, 0xe7, 0xf8, 0x3, 0xf3, 0x66,
    0x10, 0x3, 0xf2, 0x7f, 0x8c, 0x3, 0xf7, 0x8,
    0x58, 0x7, 0xe4, 0x74, 0x50, 0xf, 0x8c, 0x77,
    0x44, 0x40, 0xf, 0x58, 0x23, 0x82, 0x80, 0x79,
    0x54, 0x2, 0x78, 0x1, 0xc4, 0x4f, 0x0, 0x5a,
    0x8, 0x6, 0x50, 0x40, 0x2, 0x2, 0x0, 0x6b,
    0x30, 0x11, 0x10, 0xf8, 0x4, 0x26, 0x6e, 0xec,
    0x2a, 0x1, 0x38, 0x4d, 0xde, 0x80, 0x40, 0x6,
    0x8b, 0x22, 0x67, 0xd, 0x0, 0x23, 0x80, 0x79,
    0x1c, 0x10, 0x34, 0x3, 0xda, 0x24,

    /* U+00C6 "Æ" */
    0x0, 0xfd, 0xdf, 0xff, 0x58, 0x7, 0xd0, 0x23,
    0x4c, 0xf7, 0x80, 0x78, 0x5d, 0x48, 0xd9, 0xb9,
    0x0, 0x3d, 0x21, 0x0, 0x1f, 0xfc, 0x11, 0x77,
    0x10, 0x7, 0xff, 0x6, 0x6, 0x40, 0x21, 0x1e,
    0x0, 0xe2, 0x69, 0x10, 0x1, 0x77, 0x70, 0x80,
    0x68, 0x17, 0x0, 0x86, 0xef, 0x84, 0x2, 0x35,
    0x91, 0x18, 0xd, 0x13, 0x80, 0x34, 0x4, 0x77,
    0x46, 0x1, 0xfc, 0x68, 0xf7, 0x78, 0x80, 0x3f,
    0xbc, 0xa1, 0x13, 0x8, 0x7, 0xe4, 0x3b, 0x0,
    0xf1, 0xb3, 0x72, 0x4, 0x13, 0x0, 0x73, 0x8c,
    0xcf, 0x78,

    /* U+00C7 "Ç" */
    0x3, 0xcf, 0xfd, 0xaa, 0x3, 0xa5, 0x13, 0x28,
    0x1a, 0x34, 0x1a, 0x76, 0x63, 0xe8, 0x59, 0x3,
    0x0, 0x61, 0x2, 0x0, 0xfc, 0xfe, 0x1, 0xfa,
    0x14, 0x3, 0xff, 0xb5, 0xa, 0x1, 0xf9, 0xfc,
    0x81, 0x80, 0x30, 0x81, 0x20, 0x4b, 0xb3, 0x5a,
    0x16, 0x38, 0x31, 0x33, 0xd, 0x18, 0x1e, 0x7c,
    0x2f, 0xea, 0x80, 0x74, 0xa3, 0x0, 0x7d, 0xdb,
    0x40, 0x1f, 0x6f, 0x50, 0x4,

    /* U+00C8 "È" */
    0x0, 0x67, 0x8, 0x7, 0xb4, 0xec, 0x3, 0xc3,
    0x9a, 0x1, 0xf0, 0xb8, 0x6, 0x3f, 0xff, 0x8d,
    0xc1, 0xa6, 0x78, 0x80, 0x18, 0xcd, 0xc2, 0x1,
    0xff, 0xc8, 0x31, 0x1c, 0x1, 0xa7, 0xbb, 0x48,
    0x4, 0xf7, 0x7c, 0x1, 0x6a, 0x26, 0x20, 0xf,
    0xfe, 0x96, 0x33, 0x65, 0x17, 0x6, 0x99, 0xd4,
    0x40,

    /* U+00C9 "É" */
    0x0, 0xc5, 0xd6, 0x1, 0xe9, 0x2b, 0x0, 0xe1,
    0xcd, 0x0, 0xf0, 0xb8, 0x80, 0x47, 0xff, 0xf1,
    0xb8, 0x34, 0xcf, 0x10, 0x3, 0x19, 0xb8, 0x40,
    0x3f, 0xf9, 0x6, 0x23, 0x80, 0x34, 0xf7, 0x69,
    0x0, 0x9e, 0xef, 0x80, 0x2d, 0x44, 0xc4, 0x1,
    0xff, 0xd2, 0xc6, 0x6c, 0xa2, 0xe0, 0xd3, 0x3a,
    0x88,

    /* U+00CA "Ê" */
    0x0, 0xa3, 0x9c, 0x3, 0x8d, 0xb2, 0x4c, 0x3,
    0x36, 0x96, 0xb0, 0x6, 0x53, 0x3, 0x50, 0x1,
    0xff, 0xfc, 0x6e, 0xd, 0x33, 0xc4, 0x0, 0xc6,
    0x6e, 0x10, 0xf, 0xfe, 0x41, 0x88, 0xe0, 0xd,
    0x3d, 0xda, 0x40, 0x27, 0xbb, 0xe0, 0xb, 0x51,
    0x31, 0x0, 0x7f, 0xf4, 0xb1, 0x9b, 0x28, 0xb8,
    0x34, 0xce, 0xa2,

    /* U+00CB "Ë" */
    0x1, 0xf5, 0x5, 0xf1, 0x0, 0x18, 0x18, 0x18,
    0x18, 0x0, 0xcc, 0x40, 0x46, 0x60, 0x0, 0xe2,
    0x2, 0x60, 0x81, 0xff, 0xfc, 0x6e, 0xd, 0x33,
    0xc4, 0x0, 0xc6, 0x6e, 0x10, 0xf, 0xfe, 0x41,
    0x88, 0xe0, 0xd, 0x3d, 0xda, 0x40, 0x27, 0xbb,
    0xe0, 0xb, 0x51, 0x31, 0x0, 0x7f, 0xf4, 0xb1,
    0x9b, 0x28, 0xb8, 0x34, 0xce, 0xa2,

    /* U+00CC "Ì" */
    0xc, 0xe1, 0x0, 0x69, 0xd0, 0x0, 0x73, 0x2,
    0x0, 0x17, 0x10, 0x1, 0x7b, 0x0, 0x61, 0x0,
    0xff, 0xf7, 0x88,

    /* U+00CD "Í" */
    0x0, 0x5f, 0x10, 0x32, 0x69, 0x0, 0x30, 0xc0,
    0xc, 0x60, 0x2, 0xf6, 0x0, 0xc2, 0x1, 0xff,
    0xef, 0x10, 0x0,

    /* U+00CE "Î" */
    0x6, 0xe9, 0x1, 0x8c, 0x45, 0x55, 0x97, 0x9a,
    0x28, 0x13, 0x1, 0x7b, 0x0, 0x61, 0x0, 0xff,
    0xf7, 0x88, 0x0,

    /* U+00CF "Ï" */
    0xf7, 0x3, 0xf4, 0xf, 0x0, 0xc7, 0xc0, 0x26,
    0xf8, 0xc0, 0x58, 0x60, 0x5e, 0xc0, 0x1c, 0x20,
    0x1f, 0xff, 0xb1, 0x0, 0x0,

    /* U+00D0 "Ð" */
    0x1, 0xff, 0xf6, 0xb0, 0x0, 0xc1, 0x26, 0x73,
    0x4b, 0x0, 0x58, 0xcd, 0xac, 0x74, 0x3, 0xf8,
    0x98, 0x3, 0xff, 0x94, 0xfa, 0x11, 0xfe, 0xc0,
    0xc, 0xd4, 0xd, 0x98, 0xe0, 0xc, 0x2e, 0x1c,
    0x66, 0x20, 0xf, 0xfe, 0xb9, 0x30, 0x5, 0x8c,
    0xda, 0xc7, 0x40, 0xc1, 0x26, 0x73, 0x43, 0x0,

    /* U+00D1 "Ñ" */
    0x0, 0xac, 0x1b, 0x58, 0x3, 0xca, 0x3b, 0x94,
    0x1, 0xe7, 0xff, 0xb, 0x80, 0x7a, 0x79, 0x2,
    0xc0, 0x23, 0xf7, 0x0, 0xe8, 0xf0, 0x70, 0x81,
    0x0, 0xff, 0x58, 0x7, 0xf1, 0xa9, 0x80, 0x7e,
    0x92, 0xf0, 0xf, 0xe9, 0x35, 0x0, 0xfc, 0x88,
    0xb0, 0xf, 0xe9, 0x18, 0x0, 0xfc, 0x4c, 0xe2,
    0x1, 0xfa, 0x6, 0xc0, 0x3f, 0xc, 0x2a, 0x0,
    0x7e, 0x62, 0x30, 0xf, 0xe9, 0x0, 0x9c, 0x4,
    0x3, 0x22, 0x80, 0x0,

    /* U+00D2 "Ò" */
    0x0, 0x2f, 0xb8, 0x7, 0xcb, 0x30, 0x60, 0x1f,
    0x35, 0x38, 0x7, 0xe5, 0x40, 0xe, 0x3c, 0xff,
    0xd8, 0x80, 0x3a, 0x51, 0x32, 0x81, 0xb3, 0x41,
    0xa7, 0x66, 0x3e, 0x5, 0x90, 0x30, 0x6, 0x10,
    0x20, 0xf, 0xff, 0xd1, 0x3, 0x0, 0x61, 0x2,
    0x40, 0x97, 0x66, 0xb4, 0x2c, 0x70, 0x62, 0x66,
    0xb, 0x30,

    /* U+00D3 "Ó" */
    0x0, 0xe7, 0xf5, 0x0, 0xf1, 0x44, 0x14, 0x3,
    0xcd, 0x4e, 0x1, 0xf2, 0x28, 0x7, 0x1e, 0x7f,
    0xec, 0x40, 0x1d, 0x28, 0x99, 0x40, 0xd9, 0xa0,
    0xd3, 0xb3, 0x1f, 0x2, 0xc8, 0x18, 0x3, 0x8,
    0x10, 0x7, 0xff, 0xe8, 0x81, 0x80, 0x30, 0x81,
    0x20, 0x4b, 0xb3, 0x5a, 0x16, 0x38, 0x31, 0x33,
    0x5, 0x98,

    /* U+00D4 "Ô" */
    0x0, 0xdb, 0xa2, 0x0, 0xf4, 0xa4, 0x70, 0x7,
    0xba, 0x56, 0x88, 0x3, 0x9c, 0x0, 0xc4, 0x1,
    0x1e, 0x7f, 0xec, 0x40, 0x1d, 0x28, 0x99, 0x40,
    0xd9, 0xa0, 0xd3, 0xb3, 0x1f, 0x2, 0xc8, 0x18,
    0x3, 0x8, 0x10, 0x7, 0xff, 0xe8, 0x81, 0x80,
    0x30, 0x81, 0x20, 0x4b, 0xb3, 0x5a, 0x16, 0x38,
    0x31, 0x33, 0x5, 0x98,

    /* U+00D5 "Õ" */
    0x0, 0x23, 0x85, 0x69, 0x0, 0x61, 0xe6, 0xdb,
    0x50, 0xc, 0x88, 0xa7, 0x21, 0x0, 0xc3, 0xb8,
    0x8, 0xc0, 0x11, 0xe7, 0xfe, 0xc4, 0x1, 0xd2,
    0x89, 0x94, 0xd, 0x9a, 0xd, 0x3b, 0x31, 0xf0,
    0x2c, 0x81, 0x80, 0x30, 0x81, 0x0, 0x7f, 0xfe,
    0x88, 0x18, 0x3, 0x8, 0x12, 0x4, 0xbb, 0x35,
    0xa1, 0x63, 0x83, 0x13, 0x30, 0x59, 0x80,

    /* U+00D6 "Ö" */
    0x0, 0x47, 0x0, 0x32, 0xc0, 0x30, 0x88, 0x0,
    0x20, 0x1d, 0xe8, 0x0, 0x43, 0x0, 0xcd, 0x60,
    0x9, 0x80, 0x8, 0xf3, 0xff, 0x62, 0x0, 0xe9,
    0x44, 0xca, 0x6, 0xcd, 0x6, 0x9d, 0x98, 0xf8,
    0x16, 0x40, 0xc0, 0x18, 0x40, 0x80, 0x3f, 0xff,
    0x44, 0xc, 0x1, 0x84, 0x9, 0x2, 0x5d, 0x9a,
    0xd0, 0xb1, 0xc1, 0x89, 0x98, 0x2c, 0xc0,

    /* U+00D7 "×" */
    0x2, 0x0, 0xc2, 0x40, 0xf, 0xc1, 0x1, 0xdf,
    0x0, 0x79, 0x61, 0x61, 0x78, 0x0, 0xb0, 0xf4,
    0xf0, 0x80, 0x23, 0x30, 0x19, 0x80, 0x21, 0xc3,
    0xb3, 0xc1, 0x0, 0x61, 0xe2, 0x61, 0xe0, 0x2,
    0x70, 0x80, 0xb2, 0x40,

    /* U+00D8 "Ø" */
    0x0, 0xff, 0xe1, 0x15, 0xff, 0xed, 0x6a, 0x30,
    0x6, 0x2c, 0x4c, 0xc3, 0x2c, 0x60, 0x83, 0x6e,
    0xcd, 0x78, 0x30, 0x0, 0x81, 0x80, 0x37, 0x3,
    0x0, 0x7e, 0x97, 0x30, 0xf, 0xca, 0x94, 0x1,
    0xf8, 0x6f, 0x80, 0x3f, 0xb6, 0x4c, 0x3, 0xf3,
    0xbc, 0x1, 0xf9, 0x26, 0x80, 0x3f, 0xa2, 0x84,
    0x3, 0xe2, 0x5, 0x40, 0xc, 0x4c, 0x0, 0x20,
    0x47, 0x66, 0xac, 0x7c, 0x1, 0x54, 0x58, 0x99,
    0x9a, 0x54, 0x1, 0x8b, 0x7f, 0xfb, 0x58, 0x0,

    /* U+00D9 "Ù" */
    0x0, 0x1f, 0xc8, 0x7, 0xc7, 0x4c, 0x80, 0x1f,
    0x2d, 0x88, 0x7, 0xe4, 0x50, 0xc, 0xbe, 0x60,
    0x1d, 0xf0, 0x60, 0x1f, 0x84, 0x3, 0xff, 0xfe,
    0x1, 0xc6, 0x1, 0xf8, 0x44, 0xa, 0x1, 0x88,
    0x3d, 0x6, 0x1d, 0x9a, 0xf0, 0x50, 0xc5, 0x89,
    0x98, 0x6c, 0x80,

    /* U+00DA "Ú" */
    0x0, 0xe6, 0xf6, 0x0, 0xf0, 0xcb, 0xb0, 0x7,
    0x8a, 0x60, 0x3, 0xe3, 0x60, 0xc, 0xbe, 0x60,
    0x1d, 0xf0, 0x60, 0x1f, 0x84, 0x3, 0xff, 0xfe,
    0x1, 0xc6, 0x1, 0xf8, 0x44, 0xa, 0x1, 0x88,
    0x3d, 0x6, 0x1d, 0x9a, 0xf0, 0x50, 0xc5, 0x89,
    0x98, 0x6c, 0x80,

    /* U+00DB "Û" */
    0x0, 0xdb, 0xa2, 0x0, 0xf4, 0xa4, 0x70, 0x7,
    0xba, 0x16, 0x88, 0x3, 0x9c, 0x41, 0x88, 0x0,
    0xbe, 0x60, 0x1d, 0xf0, 0x60, 0x1f, 0x84, 0x3,
    0xff, 0xfe, 0x1, 0xc6, 0x1, 0xf8, 0x44, 0xa,
    0x1, 0x88, 0x3d, 0x6, 0x1d, 0x9a, 0xf0, 0x50,
    0xc5, 0x89, 0x98, 0x6c, 0x80,

    /* U+00DC "Ü" */
    0x0, 0x47, 0x80, 0x32, 0xc0, 0x3f, 0xf8, 0x5c,
    0x80, 0x5, 0x30, 0xc, 0xd6, 0x0, 0x98, 0x0,
    0x2f, 0x98, 0x7, 0x7c, 0x18, 0x7, 0xe1, 0x0,
    0xff, 0xff, 0x80, 0x71, 0x80, 0x7e, 0x11, 0x2,
    0x80, 0x62, 0xf, 0x41, 0x87, 0x66, 0xbc, 0x14,
    0x31, 0x62, 0x66, 0x1b, 0x20,

    /* U+00DD "Ý" */
    0x0, 0xe1, 0xec, 0x0, 0xfd, 0x67, 0xa0, 0x1f,
    0xb7, 0x4, 0x3, 0xf3, 0x88, 0x6, 0x6f, 0x60,
    0xe, 0x6f, 0x66, 0xd, 0x80, 0x75, 0x8b, 0x4,
    0x12, 0x80, 0x4a, 0x50, 0x0, 0x61, 0x80, 0xa,
    0x5, 0x80, 0x28, 0x24, 0x4, 0x28, 0x0, 0xcc,
    0x30, 0x10, 0x2c, 0x1, 0xd0, 0x70, 0x70, 0x1,
    0xe6, 0x17, 0x16, 0x0, 0xfa, 0x42, 0x0, 0x3f,
    0x10, 0x10, 0x7, 0xff, 0x74, 0x40, 0x3c,

    /* U+00DE "Þ" */
    0xad, 0x0, 0xf0, 0x98, 0x7, 0xff, 0xc, 0x7f,
    0xed, 0x50, 0xa, 0x66, 0x1a, 0x30, 0x16, 0x6b,
    0x42, 0x80, 0x38, 0x44, 0x40, 0x1f, 0xfc, 0x21,
    0x10, 0x0, 0x44, 0x52, 0x18, 0x3, 0xdc, 0xd6,
    0x56, 0x0, 0x5d, 0xdb, 0x40, 0x1, 0x44, 0x88,
    0x0, 0x26, 0x1, 0xe0,

    /* U+00DF "ß" */
    0x2, 0xbf, 0xfb, 0xac, 0x80, 0x18, 0xb1, 0x54,
    0x95, 0xf0, 0x41, 0xb7, 0x55, 0x3c, 0x11, 0x40,
    0xc0, 0x18, 0xc1, 0x80, 0x3e, 0x30, 0x70, 0xe,
    0x13, 0xb1, 0x30, 0xd, 0x1d, 0x87, 0x80, 0x1d,
    0x37, 0x21, 0xe0, 0x1c, 0x28, 0xd4, 0x4a, 0x1,
    0xf2, 0x81, 0x0, 0x7f, 0xf1, 0x54, 0x8, 0x3,
    0x22, 0xb4, 0x8a, 0x0, 0x4, 0x2a, 0x92, 0x3a,
    0x20,

    /* U+00E0 "à" */
    0x0, 0x27, 0xc8, 0x7, 0x92, 0x58, 0xc0, 0x3c,
    0xd2, 0x80, 0x1f, 0x33, 0x80, 0x65, 0xdf, 0xfe,
    0x94, 0xa1, 0x99, 0xc0, 0x7a, 0x1a, 0xcd, 0x80,
    0x4, 0x22, 0x0, 0xff, 0xef, 0x10, 0x88, 0x2,
    0x20, 0x6, 0x86, 0xb3, 0x1f, 0xc0, 0x9, 0x43,
    0x33, 0x58, 0x18,

    /* U+00E1 "á" */
    0x0, 0xea, 0xf3, 0x0, 0xe4, 0x59, 0x30, 0xe,
    0x39, 0x60, 0xf, 0x3b, 0x0, 0x65, 0xdf, 0xfe,
    0x94, 0xa1, 0x99, 0xc0, 0x7a, 0x1a, 0xcd, 0x80,
    0x4, 0x22, 0x0, 0xff, 0xef, 0x10, 0x88, 0x2,
    0x20, 0x6, 0x86, 0xb3, 0x1f, 0xc0, 0x9, 0x43,
    0x33, 0x58, 0x18,

    /* U+00E2 "â" */
    0x0, 0x8f, 0xb0, 0x3, 0xdf, 0x6e, 0xe0, 0xc,
    0x6a, 0xa9, 0xd0, 0xc, 0x72, 0x5, 0x40, 0x12,
    0xef, 0xff, 0x4a, 0x50, 0xcc, 0xe0, 0x3d, 0xd,
    0x66, 0xc0, 0x2, 0x11, 0x0, 0x7f, 0xf7, 0x88,
    0x44, 0x1, 0x10, 0x3, 0x43, 0x59, 0x8f, 0xe0,
    0x4, 0xa1, 0x99, 0xac, 0xc,

    /* U+00E3 "ã" */
    0x0, 0x33, 0x3, 0x34, 0x40, 0x30, 0xbd, 0x51,
    0xc0, 0x27, 0xac, 0x61, 0x30, 0x8, 0x76, 0xc1,
    0x94, 0x0, 0xbb, 0xff, 0xd2, 0x94, 0x33, 0x38,
    0xf, 0x43, 0x59, 0xb0, 0x0, 0x84, 0x40, 0x1f,
    0xfd, 0xe2, 0x11, 0x0, 0x44, 0x0, 0xd0, 0xd6,
    0x63, 0xf8, 0x1, 0x28, 0x66, 0x6b, 0x3,

    /* U+00E4 "ä" */
    0x0, 0x56, 0x0, 0x3a, 0x0, 0x21, 0x0, 0x84,
    0x40, 0x11, 0xa8, 0x1, 0x3c, 0x2, 0x89, 0x0,
    0x5b, 0x0, 0x17, 0x7f, 0xfa, 0x52, 0x86, 0x67,
    0x1, 0xe8, 0x6b, 0x36, 0x0, 0x10, 0x88, 0x3,
    0xff, 0xbc, 0x42, 0x20, 0x8, 0x80, 0x1a, 0x1a,
    0xcc, 0x7f, 0x0, 0x25, 0xc, 0xcd, 0x60, 0x60,

    /* U+00E5 "å" */
    0x0, 0xa6, 0xac, 0x80, 0x38, 0xeb, 0xd4, 0x3,
    0xff, 0x84, 0x55, 0xca, 0x1, 0xd1, 0x54, 0x20,
    0x9, 0x77, 0xff, 0xa5, 0x28, 0x66, 0x70, 0x1e,
    0x86, 0xb3, 0x60, 0x1, 0x8, 0x80, 0x3f, 0xfb,
    0xc4, 0x22, 0x0, 0x88, 0x1, 0xa1, 0xac, 0xc7,
    0xf0, 0x2, 0x50, 0xcc, 0xd6, 0x6,

    /* U+00E6 "æ" */
    0xa, 0xff, 0xd6, 0x2f, 0xdf, 0xee, 0x90, 0x4,
    0xcf, 0x37, 0xc3, 0x4c, 0x99, 0x92, 0x6, 0xcd,
    0xb8, 0x5a, 0x19, 0x90, 0xce, 0x1, 0xe2, 0x1,
    0x0, 0xdc, 0x20, 0xdb, 0xff, 0x70, 0x7, 0xe4,
    0x94, 0xcc, 0xac, 0x1f, 0xff, 0x40, 0x70, 0xc9,
    0x9c, 0xa0, 0xdb, 0xbe, 0x12, 0x0, 0xf0, 0x91,
    0x78, 0x48, 0x3, 0x28, 0x18, 0x7, 0xb8, 0x6d,
    0x98, 0xf4, 0x29, 0x2c, 0xd9, 0x52, 0x9a, 0x66,
    0x6f, 0x67, 0x99, 0xd4,

    /* U+00E7 "ç" */
    0x5, 0xdf, 0xfc, 0x9, 0x43, 0x33, 0x50, 0x68,
    0x6b, 0x34, 0xa0, 0x42, 0x20, 0xf, 0xfe, 0xc9,
    0x8, 0x80, 0x3b, 0x43, 0x59, 0xa5, 0x4, 0xa1,
    0x99, 0xa8, 0x0, 0xbb, 0x47, 0xfe, 0x0, 0xdc,
    0x54, 0x1, 0xd7, 0xca, 0x1, 0xd3, 0xcc, 0x0,

    /* U+00E8 "è" */
    0x0, 0x67, 0x8, 0x7, 0xb4, 0xec, 0x3, 0xc3,
    0xe0, 0x20, 0x1e, 0x2a, 0x10, 0xc, 0xbb, 0xff,
    0x6a, 0x82, 0x50, 0xcc, 0xc3, 0x47, 0xa1, 0x8c,
    0xd6, 0x85, 0x90, 0x80, 0x61, 0x11, 0x0, 0x7f,
    0x87, 0xff, 0x84, 0x0, 0x3b, 0xbe, 0xb0, 0x1,
    0x17, 0x84, 0x84, 0x3, 0xed, 0xc, 0x65, 0x5c,
    0x49, 0x43, 0x35, 0x5c,

    /* U+00E9 "é" */
    0x0, 0xc5, 0xf6, 0x1, 0xe9, 0x2b, 0x0, 0xe2,
    0x1c, 0x0, 0xf1, 0x50, 0x80, 0x65, 0xdf, 0xfb,
    0x54, 0x12, 0x86, 0x66, 0x1a, 0x3d, 0xc, 0x66,
    0xb4, 0x2c, 0x84, 0x3, 0x8, 0x88, 0x3, 0xfc,
    0x3f, 0xfc, 0x20, 0x1, 0xdd, 0xf5, 0x80, 0x8,
    0xbc, 0x24, 0x20, 0x1f, 0x68, 0x63, 0x2a, 0xe2,
    0x4a, 0x19, 0xaa, 0xe0,

    /* U+00EA "ê" */
    0x0, 0x9f, 0x9c, 0x3, 0x8a, 0x72, 0x48, 0x3,
    0x24, 0x15, 0xa8, 0x6, 0x66, 0x2, 0xb8, 0x4,
    0xbb, 0xff, 0x6a, 0x82, 0x50, 0xcc, 0xc3, 0x47,
    0xa1, 0x8c, 0xd6, 0x85, 0x90, 0x80, 0x61, 0x11,
    0x0, 0x7f, 0x87, 0xff, 0x84, 0x0, 0x3b, 0xbe,
    0xb0, 0x1, 0x17, 0x84, 0x84, 0x3, 0xed, 0xc,
    0x65, 0x5c, 0x49, 0x43, 0x35, 0x5c,

    /* U+00EB "ë" */
    0x1, 0xf6, 0x5, 0xf2, 0x0, 0x18, 0x7, 0xe3,
    0x31, 0x0, 0x99, 0x80, 0x3, 0x88, 0x9, 0x82,
    0x0, 0x5d, 0xff, 0xb5, 0x41, 0x28, 0x66, 0x61,
    0xa3, 0xd0, 0xc6, 0x6b, 0x42, 0xc8, 0x40, 0x30,
    0x88, 0x80, 0x3f, 0xc3, 0xff, 0xc2, 0x0, 0x1d,
    0xdf, 0x58, 0x0, 0x8b, 0xc2, 0x42, 0x1, 0xf6,
    0x86, 0x32, 0xae, 0x24, 0xa1, 0x9a, 0xae,

    /* U+00EC "ì" */
    0x2f, 0xc0, 0x1, 0x59, 0xb0, 0x1, 0x2b, 0xc0,
    0x25, 0x90, 0x9, 0x7c, 0xc0, 0x6, 0x1, 0xff,
    0xe0, 0x30, 0x0,

    /* U+00ED "í" */
    0x0, 0x76, 0x80, 0x20, 0x3c, 0x0, 0x5a, 0x40,
    0xa, 0x30, 0x2, 0xf9, 0x80, 0xc, 0x3, 0xff,
    0xc0, 0x60, 0x18,

    /* U+00EE "î" */
    0x8, 0xe6, 0x3, 0x6d, 0x81, 0x4b, 0x38, 0x77,
    0x28, 0x33, 0x1, 0x7c, 0xc0, 0x6, 0x1, 0xff,
    0xe0, 0x30, 0x8,

    /* U+00EF "ï" */
    0x3f, 0x40, 0x6f, 0x0, 0xe1, 0x1, 0x11, 0xb8,
    0x11, 0x89, 0x61, 0x82, 0xe0, 0x4, 0xbe, 0x60,
    0x18, 0xc0, 0x3f, 0xfe, 0x46, 0x1, 0x80,

    /* U+00F0 "ð" */
    0x0, 0x28, 0x4, 0x62, 0x0, 0x1b, 0xa0, 0x5c,
    0x40, 0x0, 0xea, 0xe5, 0x51, 0x40, 0x23, 0x39,
    0x94, 0x2, 0x2d, 0x8, 0x66, 0x0, 0x4e, 0x98,
    0xf1, 0x2a, 0x0, 0x59, 0x11, 0x3b, 0x58, 0x83,
    0x77, 0x5e, 0x22, 0x74, 0x95, 0xab, 0xa5, 0xe,
    0xd0, 0xb5, 0x45, 0xe0, 0x1, 0x8, 0x6, 0x20,
    0xf, 0xfe, 0x41, 0x8, 0x80, 0x22, 0xe, 0xa0,
    0xd6, 0x63, 0xf0, 0x21, 0xd0, 0xcc, 0xa0, 0x6c,
    0x80,

    /* U+00F1 "ñ" */
    0x0, 0x60, 0x2e, 0xd0, 0x7, 0xc, 0xeb, 0x80,
    0x6a, 0xfa, 0x6, 0x0, 0xcd, 0xcc, 0x16, 0x0,
    0x7f, 0x6d, 0xff, 0x6b, 0x80, 0x51, 0x53, 0x26,
    0x86, 0x0, 0x5b, 0xb3, 0x2c, 0x74, 0x0, 0xe0,
    0x18, 0x98, 0x3, 0xff, 0xd8, 0x60, 0x19, 0xc0,

    /* U+00F2 "ò" */
    0x0, 0x6f, 0x0, 0x7d, 0xe1, 0x0, 0x1e, 0x2d,
    0x20, 0xf, 0x8e, 0x80, 0x39, 0x77, 0xfe, 0xd5,
    0x4, 0xa1, 0x99, 0x86, 0x93, 0x43, 0x19, 0xac,
    0xd, 0x21, 0x0, 0xe1, 0x20, 0xf, 0xfe, 0xc1,
    0x8, 0x7, 0x9, 0x68, 0x63, 0x35, 0x81, 0xa9,
    0x43, 0x33, 0xd, 0x20,

    /* U+00F3 "ó" */
    0x0, 0xed, 0xe1, 0x0, 0xe7, 0x2c, 0x10, 0xe,
    0xdc, 0x20, 0xf, 0x51, 0x80, 0x65, 0xdf, 0xfb,
    0x54, 0x12, 0x86, 0x66, 0x1a, 0x4d, 0xc, 0x66,
    0xb0, 0x34, 0x84, 0x3, 0x84, 0x80, 0x3f, 0xfb,
    0x4, 0x20, 0x1c, 0x25, 0xa1, 0x8c, 0xd6, 0x6,
    0xa5, 0xc, 0xcc, 0x34, 0x80,

    /* U+00F4 "ô" */
    0x0, 0x9f, 0x9c, 0x3, 0x8a, 0x72, 0x48, 0x3,
    0x2d, 0x95, 0xa0, 0x6, 0x75, 0x5, 0x60, 0x9,
    0x77, 0xfe, 0xd5, 0x4, 0xa1, 0x99, 0x86, 0x93,
    0x43, 0x19, 0xac, 0xd, 0x21, 0x0, 0xe1, 0x20,
    0xf, 0xfe, 0xc1, 0x8, 0x7, 0x9, 0x68, 0x63,
    0x35, 0x81, 0xa9, 0x43, 0x33, 0xd, 0x20,

    /* U+00F5 "õ" */
    0x0, 0x60, 0x3e, 0xb8, 0x6, 0x11, 0x5e, 0x58,
    0x6, 0x4c, 0x81, 0x70, 0xd, 0x3a, 0x81, 0x60,
    0x12, 0xef, 0xfd, 0xaa, 0x9, 0x43, 0x33, 0xd,
    0x26, 0x86, 0x33, 0x58, 0x1a, 0x42, 0x1, 0xc2,
    0x40, 0x1f, 0xfd, 0x82, 0x10, 0xe, 0x12, 0xd0,
    0xc6, 0x6b, 0x3, 0x52, 0x86, 0x66, 0x1a, 0x40,

    /* U+00F6 "ö" */
    0x1, 0xf5, 0x5, 0xf1, 0x0, 0x18, 0x18, 0x18,
    0x18, 0x0, 0xcc, 0x40, 0x46, 0x60, 0x0, 0xe2,
    0x2, 0x60, 0x80, 0x17, 0x7f, 0xed, 0x50, 0x4a,
    0x19, 0x98, 0x69, 0x34, 0x31, 0x9a, 0xc0, 0xd2,
    0x10, 0xe, 0x12, 0x0, 0xff, 0xec, 0x10, 0x80,
    0x70, 0x96, 0x86, 0x33, 0x58, 0x1a, 0x94, 0x33,
    0x30, 0xd2, 0x0,

    /* U+00F7 "÷" */
    0x0, 0x87, 0xc4, 0x3, 0xe2, 0x10, 0xf, 0xe,
    0x80, 0x65, 0xff, 0xf9, 0x17, 0x77, 0xe4, 0x2,
    0x2f, 0x80, 0x30, 0xe8, 0x7, 0xe2, 0x10, 0x8,

    /* U+00F8 "ø" */
    0x0, 0x1e, 0x7f, 0xdd, 0x2, 0xe0, 0x1, 0xd2,
    0x89, 0x92, 0x3f, 0x0, 0x4e, 0x34, 0xec, 0xcb,
    0x2, 0x70, 0x0, 0x83, 0x0, 0x7, 0x4, 0xc0,
    0x3e, 0x1c, 0xa5, 0x10, 0xf, 0xe, 0x5b, 0x80,
    0x7c, 0x39, 0x6c, 0x1, 0xfb, 0x6d, 0x80, 0x21,
    0x0, 0x84, 0x19, 0x80, 0x13, 0x18, 0x0, 0xa0,
    0x19, 0xd9, 0x94, 0x54, 0x0, 0x1b, 0xb1, 0x44,
    0xc9, 0x1d, 0xc0, 0x0,

    /* U+00F9 "ù" */
    0x0, 0x6f, 0x8, 0x7, 0xb0, 0x20, 0x3, 0xc3,
    0x86, 0x20, 0x1e, 0x2a, 0x10, 0xa, 0x7c, 0x3,
    0xb6, 0xc0, 0x3f, 0x38, 0x7, 0xff, 0xab, 0x80,
    0x80, 0x21, 0x20, 0x50, 0xf6, 0x6b, 0x0, 0x5,
    0x41, 0x32, 0x8a, 0x27,

    /* U+00FA "ú" */
    0x0, 0xed, 0xe1, 0x0, 0xe7, 0x2d, 0x10, 0xe,
    0xdb, 0x30, 0xf, 0x52, 0x0, 0x53, 0xe0, 0x1d,
    0xb6, 0x1, 0xf9, 0xc0, 0x3f, 0xfd, 0x5c, 0x4,
    0x1, 0x9, 0x2, 0x87, 0xb3, 0x58, 0x0, 0x2a,
    0x9, 0x94, 0x51, 0x38,

    /* U+00FB "û" */
    0x0, 0x9b, 0xa0, 0x3, 0x86, 0x35, 0x8c, 0x3,
    0x3c, 0x1d, 0x20, 0x6, 0x66, 0x2, 0x38, 0x2,
    0x7c, 0x3, 0xb6, 0xc0, 0x3f, 0x38, 0x7, 0xff,
    0xab, 0x80, 0x80, 0x21, 0x20, 0x50, 0xf6, 0x6b,
    0x0, 0x5, 0x41, 0x32, 0x8a, 0x27,

    /* U+00FC "ü" */
    0x0, 0x7b, 0x2, 0x79, 0x0, 0x61, 0x0, 0x84,
    0x2, 0x32, 0x7, 0x31, 0x0, 0xb1, 0x40, 0xf0,
    0x82, 0x7c, 0x3, 0xb6, 0xc0, 0x3f, 0x38, 0x7,
    0xff, 0xab, 0x80, 0x80, 0x21, 0x20, 0x50, 0xf6,
    0x6b, 0x0, 0x5, 0x41, 0x32, 0x8a, 0x27,

    /* U+00FD "ý" */
    0x0, 0xe4, 0xf9, 0x0, 0xfa, 0x92, 0x40, 0x3c,
    0x8f, 0x60, 0x1f, 0x24, 0x80, 0x65, 0xf4, 0x0,
    0xc3, 0xf0, 0xa1, 0xa0, 0x19, 0xc2, 0xc1, 0x5c,
    0x3, 0x68, 0x98, 0x78, 0xa0, 0x0, 0x51, 0xc0,
    0xa, 0x1a, 0x0, 0x70, 0xa0, 0x9, 0x5c, 0x1,
    0xa2, 0x60, 0x17, 0x8a, 0xa, 0x38, 0x6, 0x50,
    0xd7, 0xd, 0x0, 0xe5, 0x7d, 0x14, 0x0, 0xee,
    0x14, 0x70, 0xf, 0x24, 0x86, 0x80, 0x7d, 0x44,
    0x80, 0x19, 0x5f, 0xe, 0x40, 0x3a, 0x20, 0x34,
    0x80, 0x18,

    /* U+00FE "þ" */
    0x6f, 0x20, 0xf, 0xe1, 0x0, 0xff, 0xe8, 0xae,
    0xff, 0xba, 0x0, 0x34, 0x2c, 0xc9, 0xdd, 0x0,
    0x14, 0x41, 0x99, 0x28, 0xc0, 0x12, 0x80, 0x62,
    0x10, 0xf, 0xfe, 0xfa, 0x80, 0x62, 0x10, 0xa,
    0x20, 0xcc, 0x94, 0x60, 0xa, 0x16, 0x64, 0xee,
    0x80, 0x9, 0x77, 0xfd, 0xd0, 0x1, 0xff, 0xc2,
    0x10, 0xf, 0x80,

    /* U+00FF "ÿ" */
    0x0, 0x47, 0x80, 0x32, 0xc0, 0x3f, 0x9c, 0x3,
    0x71, 0x80, 0x15, 0x40, 0x19, 0xb0, 0x1, 0x32,
    0x0, 0x2f, 0xa0, 0x6, 0x1f, 0x85, 0xd, 0x0,
    0xce, 0x16, 0xa, 0xe0, 0x1b, 0x44, 0xc3, 0xc5,
    0x0, 0x2, 0x8e, 0x0, 0x50, 0xd0, 0x3, 0x85,
    0x0, 0x4a, 0xe0, 0xd, 0x13, 0x0, 0xbc, 0x50,
    0x51, 0xc0, 0x32, 0x86, 0xb8, 0x68, 0x7, 0x2b,
    0xe8, 0xa0, 0x7, 0x70, 0xa3, 0x80, 0x79, 0x24,
    0x34, 0x3, 0xea, 0x24, 0x0, 0xca, 0xf8, 0x72,
    0x1, 0xd1, 0x1, 0xa4, 0x0, 0xc0,

    /* U+F001 "" */
    0x0, 0xff, 0xe4, 0x88, 0x7, 0xff, 0x1d, 0x67,
    0xb9, 0x0, 0x1f, 0xfc, 0x22, 0x6b, 0xfa, 0x61,
    0x5, 0x0, 0xff, 0x92, 0x37, 0x52, 0x80, 0x1f,
    0xfc, 0x11, 0x5a, 0xfb, 0x72, 0x0, 0xff, 0xe1,
    0xaf, 0x52, 0x80, 0x7f, 0xf1, 0xfc, 0x3, 0xff,
    0xa8, 0x4d, 0x7e, 0x20, 0x1f, 0xfc, 0x33, 0x8d,
    0xd4, 0xa0, 0x7, 0xff, 0x4, 0x56, 0xbb, 0x1c,
    0x80, 0x3f, 0xf8, 0x9f, 0x4a, 0x20, 0x1f, 0xff,
    0xf0, 0xf, 0xfe, 0x49, 0xaa, 0x8, 0x7, 0xff,
    0x15, 0x7b, 0x2a, 0xc0, 0x3f, 0xf8, 0xa7, 0x42,
    0x1, 0xf8, 0x5a, 0x64, 0xe0, 0x1f, 0x28, 0x7,
    0xc2, 0xd, 0xd2, 0xcc, 0x20, 0xf, 0x9c, 0x40,
    0x3d, 0x43, 0x20, 0x1f, 0xfc, 0x1, 0xc5, 0x0,
    0x8e, 0x98, 0x3, 0xf8, 0x40, 0x38, 0xab, 0xfb,
    0xf1, 0x40, 0x58, 0x3, 0xd0, 0x1, 0xfc, 0x20,
    0x1d, 0x36, 0xa6, 0x65, 0xc7, 0x0, 0xff, 0xe1,
    0x0,

    /* U+F008 "" */
    0x42, 0x0, 0x3c, 0x47, 0xff, 0x1, 0xc0, 0x4,
    0x97, 0x44, 0x49, 0x77, 0xff, 0xe0, 0x49, 0x12,
    0xac, 0x1f, 0x74, 0x20, 0x8c, 0xdf, 0x90, 0x7,
    0x74, 0xe0, 0x6, 0xbb, 0x0, 0x22, 0x67, 0xf4,
    0x0, 0x2e, 0xcc, 0x0, 0xf4, 0x40, 0x80, 0x7f,
    0xf0, 0x5, 0x11, 0xe0, 0x1, 0x0, 0xff, 0xe3,
    0x8, 0x2, 0x3f, 0xc2, 0x1, 0xff, 0xc0, 0x1f,
    0xf4, 0x0, 0x16, 0x64, 0x0, 0x44, 0xff, 0x0,
    0x26, 0x4a, 0x0, 0xc6, 0x60, 0x84, 0x5d, 0xfe,
    0x80, 0x16, 0x66, 0x0, 0x7c, 0x46, 0x7f, 0x88,
    0x3, 0xe9, 0xee, 0x8, 0x76, 0x67, 0xee, 0x1,
    0xee, 0x48, 0x0, 0xd9, 0x80, 0x1f, 0xfc, 0x26,
    0x61, 0x80, 0x2a, 0x20, 0x20, 0x1f, 0xfc, 0x1,
    0x88, 0x50, 0x7, 0xff, 0x32, 0x33, 0x2, 0xe,
    0x23, 0xf9, 0xc0, 0x73, 0x10, 0x0, 0x36, 0x60,
    0x2, 0xfb, 0xbf, 0x58, 0x1, 0x98, 0x60, 0x77,
    0x54, 0x10, 0xf, 0xfe, 0x0, 0xd5, 0x2c, 0xc0,

    /* U+F00B "" */
    0xbf, 0xfd, 0xc6, 0x3b, 0xff, 0xff, 0xc0, 0xb4,
    0x0, 0xc2, 0xa4, 0x40, 0xf, 0xfe, 0x2, 0x0,
    0x7f, 0xfd, 0xa9, 0xdf, 0x43, 0x1c, 0x3b, 0xff,
    0xf0, 0x29, 0x62, 0x33, 0x80, 0x1e, 0x23, 0xff,
    0x80, 0xb9, 0xff, 0xc6, 0x3d, 0xff, 0xff, 0xc0,
    0xc3, 0x0, 0xe5, 0x21, 0x0, 0xff, 0xe0, 0x18,
    0x7, 0xff, 0x98, 0xc0, 0x3f, 0xf8, 0x77, 0xe,
    0xf4, 0x29, 0xcb, 0xbf, 0xfd, 0x16, 0x8f, 0x11,
    0x38, 0x1, 0xa2, 0x3f, 0xe7, 0x4c, 0xff, 0xe3,
    0x1e, 0xff, 0xff, 0xe0, 0x61, 0x80, 0x72, 0x90,
    0x80, 0x7f, 0xf0, 0xc, 0x3, 0xff, 0xcc, 0x62,
    0x1, 0xff, 0xc2, 0xc8, 0x8d, 0x2a, 0x55, 0x11,
    0xff, 0xc0, 0xb0,

    /* U+F00C "" */
    0x0, 0xff, 0xe3, 0xb, 0x0, 0x7f, 0xf1, 0xcb,
    0xe6, 0xc0, 0x3f, 0xf8, 0xa5, 0x82, 0x9, 0x60,
    0x1f, 0xfc, 0x32, 0xc1, 0x0, 0x94, 0x3, 0xff,
    0x84, 0x58, 0x20, 0x1b, 0x40, 0x3f, 0xf8, 0x25,
    0x82, 0x1, 0xb0, 0xc1, 0x3a, 0x0, 0x3f, 0x16,
    0x8, 0x6, 0xc3, 0x4, 0xb1, 0x78, 0x0, 0xf1,
    0x60, 0x80, 0x6c, 0x30, 0x5, 0x0, 0x4f, 0x0,
    0x18, 0xb0, 0x40, 0x36, 0x18, 0x4, 0x80, 0x19,
    0xe0, 0x0, 0x58, 0x20, 0x1b, 0xc, 0x3, 0x52,
    0x80, 0x67, 0x82, 0xc1, 0x0, 0xd8, 0x60, 0x1e,
    0xa5, 0x0, 0xcf, 0xa2, 0x1, 0xb0, 0xc0, 0x3f,
    0x52, 0x80, 0x7f, 0x61, 0x80, 0x7f, 0xa9, 0x40,
    0x3e, 0xc3, 0x0, 0xff, 0xe0, 0x52, 0x80, 0x76,
    0x18, 0x7, 0xff, 0xa, 0x94, 0x0, 0x38, 0x60,
    0x1f, 0xfc, 0x4a, 0x62, 0xd3, 0x0, 0xff, 0x80,

    /* U+F00D "" */
    0x8, 0xc4, 0x0, 0xf8, 0xb2, 0x40, 0x12, 0xe7,
    0x68, 0x1, 0xc5, 0x86, 0xd6, 0xc, 0x1, 0x5a,
    0x0, 0x45, 0x82, 0x0, 0x41, 0x80, 0xd, 0x68,
    0x5, 0x82, 0x1, 0x30, 0xbb, 0x80, 0x35, 0xb6,
    0x8, 0x4, 0xb2, 0x0, 0x87, 0x0, 0xd2, 0x20,
    0x12, 0xd0, 0x6, 0x87, 0x0, 0xf9, 0x68, 0x3,
    0xd0, 0xc0, 0x1c, 0x94, 0x1, 0xf1, 0x38, 0x7,
    0x22, 0x0, 0x3c, 0x58, 0x20, 0x1e, 0xb4, 0x0,
    0xc5, 0x82, 0x1, 0x10, 0x6, 0xb4, 0x0, 0x16,
    0x8, 0x4, 0xba, 0xe0, 0x1a, 0xd0, 0x3c, 0x40,
    0x25, 0xa0, 0x87, 0x0, 0xd6, 0x1, 0xcb, 0x40,
    0x14, 0x38, 0x4, 0x21, 0xe2, 0xb, 0x40, 0x1d,
    0xe, 0x0, 0xd0, 0x2e, 0xca, 0x0, 0xfa, 0x37,
    0x8c, 0x0,

    /* U+F011 "" */
    0x0, 0xfe, 0x13, 0x30, 0x7, 0xff, 0x1f, 0x32,
    0x60, 0xf, 0xfe, 0x31, 0x80, 0x38, 0x3, 0xff,
    0x83, 0x5e, 0xa0, 0x1f, 0xaf, 0xd0, 0x3, 0xeb,
    0x50, 0xb0, 0xf, 0x91, 0x1, 0x6a, 0x1, 0xd2,
    0x80, 0x1f, 0xe1, 0x0, 0xa8, 0x80, 0x23, 0x60,
    0x0, 0xe8, 0x7, 0xca, 0xe0, 0x17, 0x0, 0x50,
    0x1, 0x69, 0x80, 0x7e, 0x85, 0x0, 0x1a, 0x80,
    0xa0, 0x1, 0x8c, 0x3, 0xfd, 0x60, 0x17, 0x3,
    0x80, 0x54, 0x1, 0xff, 0xb, 0x0, 0x10, 0x38,
    0x2, 0x30, 0xf, 0xfe, 0x6, 0x0, 0x44, 0x40,
    0x1, 0x0, 0x7f, 0xf0, 0x58, 0x2, 0x13, 0x0,
    0xfc, 0x40, 0xd, 0x0, 0xce, 0x1, 0x8, 0x80,
    0x4, 0x1, 0xd9, 0xdc, 0x50, 0xc, 0x40, 0x11,
    0xe0, 0x4, 0xa0, 0x1c, 0x22, 0x0, 0xed, 0x0,
    0x8, 0x90, 0x2, 0x90, 0xf, 0xf8, 0xd0, 0x0,
    0xe0, 0x7, 0x0, 0x1c, 0x0, 0x7f, 0xe, 0x80,
    0x56, 0x0, 0x91, 0x0, 0x3c, 0x80, 0x7c, 0x58,
    0x20, 0x6, 0x20, 0x0, 0xd0, 0x4, 0xda, 0xc4,
    0x2, 0x93, 0xa4, 0x0, 0x39, 0x0, 0xc9, 0x20,
    0x11, 0x4e, 0xff, 0x5b, 0x0, 0x45, 0xa0, 0x1e,
    0x6b, 0x10, 0xf, 0xf2, 0xe8, 0x80, 0x7c, 0x9d,
    0x4, 0x1, 0xe4, 0xba, 0x0, 0xff, 0x9f, 0x75,
    0x53, 0x59, 0xf6, 0x80, 0x1e,

    /* U+F013 "" */
    0x0, 0xff, 0xe9, 0x36, 0x77, 0x31, 0xc0, 0x3f,
    0xf8, 0x9a, 0x62, 0x23, 0xb0, 0xf, 0xfe, 0xac,
    0x18, 0x15, 0x20, 0x6, 0x3b, 0x20, 0x38, 0x0,
    0xe8, 0x7c, 0xbd, 0x50, 0xf, 0x26, 0xde, 0x3c,
    0x0, 0x46, 0xe0, 0x4, 0x0, 0xff, 0x20, 0x1,
    0xd0, 0x1, 0x0, 0x1f, 0xfc, 0x6f, 0x1, 0x40,
    0xf, 0x96, 0xa8, 0xa0, 0x1f, 0x21, 0xc, 0x88,
    0x7, 0x45, 0x2a, 0xaa, 0x0, 0x3d, 0x24, 0xd,
    0x80, 0x18, 0x9c, 0x3, 0x39, 0x80, 0x6c, 0x60,
    0x8, 0x40, 0x33, 0x80, 0x79, 0x40, 0x3f, 0x84,
    0x3, 0x8, 0x7, 0x8c, 0x3, 0xfa, 0x80, 0x32,
    0x10, 0x6, 0x15, 0x0, 0xd4, 0x0, 0x1e, 0x70,
    0xe, 0xf3, 0x0, 0x1e, 0x0, 0x73, 0x70, 0x88,
    0x3, 0xe2, 0xce, 0xe6, 0x10, 0x7, 0xc2, 0x12,
    0x1, 0xf8, 0x44, 0x1, 0xf9, 0x80, 0xe, 0x40,
    0x1f, 0xfc, 0x42, 0x80, 0xb, 0xc1, 0x35, 0x80,
    0x3f, 0x2e, 0xa8, 0x70, 0x6, 0x2e, 0xb2, 0x9d,
    0x20, 0xc, 0x39, 0x45, 0x5c, 0x60, 0x1c, 0x20,
    0x11, 0x30, 0x6, 0x23, 0x0, 0x84, 0x3, 0xff,
    0x88, 0xe0, 0x1f, 0xfc, 0x4a, 0xb9, 0x95, 0xd0,
    0x7, 0xe0,

    /* U+F015 "" */
    0x0, 0xff, 0xd, 0xf4, 0x80, 0x4b, 0xfe, 0xd0,
    0xf, 0xfe, 0x9, 0xfa, 0xb, 0x60, 0x81, 0x0,
    0x8, 0x3, 0xff, 0x80, 0xd8, 0x20, 0x11, 0xf9,
    0x80, 0x7f, 0xf0, 0xe6, 0x40, 0x4, 0xb2, 0x1,
    0xcc, 0x0, 0x7f, 0xf0, 0x6, 0xd8, 0x0, 0xf6,
    0x98, 0x80, 0x4, 0x0, 0xff, 0x8b, 0x10, 0x1,
    0x51, 0xf, 0x4b, 0x60, 0xf, 0xfe, 0x2, 0x69,
    0x0, 0xe2, 0xdb, 0x85, 0x3c, 0xc8, 0x3, 0x8,
    0x7, 0x3d, 0x80, 0xf, 0xc7, 0x50, 0x2, 0x8a,
    0x6c, 0x10, 0x7, 0x98, 0x5, 0x50, 0x0, 0x5c,
    0x2c, 0x20, 0xe, 0x5c, 0x2c, 0x20, 0x1c, 0x60,
    0xc5, 0x0, 0x45, 0x36, 0x8, 0x7, 0xc7, 0xe3,
    0xa8, 0x0, 0x98, 0x50, 0x5, 0x3c, 0xc8, 0x3,
    0xfc, 0x38, 0xb6, 0xe0, 0xd, 0x96, 0xc5, 0xa6,
    0x0, 0xff, 0xe0, 0xd3, 0x45, 0x42, 0x84, 0x98,
    0x20, 0x7, 0xff, 0xf, 0x1, 0x5c, 0x3, 0xff,
    0x80, 0x67, 0x0, 0x7f, 0xf2, 0x6b, 0x32, 0x60,
    0xf, 0xff, 0xf8, 0x7, 0xff, 0x8, 0xc0, 0x38,
    0x40, 0x21, 0x0, 0xe3, 0x0, 0xfd, 0xf7, 0x7c,
    0x80, 0x14, 0xdd, 0xf4, 0x0, 0x60,

    /* U+F019 "" */
    0x0, 0xfe, 0x22, 0xc0, 0x1f, 0xfc, 0x59, 0xdd,
    0xd2, 0x1, 0xff, 0xc4, 0x50, 0xc, 0xa0, 0x1f,
    0xff, 0xf0, 0xf, 0xff, 0xc1, 0xf7, 0x63, 0x0,
    0xc7, 0xdd, 0x88, 0x3, 0xc2, 0x3c, 0x1, 0xe1,
    0x1c, 0x1, 0xf1, 0x60, 0x7, 0xff, 0x3, 0x8,
    0x3, 0xe3, 0xc0, 0xf, 0xf6, 0x18, 0x7, 0xf1,
    0xe0, 0x7, 0xec, 0x30, 0xf, 0xf8, 0xf0, 0x3,
    0xd6, 0x60, 0x1f, 0xfc, 0x13, 0xb0, 0xd, 0x68,
    0x1, 0xf6, 0x7f, 0xfb, 0x12, 0xc0, 0x16, 0x99,
    0xff, 0xec, 0x30, 0xf, 0x1e, 0x26, 0xe2, 0x61,
    0x80, 0x78, 0xc0, 0x3f, 0x1e, 0x33, 0xe1, 0x80,
    0x7f, 0xf1, 0x4e, 0xec, 0x60, 0x1f, 0xfc, 0xce,
    0x91, 0xf4, 0x0, 0xff, 0xe2, 0xbe, 0xa, 0xb0,
    0x1, 0x0, 0x3f, 0xf8, 0x52, 0xa1, 0x44, 0x8,

    /* U+F01C "" */
    0x0, 0xe4, 0xab, 0xbf, 0xfa, 0x88, 0x3, 0xf9,
    0x2d, 0x51, 0x3f, 0xe5, 0xc1, 0x0, 0xfd, 0x40,
    0x1f, 0xfc, 0x21, 0xa0, 0xf, 0xa4, 0x41, 0x7f,
    0xff, 0xdc, 0x40, 0x8a, 0x1, 0xc8, 0xc0, 0x36,
    0x1, 0xfe, 0x19, 0x0, 0x58, 0x80, 0x69, 0x0,
    0x40, 0x80, 0x7f, 0xc8, 0xa0, 0x36, 0x1, 0x49,
    0x1, 0xb0, 0x7, 0xff, 0x6, 0xc4, 0x15, 0x40,
    0x6c, 0x0, 0xe0, 0xf, 0xfe, 0x10, 0xd8, 0x2,
    0xc7, 0x80, 0xa, 0xc8, 0x91, 0x0, 0x7c, 0x68,
    0x90, 0x90, 0xc, 0x90, 0x1, 0x6e, 0xf6, 0x0,
    0x78, 0xf2, 0xef, 0x10, 0x0, 0xc0, 0x3f, 0xb,
    0x80, 0x74, 0x0, 0x7e, 0x70, 0xf, 0xe9, 0x88,
    0xe4, 0x0, 0xff, 0xe3, 0xb, 0xbf, 0x0, 0x7f,
    0xfb, 0xdc, 0x80, 0x3f, 0xf9, 0x65, 0x22, 0x1,
    0xff, 0xc9, 0x38,

    /* U+F021 "" */
    0x0, 0xff, 0xe3, 0xb3, 0xb0, 0x7, 0xcb, 0x39,
    0xba, 0xb8, 0x30, 0xd, 0x31, 0x20, 0x1c, 0xdd,
    0x4c, 0x64, 0x44, 0x7c, 0xc2, 0x0, 0x7f, 0x5c,
    0x88, 0x7, 0xe3, 0xb9, 0x0, 0xfb, 0x10, 0x2,
    0x5a, 0xcb, 0x94, 0x0, 0x9b, 0x4, 0x3, 0x51,
    0x80, 0x13, 0x69, 0x4d, 0x1a, 0xf5, 0x0, 0x6,
    0x20, 0x12, 0xa8, 0x0, 0xd6, 0x40, 0x1e, 0x2b,
    0x70, 0xf, 0x40, 0x1, 0x24, 0x3, 0xcf, 0xba,
    0xc3, 0x0, 0xe2, 0x20, 0x2, 0x40, 0x3e, 0xd2,
    0x21, 0xa0, 0x7, 0x20, 0x1, 0x8, 0x3, 0xe3,
    0x0, 0xfe, 0x6d, 0xd5, 0x80, 0x7e, 0x9d, 0xdf,
    0xdc, 0x4, 0x40, 0xf, 0xf1, 0x17, 0xe1, 0x0,
    0xff, 0xe5, 0x6f, 0x77, 0xe7, 0x0, 0xfd, 0x3d,
    0xc5, 0x21, 0x1f, 0xda, 0x1, 0xf0, 0xb0, 0x89,
    0x80, 0x3f, 0x8c, 0x3, 0xe8, 0x0, 0x9, 0x80,
    0x75, 0xff, 0xba, 0x40, 0x3c, 0xac, 0x0, 0x90,
    0xf, 0x5b, 0x80, 0x80, 0x79, 0xe8, 0x0, 0x4e,
    0x1, 0xf4, 0x6b, 0x8, 0x4, 0xb9, 0x0, 0x17,
    0x80, 0x61, 0xc1, 0x0, 0x14, 0xf7, 0x5f, 0x46,
    0x0, 0x1c, 0x20, 0xc, 0x27, 0xec, 0x1, 0x84,
    0x40, 0x19, 0x3c, 0xc0, 0x3e, 0x19, 0xd7, 0x20,
    0xc, 0x2b, 0x96, 0x20, 0x19, 0x51, 0x40, 0x22,
    0x8d, 0xec, 0xc7, 0x72, 0x8c, 0x3, 0xc0,

    /* U+F026 "" */
    0x0, 0xfe, 0x33, 0x0, 0x7e, 0x6c, 0xc0, 0x7,
    0xcd, 0x20, 0x1f, 0x9a, 0x40, 0x22, 0x44, 0xcf,
    0x20, 0x1b, 0x2e, 0xf4, 0x0, 0x70, 0x80, 0x7f,
    0xfd, 0x50, 0x3, 0xfd, 0x7f, 0xfb, 0x44, 0x3,
    0xf8, 0xb0, 0x40, 0x3f, 0x8b, 0x4, 0x3, 0xf8,
    0xb0, 0x4c, 0x3, 0xf1, 0x76, 0x0,

    /* U+F027 "" */
    0x0, 0xfe, 0x33, 0x0, 0x7f, 0xf0, 0x9b, 0x30,
    0x1, 0xff, 0xc1, 0x69, 0x0, 0xff, 0xe1, 0x34,
    0x80, 0x7f, 0x12, 0x26, 0x79, 0x0, 0xff, 0x65,
    0xde, 0x80, 0xf, 0x9d, 0x40, 0x2, 0x1, 0xff,
    0x14, 0x53, 0x80, 0x7f, 0xf0, 0x4a, 0x2, 0x0,
    0x3f, 0xf8, 0x4e, 0x40, 0x60, 0x1f, 0xfc, 0x22,
    0x0, 0xff, 0xe1, 0xe0, 0x11, 0x80, 0x7f, 0xf0,
    0x4, 0xc7, 0xc1, 0x0, 0x3f, 0xe1, 0xee, 0x10,
    0x5f, 0xfe, 0xd1, 0x0, 0xf0, 0x80, 0x7e, 0x2c,
    0x10, 0xf, 0xfe, 0x19, 0x60, 0x80, 0x7f, 0xf0,
    0xcb, 0x8, 0xc0, 0x3f, 0xf8, 0x45, 0xb8, 0x1,
    0xe0,

    /* U+F028 "" */
    0x0, 0xff, 0xe3, 0x39, 0x80, 0x7f, 0xf2, 0x92,
    0x31, 0xc0, 0x3f, 0xf8, 0x26, 0x60, 0xf, 0x23,
    0x4, 0x38, 0x7, 0xfc, 0xd9, 0x80, 0xe, 0x10,
    0x98, 0x8, 0x50, 0xf, 0xe6, 0x90, 0xf, 0x2f,
    0x48, 0x3b, 0x5, 0x88, 0x7, 0xcd, 0x20, 0x1f,
    0x8, 0x35, 0x84, 0x90, 0xc8, 0x12, 0x26, 0x79,
    0x0, 0xfc, 0x98, 0x8, 0xe1, 0x20, 0xe1, 0x97,
    0x7a, 0x0, 0x3e, 0x86, 0x3, 0xb0, 0x81, 0x42,
    0x4, 0x10, 0xf, 0xf8, 0x9e, 0x5c, 0x10, 0xc1,
    0xc1, 0x3, 0x0, 0x3f, 0xf8, 0x5, 0x21, 0x2,
    0x16, 0x1e, 0x1e, 0x4, 0x1, 0xff, 0xc1, 0x62,
    0x5, 0x2, 0x2, 0x3, 0x1, 0x0, 0xff, 0xe0,
    0x89, 0x3, 0x0, 0x42, 0x1, 0xff, 0xc5, 0xc0,
    0x32, 0xc, 0x2, 0x2, 0x2, 0x0, 0xff, 0xe0,
    0x9, 0x13, 0x80, 0x5c, 0x2c, 0x30, 0x3d, 0x0,
    0x3f, 0xe1, 0xed, 0x20, 0xb1, 0x33, 0xa, 0x2,
    0x5f, 0xfe, 0xd1, 0x0, 0xf0, 0x80, 0x2d, 0x43,
    0x82, 0x40, 0xc8, 0x3, 0x8b, 0x4, 0x3, 0xe7,
    0x40, 0xb2, 0x23, 0x84, 0x0, 0x7c, 0x58, 0x20,
    0x1e, 0x66, 0x6a, 0xf, 0x82, 0xa0, 0x7, 0xe2,
    0xc1, 0x30, 0xc, 0x32, 0x44, 0xc2, 0x25, 0x80,
    0x7f, 0x8b, 0xb0, 0x3, 0xc5, 0xa4, 0x4f, 0x10,
    0xf, 0xfe, 0x4a, 0x61, 0x0, 0x7f, 0xf2, 0xb,
    0xec, 0x40, 0x30,

    /* U+F03E "" */
    0x5, 0x77, 0xff, 0xe3, 0x28, 0x4d, 0x44, 0x7f,
    0xf1, 0xaa, 0x58, 0x3, 0xff, 0x90, 0xc0, 0x14,
    0xff, 0x20, 0x7, 0xff, 0x15, 0x98, 0x3, 0x60,
    0x1f, 0xfc, 0x5e, 0x0, 0xc4, 0x1, 0xe2, 0x40,
    0xf, 0xd6, 0x1, 0x11, 0x0, 0x38, 0xb2, 0xd4,
    0x3, 0xe3, 0xb5, 0x6c, 0x0, 0xe2, 0xc1, 0xa,
    0x50, 0xf, 0x92, 0xa4, 0x40, 0x31, 0x60, 0x80,
    0x54, 0xa0, 0x1f, 0xa3, 0x44, 0x0, 0x58, 0x20,
    0x1d, 0x44, 0x1, 0xe8, 0x72, 0xc1, 0x2c, 0x10,
    0xf, 0x84, 0x3, 0xa1, 0xc0, 0x5, 0x98, 0x10,
    0xf, 0xfe, 0x9, 0xb8, 0x6, 0x21, 0x0, 0xff,
    0xec, 0x1e, 0x67, 0xff, 0x10, 0xc0, 0x2, 0x0,
    0x33, 0xff, 0xe2, 0x0, 0xa, 0x84, 0x3, 0xff,
    0x8c, 0x32,

    /* U+F048 "" */
    0x0, 0xff, 0xe1, 0x8f, 0x7e, 0x0, 0x7e, 0xbd,
    0x33, 0x8, 0x10, 0x7, 0x87, 0x50, 0xac, 0x3,
    0xf8, 0xb0, 0x80, 0x2, 0x1, 0xf8, 0xb0, 0x80,
    0x3f, 0xe3, 0xc1, 0x0, 0xff, 0x93, 0x4, 0x3,
    0xfe, 0x5b, 0x0, 0xff, 0xe0, 0x35, 0x0, 0x7f,
    0xf0, 0x6, 0x40, 0x3f, 0xfc, 0x6, 0x1, 0xff,
    0xc1, 0x1c, 0x40, 0xf, 0xfe, 0x15, 0xa8, 0x7,
    0xff, 0xa, 0x9c, 0x3, 0xff, 0x85, 0x10, 0x0,
    0xff, 0xe1, 0x3c, 0x80, 0x7f, 0xf0, 0x9a, 0x80,
    0x3f, 0xf8, 0x4b, 0x60, 0xc, 0x2b, 0xb6, 0x80,
    0x7c, 0x9d, 0x8a,

    /* U+F04B "" */
    0x2, 0x20, 0x7, 0xff, 0x16, 0x37, 0x56, 0x40,
    0x1f, 0xfc, 0x37, 0x0, 0x26, 0xc0, 0x7, 0xff,
    0x1d, 0xf9, 0x40, 0x3f, 0xf8, 0xc3, 0x58, 0x40,
    0x1f, 0xfc, 0x63, 0xd9, 0x10, 0xf, 0xfe, 0x33,
    0x7b, 0x0, 0x7f, 0xf1, 0x86, 0x70, 0xc0, 0x3f,
    0xf8, 0xc7, 0x92, 0x20, 0x1f, 0xfc, 0x66, 0xe7,
    0x0, 0xff, 0xe3, 0xc6, 0x0, 0x7f, 0xf1, 0xcc,
    0xc0, 0x1f, 0xfc, 0x72, 0x0, 0xff, 0xe2, 0x8d,
    0x88, 0x7, 0xff, 0x11, 0xf9, 0x0, 0x3f, 0xf8,
    0x69, 0xb0, 0x1, 0xff, 0xc3, 0x2b, 0xb1, 0x0,
    0x7f, 0xf0, 0xe3, 0x50, 0x3, 0xff, 0x86, 0xbc,
    0xe0, 0x1f, 0xfc, 0x32, 0xba, 0x10, 0xf, 0xfe,
    0x1c, 0x6a, 0x0, 0x7f, 0xc6, 0x1, 0x37, 0x38,
    0x7, 0xff, 0x7, 0x95, 0x59, 0x22, 0x1, 0xff,
    0xc2, 0x2a, 0xa1, 0x80, 0x7f, 0xf1, 0x0,

    /* U+F04C "" */
    0x3d, 0xff, 0xdc, 0xc0, 0x11, 0xef, 0xfe, 0xe6,
    0xe, 0x20, 0xc, 0x32, 0x20, 0xe, 0x20, 0xc,
    0x32, 0x24, 0x1, 0xf1, 0x0, 0x8, 0x3, 0xe2,
    0x0, 0xfc, 0xe0, 0x1f, 0xe7, 0x0, 0xff, 0xff,
    0x80, 0x7f, 0xff, 0xc0, 0x3f, 0xff, 0xe0, 0x1f,
    0xfd, 0xf7, 0x0, 0xff, 0x3b, 0x80, 0x3c, 0x86,
    0x0, 0x70, 0xf, 0x21, 0xc6, 0xdd, 0xec, 0xb0,
    0xa, 0x36, 0xef, 0x65, 0x80,

    /* U+F04D "" */
    0x3d, 0xff, 0xff, 0xe1, 0xf3, 0x7, 0x10, 0x7,
    0xff, 0xc, 0x64, 0x48, 0x3, 0xff, 0x8c, 0x40,
    0x1f, 0xfc, 0x77, 0x0, 0xff, 0xff, 0x80, 0x7f,
    0xff, 0xc0, 0x3f, 0xff, 0xe0, 0x1f, 0xfe, 0xa7,
    0x70, 0x7, 0xff, 0x15, 0xe, 0x36, 0xef, 0xff,
    0x87, 0x96, 0x0,

    /* U+F051 "" */
    0x0, 0xff, 0xe1, 0x96, 0xe0, 0x80, 0x7d, 0x7f,
    0xe3, 0x52, 0x3c, 0x20, 0xf, 0x30, 0x1, 0xc0,
    0x22, 0xc3, 0x0, 0xff, 0xe0, 0x8e, 0x20, 0x7,
    0xff, 0xa, 0xd4, 0x3, 0xff, 0x85, 0x4c, 0x1,
    0xff, 0xc2, 0x97, 0x0, 0xff, 0xe1, 0x44, 0x0,
    0x3f, 0xf8, 0x4e, 0x40, 0x1f, 0xfd, 0xf3, 0x20,
    0xf, 0xfe, 0x2, 0x60, 0x7, 0xff, 0x1, 0x2c,
    0x3, 0xff, 0x80, 0xd6, 0x1, 0xff, 0xc0, 0x79,
    0x0, 0xff, 0xe0, 0x44, 0x0, 0x3f, 0xf8, 0x12,
    0xe0, 0x1f, 0xc6, 0x0, 0xa6, 0x0, 0xf0, 0x80,
    0x49, 0xba, 0x50, 0xf, 0xba, 0xec, 0x80,

    /* U+F052 "" */
    0x0, 0xfe, 0x8e, 0xa1, 0x0, 0xff, 0xe2, 0x4b,
    0x8a, 0xe8, 0x7, 0xff, 0xd, 0xd8, 0x2, 0x3b,
    0x0, 0xff, 0xe0, 0xb4, 0x0, 0x72, 0x50, 0x7,
    0xfc, 0xb2, 0x1, 0xf2, 0xc8, 0x7, 0xf2, 0x50,
    0x7, 0xf3, 0x38, 0x7, 0xc7, 0x60, 0x1f, 0xf4,
    0x30, 0x7, 0x16, 0x80, 0x7f, 0xf0, 0x65, 0x40,
    0x21, 0xc1, 0x0, 0xff, 0xe1, 0x52, 0x0, 0x34,
    0x40, 0x3f, 0xf8, 0x94, 0x20, 0x60, 0x1f, 0xfc,
    0x51, 0x20, 0x60, 0xf, 0xfe, 0x29, 0x18, 0x4d,
    0x4c, 0xff, 0xf1, 0x30, 0x2, 0x56, 0x6f, 0xfe,
    0x20, 0x80, 0x2b, 0xff, 0xff, 0x8b, 0xa0, 0x5,
    0x0, 0xff, 0xe2, 0x91, 0x80, 0x7f, 0xf2, 0x1c,
    0x3, 0xff, 0x94, 0x20, 0x1f, 0xfc, 0x66, 0xc,
    0x88, 0xff, 0xe2, 0xe1, 0x0,

    /* U+F053 "" */
    0x0, 0xfc, 0x32, 0x40, 0x1f, 0x87, 0x1b, 0x8,
    0x3, 0xc3, 0x84, 0x3, 0x40, 0x1c, 0x38, 0x40,
    0x2, 0x90, 0xc, 0x38, 0x40, 0x3, 0xc1, 0x0,
    0x87, 0x8, 0x0, 0x7a, 0x20, 0x10, 0xe1, 0x0,
    0xf, 0x44, 0x2, 0x1c, 0x20, 0x1, 0xe8, 0x80,
    0x43, 0x84, 0x0, 0x3d, 0x10, 0xd, 0x44, 0x0,
    0x2d, 0x10, 0xe, 0xc0, 0x8, 0x9c, 0x3, 0xcf,
    0x0, 0x14, 0xb0, 0x7, 0x9e, 0x0, 0x29, 0x60,
    0xf, 0x3c, 0x0, 0x52, 0xc0, 0x1e, 0x78, 0x0,
    0xa5, 0x80, 0x3c, 0xf0, 0x1, 0x4b, 0x0, 0x79,
    0xe0, 0x2, 0x95, 0x0, 0xf3, 0xc0, 0x4, 0x60,
    0x1f, 0x3c, 0x3, 0x30, 0x3, 0xf3, 0xf4, 0x80,

    /* U+F054 "" */
    0x5, 0x80, 0xf, 0xe5, 0xa7, 0xb0, 0xf, 0xd2,
    0x0, 0x4b, 0x0, 0xfb, 0xc4, 0x0, 0x96, 0x1,
    0xe3, 0xd1, 0x0, 0x25, 0x80, 0x78, 0xf4, 0x40,
    0x9, 0x60, 0x1e, 0x3d, 0x10, 0x2, 0x58, 0x7,
    0x8f, 0x44, 0x0, 0x96, 0x1, 0xe3, 0xd1, 0x0,
    0x25, 0x80, 0x78, 0xf4, 0x2, 0x47, 0x0, 0xf5,
    0x0, 0x64, 0x0, 0xe9, 0x60, 0xa, 0xcc, 0x3,
    0x4b, 0x0, 0x56, 0x80, 0x1a, 0x58, 0x2, 0xb4,
    0x0, 0xd2, 0xc0, 0x15, 0xa0, 0x6, 0x96, 0x0,
    0xad, 0x0, 0x34, 0x30, 0x5, 0x68, 0x1, 0xc4,
    0x1, 0x5a, 0x0, 0x7a, 0xcc, 0x2d, 0x0, 0x3e,
    0x1c, 0xf4, 0x0, 0xfc,

    /* U+F067 "" */
    0x0, 0xf8, 0x6f, 0xb4, 0xc0, 0x3f, 0xf8, 0x6e,
    0x82, 0x52, 0x1, 0xff, 0xc3, 0x10, 0x8, 0x40,
    0x3f, 0xff, 0xe0, 0x1f, 0xfc, 0x11, 0x45, 0x5e,
    0xe0, 0x9, 0xd5, 0x79, 0x8, 0x32, 0xea, 0xb9,
    0x80, 0x23, 0xaa, 0xeb, 0xd1, 0x20, 0xf, 0xfe,
    0x31, 0x0, 0x7f, 0xf2, 0x24, 0xc8, 0xb8, 0x40,
    0x31, 0x17, 0x1b, 0x1b, 0x66, 0xef, 0x48, 0x4,
    0x9b, 0xbd, 0x92, 0x1, 0xff, 0xff, 0x0, 0xff,
    0xea, 0x98, 0x4, 0x60, 0x1f, 0xfc, 0x34, 0xc9,
    0xa8, 0x0, 0xfc,

    /* U+F068 "" */
    0x2, 0x2f, 0xfe, 0x28, 0x2, 0xf7, 0x7f, 0xf8,
    0xbc, 0x28, 0x1, 0xff, 0xc5, 0x12, 0x0, 0xff,
    0xe4, 0x38, 0x7, 0xff, 0x15, 0xc,

    /* U+F06E "" */
    0x0, 0xff, 0x11, 0xa1, 0x88, 0x7, 0xff, 0x15,
    0x6f, 0xf7, 0x2f, 0x3b, 0x94, 0x80, 0x1f, 0xfc,
    0x5, 0xea, 0x40, 0x1, 0x18, 0x80, 0xad, 0xe1,
    0x80, 0x7e, 0x1b, 0xa1, 0x0, 0x47, 0x6e, 0x76,
    0xb0, 0x0, 0xf2, 0x0, 0x3c, 0x58, 0x80, 0x1,
    0xd7, 0x12, 0x53, 0x29, 0xa0, 0x9, 0xec, 0x3,
    0xe, 0x10, 0x5, 0xa4, 0x0, 0x4a, 0xcc, 0xa,
    0xc0, 0x4, 0x96, 0x1, 0x68, 0x80, 0x4a, 0x60,
    0x1e, 0x3d, 0x7, 0x10, 0x9, 0x20, 0x18, 0xc0,
    0x37, 0x80, 0x81, 0xc0, 0x4, 0x68, 0xe, 0x1,
    0x9c, 0xe0, 0x3, 0x98, 0x2b, 0xf0, 0x40, 0x31,
    0x87, 0x0, 0x74, 0x98, 0x7, 0xc2, 0x1, 0xf0,
    0x80, 0x7c, 0x7c, 0x1, 0xca, 0x1e, 0x1, 0xf3,
    0x86, 0x80, 0x61, 0x83, 0x70, 0xd, 0x40, 0xaa,
    0x0, 0xe9, 0x11, 0x28, 0x6, 0xb1, 0x8, 0x50,
    0x8, 0xd8, 0x2a, 0x4c, 0x92, 0xd8, 0x2c, 0x3,
    0x42, 0x80, 0x54, 0xa0, 0x14, 0xb0, 0x36, 0x6d,
    0xa0, 0x4a, 0x80, 0x50, 0xe0, 0x1d, 0x52, 0x1,
    0x4e, 0x29, 0x9, 0x36, 0xb0, 0x0, 0x6d, 0xc0,
    0x3e, 0x6e, 0x60, 0x1, 0xd6, 0xf6, 0xc9, 0x0,
    0x1f, 0x90, 0x3, 0xf8, 0x67, 0xa9, 0x48, 0x40,
    0x49, 0xab, 0xe0, 0x3, 0xc0,

    /* U+F070 "" */
    0x0, 0xff, 0xe8, 0x27, 0x38, 0x7, 0xff, 0x36,
    0x86, 0x2c, 0x3, 0xff, 0x99, 0x0, 0x4, 0xd2,
    0x0, 0xf1, 0x21, 0x90, 0x7, 0xff, 0x1, 0xb0,
    0x40, 0xb5, 0x80, 0xa3, 0x3f, 0x6f, 0x37, 0xed,
    0x80, 0x3f, 0xc7, 0xe8, 0x0, 0x9c, 0xd7, 0x30,
    0x13, 0x20, 0x2, 0x4f, 0x38, 0x7, 0xf0, 0xdb,
    0x80, 0xc, 0x0, 0xb9, 0xd9, 0xbf, 0x22, 0x3,
    0x18, 0x40, 0x1f, 0xd1, 0x62, 0x1, 0x69, 0x8a,
    0xa0, 0x37, 0x90, 0x0, 0xf0, 0xc0, 0x3e, 0x10,
    0x4f, 0x30, 0x4, 0x58, 0x55, 0xf2, 0x8f, 0x80,
    0x43, 0x84, 0x1, 0xcf, 0xe6, 0x3, 0x8c, 0x0,
    0x4f, 0x0, 0xd, 0x19, 0x38, 0x6, 0xf0, 0xc,
    0x50, 0x38, 0xc0, 0x9, 0xa0, 0x0, 0x80, 0x69,
    0xb, 0x0, 0xc5, 0x0, 0x15, 0x0, 0x53, 0x40,
    0x5, 0xd2, 0x0, 0xe7, 0x2, 0x0, 0xe7, 0x0,
    0xb8, 0x3, 0x2d, 0x0, 0xb, 0x54, 0x3, 0x30,
    0x18, 0x7, 0x8, 0x4, 0xc4, 0x1, 0x9c, 0x3,
    0x54, 0x80, 0x48, 0xae, 0x1, 0xd6, 0x1, 0xbc,
    0x3, 0x12, 0x0, 0x66, 0xc2, 0x0, 0x55, 0x80,
    0x66, 0x50, 0xc, 0x56, 0x1, 0xa4, 0x3, 0x8f,
    0x50, 0x0, 0x20, 0x12, 0x48, 0x7, 0x92, 0xc0,
    0x22, 0xb1, 0x0, 0xeb, 0x80, 0xc, 0x76, 0x1,
    0xf9, 0x34, 0x80, 0x9, 0xf0, 0x62, 0x40, 0x7,
    0xc1, 0x0, 0x1b, 0x0, 0x7f, 0x16, 0xc8, 0x80,
    0xbe, 0x76, 0xd8, 0x0, 0xfd, 0x0, 0x13, 0x40,
    0x1f, 0xe6, 0xeb, 0x63, 0x10, 0x3, 0x40, 0x0,
    0x6d, 0xc0, 0xb, 0xa4, 0x1, 0xfe, 0x49, 0xce,
    0xff, 0x6c, 0x0, 0x68, 0xb1, 0x2, 0xd3, 0x0,
    0xff, 0xe5, 0x27, 0x98, 0x1, 0xc0, 0x3f, 0xf9,
    0x63, 0x8f, 0x28,

    /* U+F071 "" */
    0x0, 0xff, 0xed, 0xe, 0xfd, 0x80, 0x7f, 0xf2,
    0xe8, 0x81, 0x1c, 0x3, 0xff, 0x92, 0x88, 0x0,
    0xa0, 0x40, 0x3f, 0xf9, 0x12, 0x1, 0xd6, 0x1,
    0xff, 0xc7, 0x72, 0x0, 0xe5, 0x30, 0xf, 0xfe,
    0x28, 0xc0, 0x7, 0xde, 0x1, 0xff, 0xc5, 0xb0,
    0xf, 0xc6, 0xc0, 0x1f, 0xfc, 0x33, 0x50, 0x1,
    0x3b, 0xc0, 0x14, 0x0, 0x7f, 0xf0, 0xfc, 0x2,
    0x58, 0x88, 0xc0, 0x3, 0x0, 0x1f, 0xfc, 0x16,
    0x30, 0x8, 0x40, 0x21, 0x0, 0x9c, 0x80, 0x3f,
    0xf8, 0x10, 0x1, 0x8c, 0x2, 0x30, 0xd, 0x20,
    0x1f, 0xf4, 0x8, 0x6, 0x10, 0x8, 0x40, 0x32,
    0x20, 0x3, 0xf8, 0x9c, 0x3, 0x9c, 0x3, 0xfa,
    0x40, 0x3f, 0xa4, 0x3, 0xc2, 0x0, 0x10, 0xf,
    0x13, 0x80, 0x7c, 0x88, 0x0, 0xf1, 0x6e, 0x60,
    0x3, 0xe8, 0x10, 0xf, 0x48, 0x7, 0xc3, 0xd9,
    0x60, 0x1f, 0xac, 0x3, 0x9c, 0x80, 0x3e, 0x63,
    0x6, 0x40, 0xf, 0x94, 0xc0, 0x21, 0x80, 0xf,
    0xfe, 0x3, 0x80, 0x7e, 0xf0, 0xa, 0x0, 0x3f,
    0x9d, 0x5, 0xcc, 0x3, 0xf1, 0xa8, 0x1, 0x80,
    0x3f, 0xd7, 0xd0, 0x1, 0xfe, 0xe0, 0x1, 0x0,
    0x7f, 0xf2, 0xc8, 0x1, 0xe8, 0x67, 0xff, 0xc9,
    0x69, 0x0,

    /* U+F074 "" */
    0x0, 0xff, 0xed, 0x1e, 0x28, 0x7, 0xff, 0x1d,
    0xe, 0x94, 0x0, 0x24, 0x58, 0x3, 0xf8, 0x89,
    0xc0, 0xa, 0x50, 0xed, 0xdd, 0xc4, 0x1, 0xec,
    0xdd, 0x30, 0x5, 0x4a, 0x1, 0xc3, 0x84, 0x1,
    0xb0, 0xc0, 0x3e, 0xa0, 0xf, 0xf, 0x88, 0x2,
    0xcc, 0x3, 0xf3, 0xdd, 0x54, 0x80, 0x2, 0x70,
    0xa4, 0x0, 0x15, 0x28, 0x4, 0xf0, 0x8a, 0xb5,
    0xa0, 0x3b, 0x52, 0x80, 0x7, 0x14, 0x80, 0xf,
    0x0, 0x1e, 0xb8, 0x84, 0xa8, 0x0, 0x70, 0x43,
    0x1, 0xe0, 0x3, 0xf3, 0xc3, 0x0, 0x7, 0x8,
    0x0, 0x9f, 0x0, 0x1f, 0xce, 0xe0, 0xb, 0x4c,
    0x2, 0x2a, 0x30, 0xf, 0xcd, 0x0, 0x15, 0x96,
    0x50, 0x1, 0x55, 0x86, 0x1, 0xe5, 0x90, 0xa,
    0xd3, 0x49, 0x64, 0x3c, 0x1, 0x86, 0x1d, 0xff,
    0x50, 0x5, 0x48, 0x44, 0x0, 0x37, 0xb8, 0x5,
    0x86, 0x20, 0x1e, 0x95, 0x2, 0xc1, 0x0, 0xfd,
    0xa0, 0x1e, 0x86, 0x0, 0x8b, 0x40, 0x3f, 0x24,
    0xc4, 0x6a, 0x70, 0xe, 0x3c, 0x88, 0x20, 0x4,
    0xb4, 0xce, 0xf9, 0x40, 0x3e, 0x37, 0x71, 0x80,
    0x16, 0x80, 0x3f, 0xf8, 0xbc, 0xb, 0x40, 0x1f,
    0xfc, 0x66, 0xda, 0x0, 0x80,

    /* U+F077 "" */
    0x0, 0xfc, 0x9c, 0xe0, 0x1f, 0xfc, 0x34, 0xb1,
    0x87, 0x0, 0xff, 0xe0, 0xa5, 0x80, 0x50, 0xe0,
    0x1f, 0xf2, 0x58, 0x7, 0x43, 0x80, 0x7f, 0x25,
    0x80, 0x46, 0x1, 0x43, 0x80, 0x7c, 0x96, 0x1,
    0x2e, 0x50, 0x5, 0xe, 0x1, 0xc9, 0x60, 0x12,
    0xd0, 0x2d, 0x0, 0x50, 0xe0, 0x12, 0x58, 0x4,
    0xd4, 0x1, 0x2c, 0x80, 0x50, 0xe0, 0x76, 0x1,
    0x34, 0x80, 0x73, 0x48, 0x5, 0xf, 0x20, 0x13,
    0x48, 0x7, 0xcd, 0x20, 0x14, 0x40, 0x41, 0xa4,
    0x3, 0xf9, 0xa4, 0x1, 0x45, 0x95, 0x20, 0x1f,
    0xf3, 0x5d, 0x94,

    /* U+F078 "" */
    0x9, 0xd3, 0x0, 0xff, 0x87, 0x2c, 0x61, 0x8b,
    0x4c, 0x3, 0xf8, 0x74, 0xd3, 0x44, 0x0, 0x3a,
    0x60, 0x1f, 0xe, 0x98, 0x0, 0x65, 0x0, 0x3,
    0xa6, 0x1, 0xc3, 0xa6, 0x0, 0x2c, 0xb, 0x40,
    0x0, 0xe9, 0x80, 0x43, 0xa6, 0x0, 0x2c, 0x10,
    0x5, 0xa0, 0x0, 0x74, 0xc0, 0x74, 0xc0, 0x5,
    0x82, 0x1, 0xad, 0x0, 0x3, 0xa9, 0xa6, 0x0,
    0x2c, 0x10, 0xf, 0x5a, 0x0, 0x6, 0xcc, 0x0,
    0x58, 0x20, 0x1f, 0xad, 0x0, 0x38, 0xb0, 0x40,
    0x3f, 0xd6, 0x80, 0x11, 0x60, 0x80, 0x7f, 0xf0,
    0x2d, 0x0, 0xb0, 0x40, 0x3f, 0xf8, 0x57, 0x38,
    0x20, 0x1f, 0x0,

    /* U+F079 "" */
    0x0, 0xc4, 0xe2, 0x1, 0xff, 0xcc, 0x2c, 0x8c,
    0x10, 0xf, 0xfe, 0x51, 0x60, 0x81, 0x60, 0x81,
    0xff, 0xff, 0xdc, 0x1, 0xe2, 0xc1, 0x0, 0x8b,
    0x4, 0x3, 0xff, 0x80, 0x22, 0x0, 0xc5, 0x82,
    0x1, 0xc5, 0x85, 0x48, 0x9f, 0x84, 0x3, 0xef,
    0x10, 0x41, 0x2, 0x30, 0x2a, 0x5b, 0xbf, 0xc8,
    0x1, 0xf2, 0x1, 0xd8, 0x5, 0xa4, 0x18, 0x1,
    0xff, 0xc5, 0x9c, 0xc0, 0x6, 0x1d, 0xc7, 0x0,
    0xff, 0xe3, 0x18, 0x7, 0xc6, 0x1, 0xff, 0xf3,
    0x75, 0x0, 0xe1, 0x93, 0x0, 0xff, 0xe2, 0xc4,
    0x29, 0x80, 0x22, 0xc6, 0xd0, 0xf, 0xfe, 0x2e,
    0x80, 0x25, 0x0, 0x1a, 0x40, 0x60, 0x1f, 0x17,
    0xff, 0xec, 0x49, 0x0, 0x8, 0x0, 0x40, 0xb0,
    0x3, 0xff, 0x88, 0x72, 0xd2, 0x1, 0xc5, 0x82,
    0x1, 0xd0, 0x89, 0xfe, 0x5b, 0x6, 0x90, 0x8,
    0xb0, 0x40, 0x3c, 0xd7, 0x7f, 0xea, 0x30, 0x3,
    0x48, 0x1e, 0x8, 0x7, 0xff, 0x2d, 0xb7, 0x4,
    0x3, 0x0,

    /* U+F07B "" */
    0x5, 0x78, 0x8e, 0x71, 0x0, 0xff, 0xe0, 0x55,
    0x21, 0xdf, 0xa3, 0x4, 0x3, 0xfe, 0x50, 0xf,
    0xc5, 0x82, 0x1, 0xff, 0xc8, 0x2f, 0xcc, 0xfa,
    0xe4, 0x40, 0x3f, 0xe1, 0x33, 0xf9, 0x1b, 0x40,
    0x3f, 0xf9, 0x26, 0x1, 0xff, 0xff, 0x0, 0xff,
    0xff, 0x80, 0x7f, 0xf9, 0x4, 0x3, 0xff, 0x90,
    0x54, 0x20, 0x1f, 0xfc, 0x61, 0x90,

    /* U+F093 "" */
    0x0, 0xff, 0xe9, 0x9f, 0xe0, 0x80, 0x7f, 0xf1,
    0x4f, 0x0, 0xf4, 0x40, 0x3f, 0xf8, 0x67, 0x80,
    0x11, 0xe8, 0x80, 0x7f, 0xf0, 0x4f, 0x0, 0x38,
    0xf4, 0x40, 0x3f, 0xe3, 0xc0, 0xf, 0x8f, 0x44,
    0x3, 0xf8, 0xf0, 0x3, 0xf8, 0xf4, 0x40, 0x3e,
    0x3c, 0x0, 0xff, 0x8f, 0x40, 0x3e, 0x50, 0xf,
    0xfe, 0x9, 0x88, 0x7, 0x9b, 0xbb, 0x8, 0x6,
    0x6e, 0xeb, 0xc4, 0x3, 0xe1, 0x1c, 0x1, 0xe1,
    0x18, 0x3, 0xff, 0xfe, 0x1, 0xff, 0xdc, 0xcf,
    0xfe, 0xe0, 0x30, 0xc, 0x21, 0xdf, 0xfd, 0x86,
    0x1, 0xc2, 0x7f, 0x33, 0x54, 0x18, 0x80, 0x71,
    0x80, 0x7d, 0xae, 0x89, 0x3a, 0xe8, 0x7, 0xff,
    0x8, 0x6b, 0x77, 0x50, 0x80, 0x7f, 0xf2, 0xba,
    0x47, 0xd0, 0x3, 0xff, 0x8a, 0xf8, 0x2a, 0xc0,
    0x4, 0x0, 0xff, 0xe1, 0x4a, 0x85, 0x10, 0x20,

    /* U+F095 "" */
    0x0, 0xff, 0xe2, 0x90, 0x7, 0xff, 0x25, 0xf7,
    0xf2, 0x14, 0x40, 0x3f, 0xf8, 0x92, 0x0, 0x37,
    0xaf, 0x0, 0xff, 0xe1, 0xa8, 0x80, 0x70, 0x80,
    0x7f, 0xf0, 0xe4, 0x3, 0xc2, 0x1, 0xff, 0xc2,
    0x33, 0x0, 0x78, 0xc0, 0x3f, 0xf8, 0x56, 0x1,
    0xf3, 0x80, 0x7f, 0xf0, 0xa8, 0x80, 0x3d, 0xa0,
    0x1f, 0xfc, 0x22, 0xc3, 0x0, 0xe4, 0x0, 0xff,
    0xe1, 0x8e, 0x10, 0x4, 0x46, 0x1, 0xff, 0xc4,
    0x32, 0x0, 0x94, 0x3, 0xff, 0x8b, 0xe0, 0x1a,
    0x40, 0x3f, 0xf8, 0x90, 0x60, 0x13, 0x88, 0x7,
    0xff, 0xd, 0x5c, 0x2, 0x28, 0x0, 0xf9, 0x6e,
    0x0, 0x39, 0xa8, 0x3, 0x70, 0x7, 0xb, 0xf5,
    0x23, 0xb0, 0x5, 0x12, 0x1, 0xa4, 0xc0, 0x34,
    0xf4, 0x8, 0x5, 0x28, 0x8d, 0x70, 0xc, 0xec,
    0x1, 0xce, 0x1, 0xf5, 0xd8, 0x80, 0x33, 0xc0,
    0x7, 0x94, 0x3, 0xff, 0x83, 0x30, 0x1, 0xf6,
    0x0, 0x7f, 0xc7, 0xac, 0x1, 0xf8, 0xc0, 0x3f,
    0x86, 0x70, 0x80, 0x3f, 0x90, 0x3, 0xe4, 0xae,
    0x60, 0xf, 0xfe, 0x4, 0x22, 0x1a, 0x2f, 0xed,
    0x40, 0x3f, 0xf8, 0x0,

    /* U+F0C4 "" */
    0x1, 0x8c, 0xda, 0x20, 0xf, 0xe2, 0x0, 0x87,
    0x1c, 0xc9, 0x74, 0xc0, 0x3d, 0x1f, 0xbf, 0x1,
    0x64, 0x1, 0xdc, 0x1, 0xd4, 0xe0, 0x13, 0x8a,
    0x0, 0xf7, 0x98, 0x11, 0x0, 0x2b, 0x50, 0x8,
    0x70, 0x44, 0x6, 0x20, 0xc0, 0x1, 0x0, 0x5a,
    0x0, 0x43, 0xa6, 0x8, 0x5, 0x96, 0xa0, 0x2,
    0xc, 0x40, 0x8, 0x74, 0xc0, 0x10, 0x0, 0x34,
    0x0, 0xb3, 0x6, 0x1, 0xe, 0x98, 0x4, 0x78,
    0x40, 0x1c, 0x46, 0x1, 0xe, 0x18, 0x7, 0x1e,
    0xf6, 0x90, 0x7, 0x87, 0x8, 0x3, 0xf0, 0x97,
    0x80, 0x7b, 0x48, 0x3, 0xfe, 0x90, 0xf, 0x78,
    0x7, 0xe1, 0x8c, 0xe4, 0x0, 0xf1, 0xe0, 0x7,
    0x87, 0x1c, 0xc4, 0x3, 0xf1, 0xe0, 0x7, 0x59,
    0x0, 0x7b, 0x30, 0x20, 0x11, 0xe0, 0x6, 0x40,
    0x1e, 0xf3, 0x0, 0x9, 0xe0, 0x80, 0x47, 0x82,
    0x0, 0x10, 0x31, 0x6, 0x0, 0x8, 0x16, 0x8,
    0x4, 0x7a, 0x20, 0x80, 0x59, 0x6a, 0x0, 0x30,
    0x1, 0x79, 0x0, 0x47, 0xa1, 0x0, 0x3, 0x40,
    0x4, 0x0, 0x61, 0xc3, 0x0, 0x84, 0x47, 0x84,
    0x0, 0x19, 0x70, 0xe, 0x1c, 0xb8, 0xad, 0x10,
    0x3d, 0xee, 0x98, 0x3, 0xf2, 0x3a, 0x80, 0x0,

    /* U+F0C5 "" */
    0x0, 0xf0, 0x91, 0x7c, 0x2, 0x1, 0xfc, 0x7d,
    0xbb, 0xec, 0xf, 0x60, 0xf, 0xcc, 0x1, 0xfe,
    0x96, 0x0, 0xff, 0xe3, 0xcb, 0x80, 0x4, 0x88,
    0x1, 0xff, 0xc2, 0x82, 0xde, 0xdd, 0x10, 0x7,
    0xe1, 0x17, 0x7f, 0xc4, 0x40, 0xf, 0xfe, 0xf,
    0x7f, 0xe3, 0x0, 0xff, 0xff, 0x80, 0x7f, 0xff,
    0xc0, 0x3f, 0xfd, 0x62, 0x1, 0xff, 0xc1, 0x10,
    0xc, 0xe9, 0x53, 0x3f, 0xf5, 0x10, 0x6, 0xb4,
    0x56, 0x6f, 0xf9, 0x40, 0x38, 0x6f, 0xff, 0xee,
    0x0, 0xff, 0xe7, 0x3a, 0x19, 0xff, 0x92, 0x40,
    0x3c,

    /* U+F0C7 "" */
    0x2a, 0xcc, 0xff, 0xe0, 0x48, 0x80, 0x6e, 0x53,
    0x3f, 0xfe, 0x3, 0x60, 0x80, 0x46, 0x1, 0xff,
    0xc2, 0x2c, 0x10, 0xc, 0x7f, 0xff, 0xec, 0x0,
    0x16, 0x8, 0x7, 0xff, 0x8, 0x80, 0x22, 0xc0,
    0xf, 0xfe, 0x39, 0x28, 0x7, 0xff, 0x1c, 0xc0,
    0x3f, 0xf9, 0x47, 0x77, 0xfe, 0xd0, 0xf, 0xe4,
    0x4f, 0xf1, 0x80, 0x7f, 0xf5, 0x46, 0xbb, 0x10,
    0x3, 0xff, 0x87, 0xaa, 0x27, 0x66, 0x1, 0xff,
    0xc1, 0x13, 0x0, 0xc8, 0x1, 0xff, 0xc1, 0x10,
    0xe, 0x10, 0xf, 0xfe, 0x14, 0x80, 0x48, 0xc0,
    0x1f, 0xfc, 0x26, 0xda, 0xbb, 0x0, 0x7e, 0x10,
    0xf, 0x89, 0x50, 0x3, 0xf1, 0xc0, 0x7, 0xff,
    0x15, 0x15, 0xbf, 0x77, 0xff, 0x87, 0xd6, 0x0,

    /* U+F0E7 "" */
    0x0, 0x8d, 0x13, 0x8c, 0x3, 0xe8, 0xcb, 0xbe,
    0xc8, 0x0, 0xf1, 0x80, 0x7d, 0xc0, 0x1e, 0x60,
    0xf, 0x9c, 0x3, 0xc4, 0x1, 0xe3, 0x10, 0xe,
    0x20, 0xf, 0xac, 0x3, 0xcc, 0x1, 0xf2, 0x80,
    0x78, 0x80, 0x3c, 0x28, 0xcd, 0x28, 0x87, 0x0,
    0x78, 0x66, 0x75, 0x58, 0x10, 0x7, 0xff, 0x3,
    0x1, 0x80, 0x3f, 0xe2, 0x60, 0x30, 0xf, 0xfa,
    0x40, 0x4, 0x1, 0xfe, 0x44, 0x0, 0x37, 0xb7,
    0x70, 0x7, 0x48, 0x6, 0x12, 0x28, 0x3, 0x9c,
    0x80, 0x3f, 0x20, 0x4, 0x30, 0x1, 0xfd, 0x80,
    0x14, 0x0, 0x7f, 0x90, 0x0, 0x6c, 0x1, 0xfc,
    0x42, 0x0, 0xf0, 0xf, 0xf3, 0x80, 0x14, 0xc0,
    0x3f, 0xd8, 0x0, 0xb0, 0xf, 0xf9, 0x42, 0x4,
    0x3, 0xfe, 0xa6, 0x70, 0xf, 0x80,

    /* U+F0EA "" */
    0x0, 0xf0, 0x80, 0x7f, 0xf1, 0x47, 0x3b, 0xe4,
    0x3, 0xfe, 0x8c, 0xcc, 0x68, 0x6d, 0x99, 0x98,
    0x3, 0xce, 0x67, 0x10, 0xde, 0x81, 0x9e, 0xa0,
    0xf, 0xf8, 0x77, 0xc0, 0x3f, 0xf8, 0xc4, 0x20,
    0x1f, 0xfc, 0x66, 0xdf, 0xfe, 0xc0, 0xf, 0xf8,
    0xe4, 0xc8, 0xbc, 0x2, 0x1, 0xfc, 0x81, 0xfb,
    0xbd, 0xc1, 0xec, 0x1, 0xfc, 0x22, 0x0, 0xfd,
    0x2c, 0x1, 0xff, 0xc7, 0x97, 0x0, 0xff, 0xe3,
    0xc1, 0x0, 0x7f, 0xf0, 0x48, 0x7b, 0xfe, 0x20,
    0xf, 0xfe, 0x8, 0xf7, 0xfe, 0x30, 0xf, 0xff,
    0xf8, 0x7, 0x53, 0xbe, 0xc0, 0xf, 0xfe, 0x12,
    0xc4, 0x64, 0x0, 0xff, 0xf8, 0xb, 0xaa, 0xff,
    0x9c, 0xc0,

    /* U+F0F3 "" */
    0x0, 0xff, 0xe8, 0x37, 0xd0, 0x7, 0xff, 0x17,
    0x41, 0x40, 0x3f, 0xf8, 0x65, 0xa, 0x0, 0x94,
    0x0, 0xff, 0xe0, 0x46, 0xb8, 0x80, 0x1a, 0xec,
    0x20, 0x1f, 0xd4, 0xe0, 0x1f, 0x26, 0x80, 0x7e,
    0x55, 0x0, 0x7f, 0x1c, 0x0, 0x7d, 0x0, 0x1f,
    0xf3, 0x80, 0x78, 0x48, 0x3, 0xff, 0x80, 0xa0,
    0x1c, 0x40, 0x1f, 0xfc, 0x12, 0x0, 0xe7, 0x0,
    0xff, 0xe0, 0xf8, 0x7, 0x8, 0x7, 0xff, 0x4,
    0x40, 0x3b, 0x40, 0x3f, 0xf8, 0x2a, 0x1, 0xc8,
    0x1, 0xff, 0xc1, 0x30, 0xc, 0x46, 0x1, 0xff,
    0xc2, 0x60, 0xa, 0x40, 0x3f, 0xf8, 0x70, 0x21,
    0x28, 0x1, 0xff, 0xc3, 0x1d, 0x6, 0x0, 0xff,
    0xe2, 0x99, 0xa4, 0xc8, 0xbf, 0xf8, 0x8c, 0x6d,
    0x9b, 0xbf, 0xfc, 0x49, 0x0, 0xfd, 0xff, 0xc8,
    0x1, 0xff, 0xc2, 0x60, 0x8, 0x90, 0x3, 0xff,
    0x85, 0x30, 0x8f, 0x80, 0x1f, 0x80,

    /* U+F11C "" */
    0x19, 0xbb, 0xff, 0xe4, 0xb8, 0x6b, 0x22, 0x7f,
    0xf2, 0x61, 0xcc, 0x3, 0xff, 0x97, 0x80, 0x2,
    0xff, 0x38, 0x77, 0xc0, 0x77, 0xd0, 0x67, 0xe0,
    0x57, 0xf0, 0x1, 0xc0, 0x2, 0x0, 0xf1, 0x10,
    0x8, 0x8, 0x8, 0x8, 0x8, 0x8, 0x8, 0x7,
    0xef, 0x10, 0x0, 0x80, 0x80, 0x80, 0x80, 0x80,
    0x80, 0x80, 0x71, 0xff, 0x9c, 0x3f, 0xd0, 0x1d,
    0xf4, 0x19, 0xf8, 0x15, 0xfc, 0x1, 0xf0, 0xcc,
    0x90, 0x26, 0x4a, 0x11, 0x2e, 0xf, 0x30, 0x1,
    0xfc, 0x6c, 0xcd, 0x6, 0x67, 0x83, 0x32, 0xc2,
    0xd9, 0x80, 0x1f, 0xfc, 0x1, 0x0, 0xff, 0xe4,
    0x97, 0xfa, 0x3, 0xfd, 0x41, 0xdf, 0x81, 0x9f,
    0xc0, 0x1f, 0xc, 0xc8, 0xc2, 0x26, 0x7f, 0x98,
    0x16, 0x60, 0x3, 0x89, 0x99, 0x62, 0xec, 0xdf,
    0xd6, 0x1c, 0xce, 0x1, 0xff, 0xd2, 0x3c, 0xc4,
    0x8e, 0x67, 0xfb, 0xc2, 0x73, 0x0, 0x7, 0x20,
    0x1, 0x98, 0x40, 0xcf, 0xfc, 0x40, 0x46, 0x60,
    0x1, 0x48, 0x80, 0x7f, 0xf2, 0x4e, 0x0,

    /* U+F124 "" */
    0x0, 0xff, 0xe4, 0x10, 0x80, 0x7f, 0xf2, 0x17,
    0x37, 0x94, 0x3, 0xff, 0x8a, 0xdb, 0x46, 0x0,
    0xb0, 0xf, 0xfe, 0x10, 0xbf, 0x49, 0x0, 0x63,
    0x0, 0xff, 0xe0, 0x14, 0xf4, 0x8, 0x7, 0xac,
    0x3, 0xfc, 0x75, 0xac, 0x1, 0xf8, 0x58, 0x3,
    0xf2, 0x5e, 0x28, 0x7, 0xf9, 0x80, 0x3e, 0x5d,
    0xb4, 0x0, 0xff, 0xe0, 0x48, 0x7, 0x3f, 0x51,
    0x0, 0x7f, 0xf0, 0x58, 0x40, 0x24, 0xe8, 0x10,
    0xf, 0xfe, 0x1d, 0x80, 0x6a, 0x10, 0xf, 0xfe,
    0x22, 0x90, 0x7, 0xff, 0x2a, 0x40, 0x3a, 0xc0,
    0x3f, 0xf8, 0x86, 0x60, 0xe, 0x5f, 0xed, 0xdf,
    0x40, 0x7, 0xd0, 0x1, 0xf8, 0x48, 0xbc, 0x20,
    0x1e, 0x24, 0x0, 0xff, 0xe5, 0x58, 0x7, 0xff,
    0x28, 0x58, 0x3, 0xff, 0x95, 0x20, 0x1f, 0xfc,
    0xb7, 0x0, 0xff, 0xe5, 0x38, 0x7, 0xff, 0x18,
    0xc0, 0x34, 0x80, 0x7f, 0xf1, 0x9c, 0x2, 0x61,
    0x0, 0xff, 0xe3, 0x15, 0x23, 0xc8, 0x7, 0xf0,

    /* U+F15B "" */
    0x37, 0x7f, 0xc8, 0xa, 0x1, 0xd9, 0x11, 0xfb,
    0x82, 0xa8, 0x1, 0xff, 0xc4, 0x5a, 0x0, 0xff,
    0xe2, 0x2d, 0x0, 0x7f, 0xf1, 0x16, 0x80, 0x3f,
    0xf8, 0x8a, 0xc0, 0x1f, 0xf7, 0xff, 0x30, 0x7,
    0xf2, 0x19, 0x17, 0x8, 0x7, 0xf0, 0xe6, 0xef,
    0x48, 0x7, 0xff, 0xfc, 0x3, 0xff, 0xfe, 0x1,
    0xff, 0xfa, 0xf4, 0x0, 0xff, 0xe1, 0x9, 0x80,

    /* U+F1EB "" */
    0x0, 0xff, 0xec, 0x13, 0x4e, 0x6f, 0x6e, 0x5c,
    0x28, 0x7, 0xff, 0x8, 0x63, 0x75, 0x2c, 0x64,
    0x24, 0x68, 0xf5, 0xf6, 0xa0, 0x1f, 0xc3, 0x3c,
    0xe4, 0x1, 0xff, 0xc0, 0x4a, 0xd5, 0x0, 0xf3,
    0x73, 0x0, 0x71, 0x23, 0x34, 0xa6, 0x1, 0xc5,
    0x56, 0x20, 0x15, 0x48, 0x6, 0x39, 0xed, 0xb9,
    0x9a, 0xb3, 0xf1, 0x84, 0x2, 0x4f, 0x40, 0xc5,
    0x0, 0x93, 0x30, 0xc2, 0x1, 0xf8, 0xe7, 0xa0,
    0x2, 0x1b, 0x46, 0x0, 0xa6, 0xcc, 0x3, 0xff,
    0x84, 0xfc, 0x80, 0x13, 0x52, 0x96, 0xb0, 0x6,
    0x49, 0xce, 0xfe, 0xdb, 0x62, 0x0, 0x86, 0xdc,
    0x70, 0x82, 0xb4, 0x80, 0x26, 0xeb, 0x63, 0x10,
    0x12, 0x49, 0xda, 0x20, 0xa, 0x38, 0xc0, 0x3c,
    0x59, 0x22, 0x1, 0xfe, 0x5d, 0x70, 0xf, 0xf0,
    0xe9, 0x80, 0x64, 0x78, 0x76, 0x20, 0xd, 0x10,
    0x0, 0xfe, 0x14, 0x0, 0xc, 0xfd, 0xc3, 0xc4,
    0xee, 0x28, 0x5, 0x80, 0x1f, 0xeb, 0x45, 0xf6,
    0x0, 0xf8, 0xea, 0x85, 0x68, 0x1, 0xff, 0x5d,
    0x8, 0x6, 0x10, 0xe, 0x5d, 0x40, 0xf, 0xfe,
    0x28, 0xe7, 0x7b, 0x0, 0x7f, 0xf2, 0xe8, 0xc0,
    0x12, 0x60, 0x1f, 0xfc, 0xa4, 0x0, 0xc8, 0x1,
    0xff, 0xca, 0x20, 0xc, 0x40, 0x1f, 0xfc, 0xae,
    0x0, 0x95, 0x40, 0x1f, 0xfc, 0xa3, 0xea, 0xca,
    0x0, 0xff, 0xe0, 0x0,

    /* U+F240 "" */
    0x0, 0xff, 0xe8, 0x27, 0x7f, 0xff, 0xf2, 0xd8,
    0x1, 0x42, 0x1, 0xff, 0xcb, 0x90, 0x0, 0x80,
    0xa2, 0x7f, 0xf2, 0x8, 0x0, 0xa0, 0x11, 0x5d,
    0xff, 0xf2, 0x28, 0x1, 0x52, 0x1, 0xbb, 0xff,
    0xff, 0x8a, 0x1, 0xc6, 0x1, 0xff, 0xcb, 0x48,
    0x0, 0xff, 0xe7, 0x1b, 0x0, 0x7f, 0xfa, 0x97,
    0x0, 0x3e, 0x97, 0x7f, 0xfe, 0x28, 0x11, 0x0,
    0x3e, 0x78, 0x8f, 0xfe, 0x28, 0x7, 0x60, 0x0,
    0xff, 0xff, 0xf9, 0x10, 0x0, 0xe6, 0x30, 0xf,
    0xfe, 0x60, 0x88, 0x35, 0x91, 0x3f, 0xf9, 0x4d,
    0x80, 0x0,

    /* U+F241 "" */
    0x0, 0xff, 0xe8, 0x27, 0x7f, 0xff, 0xf2, 0xd8,
    0x1, 0x42, 0x1, 0xff, 0xcb, 0x90, 0x0, 0x80,
    0xa2, 0x7f, 0xf2, 0x8, 0x0, 0xa0, 0x11, 0x5d,
    0xff, 0xf2, 0x28, 0x1, 0x52, 0x1, 0xbb, 0xff,
    0xff, 0x81, 0xa0, 0x1f, 0xc6, 0x1, 0xff, 0xcb,
    0x48, 0x0, 0xff, 0xe7, 0x1b, 0x0, 0x7f, 0xfa,
    0x97, 0x0, 0x3e, 0x97, 0x7f, 0xfe, 0x5, 0x80,
    0x71, 0x10, 0x3, 0xe7, 0x88, 0xff, 0xe0, 0x30,
    0x7, 0xf6, 0x0, 0xf, 0xff, 0xff, 0x91, 0x0,
    0xe, 0x63, 0x0, 0xff, 0xe6, 0x8, 0x83, 0x59,
    0x13, 0xff, 0x94, 0xd8, 0x0,

    /* U+F242 "" */
    0x0, 0xff, 0xe8, 0x27, 0x7f, 0xff, 0xf2, 0xd8,
    0x1, 0x42, 0x1, 0xff, 0xcb, 0x90, 0x0, 0x80,
    0xa2, 0x7f, 0xf2, 0x8, 0x0, 0xa0, 0x11, 0x5d,
    0xff, 0xf2, 0x28, 0x1, 0x52, 0x1, 0xbb, 0xff,
    0xf5, 0x80, 0x7f, 0xf0, 0x4c, 0x3, 0xff, 0x96,
    0x90, 0x1, 0xff, 0xce, 0x36, 0x0, 0xff, 0xf5,
    0x2e, 0x0, 0x7d, 0x2e, 0xff, 0xb8, 0x3, 0xf8,
    0x88, 0x1, 0xf3, 0xc4, 0x7e, 0x50, 0xf, 0xfe,
    0xe, 0x0, 0xf, 0xff, 0xff, 0x91, 0x0, 0xe,
    0x63, 0x0, 0xff, 0xe6, 0x8, 0x83, 0x59, 0x13,
    0xff, 0x94, 0xd8, 0x0,

    /* U+F243 "" */
    0x0, 0xff, 0xe8, 0x27, 0x7f, 0xff, 0xf2, 0xd8,
    0x1, 0x42, 0x1, 0xff, 0xcb, 0x90, 0x0, 0x80,
    0xa2, 0x7f, 0xf2, 0x8, 0x0, 0xa0, 0x11, 0x5d,
    0xff, 0xf2, 0x28, 0x1, 0x52, 0x1, 0xbb, 0xff,
    0x48, 0x7, 0xff, 0x14, 0xc0, 0x3f, 0xf9, 0x69,
    0x0, 0x1f, 0xfc, 0xe3, 0x60, 0xf, 0xff, 0x52,
    0xe0, 0x7, 0xd2, 0xef, 0xb4, 0x3, 0xff, 0x82,
    0x44, 0x0, 0xf9, 0xe2, 0x32, 0x0, 0x7f, 0xf1,
    0x70, 0x0, 0x7f, 0xff, 0xfc, 0x88, 0x0, 0x73,
    0x18, 0x7, 0xff, 0x30, 0x44, 0x1a, 0xc8, 0x9f,
    0xfc, 0xa6, 0xc0, 0x0,

    /* U+F244 "" */
    0x0, 0xff, 0xe8, 0x27, 0x7f, 0xff, 0xf2, 0xd8,
    0x1, 0x42, 0x1, 0xff, 0xcb, 0x90, 0x0, 0x80,
    0xa2, 0x7f, 0xf2, 0x8, 0x0, 0xa0, 0x11, 0x5d,
    0xff, 0xf2, 0x28, 0x1, 0x52, 0x1, 0xff, 0xcf,
    0x30, 0xf, 0xfe, 0x5a, 0x40, 0x7, 0xff, 0x38,
    0xd8, 0x3, 0xff, 0xd4, 0xb8, 0x1, 0xff, 0xce,
    0x22, 0x0, 0x7f, 0xf4, 0xb0, 0x0, 0x7f, 0xff,
    0xfc, 0x88, 0x0, 0x73, 0x18, 0x7, 0xff, 0x30,
    0x44, 0x1a, 0xc8, 0x9f, 0xfc, 0xa6, 0xc0, 0x0,

    /* U+F287 "" */
    0x0, 0xff, 0xe1, 0xc, 0x49, 0x0, 0x7f, 0xf2,
    0x84, 0xb1, 0xdb, 0x4, 0x3, 0xff, 0x8e, 0x39,
    0xda, 0x40, 0x1, 0x40, 0xf, 0xfe, 0x3e, 0x9c,
    0x48, 0x6, 0x70, 0xf, 0xfe, 0x32, 0x9c, 0xbb,
    0x59, 0x95, 0x10, 0x7, 0xfc, 0x66, 0x0, 0xe8,
    0x26, 0x0, 0x26, 0x6a, 0x80, 0x7f, 0x87, 0x32,
    0xd2, 0x0, 0x21, 0x58, 0x7, 0xff, 0x3, 0x10,
    0x2, 0xb3, 0x0, 0x17, 0x0, 0xc8, 0xb0, 0x7,
    0xfc, 0x27, 0x74, 0x20, 0xa0, 0x18, 0xff, 0x88,
    0x7f, 0xff, 0xf8, 0x1c, 0x0, 0x5e, 0x52, 0x0,
    0xe7, 0x7c, 0xc0, 0x2e, 0xff, 0xe0, 0x9, 0x92,
    0x0, 0x33, 0xc4, 0x69, 0x81, 0xb8, 0x8f, 0xe0,
    0x3c, 0x91, 0x5b, 0x44, 0x4c, 0x0, 0x73, 0x8c,
    0x0, 0x7f, 0x5e, 0x18, 0x4, 0x97, 0x66, 0x0,
    0xf9, 0x90, 0xc0, 0x11, 0x18, 0xc1, 0x0, 0x3f,
    0xf8, 0x92, 0x3e, 0x24, 0xef, 0x90, 0x3, 0xff,
    0x8c, 0x34, 0x7d, 0xa0, 0x1f, 0xfc, 0xc4, 0xd8,
    0x60, 0xf, 0xfe, 0x69, 0x3d, 0x80, 0x61, 0x0,
    0xff, 0xe5, 0x17, 0xfe, 0x60, 0xf, 0x0,

    /* U+F293 "" */
    0x0, 0xfc, 0x22, 0x0, 0xff, 0x8a, 0x7b, 0xfb,
    0x9f, 0x8e, 0x1, 0xf3, 0xeb, 0x8, 0x10, 0x0,
    0xe3, 0x48, 0x3, 0x44, 0x0, 0x37, 0x90, 0x4,
    0x58, 0x1, 0x1b, 0x80, 0x71, 0xe1, 0x0, 0x43,
    0x20, 0x9, 0x0, 0xf8, 0x70, 0x40, 0x26, 0x0,
    0x28, 0x7, 0xc4, 0x18, 0x20, 0x12, 0x98, 0x5,
    0x70, 0x1, 0xe, 0x1e, 0x80, 0x5a, 0xa0, 0x19,
    0xe0, 0x2, 0x24, 0x33, 0x0, 0xf, 0x80, 0x2b,
    0x47, 0x80, 0x5, 0x2d, 0x18, 0x1, 0x84, 0x3,
    0x5a, 0x38, 0x9a, 0xc2, 0x80, 0x46, 0x60, 0xe,
    0xb3, 0x0, 0x33, 0x80, 0x7f, 0xf0, 0x1c, 0x3,
    0xf8, 0xc0, 0x3a, 0xd0, 0x0, 0xd0, 0x1, 0xc2,
    0x1, 0xad, 0x18, 0x4d, 0x5d, 0xc0, 0x11, 0xf0,
    0x5, 0x68, 0xf2, 0x0, 0xa4, 0x86, 0x0, 0x32,
    0x80, 0x67, 0x80, 0x8, 0x94, 0x50, 0x0, 0x46,
    0x1, 0x5c, 0x0, 0x43, 0x81, 0x84, 0x0, 0xc0,
    0x50, 0xf, 0x19, 0x6, 0x10, 0x4, 0xa1, 0x0,
    0x1f, 0x17, 0x90, 0x4, 0xe0, 0x2, 0x90, 0xe,
    0x6c, 0x10, 0x8, 0x60, 0x2, 0x6b, 0x10, 0xa,
    0xc4, 0x2, 0x3c, 0x0, 0xe4, 0xea, 0x63, 0x22,
    0x1b, 0x5e, 0x10, 0x0,

    /* U+F2ED "" */
    0x0, 0xf8, 0x8b, 0x84, 0x3, 0xff, 0x83, 0x9b,
    0xbd, 0xe2, 0x1, 0xea, 0xcc, 0xda, 0x60, 0x1c,
    0x39, 0x9e, 0x15, 0x33, 0xc4, 0x1, 0xf1, 0x19,
    0xf2, 0x90, 0x7, 0xff, 0x14, 0x5b, 0x7f, 0xff,
    0xf8, 0xbc, 0x40, 0xf9, 0x9f, 0xfc, 0x3a, 0x0,
    0xb4, 0xcf, 0xff, 0x86, 0x80, 0x1f, 0xfc, 0xe1,
    0xe1, 0x0, 0x69, 0x80, 0x31, 0x0, 0x3f, 0x8c,
    0x4c, 0x0, 0x4e, 0x0, 0x22, 0x0, 0x7f, 0xff,
    0xc0, 0x3f, 0xff, 0xe0, 0x1f, 0xfc, 0x73, 0x13,
    0x0, 0xb, 0x80, 0x8, 0xc0, 0x3c, 0x60, 0x1,
    0xe1, 0x0, 0x71, 0x80, 0x31, 0x40, 0x6, 0x1,
    0x78, 0x7, 0xff, 0xd, 0xc0, 0x26, 0x84, 0x33,
    0xff, 0x91, 0xac, 0x0,

    /* U+F304 "" */
    0x0, 0xff, 0xe2, 0x89, 0x80, 0x7f, 0xf2, 0x13,
    0xb3, 0x44, 0x3, 0xff, 0x8a, 0x96, 0x0, 0x2c,
    0x10, 0xf, 0xfe, 0x19, 0xd8, 0x6, 0x2c, 0x10,
    0xf, 0xfe, 0x8, 0x99, 0x80, 0x38, 0xa8, 0x3,
    0xff, 0x80, 0x9e, 0x98, 0x60, 0x1c, 0x80, 0x1f,
    0xf2, 0x58, 0xda, 0x61, 0x80, 0x65, 0x0, 0xff,
    0x25, 0x80, 0x56, 0x98, 0x60, 0x4, 0xa0, 0xf,
    0xe4, 0xb0, 0xe, 0xb4, 0xc3, 0x4b, 0x0, 0xfe,
    0x4b, 0x0, 0xfa, 0xd3, 0x2c, 0x3, 0xf9, 0x2c,
    0x3, 0xfb, 0x80, 0x3f, 0xc9, 0x60, 0x1f, 0xc9,
    0x40, 0x1f, 0xc9, 0x60, 0x1f, 0xc9, 0x60, 0x1f,
    0xc9, 0x60, 0x1f, 0xc9, 0x60, 0x1f, 0xc9, 0x60,
    0x1f, 0xc9, 0x60, 0x1f, 0xc9, 0x60, 0x1f, 0xc9,
    0x60, 0x1f, 0xc7, 0x60, 0x1f, 0xc9, 0x60, 0x1f,
    0xeb, 0x0, 0xfe, 0x4b, 0x0, 0xff, 0x88, 0x3,
    0xf2, 0x58, 0x7, 0xff, 0x1, 0x80, 0x3e, 0x4b,
    0x0, 0xff, 0xe0, 0x90, 0x7, 0x92, 0xc0, 0x3f,
    0xf8, 0x42, 0x1, 0xc9, 0x60, 0x1f, 0xfc, 0x37,
    0x46, 0x8a, 0xbb, 0x0, 0x7f, 0xf0, 0xc0,

    /* U+F55A "" */
    0x0, 0xf8, 0x9a, 0x23, 0xff, 0x86, 0xea, 0x1,
    0xf9, 0x76, 0x5d, 0xff, 0xf8, 0x71, 0x58, 0x1,
    0xe5, 0xa0, 0xf, 0xfe, 0x39, 0xa8, 0x6, 0x5a,
    0x0, 0xff, 0xe4, 0x90, 0x4, 0xb4, 0x1, 0xf3,
    0xf9, 0x80, 0x47, 0xee, 0x1, 0xef, 0x0, 0x2d,
    0x0, 0x7c, 0x70, 0x18, 0x60, 0x78, 0x10, 0x60,
    0x1f, 0x2d, 0x0, 0x7e, 0x35, 0x0, 0x63, 0x60,
    0x1, 0x4c, 0x3, 0xcb, 0x40, 0x1f, 0xea, 0x50,
    0x4, 0x80, 0x16, 0x80, 0x3e, 0xb0, 0xf, 0xfe,
    0x5, 0x20, 0x4, 0x94, 0x1, 0xf9, 0x40, 0x3f,
    0xf8, 0x6, 0x80, 0x12, 0x18, 0x7, 0xeb, 0x30,
    0xf, 0xf1, 0xe0, 0x0, 0x40, 0x18, 0x60, 0x1f,
    0xb0, 0xc0, 0x3f, 0x16, 0x0, 0x17, 0x94, 0x1,
    0x84, 0x1, 0xfb, 0xc, 0x3, 0xe3, 0x10, 0x5a,
    0xa, 0x50, 0x13, 0x0, 0xfe, 0xc3, 0x0, 0xf0,
    0xfc, 0x50, 0x5, 0x51, 0xe2, 0x1, 0xfe, 0xc3,
    0x0, 0xf0, 0xb8, 0x7, 0x38, 0x80, 0x7b, 0xc0,
    0x3b, 0xc, 0x3, 0xff, 0x90, 0xa0, 0x1e, 0xc6,
    0x10, 0xf, 0xfe, 0x21, 0x51, 0x0,

    /* U+F7C2 "" */
    0x0, 0xff, 0xe4, 0x97, 0x7f, 0xfe, 0xe7, 0x0,
    0xc5, 0x82, 0x1, 0xf8, 0x61, 0x40, 0x5, 0x82,
    0x88, 0x3, 0x40, 0x24, 0x40, 0x3, 0x0, 0xb0,
    0x4a, 0xe4, 0x22, 0xc6, 0xae, 0x80, 0x6, 0x58,
    0x20, 0x1f, 0xfc, 0x2c, 0x10, 0xf, 0xfe, 0x18,
    0x80, 0x62, 0x60, 0x22, 0x7, 0x91, 0x0, 0x3e,
    0x2d, 0xb0, 0x9d, 0x17, 0xdc, 0x0, 0xff, 0xff,
    0x80, 0x7f, 0xff, 0xc0, 0x3f, 0xfd, 0x86, 0xc0,
    0x1f, 0xfc, 0x3d, 0x96, 0x10, 0xf, 0xf8, 0xa9,
    0x0,

    /* U+F8A2 "" */
    0x0, 0xff, 0xe4, 0xe, 0x0, 0x7f, 0xf2, 0x7,
    0xcc, 0x40, 0x3f, 0xf8, 0xc3, 0xe2, 0x1, 0xe3,
    0xed, 0x0, 0xff, 0x90, 0x40, 0x3c, 0x98, 0x24,
    0x1, 0xff, 0xc6, 0x5b, 0x0, 0xff, 0xe4, 0x35,
    0x0, 0x66, 0x6f, 0xfb, 0x0, 0x33, 0xc8, 0x7,
    0x4c, 0xff, 0xcc, 0x1, 0xa8, 0x3, 0xff, 0x95,
    0xc2, 0x1, 0xff, 0xc7, 0x21, 0x3c, 0x10, 0xd,
    0xdd, 0xff, 0xc2, 0xd0, 0x1, 0x61, 0x0, 0x42,
    0x3f, 0xfc, 0x20, 0xc, 0x58, 0x40, 0x1f, 0xfc,
    0x91, 0xc4, 0x70, 0xf, 0xfe, 0x20
};


/*---------------------
 *  GLYPH DESCRIPTION
 *--------------------*/

static const lv_font_fmt_txt_glyph_dsc_t glyph_dsc[] = {
    {.bitmap_index = 0, .adv_w = 0, .box_w = 0, .box_h = 0, .ofs_x = 0, .ofs_y = 0} /* id = 0 reserved */,
    {.bitmap_index = 0, .adv_w = 89, .box_w = 0, .box_h = 0, .ofs_x = 0, .ofs_y = 0},
    {.bitmap_index = 0, .adv_w = 83, .box_w = 3, .box_h = 14, .ofs_x = 1, .ofs_y = 0},
    {.bitmap_index = 21, .adv_w = 119, .box_w = 6, .box_h = 5, .ofs_x = 1, .ofs_y = 9},
    {.bitmap_index = 37, .adv_w = 238, .box_w = 13, .box_h = 14, .ofs_x = 1, .ofs_y = 0},
    {.bitmap_index = 123, .adv_w = 180, .box_w = 9, .box_h = 18, .ofs_x = 1, .ofs_y = -2},
    {.bitmap_index = 195, .adv_w = 255, .box_w = 14, .box_h = 14, .ofs_x = 1, .ofs_y = 0},
    {.bitmap_index = 282, .adv_w = 212, .box_w = 12, .box_h = 14, .ofs_x = 1, .ofs_y = 0},
    {.bitmap_index = 356, .adv_w = 65, .box_w = 2, .box_h = 4, .ofs_x = 1, .ofs_y = 10},
    {.bitmap_index = 360, .adv_w = 102, .box_w = 4, .box_h = 17, .ofs_x = 1, .ofs_y = -3},
    {.bitmap_index = 382, .adv_w = 102, .box_w = 4, .box_h = 17, .ofs_x = 1, .ofs_y = -3},
    {.bitmap_index = 401, .adv_w = 142, .box_w = 7, .box_h = 6, .ofs_x = 1, .ofs_y = 8},
    {.bitmap_index = 423, .adv_w = 188, .box_w = 10, .box_h = 9, .ofs_x = 1, .ofs_y = 2},
    {.bitmap_index = 456, .adv_w = 68, .box_w = 2, .box_h = 6, .ofs_x = 1, .ofs_y = -2},
    {.bitmap_index = 462, .adv_w = 110, .box_w = 6, .box_h = 3, .ofs_x = 0, .ofs_y = 5},
    {.bitmap_index = 471, .adv_w = 68, .box_w = 2, .box_h = 4, .ofs_x = 1, .ofs_y = 0},
    {.bitmap_index = 476, .adv_w = 141, .box_w = 7, .box_h = 14, .ofs_x = 1, .ofs_y = 0},
    {.bitmap_index = 516, .adv_w = 183, .box_w = 10, .box_h = 14, .ofs_x = 1, .ofs_y = 0},
    {.bitmap_index = 553, .adv_w = 113, .box_w = 6, .box_h = 14, .ofs_x = 0, .ofs_y = 0},
    {.bitmap_index = 569, .adv_w = 170, .box_w = 9, .box_h = 14, .ofs_x = 1, .ofs_y = 0},
    {.bitmap_index = 624, .adv_w = 176, .box_w = 9, .box_h = 14, .ofs_x = 1, .ofs_y = 0},
    {.bitmap_index = 682, .adv_w = 185, .box_w = 11, .box_h = 14, .ofs_x = 0, .ofs_y = 0},
    {.bitmap_index = 735, .adv_w = 172, .box_w = 9, .box_h = 14, .ofs_x = 1, .ofs_y = 0},
    {.bitmap_index = 782, .adv_w = 178, .box_w = 9, .box_h = 14, .ofs_x = 1, .ofs_y = 0},
    {.bitmap_index = 828, .adv_w = 139, .box_w = 9, .box_h = 14, .ofs_x = 0, .ofs_y = 0},
    {.bitmap_index = 874, .adv_w = 185, .box_w = 10, .box_h = 14, .ofs_x = 1, .ofs_y = 0},
    {.bitmap_index = 938, .adv_w = 178, .box_w = 9, .box_h = 14, .ofs_x = 1, .ofs_y = 0},
    {.bitmap_index = 987, .adv_w = 68, .box_w = 2, .box_h = 11, .ofs_x = 1, .ofs_y = 0},
    {.bitmap_index = 998, .adv_w = 68, .box_w = 2, .box_h = 14, .ofs_x = 1, .ofs_y = -3},
    {.bitmap_index = 1011, .adv_w = 186, .box_w = 10, .box_h = 8, .ofs_x = 1, .ofs_y = 3},
    {.bitmap_index = 1048, .adv_w = 191, .box_w = 10, .box_h = 7, .ofs_x = 1, .ofs_y = 4},
    {.bitmap_index = 1071, .adv_w = 191, .box_w = 10, .box_h = 8, .ofs_x = 1, .ofs_y = 3},
    {.bitmap_index = 1106, .adv_w = 166, .box_w = 8, .box_h = 14, .ofs_x = 1, .ofs_y = 0},
    {.bitmap_index = 1153, .adv_w = 264, .box_w = 14, .box_h = 15, .ofs_x = 1, .ofs_y = -2},
    {.bitmap_index = 1238, .adv_w = 190, .box_w = 12, .box_h = 14, .ofs_x = 0, .ofs_y = 0},
    {.bitmap_index = 1307, .adv_w = 193, .box_w = 10, .box_h = 14, .ofs_x = 1, .ofs_y = 0},
    {.bitmap_index = 1364, .adv_w = 190, .box_w = 10, .box_h = 14, .ofs_x = 1, .ofs_y = 0},
    {.bitmap_index = 1410, .adv_w = 196, .box_w = 10, .box_h = 14, .ofs_x = 1, .ofs_y = 0},
    {.bitmap_index = 1441, .adv_w = 169, .box_w = 9, .box_h = 14, .ofs_x = 1, .ofs_y = 0},
    {.bitmap_index = 1477, .adv_w = 161, .box_w = 9, .box_h = 14, .ofs_x = 1, .ofs_y = 0},
    {.bitmap_index = 1508, .adv_w = 190, .box_w = 10, .box_h = 14, .ofs_x = 1, .ofs_y = 0},
    {.bitmap_index = 1566, .adv_w = 201, .box_w = 10, .box_h = 14, .ofs_x = 1, .ofs_y = 0},
    {.bitmap_index = 1596, .adv_w = 85, .box_w = 3, .box_h = 14, .ofs_x = 1, .ofs_y = 0},
    {.bitmap_index = 1603, .adv_w = 178, .box_w = 10, .box_h = 14, .ofs_x = 0, .ofs_y = 0},
    {.bitmap_index = 1632, .adv_w = 189, .box_w = 11, .box_h = 14, .ofs_x = 1, .ofs_y = 0},
    {.bitmap_index = 1689, .adv_w = 159, .box_w = 9, .box_h = 14, .ofs_x = 1, .ofs_y = 0},
    {.bitmap_index = 1705, .adv_w = 248, .box_w = 13, .box_h = 14, .ofs_x = 1, .ofs_y = 0},
    {.bitmap_index = 1770, .adv_w = 205, .box_w = 11, .box_h = 14, .ofs_x = 1, .ofs_y = 0},
    {.bitmap_index = 1820, .adv_w = 195, .box_w = 10, .box_h = 14, .ofs_x = 1, .ofs_y = 0},
    {.bitmap_index = 1856, .adv_w = 185, .box_w = 10, .box_h = 14, .ofs_x = 1, .ofs_y = 0},
    {.bitmap_index = 1901, .adv_w = 197, .box_w = 10, .box_h = 17, .ofs_x = 1, .ofs_y = -3},
    {.bitmap_index = 1948, .adv_w = 189, .box_w = 10, .box_h = 14, .ofs_x = 1, .ofs_y = 0},
    {.bitmap_index = 2002, .adv_w = 195, .box_w = 10, .box_h = 14, .ofs_x = 1, .ofs_y = 0},
    {.bitmap_index = 2067, .adv_w = 150, .box_w = 10, .box_h = 14, .ofs_x = 0, .ofs_y = 0},
    {.bitmap_index = 2087, .adv_w = 195, .box_w = 10, .box_h = 14, .ofs_x = 1, .ofs_y = 0},
    {.bitmap_index = 2116, .adv_w = 178, .box_w = 11, .box_h = 14, .ofs_x = 0, .ofs_y = 0},
    {.bitmap_index = 2182, .adv_w = 281, .box_w = 18, .box_h = 14, .ofs_x = 0, .ofs_y = 0},
    {.bitmap_index = 2299, .adv_w = 181, .box_w = 11, .box_h = 14, .ofs_x = 0, .ofs_y = 0},
    {.bitmap_index = 2367, .adv_w = 176, .box_w = 11, .box_h = 14, .ofs_x = 0, .ofs_y = 0},
    {.bitmap_index = 2416, .adv_w = 174, .box_w = 10, .box_h = 14, .ofs_x = 0, .ofs_y = 0},
    {.bitmap_index = 2467, .adv_w = 105, .box_w = 5, .box_h = 17, .ofs_x = 1, .ofs_y = -3},
    {.bitmap_index = 2482, .adv_w = 141, .box_w = 7, .box_h = 14, .ofs_x = 1, .ofs_y = 0},
    {.bitmap_index = 2521, .adv_w = 105, .box_w = 4, .box_h = 17, .ofs_x = 1, .ofs_y = -3},
    {.bitmap_index = 2534, .adv_w = 169, .box_w = 9, .box_h = 6, .ofs_x = 1, .ofs_y = 8},
    {.bitmap_index = 2560, .adv_w = 131, .box_w = 9, .box_h = 1, .ofs_x = 0, .ofs_y = -2},
    {.bitmap_index = 2563, .adv_w = 98, .box_w = 4, .box_h = 3, .ofs_x = 1, .ofs_y = 12},
    {.bitmap_index = 2570, .adv_w = 178, .box_w = 9, .box_h = 11, .ofs_x = 1, .ofs_y = 0},
    {.bitmap_index = 2600, .adv_w = 180, .box_w = 9, .box_h = 15, .ofs_x = 1, .ofs_y = 0},
    {.bitmap_index = 2637, .adv_w = 140, .box_w = 8, .box_h = 11, .ofs_x = 1, .ofs_y = 0},
    {.bitmap_index = 2664, .adv_w = 180, .box_w = 9, .box_h = 15, .ofs_x = 1, .ofs_y = 0},
    {.bitmap_index = 2707, .adv_w = 173, .box_w = 9, .box_h = 11, .ofs_x = 1, .ofs_y = 0},
    {.bitmap_index = 2746, .adv_w = 112, .box_w = 7, .box_h = 15, .ofs_x = 0, .ofs_y = 0},
    {.bitmap_index = 2776, .adv_w = 180, .box_w = 9, .box_h = 14, .ofs_x = 1, .ofs_y = -3},
    {.bitmap_index = 2821, .adv_w = 180, .box_w = 9, .box_h = 15, .ofs_x = 1, .ofs_y = 0},
    {.bitmap_index = 2851, .adv_w = 78, .box_w = 3, .box_h = 15, .ofs_x = 1, .ofs_y = 0},
    {.bitmap_index = 2865, .adv_w = 78, .box_w = 6, .box_h = 18, .ofs_x = -2, .ofs_y = -3},
    {.bitmap_index = 2891, .adv_w = 156, .box_w = 9, .box_h = 15, .ofs_x = 1, .ofs_y = 0},
    {.bitmap_index = 2935, .adv_w = 78, .box_w = 3, .box_h = 15, .ofs_x = 1, .ofs_y = 0},
    {.bitmap_index = 2942, .adv_w = 274, .box_w = 15, .box_h = 11, .ofs_x = 1, .ofs_y = 0},
    {.bitmap_index = 2985, .adv_w = 180, .box_w = 9, .box_h = 11, .ofs_x = 1, .ofs_y = 0},
    {.bitmap_index = 3009, .adv_w = 176, .box_w = 9, .box_h = 11, .ofs_x = 1, .ofs_y = 0},
    {.bitmap_index = 3041, .adv_w = 180, .box_w = 9, .box_h = 14, .ofs_x = 1, .ofs_y = -3},
    {.bitmap_index = 3084, .adv_w = 178, .box_w = 9, .box_h = 14, .ofs_x = 1, .ofs_y = -3},
    {.bitmap_index = 3121, .adv_w = 114, .box_w = 6, .box_h = 11, .ofs_x = 1, .ofs_y = 0},
    {.bitmap_index = 3137, .adv_w = 152, .box_w = 8, .box_h = 11, .ofs_x = 1, .ofs_y = 0},
    {.bitmap_index = 3177, .adv_w = 123, .box_w = 7, .box_h = 14, .ofs_x = 0, .ofs_y = 0},
    {.bitmap_index = 3208, .adv_w = 180, .box_w = 9, .box_h = 11, .ofs_x = 1, .ofs_y = 0},
    {.bitmap_index = 3231, .adv_w = 152, .box_w = 10, .box_h = 11, .ofs_x = 0, .ofs_y = 0},
    {.bitmap_index = 3281, .adv_w = 241, .box_w = 15, .box_h = 11, .ofs_x = 0, .ofs_y = 0},
    {.bitmap_index = 3361, .adv_w = 150, .box_w = 10, .box_h = 11, .ofs_x = 0, .ofs_y = 0},
    {.bitmap_index = 3412, .adv_w = 163, .box_w = 10, .box_h = 14, .ofs_x = 0, .ofs_y = -3},
    {.bitmap_index = 3473, .adv_w = 147, .box_w = 9, .box_h = 11, .ofs_x = 0, .ofs_y = 0},
    {.bitmap_index = 3512, .adv_w = 107, .box_w = 6, .box_h = 17, .ofs_x = 0, .ofs_y = -3},
    {.bitmap_index = 3553, .adv_w = 75, .box_w = 2, .box_h = 14, .ofs_x = 1, .ofs_y = 0},
    {.bitmap_index = 3559, .adv_w = 107, .box_w = 6, .box_h = 17, .ofs_x = 0, .ofs_y = -3},
    {.bitmap_index = 3602, .adv_w = 188, .box_w = 10, .box_h = 4, .ofs_x = 1, .ofs_y = 5},
    {.bitmap_index = 3620, .adv_w = 89, .box_w = 0, .box_h = 0, .ofs_x = 0, .ofs_y = 0},
    {.bitmap_index = 3620, .adv_w = 83, .box_w = 3, .box_h = 14, .ofs_x = 1, .ofs_y = 0},
    {.bitmap_index = 3640, .adv_w = 147, .box_w = 8, .box_h = 15, .ofs_x = 1, .ofs_y = -2},
    {.bitmap_index = 3676, .adv_w = 189, .box_w = 11, .box_h = 14, .ofs_x = 0, .ofs_y = 0},
    {.bitmap_index = 3735, .adv_w = 180, .box_w = 11, .box_h = 14, .ofs_x = 0, .ofs_y = 0},
    {.bitmap_index = 3801, .adv_w = 74, .box_w = 2, .box_h = 14, .ofs_x = 1, .ofs_y = 0},
    {.bitmap_index = 3812, .adv_w = 163, .box_w = 8, .box_h = 14, .ofs_x = 1, .ofs_y = 0},
    {.bitmap_index = 3862, .adv_w = 129, .box_w = 6, .box_h = 3, .ofs_x = 1, .ofs_y = 12},
    {.bitmap_index = 3871, .adv_w = 252, .box_w = 14, .box_h = 15, .ofs_x = 1, .ofs_y = -1},
    {.bitmap_index = 3949, .adv_w = 154, .box_w = 8, .box_h = 9, .ofs_x = 1, .ofs_y = 1},
    {.bitmap_index = 3983, .adv_w = 158, .box_w = 8, .box_h = 7, .ofs_x = 1, .ofs_y = 8},
    {.bitmap_index = 4009, .adv_w = 125, .box_w = 6, .box_h = 2, .ofs_x = 1, .ofs_y = 12},
    {.bitmap_index = 4014, .adv_w = 113, .box_w = 5, .box_h = 4, .ofs_x = 1, .ofs_y = 11},
    {.bitmap_index = 4024, .adv_w = 188, .box_w = 10, .box_h = 9, .ofs_x = 1, .ofs_y = 2},
    {.bitmap_index = 4057, .adv_w = 98, .box_w = 4, .box_h = 3, .ofs_x = 1, .ofs_y = 12},
    {.bitmap_index = 4064, .adv_w = 184, .box_w = 9, .box_h = 14, .ofs_x = 1, .ofs_y = 0},
    {.bitmap_index = 4093, .adv_w = 73, .box_w = 3, .box_h = 4, .ofs_x = 1, .ofs_y = 5},
    {.bitmap_index = 4100, .adv_w = 91, .box_w = 4, .box_h = 5, .ofs_x = 1, .ofs_y = -4},
    {.bitmap_index = 4110, .adv_w = 154, .box_w = 8, .box_h = 9, .ofs_x = 1, .ofs_y = 1},
    {.bitmap_index = 4144, .adv_w = 166, .box_w = 8, .box_h = 14, .ofs_x = 1, .ofs_y = 0},
    {.bitmap_index = 4188, .adv_w = 190, .box_w = 12, .box_h = 18, .ofs_x = 0, .ofs_y = 0},
    {.bitmap_index = 4271, .adv_w = 190, .box_w = 12, .box_h = 18, .ofs_x = 0, .ofs_y = 0},
    {.bitmap_index = 4354, .adv_w = 190, .box_w = 12, .box_h = 18, .ofs_x = 0, .ofs_y = 0},
    {.bitmap_index = 4440, .adv_w = 190, .box_w = 12, .box_h = 18, .ofs_x = 0, .ofs_y = 0},
    {.bitmap_index = 4527, .adv_w = 190, .box_w = 12, .box_h = 18, .ofs_x = 0, .ofs_y = 0},
    {.bitmap_index = 4615, .adv_w = 190, .box_w = 12, .box_h = 19, .ofs_x = 0, .ofs_y = 0},
    {.bitmap_index = 4701, .adv_w = 273, .box_w = 17, .box_h = 14, .ofs_x = -1, .ofs_y = 0},
    {.bitmap_index = 4783, .adv_w = 190, .box_w = 10, .box_h = 18, .ofs_x = 1, .ofs_y = -4},
    {.bitmap_index = 4844, .adv_w = 169, .box_w = 9, .box_h = 18, .ofs_x = 1, .ofs_y = 0},
    {.bitmap_index = 4893, .adv_w = 169, .box_w = 9, .box_h = 18, .ofs_x = 1, .ofs_y = 0},
    {.bitmap_index = 4942, .adv_w = 169, .box_w = 9, .box_h = 18, .ofs_x = 1, .ofs_y = 0},
    {.bitmap_index = 4993, .adv_w = 169, .box_w = 9, .box_h = 18, .ofs_x = 1, .ofs_y = 0},
    {.bitmap_index = 5047, .adv_w = 85, .box_w = 5, .box_h = 18, .ofs_x = -1, .ofs_y = 0},
    {.bitmap_index = 5066, .adv_w = 85, .box_w = 5, .box_h = 18, .ofs_x = 1, .ofs_y = 0},
    {.bitmap_index = 5085, .adv_w = 84, .box_w = 5, .box_h = 18, .ofs_x = 0, .ofs_y = 0},
    {.bitmap_index = 5104, .adv_w = 84, .box_w = 6, .box_h = 18, .ofs_x = 0, .ofs_y = 0},
    {.bitmap_index = 5125, .adv_w = 186, .box_w = 11, .box_h = 14, .ofs_x = 0, .ofs_y = 0},
    {.bitmap_index = 5173, .adv_w = 205, .box_w = 11, .box_h = 18, .ofs_x = 1, .ofs_y = 0},
    {.bitmap_index = 5241, .adv_w = 195, .box_w = 10, .box_h = 18, .ofs_x = 1, .ofs_y = 0},
    {.bitmap_index = 5291, .adv_w = 195, .box_w = 10, .box_h = 18, .ofs_x = 1, .ofs_y = 0},
    {.bitmap_index = 5341, .adv_w = 195, .box_w = 10, .box_h = 18, .ofs_x = 1, .ofs_y = 0},
    {.bitmap_index = 5393, .adv_w = 195, .box_w = 10, .box_h = 18, .ofs_x = 1, .ofs_y = 0},
    {.bitmap_index = 5448, .adv_w = 195, .box_w = 10, .box_h = 18, .ofs_x = 1, .ofs_y = 0},
    {.bitmap_index = 5503, .adv_w = 176, .box_w = 9, .box_h = 8, .ofs_x = 1, .ofs_y = 3},
    {.bitmap_index = 5539, .adv_w = 199, .box_w = 12, .box_h = 16, .ofs_x = 0, .ofs_y = -1},
    {.bitmap_index = 5611, .adv_w = 195, .box_w = 10, .box_h = 18, .ofs_x = 1, .ofs_y = 0},
    {.bitmap_index = 5654, .adv_w = 195, .box_w = 10, .box_h = 18, .ofs_x = 1, .ofs_y = 0},
    {.bitmap_index = 5697, .adv_w = 195, .box_w = 10, .box_h = 18, .ofs_x = 1, .ofs_y = 0},
    {.bitmap_index = 5742, .adv_w = 195, .box_w = 10, .box_h = 18, .ofs_x = 1, .ofs_y = 0},
    {.bitmap_index = 5787, .adv_w = 176, .box_w = 11, .box_h = 18, .ofs_x = 0, .ofs_y = 0},
    {.bitmap_index = 5850, .adv_w = 177, .box_w = 8, .box_h = 14, .ofs_x = 2, .ofs_y = 0},
    {.bitmap_index = 5894, .adv_w = 190, .box_w = 10, .box_h = 14, .ofs_x = 1, .ofs_y = 0},
    {.bitmap_index = 5951, .adv_w = 178, .box_w = 9, .box_h = 15, .ofs_x = 1, .ofs_y = 0},
    {.bitmap_index = 5994, .adv_w = 178, .box_w = 9, .box_h = 15, .ofs_x = 1, .ofs_y = 0},
    {.bitmap_index = 6037, .adv_w = 178, .box_w = 9, .box_h = 15, .ofs_x = 1, .ofs_y = 0},
    {.bitmap_index = 6082, .adv_w = 179, .box_w = 9, .box_h = 15, .ofs_x = 1, .ofs_y = 0},
    {.bitmap_index = 6129, .adv_w = 178, .box_w = 9, .box_h = 15, .ofs_x = 1, .ofs_y = 0},
    {.bitmap_index = 6177, .adv_w = 178, .box_w = 9, .box_h = 16, .ofs_x = 1, .ofs_y = 0},
    {.bitmap_index = 6223, .adv_w = 276, .box_w = 15, .box_h = 11, .ofs_x = 1, .ofs_y = 0},
    {.bitmap_index = 6291, .adv_w = 140, .box_w = 8, .box_h = 15, .ofs_x = 1, .ofs_y = -4},
    {.bitmap_index = 6331, .adv_w = 173, .box_w = 9, .box_h = 15, .ofs_x = 1, .ofs_y = 0},
    {.bitmap_index = 6383, .adv_w = 173, .box_w = 9, .box_h = 15, .ofs_x = 1, .ofs_y = 0},
    {.bitmap_index = 6435, .adv_w = 173, .box_w = 9, .box_h = 15, .ofs_x = 1, .ofs_y = 0},
    {.bitmap_index = 6489, .adv_w = 173, .box_w = 9, .box_h = 15, .ofs_x = 1, .ofs_y = 0},
    {.bitmap_index = 6544, .adv_w = 78, .box_w = 5, .box_h = 15, .ofs_x = -1, .ofs_y = 0},
    {.bitmap_index = 6563, .adv_w = 77, .box_w = 5, .box_h = 15, .ofs_x = 1, .ofs_y = 0},
    {.bitmap_index = 6582, .adv_w = 77, .box_w = 5, .box_h = 15, .ofs_x = 0, .ofs_y = 0},
    {.bitmap_index = 6601, .adv_w = 77, .box_w = 7, .box_h = 15, .ofs_x = -1, .ofs_y = 0},
    {.bitmap_index = 6624, .adv_w = 174, .box_w = 9, .box_h = 16, .ofs_x = 1, .ofs_y = 0},
    {.bitmap_index = 6689, .adv_w = 180, .box_w = 9, .box_h = 15, .ofs_x = 1, .ofs_y = 0},
    {.bitmap_index = 6729, .adv_w = 176, .box_w = 9, .box_h = 15, .ofs_x = 1, .ofs_y = 0},
    {.bitmap_index = 6773, .adv_w = 176, .box_w = 9, .box_h = 15, .ofs_x = 1, .ofs_y = 0},
    {.bitmap_index = 6818, .adv_w = 176, .box_w = 9, .box_h = 15, .ofs_x = 1, .ofs_y = 0},
    {.bitmap_index = 6865, .adv_w = 176, .box_w = 9, .box_h = 15, .ofs_x = 1, .ofs_y = 0},
    {.bitmap_index = 6913, .adv_w = 176, .box_w = 9, .box_h = 15, .ofs_x = 1, .ofs_y = 0},
    {.bitmap_index = 6964, .adv_w = 175, .box_w = 9, .box_h = 8, .ofs_x = 1, .ofs_y = 3},
    {.bitmap_index = 6988, .adv_w = 183, .box_w = 12, .box_h = 11, .ofs_x = 0, .ofs_y = 0},
    {.bitmap_index = 7048, .adv_w = 180, .box_w = 9, .box_h = 15, .ofs_x = 1, .ofs_y = 0},
    {.bitmap_index = 7084, .adv_w = 180, .box_w = 9, .box_h = 15, .ofs_x = 1, .ofs_y = 0},
    {.bitmap_index = 7120, .adv_w = 180, .box_w = 9, .box_h = 15, .ofs_x = 1, .ofs_y = 0},
    {.bitmap_index = 7158, .adv_w = 180, .box_w = 9, .box_h = 15, .ofs_x = 1, .ofs_y = 0},
    {.bitmap_index = 7197, .adv_w = 163, .box_w = 10, .box_h = 18, .ofs_x = 0, .ofs_y = -3},
    {.bitmap_index = 7271, .adv_w = 181, .box_w = 10, .box_h = 18, .ofs_x = 1, .ofs_y = -3},
    {.bitmap_index = 7322, .adv_w = 163, .box_w = 10, .box_h = 18, .ofs_x = 0, .ofs_y = -3},
    {.bitmap_index = 7400, .adv_w = 352, .box_w = 23, .box_h = 23, .ofs_x = -1, .ofs_y = -3},
    {.bitmap_index = 7529, .adv_w = 352, .box_w = 22, .box_h = 17, .ofs_x = 0, .ofs_y = 0},
    {.bitmap_index = 7665, .adv_w = 352, .box_w = 22, .box_h = 20, .ofs_x = 0, .ofs_y = -2},
    {.bitmap_index = 7764, .adv_w = 352, .box_w = 22, .box_h = 17, .ofs_x = 0, .ofs_y = 0},
    {.bitmap_index = 7884, .adv_w = 242, .box_w = 16, .box_h = 16, .ofs_x = 0, .ofs_y = 0},
    {.bitmap_index = 7990, .adv_w = 352, .box_w = 22, .box_h = 23, .ofs_x = 0, .ofs_y = -3},
    {.bitmap_index = 8171, .adv_w = 352, .box_w = 22, .box_h = 23, .ofs_x = 0, .ofs_y = -3},
    {.bitmap_index = 8333, .adv_w = 396, .box_w = 25, .box_h = 20, .ofs_x = 0, .ofs_y = -2},
    {.bitmap_index = 8491, .adv_w = 352, .box_w = 22, .box_h = 23, .ofs_x = 0, .ofs_y = -3},
    {.bitmap_index = 8603, .adv_w = 396, .box_w = 25, .box_h = 17, .ofs_x = 0, .ofs_y = 0},
    {.bitmap_index = 8718, .adv_w = 352, .box_w = 22, .box_h = 23, .ofs_x = 0, .ofs_y = -3},
    {.bitmap_index = 8901, .adv_w = 176, .box_w = 11, .box_h = 18, .ofs_x = 0, .ofs_y = -1},
    {.bitmap_index = 8947, .adv_w = 264, .box_w = 17, .box_h = 18, .ofs_x = 0, .ofs_y = -1},
    {.bitmap_index = 9036, .adv_w = 396, .box_w = 25, .box_h = 22, .ofs_x = 0, .ofs_y = -3},
    {.bitmap_index = 9223, .adv_w = 352, .box_w = 22, .box_h = 17, .ofs_x = 0, .ofs_y = 0},
    {.bitmap_index = 9329, .adv_w = 308, .box_w = 15, .box_h = 21, .ofs_x = 2, .ofs_y = -2},
    {.bitmap_index = 9412, .adv_w = 308, .box_w = 20, .box_h = 24, .ofs_x = 0, .ofs_y = -4},
    {.bitmap_index = 9531, .adv_w = 308, .box_w = 20, .box_h = 20, .ofs_x = 0, .ofs_y = -2},
    {.bitmap_index = 9592, .adv_w = 308, .box_w = 20, .box_h = 20, .ofs_x = 0, .ofs_y = -2},
    {.bitmap_index = 9635, .adv_w = 308, .box_w = 15, .box_h = 21, .ofs_x = 2, .ofs_y = -2},
    {.bitmap_index = 9722, .adv_w = 308, .box_w = 21, .box_h = 20, .ofs_x = -1, .ofs_y = -2},
    {.bitmap_index = 9831, .adv_w = 220, .box_w = 12, .box_h = 20, .ofs_x = 1, .ofs_y = -2},
    {.bitmap_index = 9927, .adv_w = 220, .box_w = 12, .box_h = 20, .ofs_x = 1, .ofs_y = -2},
    {.bitmap_index = 10019, .adv_w = 308, .box_w = 20, .box_h = 20, .ofs_x = 0, .ofs_y = -2},
    {.bitmap_index = 10094, .adv_w = 308, .box_w = 20, .box_h = 5, .ofs_x = 0, .ofs_y = 6},
    {.bitmap_index = 10116, .adv_w = 396, .box_w = 25, .box_h = 17, .ofs_x = 0, .ofs_y = 0},
    {.bitmap_index = 10289, .adv_w = 440, .box_w = 28, .box_h = 23, .ofs_x = 0, .ofs_y = -3},
    {.bitmap_index = 10524, .adv_w = 396, .box_w = 27, .box_h = 23, .ofs_x = -1, .ofs_y = -3},
    {.bitmap_index = 10694, .adv_w = 352, .box_w = 22, .box_h = 21, .ofs_x = 0, .ofs_y = -2},
    {.bitmap_index = 10859, .adv_w = 308, .box_w = 19, .box_h = 12, .ofs_x = 0, .ofs_y = 2},
    {.bitmap_index = 10942, .adv_w = 308, .box_w = 19, .box_h = 12, .ofs_x = 0, .ofs_y = 2},
    {.bitmap_index = 11033, .adv_w = 440, .box_w = 28, .box_h = 18, .ofs_x = 0, .ofs_y = -1},
    {.bitmap_index = 11171, .adv_w = 352, .box_w = 22, .box_h = 17, .ofs_x = 0, .ofs_y = 0},
    {.bitmap_index = 11225, .adv_w = 352, .box_w = 22, .box_h = 23, .ofs_x = 0, .ofs_y = -3},
    {.bitmap_index = 11345, .adv_w = 352, .box_w = 23, .box_h = 23, .ofs_x = -1, .ofs_y = -3},
    {.bitmap_index = 11501, .adv_w = 308, .box_w = 20, .box_h = 20, .ofs_x = 0, .ofs_y = -2},
    {.bitmap_index = 11669, .adv_w = 308, .box_w = 20, .box_h = 23, .ofs_x = 0, .ofs_y = -3},
    {.bitmap_index = 11750, .adv_w = 308, .box_w = 20, .box_h = 20, .ofs_x = 0, .ofs_y = -2},
    {.bitmap_index = 11854, .adv_w = 220, .box_w = 15, .box_h = 23, .ofs_x = -1, .ofs_y = -3},
    {.bitmap_index = 11964, .adv_w = 308, .box_w = 20, .box_h = 23, .ofs_x = 0, .ofs_y = -3},
    {.bitmap_index = 12062, .adv_w = 308, .box_w = 20, .box_h = 23, .ofs_x = 0, .ofs_y = -3},
    {.bitmap_index = 12188, .adv_w = 396, .box_w = 25, .box_h = 17, .ofs_x = 0, .ofs_y = 0},
    {.bitmap_index = 12331, .adv_w = 352, .box_w = 24, .box_h = 23, .ofs_x = -1, .ofs_y = -3},
    {.bitmap_index = 12467, .adv_w = 264, .box_w = 17, .box_h = 23, .ofs_x = 0, .ofs_y = -3},
    {.bitmap_index = 12523, .adv_w = 440, .box_w = 28, .box_h = 21, .ofs_x = 0, .ofs_y = -2},
    {.bitmap_index = 12711, .adv_w = 440, .box_w = 28, .box_h = 15, .ofs_x = 0, .ofs_y = 1},
    {.bitmap_index = 12793, .adv_w = 440, .box_w = 28, .box_h = 15, .ofs_x = 0, .ofs_y = 1},
    {.bitmap_index = 12878, .adv_w = 440, .box_w = 28, .box_h = 15, .ofs_x = 0, .ofs_y = 1},
    {.bitmap_index = 12962, .adv_w = 440, .box_w = 28, .box_h = 15, .ofs_x = 0, .ofs_y = 1},
    {.bitmap_index = 13046, .adv_w = 440, .box_w = 28, .box_h = 15, .ofs_x = 0, .ofs_y = 1},
    {.bitmap_index = 13118, .adv_w = 440, .box_w = 28, .box_h = 18, .ofs_x = 0, .ofs_y = -1},
    {.bitmap_index = 13269, .adv_w = 308, .box_w = 17, .box_h = 23, .ofs_x = 1, .ofs_y = -3},
    {.bitmap_index = 13433, .adv_w = 308, .box_w = 20, .box_h = 23, .ofs_x = 0, .ofs_y = -3},
    {.bitmap_index = 13533, .adv_w = 352, .box_w = 23, .box_h = 23, .ofs_x = -1, .ofs_y = -3},
    {.bitmap_index = 13684, .adv_w = 440, .box_w = 28, .box_h = 17, .ofs_x = 0, .ofs_y = 0},
    {.bitmap_index = 13834, .adv_w = 264, .box_w = 17, .box_h = 23, .ofs_x = 0, .ofs_y = -3},
    {.bitmap_index = 13907, .adv_w = 354, .box_w = 23, .box_h = 14, .ofs_x = 0, .ofs_y = 1}
};

/*---------------------
 *  CHARACTER MAPPING
 *--------------------*/

static const uint8_t glyph_id_ofs_list_1[] = {
    0, 1, 2, 3, 0, 4, 5, 6,
    7, 8, 0, 9, 0, 0, 10, 11,
    12, 13, 0, 0, 14, 0, 15, 16,
    17, 0, 0, 18
};

static const uint16_t unicode_list_3[] = {
    0x0, 0x7, 0xa, 0xb, 0xc, 0x10, 0x12, 0x14,
    0x18, 0x1b, 0x20, 0x25, 0x26, 0x27, 0x3d, 0x47,
    0x4a, 0x4b, 0x4c, 0x50, 0x51, 0x52, 0x53, 0x66,
    0x67, 0x6d, 0x6f, 0x70, 0x73, 0x76, 0x77, 0x78,
    0x7a, 0x92, 0x94, 0xc3, 0xc4, 0xc6, 0xe6, 0xe9,
    0xf2, 0x11b, 0x123, 0x15a, 0x1ea, 0x23f, 0x240, 0x241,
    0x242, 0x243, 0x286, 0x292, 0x2ec, 0x303, 0x559, 0x7c1,
    0x8a1
};

/*Collect the unicode lists and glyph_id offsets*/
static const lv_font_fmt_txt_cmap_t cmaps[] =
{
    {
        .range_start = 32, .range_length = 95, .glyph_id_start = 1,
        .unicode_list = NULL, .glyph_id_ofs_list = NULL, .list_length = 0, .type = LV_FONT_FMT_TXT_CMAP_FORMAT0_TINY
    },
    {
        .range_start = 160, .range_length = 28, .glyph_id_start = 96,
        .unicode_list = NULL, .glyph_id_ofs_list = glyph_id_ofs_list_1, .list_length = 28, .type = LV_FONT_FMT_TXT_CMAP_FORMAT0_FULL
    },
    {
        .range_start = 191, .range_length = 65, .glyph_id_start = 115,
        .unicode_list = NULL, .glyph_id_ofs_list = NULL, .list_length = 0, .type = LV_FONT_FMT_TXT_CMAP_FORMAT0_TINY
    },
    {
        .range_start = 61441, .range_length = 2210, .glyph_id_start = 180,
        .unicode_list = unicode_list_3, .glyph_id_ofs_list = NULL, .list_length = 57, .type = LV_FONT_FMT_TXT_CMAP_SPARSE_TINY
    }
};



/*--------------------
 *  ALL CUSTOM DATA
 *--------------------*/

#if LVGL_VERSION_MAJOR == 8
/*Store all the custom data of the font*/
static  lv_font_fmt_txt_glyph_cache_t cache;
#endif

#if LVGL_VERSION_MAJOR >= 8
static const lv_font_fmt_txt_dsc_t font_dsc = {
#else
static lv_font_fmt_txt_dsc_t font_dsc = {
#endif
    .glyph_bitmap = glyph_bitmap,
    .glyph_dsc = glyph_dsc,
    .cmaps = cmaps,
    .kern_dsc = NULL,
    .kern_scale = 0,
    .cmap_num = 4,
    .bpp = 4,
    .kern_classes = 0,
    .bitmap_format = 1,
#if LVGL_VERSION_MAJOR == 8
    .cache = &cache
#endif
};



/*-----------------
 *  PUBLIC FONT
 *----------------*/

/*Initialize a public general font descriptor*/
#if LVGL_VERSION_MAJOR >= 8
const lv_font_t custom_font_hud_22 = {
#else
lv_font_t custom_font_hud_22 = {
#endif
    .get_glyph_dsc = lv_font_get_glyph_dsc_fmt_txt,    /*Function pointer to get glyph's data*/
    .get_glyph_bitmap = lv_font_get_bitmap_fmt_txt,    /*Function pointer to get glyph's bitmap*/
    .line_height = 24,          /*The maximum line height required by the font*/
    .base_line = 4,             /*Baseline measured from the bottom of the line*/
#if !(LVGL_VERSION_MAJOR == 6 && LVGL_VERSION_MINOR == 0)
    .subpx = LV_FONT_SUBPX_NONE,
#endif
#if LV_VERSION_CHECK(7, 4, 0) || LVGL_VERSION_MAJOR >= 8
    .underline_position = -2,
    .underline_thickness = 1,
#endif
    .dsc = &font_dsc,          /*The custom font data. Will be accessed by `get_glyph_bitmap/dsc` */
#if LV_VERSION_CHECK(8, 2, 0) || LVGL_VERSION_MAJOR >= 9
    .fallback = NULL,
#endif
    .user_data = NULL,
};



#endif /*#if CUSTOM_FONT_HUD_22*/

