/*******************************************************************************
 * Size: 16 px
 * Bpp: 4
 * Opts: --format lvgl --lv-include lvgl.h --bpp 4 --no-compress --no-prefilter --force-fast-kern-format --size 16 --font /tmp/Antonio-nXdoAC.ttf -r 0x20-0x7F -r 0xA0-0xFF --font components/lvgl/lvgl/scripts/built_in_font/FontAwesome5-Solid+Brands+Regular.woff -r 61441,61448,61451,61452,61453,61457,61459,61461,61465,61468,61473,61478,61479,61480,61502,61512,61515,61516,61517,61521,61522,61523,61524,61543,61544,61550,61552,61553,61556,61559,61560,61561,61563,61587,61589,61636,61637,61639,61671,61674,61683,61724,61732,61787,61931,62016,62017,62018,62019,62020,62087,62099,62189,62212,62810,63426,63650 --lv-font-name custom_font_lcars_16 -o components/lvgl/fonts/custom_font_lcars_16.c
 ******************************************************************************/

#ifdef LV_LVGL_H_INCLUDE_SIMPLE
#include "lvgl.h"
#else
#include "lvgl.h"
#endif

#ifndef CUSTOM_FONT_LCARS_16
#define CUSTOM_FONT_LCARS_16 1
#endif

#if CUSTOM_FONT_LCARS_16

/*-----------------
 *    BITMAPS
 *----------------*/

/*Store the image of the glyphs*/
static LV_ATTRIBUTE_LARGE_CONST const uint8_t glyph_bitmap[] = {
    /* U+0020 " " */

    /* U+0021 "!" */
    0xdf, 0xce, 0xbd, 0xac, 0x9b, 0x8a, 0x8a, 0x79,
    0x68, 0x57, 0x35, 0x0, 0xab, 0xde,

    /* U+0022 "\"" */
    0xba, 0x3f, 0x3b, 0x73, 0xf0, 0xb5, 0x3d, 0xb,
    0x23, 0xb0, 0xb0, 0x38, 0x5, 0x1, 0x30,

    /* U+0023 "#" */
    0x0, 0x5c, 0xe, 0x20, 0x7, 0xa0, 0xf0, 0x0,
    0x98, 0x3e, 0x0, 0xb, 0x65, 0xc0, 0x0, 0xd4,
    0x7a, 0x4, 0xbf, 0xce, 0xd8, 0x1, 0xf0, 0xb5,
    0x0, 0x4c, 0xe, 0x20, 0x8d, 0xeb, 0xfb, 0x50,
    0x97, 0x3e, 0x0, 0xb, 0x55, 0xc0, 0x0, 0xd3,
    0x7a, 0x0, 0xf, 0x19, 0x80, 0x1, 0xf0, 0xb6,
    0x0,

    /* U+0024 "$" */
    0x0, 0x49, 0x0, 0x0, 0x49, 0x0, 0x5, 0xff,
    0x90, 0x1f, 0xb9, 0xf5, 0x4f, 0x40, 0xf8, 0x3f,
    0x60, 0xe9, 0xd, 0xe1, 0x32, 0x3, 0xfd, 0x10,
    0x0, 0x4f, 0xd0, 0x4, 0x15, 0xf7, 0x3f, 0x50,
    0xeb, 0x2f, 0x60, 0xdc, 0xe, 0xd7, 0xf9, 0x4,
    0xef, 0xb1, 0x0, 0x2b, 0x0, 0x0, 0x2b, 0x0,

    /* U+0025 "%" */
    0x1b, 0xfe, 0x50, 0x0, 0x9, 0xc0, 0x0, 0x8,
    0xe2, 0x9e, 0x0, 0x0, 0xe6, 0x0, 0x0, 0xac,
    0x4, 0xf1, 0x0, 0x5f, 0x0, 0x0, 0xb, 0xc0,
    0x4f, 0x20, 0xc, 0x90, 0x0, 0x0, 0xbc, 0x4,
    0xf2, 0x2, 0xf3, 0x0, 0x0, 0xb, 0xc0, 0x4f,
    0x20, 0x8d, 0x7, 0xff, 0xc1, 0xac, 0x4, 0xf2,
    0xe, 0x60, 0xf9, 0x5f, 0x68, 0xe1, 0x8f, 0x5,
    0xf1, 0x3f, 0x30, 0xd9, 0x2e, 0xff, 0x80, 0xba,
    0x3, 0xf3, 0xd, 0x90, 0x3, 0x10, 0x2f, 0x40,
    0x3f, 0x30, 0xda, 0x0, 0x0, 0x8, 0xd0, 0x3,
    0xf3, 0xd, 0x90, 0x0, 0x0, 0xe7, 0x0, 0x2f,
    0x30, 0xd9, 0x0, 0x0, 0x5f, 0x10, 0x0, 0xf8,
    0x3f, 0x60, 0x0, 0xb, 0xb0, 0x0, 0x6, 0xef,
    0xb0,

    /* U+0026 "&" */
    0x0, 0x9f, 0xd3, 0x0, 0x4, 0xf7, 0xbc, 0x0,
    0x7, 0xf0, 0x5e, 0x0, 0x6, 0xf0, 0x6d, 0x0,
    0x2, 0xf4, 0xc8, 0x0, 0x0, 0xcd, 0xf1, 0x0,
    0x0, 0x8f, 0x60, 0x0, 0x2, 0xff, 0x60, 0x10,
    0xb, 0xc8, 0xd0, 0xc3, 0x2f, 0x52, 0xfa, 0xe0,
    0x6f, 0x10, 0xbf, 0x60, 0x6f, 0x10, 0xbf, 0x20,
    0x3f, 0xa9, 0xfe, 0x80, 0x7, 0xee, 0x56, 0xf0,

    /* U+0027 "'" */
    0x1f, 0x50, 0xf4, 0xe, 0x20, 0xc0, 0xa, 0x0,
    0x0,

    /* U+0028 "(" */
    0x3d, 0xbc, 0xe3, 0xea, 0xf, 0xa0, 0xfa, 0xf,
    0xa0, 0xfa, 0xf, 0xa0, 0xfa, 0xf, 0xa0, 0xfa,
    0xf, 0xa0, 0xfa, 0xe, 0xa0, 0xce, 0x33, 0xdb,

    /* U+0029 ")" */
    0x5e, 0x80, 0x1a, 0xf2, 0x4, 0xf4, 0x4, 0xf5,
    0x4, 0xf5, 0x4, 0xf5, 0x4, 0xf5, 0x4, 0xf5,
    0x4, 0xf5, 0x4, 0xf5, 0x4, 0xf5, 0x4, 0xf5,
    0x4, 0xf5, 0x4, 0xf4, 0x1a, 0xf2, 0x5e, 0x80,

    /* U+002A "*" */
    0x0, 0x2f, 0x0, 0x2, 0xd4, 0xe5, 0xe1, 0x6,
    0xdf, 0xc4, 0x1, 0x9d, 0xfe, 0x70, 0x1b, 0x2e,
    0x3c, 0x0, 0x2, 0xd0, 0x0,

    /* U+002B "+" */
    0x0, 0x0, 0x0, 0xf, 0x30, 0x0, 0xf3, 0xa,
    0xff, 0xff, 0x12, 0xf5, 0x20, 0xf, 0x30,

    /* U+002C "," */
    0xd, 0xd1, 0xff, 0x3, 0xc0, 0x77, 0x4, 0x10,

    /* U+002D "-" */
    0x4f, 0xff, 0x30, 0x22, 0x20,

    /* U+002E "." */
    0x56, 0xab,

    /* U+002F "/" */
    0x0, 0x4, 0xf2, 0x0, 0x8, 0xe0, 0x0, 0xc,
    0xa0, 0x0, 0xf, 0x60, 0x0, 0x3f, 0x20, 0x0,
    0x7e, 0x0, 0x0, 0xba, 0x0, 0x0, 0xf7, 0x0,
    0x3, 0xf3, 0x0, 0x7, 0xf0, 0x0, 0xb, 0xb0,
    0x0, 0xf, 0x70, 0x0, 0x3f, 0x30, 0x0, 0x7f,
    0x0, 0x0,

    /* U+0030 "0" */
    0x4, 0xdf, 0xc1, 0xd, 0xd7, 0xf8, 0xf, 0x80,
    0xda, 0xf, 0x80, 0xdb, 0xf, 0x80, 0xdb, 0xf,
    0x80, 0xdb, 0xf, 0x80, 0xdb, 0xf, 0x80, 0xdb,
    0xf, 0x80, 0xdb, 0xf, 0x80, 0xdb, 0xf, 0x80,
    0xdb, 0xf, 0x80, 0xea, 0xd, 0xd7, 0xf7, 0x4,
    0xdf, 0xc1,

    /* U+0031 "1" */
    0x0, 0xc, 0xb0, 0x6d, 0xfb, 0xf, 0x9f, 0xb0,
    0x0, 0xeb, 0x0, 0xe, 0xb0, 0x0, 0xeb, 0x0,
    0xe, 0xb0, 0x0, 0xeb, 0x0, 0xe, 0xb0, 0x0,
    0xeb, 0x0, 0xe, 0xb0, 0x0, 0xeb, 0x0, 0xe,
    0xb0, 0x0, 0xeb,

    /* U+0032 "2" */
    0xa, 0xfe, 0x40, 0x6f, 0x8c, 0xd0, 0x9e, 0x7,
    0xf0, 0xbd, 0x6, 0xf1, 0xbd, 0x6, 0xf1, 0x78,
    0x9, 0xf0, 0x0, 0xe, 0xa0, 0x0, 0x8f, 0x30,
    0x1, 0xfa, 0x0, 0x9, 0xf1, 0x0, 0x1f, 0x80,
    0x0, 0x6f, 0x20, 0x0, 0x9f, 0x33, 0x30, 0xaf,
    0xff, 0xf0,

    /* U+0033 "3" */
    0x3, 0xdf, 0xb1, 0x0, 0xde, 0x7f, 0xa0, 0xf,
    0x80, 0xae, 0x1, 0xe6, 0x9, 0xf0, 0x0, 0x0,
    0xae, 0x0, 0x0, 0x2e, 0x90, 0x0, 0x5f, 0xe1,
    0x0, 0x1, 0x5f, 0x70, 0x0, 0x0, 0xad, 0x1,
    0x72, 0x9, 0xf0, 0x2f, 0x60, 0x9f, 0x1, 0xf7,
    0xa, 0xe0, 0xd, 0xd7, 0xf9, 0x0, 0x3d, 0xfb,
    0x10,

    /* U+0034 "4" */
    0x0, 0x7, 0xf5, 0x0, 0x0, 0xcf, 0x50, 0x0,
    0x1f, 0xf5, 0x0, 0x5, 0xcf, 0x50, 0x0, 0xa8,
    0xf5, 0x0, 0xf, 0x4f, 0x50, 0x4, 0xe1, 0xf5,
    0x0, 0x99, 0x1f, 0x50, 0xe, 0x51, 0xf5, 0x2,
    0xf2, 0x2f, 0x60, 0x5f, 0xff, 0xff, 0x71, 0x33,
    0x5f, 0x81, 0x0, 0x1, 0xf5, 0x0, 0x0, 0x1f,
    0x50,

    /* U+0035 "5" */
    0xbf, 0xff, 0x9b, 0xd7, 0x74, 0xbb, 0x0, 0xb,
    0xb0, 0x0, 0xbe, 0xff, 0x3b, 0xe5, 0xe9, 0x88,
    0xa, 0xc0, 0x0, 0xad, 0x0, 0xa, 0xe3, 0x20,
    0xae, 0xeb, 0xa, 0xdd, 0xb0, 0xac, 0xaf, 0x6e,
    0x92, 0xcf, 0xc2,

    /* U+0036 "6" */
    0x2, 0xcf, 0xc2, 0x0, 0xbd, 0x6e, 0x90, 0xe,
    0x80, 0xac, 0x0, 0xf8, 0x8, 0xc0, 0xf, 0x80,
    0x0, 0x0, 0xfe, 0xfe, 0x40, 0xf, 0xc4, 0xcc,
    0x0, 0xf8, 0x7, 0xf0, 0xf, 0x80, 0x6f, 0x0,
    0xf8, 0x6, 0xf0, 0xf, 0x80, 0x6f, 0x0, 0xe9,
    0x7, 0xf0, 0xb, 0xe7, 0xdb, 0x0, 0x2c, 0xfd,
    0x20,

    /* U+0037 "7" */
    0x5f, 0xff, 0xff, 0x22, 0x66, 0x6b, 0xf1, 0x0,
    0x0, 0xdb, 0x0, 0x0, 0x2f, 0x60, 0x0, 0x7,
    0xf1, 0x0, 0x0, 0xcc, 0x0, 0x0, 0x1f, 0x80,
    0x0, 0x5, 0xf4, 0x0, 0x0, 0x8f, 0x10, 0x0,
    0xb, 0xe0, 0x0, 0x0, 0xfb, 0x0, 0x0, 0x1f,
    0x90, 0x0, 0x3, 0xf7, 0x0, 0x0, 0x5f, 0x60,
    0x0,

    /* U+0038 "8" */
    0x4, 0xdf, 0xc2, 0xe, 0xc5, 0xea, 0x1f, 0x60,
    0xad, 0x2f, 0x60, 0x9e, 0x1f, 0x60, 0xad, 0xd,
    0xa1, 0xe9, 0x5, 0xff, 0xf2, 0xc, 0xd4, 0xf8,
    0x1f, 0x70, 0xcc, 0x3f, 0x50, 0xae, 0x4f, 0x50,
    0xaf, 0x2f, 0x60, 0xbd, 0xe, 0xc7, 0xea, 0x4,
    0xdf, 0xb1,

    /* U+0039 "9" */
    0x5, 0xef, 0xb1, 0xe, 0xc7, 0xf8, 0x1f, 0x50,
    0xbc, 0x2f, 0x40, 0xad, 0x2f, 0x40, 0xae, 0x2f,
    0x40, 0xae, 0xf, 0x91, 0xce, 0x8, 0xff, 0xfe,
    0x0, 0x22, 0xae, 0x7, 0x30, 0xae, 0xf, 0x70,
    0xad, 0xe, 0x80, 0xbc, 0xb, 0xd7, 0xf8, 0x3,
    0xdf, 0xc1,

    /* U+003A ":" */
    0x0, 0xfc, 0xfc, 0x0, 0x0, 0x0, 0x0, 0xfc,
    0xfc,

    /* U+003B ";" */
    0x0, 0x8, 0xf4, 0x8f, 0x40, 0x0, 0x0, 0x0,
    0x0, 0x0, 0x6, 0xf5, 0x6f, 0x50, 0xf2, 0x2e,
    0x6, 0x90,

    /* U+003C "<" */
    0x0, 0x0, 0x70, 0x2, 0xcf, 0x7, 0xfd, 0x37,
    0xf7, 0x0, 0x7f, 0x60, 0x0, 0x8f, 0xb2, 0x0,
    0x3d, 0xf0, 0x0, 0x9,

    /* U+003D "=" */
    0x0, 0x0, 0x0, 0x5f, 0xff, 0xf3, 0x13, 0x33,
    0x30, 0x0, 0x0, 0x0, 0x5f, 0xff, 0xf3, 0x13,
    0x33, 0x30,

    /* U+003E ">" */
    0x34, 0x0, 0x0, 0x4f, 0x90, 0x0, 0x6, 0xfd,
    0x30, 0x0, 0x1b, 0xf2, 0x0, 0x9, 0xf2, 0x5,
    0xee, 0x50, 0x4f, 0xb1, 0x0, 0x45, 0x0, 0x0,

    /* U+003F "?" */
    0x1c, 0xfc, 0x18, 0xf8, 0xf8, 0xbd, 0xe, 0xbb,
    0xd0, 0xeb, 0xab, 0xe, 0xb0, 0x0, 0xfa, 0x0,
    0x5f, 0x60, 0x8f, 0xc0, 0xf, 0x80, 0x0, 0xf6,
    0x0, 0x1, 0x0, 0x0, 0x52, 0x0, 0xf, 0x60,
    0x0, 0xf6, 0x0,

    /* U+0040 "@" */
    0x0, 0x3, 0xae, 0xfd, 0x70, 0x0, 0x5, 0xf9,
    0x32, 0x5d, 0x90, 0x1, 0xf7, 0x0, 0x0, 0x1f,
    0x20, 0x7e, 0x2, 0xcd, 0xb3, 0xa8, 0xc, 0x90,
    0xd6, 0xc, 0x66, 0xb0, 0xe6, 0x3e, 0x0, 0xb6,
    0x4d, 0xf, 0x56, 0xb0, 0xb, 0x63, 0xe0, 0xf4,
    0x6b, 0x0, 0xb6, 0x4d, 0xf, 0x55, 0xc0, 0xd,
    0x65, 0xc0, 0xc8, 0x2f, 0x24, 0xe8, 0x88, 0x9,
    0xd0, 0x8f, 0xe2, 0xee, 0x10, 0x2f, 0x60, 0x10,
    0x0, 0x0, 0x0, 0x7f, 0x93, 0x23, 0x68, 0x0,
    0x0, 0x5c, 0xff, 0xda, 0x60,

    /* U+0041 "A" */
    0x0, 0x9f, 0x80, 0x0, 0xb, 0xfa, 0x0, 0x0,
    0xef, 0xd0, 0x0, 0xf, 0xbf, 0x0, 0x3, 0xf6,
    0xf2, 0x0, 0x5f, 0x2f, 0x50, 0x7, 0xe0, 0xe7,
    0x0, 0xac, 0xc, 0xa0, 0xc, 0xa0, 0xac, 0x0,
    0xe8, 0x18, 0xf0, 0x1f, 0xff, 0xff, 0x23, 0xf6,
    0x45, 0xf4, 0x6f, 0x20, 0xf, 0x78, 0xf0, 0x0,
    0xe9,

    /* U+0042 "B" */
    0xef, 0xfe, 0x60, 0xed, 0x5c, 0xf1, 0xec, 0x5,
    0xf4, 0xec, 0x4, 0xf4, 0xec, 0x5, 0xf3, 0xec,
    0x8, 0xf0, 0xef, 0xff, 0x90, 0xec, 0x39, 0xf1,
    0xec, 0x2, 0xf6, 0xec, 0x1, 0xf7, 0xec, 0x1,
    0xf8, 0xec, 0x3, 0xf6, 0xed, 0x5b, 0xf2, 0xef,
    0xfe, 0x70,

    /* U+0043 "C" */
    0x1, 0xbf, 0xe4, 0x0, 0x9f, 0x7d, 0xe0, 0xe,
    0xb0, 0x5f, 0x30, 0xf9, 0x4, 0xf4, 0xf, 0x90,
    0x4f, 0x50, 0xf9, 0x1, 0x72, 0xf, 0x90, 0x0,
    0x0, 0xf9, 0x0, 0x0, 0xf, 0x90, 0x2b, 0x30,
    0xf9, 0x4, 0xf5, 0xf, 0x90, 0x4f, 0x40, 0xeb,
    0x6, 0xf3, 0x9, 0xf7, 0xde, 0x0, 0x1b, 0xfd,
    0x40,

    /* U+0044 "D" */
    0xef, 0xfe, 0x60, 0xed, 0x5c, 0xf1, 0xeb, 0x4,
    0xf6, 0xeb, 0x2, 0xf7, 0xeb, 0x2, 0xf7, 0xeb,
    0x2, 0xf7, 0xeb, 0x2, 0xf7, 0xeb, 0x2, 0xf7,
    0xeb, 0x2, 0xf7, 0xeb, 0x2, 0xf7, 0xeb, 0x2,
    0xf7, 0xeb, 0x3, 0xf5, 0xed, 0x5b, 0xf1, 0xef,
    0xfe, 0x50,

    /* U+0045 "E" */
    0xef, 0xff, 0x3e, 0xd5, 0x51, 0xec, 0x0, 0xe,
    0xc0, 0x0, 0xec, 0x0, 0xe, 0xc1, 0x10, 0xef,
    0xff, 0x1e, 0xd4, 0x40, 0xec, 0x0, 0xe, 0xc0,
    0x0, 0xec, 0x0, 0xe, 0xc0, 0x0, 0xed, 0x55,
    0x1e, 0xff, 0xf4,

    /* U+0046 "F" */
    0xef, 0xff, 0x4e, 0xd5, 0x51, 0xeb, 0x0, 0xe,
    0xb0, 0x0, 0xeb, 0x0, 0xe, 0xc1, 0x10, 0xef,
    0xff, 0x1e, 0xc4, 0x40, 0xeb, 0x0, 0xe, 0xb0,
    0x0, 0xeb, 0x0, 0xe, 0xb0, 0x0, 0xeb, 0x0,
    0xe, 0xb0, 0x0,

    /* U+0047 "G" */
    0x1, 0xbf, 0xe5, 0x0, 0x9f, 0x7c, 0xf0, 0xe,
    0xb0, 0x4f, 0x30, 0xf9, 0x3, 0xf5, 0xf, 0x90,
    0x3f, 0x50, 0xf9, 0x1, 0x51, 0xf, 0x90, 0x0,
    0x0, 0xf9, 0x4f, 0xf5, 0xf, 0x90, 0x5f, 0x50,
    0xf9, 0x2, 0xf5, 0xf, 0x90, 0x2f, 0x50, 0xeb,
    0x4, 0xf5, 0x9, 0xf7, 0xcf, 0x50, 0x1b, 0xfb,
    0x95,

    /* U+0048 "H" */
    0xec, 0x0, 0xf9, 0xec, 0x0, 0xf9, 0xec, 0x0,
    0xf9, 0xec, 0x0, 0xf9, 0xec, 0x0, 0xf9, 0xec,
    0x11, 0xf9, 0xef, 0xff, 0xf9, 0xed, 0x44, 0xf9,
    0xec, 0x0, 0xf9, 0xec, 0x0, 0xf9, 0xec, 0x0,
    0xf9, 0xec, 0x0, 0xf9, 0xec, 0x0, 0xf9, 0xec,
    0x0, 0xf9,

    /* U+0049 "I" */
    0xec, 0xec, 0xec, 0xec, 0xec, 0xec, 0xec, 0xec,
    0xec, 0xec, 0xec, 0xec, 0xec, 0xec,

    /* U+004A "J" */
    0x0, 0x0, 0xfa, 0x0, 0x0, 0xfa, 0x0, 0x0,
    0xfa, 0x0, 0x0, 0xfa, 0x0, 0x0, 0xfa, 0x0,
    0x0, 0xfa, 0x0, 0x0, 0xfa, 0x0, 0x0, 0xfa,
    0x0, 0x0, 0xfa, 0x4f, 0x40, 0xfa, 0x4f, 0x40,
    0xfa, 0x3f, 0x50, 0xf9, 0xf, 0xc8, 0xf5, 0x5,
    0xde, 0x90,

    /* U+004B "K" */
    0xec, 0x0, 0xfa, 0xec, 0x5, 0xf4, 0xec, 0xb,
    0xe0, 0xec, 0x1f, 0x80, 0xec, 0x7f, 0x20, 0xec,
    0xdc, 0x0, 0xee, 0xf6, 0x0, 0xee, 0xf7, 0x0,
    0xec, 0xcd, 0x0, 0xec, 0x6f, 0x40, 0xec, 0xf,
    0xa0, 0xec, 0xa, 0xf1, 0xec, 0x4, 0xf6, 0xec,
    0x0, 0xdc,

    /* U+004C "L" */
    0xec, 0x0, 0xe, 0xc0, 0x0, 0xec, 0x0, 0xe,
    0xc0, 0x0, 0xec, 0x0, 0xe, 0xc0, 0x0, 0xec,
    0x0, 0xe, 0xc0, 0x0, 0xec, 0x0, 0xe, 0xc0,
    0x0, 0xec, 0x0, 0xe, 0xc0, 0x0, 0xed, 0x55,
    0x1e, 0xff, 0xf4,

    /* U+004D "M" */
    0xef, 0x10, 0x0, 0xff, 0xef, 0x40, 0x2, 0xff,
    0xef, 0x70, 0x5, 0xff, 0xef, 0xa0, 0x7, 0xff,
    0xed, 0xd0, 0xa, 0xdf, 0xea, 0xf0, 0xd, 0xaf,
    0xe7, 0xf3, 0xf, 0x7f, 0xe7, 0xc6, 0x3f, 0x5f,
    0xe7, 0x99, 0x6c, 0x5f, 0xe8, 0x6c, 0x99, 0x6f,
    0xe8, 0x3f, 0xc5, 0x6f, 0xe8, 0xf, 0xf2, 0x6f,
    0xe8, 0xc, 0xf0, 0x6f, 0xe8, 0x9, 0xc0, 0x6f,

    /* U+004E "N" */
    0xe8, 0x0, 0xac, 0xed, 0x0, 0xac, 0xef, 0x20,
    0xac, 0xef, 0x80, 0xac, 0xef, 0xd0, 0xac, 0xea,
    0xf2, 0x9c, 0xe9, 0xc8, 0x9c, 0xe9, 0x7d, 0x8c,
    0xea, 0x2f, 0xbc, 0xea, 0xd, 0xfc, 0xea, 0x8,
    0xfc, 0xea, 0x3, 0xfc, 0xea, 0x0, 0xdc, 0xea,
    0x0, 0x8c,

    /* U+004F "O" */
    0x1, 0xbf, 0xe5, 0x0, 0xaf, 0x8c, 0xf1, 0xe,
    0xb0, 0x4f, 0x40, 0xf9, 0x3, 0xf6, 0xf, 0x90,
    0x3f, 0x60, 0xf9, 0x3, 0xf6, 0xf, 0x90, 0x3f,
    0x60, 0xf9, 0x3, 0xf6, 0xf, 0x90, 0x3f, 0x60,
    0xf9, 0x3, 0xf6, 0xf, 0x90, 0x3f, 0x60, 0xeb,
    0x5, 0xf4, 0xa, 0xf8, 0xcf, 0x0, 0x1b, 0xfe,
    0x50,

    /* U+0050 "P" */
    0xef, 0xfe, 0x60, 0xed, 0x4b, 0xf2, 0xec, 0x3,
    0xf6, 0xec, 0x2, 0xf7, 0xec, 0x2, 0xf7, 0xec,
    0x3, 0xf6, 0xec, 0x18, 0xf3, 0xef, 0xff, 0xb0,
    0xed, 0x42, 0x0, 0xec, 0x0, 0x0, 0xec, 0x0,
    0x0, 0xec, 0x0, 0x0, 0xec, 0x0, 0x0, 0xec,
    0x0, 0x0,

    /* U+0051 "Q" */
    0x1, 0xbf, 0xe5, 0x0, 0xaf, 0x8c, 0xf1, 0xe,
    0xb0, 0x4f, 0x40, 0xf9, 0x3, 0xf6, 0xf, 0x90,
    0x3f, 0x60, 0xf9, 0x3, 0xf6, 0xf, 0x90, 0x3f,
    0x60, 0xf9, 0x3, 0xf6, 0xf, 0x90, 0x3f, 0x60,
    0xf9, 0x3, 0xf6, 0xf, 0x90, 0x3f, 0x60, 0xeb,
    0x5, 0xf4, 0xa, 0xf8, 0xcf, 0x0, 0x1b, 0xff,
    0x50, 0x0, 0x2, 0xe6, 0x0, 0x0, 0x3, 0xa0,

    /* U+0052 "R" */
    0xef, 0xff, 0x90, 0xed, 0x49, 0xf4, 0xec, 0x2,
    0xf6, 0xec, 0x2, 0xf7, 0xec, 0x2, 0xf6, 0xec,
    0x7, 0xf3, 0xef, 0xff, 0xa0, 0xec, 0x38, 0xf2,
    0xec, 0x2, 0xf5, 0xec, 0x2, 0xf6, 0xec, 0x2,
    0xf7, 0xec, 0x2, 0xf7, 0xec, 0x1, 0xf7, 0xec,
    0x1, 0xf8,

    /* U+0053 "S" */
    0x6, 0xef, 0xb1, 0x1f, 0xc8, 0xf7, 0x5f, 0x40,
    0xdb, 0x5f, 0x30, 0xcc, 0x2f, 0x80, 0x9a, 0xa,
    0xf6, 0x0, 0x1, 0xdf, 0x50, 0x0, 0x1d, 0xf2,
    0x27, 0x12, 0xfa, 0x4f, 0x40, 0xbe, 0x4f, 0x40,
    0x9f, 0x2f, 0x60, 0xae, 0xe, 0xd7, 0xea, 0x3,
    0xdf, 0xc2,

    /* U+0054 "T" */
    0xdf, 0xff, 0xb4, 0x8f, 0x84, 0x4, 0xf5, 0x0,
    0x4f, 0x50, 0x4, 0xf5, 0x0, 0x4f, 0x50, 0x4,
    0xf5, 0x0, 0x4f, 0x50, 0x4, 0xf5, 0x0, 0x4f,
    0x50, 0x4, 0xf5, 0x0, 0x4f, 0x50, 0x4, 0xf5,
    0x0, 0x4f, 0x50,

    /* U+0055 "U" */
    0xfa, 0x2, 0xf7, 0xfa, 0x2, 0xf7, 0xfa, 0x2,
    0xf7, 0xfa, 0x2, 0xf7, 0xfa, 0x2, 0xf7, 0xfa,
    0x2, 0xf7, 0xfa, 0x2, 0xf7, 0xfa, 0x2, 0xf7,
    0xfa, 0x2, 0xf7, 0xfa, 0x2, 0xf7, 0xfa, 0x2,
    0xf6, 0xeb, 0x4, 0xf5, 0xaf, 0x7b, 0xf2, 0x1b,
    0xfe, 0x60,

    /* U+0056 "V" */
    0x9e, 0x0, 0xf, 0x86, 0xf1, 0x2, 0xf5, 0x4f,
    0x30, 0x4f, 0x31, 0xf6, 0x6, 0xf0, 0xf, 0x80,
    0x8e, 0x0, 0xcb, 0xa, 0xc0, 0x9, 0xd0, 0xc9,
    0x0, 0x7f, 0xf, 0x70, 0x4, 0xf3, 0xf5, 0x0,
    0x2f, 0x8f, 0x20, 0x0, 0xfc, 0xf0, 0x0, 0xc,
    0xfd, 0x0, 0x0, 0xaf, 0xb0, 0x0, 0x7, 0xf9,
    0x0,

    /* U+0057 "W" */
    0x8f, 0x0, 0x6f, 0x0, 0x7f, 0x6, 0xf1, 0x9,
    0xf3, 0x9, 0xd0, 0x4f, 0x30, 0xbf, 0x50, 0xac,
    0x2, 0xf4, 0xd, 0xf7, 0xc, 0xa0, 0xf, 0x60,
    0xfc, 0xa0, 0xd8, 0x0, 0xd8, 0x2f, 0x7c, 0xf,
    0x60, 0xb, 0xa4, 0xe3, 0xf0, 0xf4, 0x0, 0x9b,
    0x7c, 0x1f, 0x3f, 0x20, 0x7, 0xd9, 0xa0, 0xf7,
    0xf0, 0x0, 0x5f, 0xb7, 0xd, 0xbf, 0x0, 0x3,
    0xfe, 0x50, 0xae, 0xd0, 0x0, 0x1f, 0xf2, 0x8,
    0xfb, 0x0, 0x0, 0xff, 0x0, 0x6f, 0x90, 0x0,
    0xd, 0xd0, 0x3, 0xf7, 0x0,

    /* U+0058 "X" */
    0x6f, 0x0, 0xca, 0x2f, 0x40, 0xf6, 0xd, 0x84,
    0xf2, 0x9, 0xd8, 0xe0, 0x4, 0xfe, 0x90, 0x0,
    0xff, 0x50, 0x0, 0xbf, 0x10, 0x0, 0xef, 0x0,
    0x2, 0xff, 0x40, 0x7, 0xfd, 0x90, 0xb, 0xb8,
    0xd0, 0xf, 0x74, 0xf2, 0x3f, 0x30, 0xf7, 0x8f,
    0x0, 0xab,

    /* U+0059 "Y" */
    0xbd, 0x0, 0x6f, 0x36, 0xf2, 0xa, 0xe0, 0x2f,
    0x60, 0xea, 0x0, 0xdb, 0x1f, 0x60, 0x8, 0xf6,
    0xf1, 0x0, 0x4f, 0xdd, 0x0, 0x0, 0xff, 0x90,
    0x0, 0xa, 0xf4, 0x0, 0x0, 0x7f, 0x20, 0x0,
    0x7, 0xf2, 0x0, 0x0, 0x7f, 0x20, 0x0, 0x7,
    0xf2, 0x0, 0x0, 0x7f, 0x20, 0x0, 0x7, 0xf2,
    0x0,

    /* U+005A "Z" */
    0x3f, 0xff, 0xf0, 0x15, 0x5c, 0xf0, 0x0, 0xe,
    0xb0, 0x0, 0x2f, 0x70, 0x0, 0x6f, 0x30, 0x0,
    0xaf, 0x0, 0x0, 0xeb, 0x0, 0x2, 0xf7, 0x0,
    0x6, 0xf3, 0x0, 0xa, 0xf0, 0x0, 0xe, 0xb0,
    0x0, 0x2f, 0x80, 0x0, 0x6f, 0x85, 0x50, 0x7f,
    0xff, 0xf0,

    /* U+005B "[" */
    0xef, 0xf6, 0xec, 0x41, 0xeb, 0x0, 0xeb, 0x0,
    0xeb, 0x0, 0xeb, 0x0, 0xeb, 0x0, 0xeb, 0x0,
    0xeb, 0x0, 0xeb, 0x0, 0xeb, 0x0, 0xeb, 0x0,
    0xeb, 0x0, 0xeb, 0x0, 0xef, 0xf6, 0x33, 0x31,

    /* U+005C "\\" */
    0x5f, 0x10, 0x0, 0x1f, 0x50, 0x0, 0xd, 0x80,
    0x0, 0xa, 0xc0, 0x0, 0x6, 0xf0, 0x0, 0x2,
    0xf3, 0x0, 0x0, 0xe7, 0x0, 0x0, 0xbb, 0x0,
    0x0, 0x7e, 0x0, 0x0, 0x4f, 0x20, 0x0, 0xf,
    0x60, 0x0, 0xc, 0x90, 0x0, 0x9, 0xd0, 0x0,
    0x5, 0xf1,

    /* U+005D "]" */
    0x7f, 0xfc, 0x14, 0xdc, 0x0, 0xdc, 0x0, 0xdc,
    0x0, 0xdc, 0x0, 0xdc, 0x0, 0xdc, 0x0, 0xdc,
    0x0, 0xdc, 0x0, 0xdc, 0x0, 0xdc, 0x0, 0xdc,
    0x0, 0xdc, 0x0, 0xdc, 0x7f, 0xfc, 0x13, 0x32,

    /* U+005E "^" */
    0x0, 0x38, 0x50, 0x0, 0xa, 0xfd, 0x0, 0x0,
    0xeb, 0xf1, 0x0, 0x2f, 0x4f, 0x50, 0x6, 0xf0,
    0xd9, 0x0, 0xac, 0x9, 0xd0, 0xe, 0x90, 0x6f,
    0x13, 0xf5, 0x2, 0xf5,

    /* U+005F "_" */
    0x0, 0x0, 0x0, 0xaf, 0xff, 0xf7, 0x13, 0x33,
    0x31,

    /* U+0060 "`" */
    0x5e, 0x20, 0xd6, 0x5, 0xa0,

    /* U+0061 "a" */
    0x1, 0xcf, 0xd3, 0x0, 0xaf, 0x7e, 0xc0, 0xe,
    0xa0, 0x8f, 0x0, 0xd8, 0x8, 0xf1, 0x0, 0x3,
    0xcf, 0x10, 0x1b, 0xdc, 0xf1, 0xc, 0xc0, 0x8f,
    0x11, 0xf8, 0x8, 0xf1, 0x1f, 0x80, 0x8f, 0x10,
    0xf8, 0x8, 0xf1, 0xe, 0xd6, 0xef, 0x10, 0x5e,
    0xda, 0xf1,

    /* U+0062 "b" */
    0xdc, 0x0, 0x0, 0xdc, 0x0, 0x0, 0xdc, 0xbf,
    0x70, 0xdf, 0x7b, 0xf1, 0xdd, 0x5, 0xf4, 0xdc,
    0x3, 0xf5, 0xdc, 0x3, 0xf6, 0xdc, 0x3, 0xf6,
    0xdc, 0x3, 0xf6, 0xdc, 0x3, 0xf6, 0xdc, 0x3,
    0xf5, 0xdd, 0x4, 0xf4, 0xdf, 0x7b, 0xf1, 0xdc,
    0xbf, 0x80,

    /* U+0063 "c" */
    0x2, 0xcf, 0xd3, 0x0, 0xaf, 0x7e, 0xc0, 0xe,
    0xa0, 0x9f, 0x0, 0xf9, 0x8, 0xf0, 0xf, 0x90,
    0x37, 0x0, 0xf9, 0x0, 0x0, 0xf, 0x90, 0x0,
    0x0, 0xf9, 0x5, 0xa0, 0xf, 0x90, 0x8f, 0x0,
    0xea, 0x9, 0xf0, 0xa, 0xe7, 0xeb, 0x0, 0x1c,
    0xfd, 0x20,

    /* U+0064 "d" */
    0x0, 0x0, 0x6f, 0x30, 0x0, 0x6, 0xf3, 0x2,
    0xde, 0xaf, 0x30, 0xbf, 0x7e, 0xf3, 0xe, 0xa0,
    0x8f, 0x30, 0xf9, 0x6, 0xf3, 0xf, 0x90, 0x6f,
    0x30, 0xf9, 0x6, 0xf3, 0xf, 0x90, 0x6f, 0x30,
    0xf9, 0x6, 0xf3, 0xf, 0x90, 0x6f, 0x30, 0xea,
    0x7, 0xf3, 0xc, 0xe6, 0xdf, 0x30, 0x4e, 0xd9,
    0xf3,

    /* U+0065 "e" */
    0x1, 0xcf, 0xd2, 0x0, 0xaf, 0x6e, 0xc0, 0xe,
    0xa0, 0x9f, 0x0, 0xf9, 0x8, 0xf0, 0xf, 0x90,
    0x8f, 0x10, 0xff, 0xff, 0xf1, 0xf, 0xa2, 0x22,
    0x0, 0xf9, 0x3, 0x70, 0xf, 0x90, 0x8f, 0x0,
    0xea, 0x9, 0xf0, 0xa, 0xe6, 0xec, 0x0, 0x1c,
    0xfd, 0x30,

    /* U+0066 "f" */
    0x0, 0xbf, 0x80, 0x4f, 0x82, 0x6, 0xf3, 0x6,
    0xff, 0xf9, 0x18, 0xf5, 0x10, 0x6f, 0x30, 0x6,
    0xf3, 0x0, 0x6f, 0x30, 0x6, 0xf3, 0x0, 0x6f,
    0x30, 0x6, 0xf3, 0x0, 0x6f, 0x30, 0x6, 0xf3,
    0x0, 0x6f, 0x30,

    /* U+0067 "g" */
    0x2, 0xde, 0xbf, 0x20, 0xbf, 0x6e, 0xf2, 0xe,
    0xa0, 0x8f, 0x20, 0xf9, 0x7, 0xf2, 0xf, 0x90,
    0x7f, 0x20, 0xf9, 0x7, 0xf2, 0xf, 0x90, 0x7f,
    0x20, 0xf9, 0x7, 0xf2, 0xf, 0x90, 0x7f, 0x20,
    0xdd, 0x2b, 0xf2, 0x5, 0xff, 0xdf, 0x20, 0x2,
    0x27, 0xf1, 0x8, 0x65, 0xdd, 0x0, 0x8d, 0xfd,
    0x30,

    /* U+0068 "h" */
    0xdb, 0x0, 0x0, 0xdb, 0x0, 0x0, 0xdb, 0x9f,
    0xb0, 0xdf, 0x9a, 0xf5, 0xdc, 0x2, 0xf7, 0xdb,
    0x1, 0xf7, 0xdb, 0x1, 0xf7, 0xdb, 0x1, 0xf7,
    0xdb, 0x1, 0xf7, 0xdb, 0x1, 0xf7, 0xdb, 0x1,
    0xf7, 0xdb, 0x1, 0xf7, 0xdb, 0x1, 0xf7, 0xdb,
    0x1, 0xf7,

    /* U+0069 "i" */
    0xdc, 0x66, 0xdc, 0xdc, 0xdc, 0xdc, 0xdc, 0xdc,
    0xdc, 0xdc, 0xdc, 0xdc, 0xdc, 0xdc,

    /* U+006A "j" */
    0xa, 0xf0, 0x57, 0xa, 0xf0, 0xaf, 0xa, 0xf0,
    0xaf, 0xa, 0xf0, 0xaf, 0xa, 0xf0, 0xaf, 0xa,
    0xf0, 0xaf, 0xa, 0xf0, 0xaf, 0x2c, 0xe7, 0xf7,

    /* U+006B "k" */
    0xdc, 0x0, 0x0, 0xdc, 0x0, 0x0, 0xdc, 0x2,
    0xf7, 0xdc, 0x8, 0xf1, 0xdc, 0xe, 0xa0, 0xdc,
    0x5f, 0x30, 0xdc, 0xcc, 0x0, 0xde, 0xf6, 0x0,
    0xdd, 0xf7, 0x0, 0xdc, 0xae, 0x0, 0xdc, 0x4f,
    0x50, 0xdc, 0xd, 0xc0, 0xdc, 0x7, 0xf2, 0xdc,
    0x1, 0xf9,

    /* U+006C "l" */
    0xdc, 0xdc, 0xdc, 0xdc, 0xdc, 0xdc, 0xdc, 0xdc,
    0xdc, 0xdc, 0xdc, 0xdc, 0xdc, 0xdc,

    /* U+006D "m" */
    0xeb, 0xaf, 0xb4, 0xee, 0x60, 0xef, 0x59, 0xfc,
    0x4d, 0xe0, 0xeb, 0x3, 0xf6, 0x8, 0xf1, 0xeb,
    0x3, 0xf6, 0x8, 0xf1, 0xeb, 0x3, 0xf6, 0x8,
    0xf1, 0xeb, 0x3, 0xf6, 0x8, 0xf1, 0xeb, 0x3,
    0xf6, 0x8, 0xf1, 0xeb, 0x3, 0xf6, 0x8, 0xf1,
    0xeb, 0x3, 0xf6, 0x8, 0xf1, 0xeb, 0x3, 0xf6,
    0x8, 0xf1, 0xeb, 0x3, 0xf6, 0x8, 0xf1, 0xeb,
    0x3, 0xf6, 0x8, 0xf1,

    /* U+006E "n" */
    0xeb, 0xaf, 0xb0, 0xef, 0x58, 0xf5, 0xec, 0x2,
    0xf7, 0xeb, 0x2, 0xf7, 0xeb, 0x2, 0xf7, 0xeb,
    0x2, 0xf7, 0xeb, 0x2, 0xf7, 0xeb, 0x2, 0xf7,
    0xeb, 0x2, 0xf7, 0xeb, 0x2, 0xf7, 0xeb, 0x2,
    0xf7, 0xeb, 0x2, 0xf7,

    /* U+006F "o" */
    0x1, 0xcf, 0xd2, 0x0, 0xaf, 0x6e, 0xc0, 0xe,
    0xa0, 0x8f, 0x10, 0xf9, 0x7, 0xf2, 0xf, 0x90,
    0x7f, 0x20, 0xf9, 0x7, 0xf2, 0xf, 0x90, 0x7f,
    0x20, 0xf9, 0x7, 0xf2, 0xf, 0x90, 0x7f, 0x20,
    0xea, 0x8, 0xf1, 0xa, 0xf6, 0xdd, 0x0, 0x1c,
    0xfd, 0x30,

    /* U+0070 "p" */
    0xdc, 0xbf, 0x80, 0xdf, 0x5a, 0xf1, 0xdc, 0x4,
    0xf4, 0xdc, 0x3, 0xf5, 0xdc, 0x3, 0xf6, 0xdc,
    0x3, 0xf6, 0xdc, 0x3, 0xf6, 0xdc, 0x3, 0xf6,
    0xdc, 0x3, 0xf5, 0xdd, 0x5, 0xf4, 0xdf, 0x7c,
    0xf1, 0xdc, 0xcf, 0x70, 0xdc, 0x0, 0x0, 0xdc,
    0x0, 0x0,

    /* U+0071 "q" */
    0x4, 0xed, 0xaf, 0x20, 0xce, 0x6d, 0xf2, 0xe,
    0xa0, 0x8f, 0x20, 0xf9, 0x7, 0xf2, 0xf, 0x90,
    0x7f, 0x20, 0xf9, 0x7, 0xf2, 0xf, 0x90, 0x7f,
    0x20, 0xf9, 0x7, 0xf2, 0xf, 0x90, 0x7f, 0x20,
    0xea, 0x8, 0xf2, 0xb, 0xe6, 0xef, 0x20, 0x3d,
    0xea, 0xf2, 0x0, 0x0, 0x6f, 0x20, 0x0, 0x6,
    0xf2,

    /* U+0072 "r" */
    0xdc, 0x9b, 0xdf, 0x93, 0xdc, 0x0, 0xdc, 0x0,
    0xdc, 0x0, 0xdc, 0x0, 0xdc, 0x0, 0xdc, 0x0,
    0xdc, 0x0, 0xdc, 0x0, 0xdc, 0x0, 0xdc, 0x0,

    /* U+0073 "s" */
    0x5, 0xef, 0x90, 0x1f, 0xb9, 0xf4, 0x4f, 0x40,
    0xf8, 0x3f, 0x60, 0xe9, 0xd, 0xe1, 0x32, 0x3,
    0xfd, 0x10, 0x0, 0x4f, 0xd0, 0x4, 0x15, 0xf7,
    0x3f, 0x50, 0xeb, 0x2f, 0x60, 0xdc, 0xe, 0xd7,
    0xf9, 0x4, 0xdf, 0xb1,

    /* U+0074 "t" */
    0x9, 0xf0, 0x0, 0x9f, 0x0, 0xaf, 0xff, 0x42,
    0xaf, 0x30, 0x9, 0xf0, 0x0, 0x9f, 0x0, 0x9,
    0xf0, 0x0, 0x9f, 0x0, 0x9, 0xf0, 0x0, 0x9f,
    0x0, 0x9, 0xf0, 0x0, 0x9f, 0x0, 0x9, 0xf6,
    0x10, 0x3e, 0xf4,

    /* U+0075 "u" */
    0xfa, 0x3, 0xf6, 0xfa, 0x3, 0xf6, 0xfa, 0x3,
    0xf6, 0xfa, 0x3, 0xf6, 0xfa, 0x3, 0xf6, 0xfa,
    0x3, 0xf6, 0xfa, 0x3, 0xf6, 0xfa, 0x3, 0xf6,
    0xfa, 0x3, 0xf6, 0xeb, 0x4, 0xf6, 0xcf, 0x7c,
    0xf6, 0x3d, 0xe7, 0xf6,

    /* U+0076 "v" */
    0x8e, 0x0, 0xd9, 0x6f, 0x0, 0xf7, 0x4f, 0x21,
    0xf5, 0x1f, 0x43, 0xf2, 0xf, 0x75, 0xf0, 0xd,
    0x97, 0xe0, 0xb, 0xb8, 0xb0, 0x8, 0xda, 0x90,
    0x6, 0xfc, 0x70, 0x4, 0xfe, 0x50, 0x2, 0xff,
    0x20, 0x0, 0xff, 0x0,

    /* U+0077 "w" */
    0x8d, 0x3, 0xf5, 0xa, 0xa6, 0xe0, 0x5f, 0x70,
    0xc8, 0x4f, 0x7, 0xfa, 0xd, 0x62, 0xf1, 0x9c,
    0xc0, 0xf4, 0xf, 0x3c, 0x7e, 0xf, 0x20, 0xf4,
    0xe3, 0xf3, 0xf0, 0xd, 0x6f, 0xe, 0x7e, 0x0,
    0xba, 0xe0, 0xca, 0xc0, 0x9, 0xdb, 0xa, 0xdb,
    0x0, 0x7f, 0x90, 0x8f, 0x90, 0x6, 0xf7, 0x6,
    0xf7, 0x0, 0x4f, 0x40, 0x4f, 0x50,

    /* U+0078 "x" */
    0x7e, 0x0, 0xf6, 0x2f, 0x45, 0xf1, 0xd, 0x99,
    0xc0, 0x8, 0xee, 0x60, 0x3, 0xff, 0x10, 0x0,
    0xec, 0x0, 0x0, 0xfd, 0x0, 0x5, 0xff, 0x30,
    0xa, 0xbe, 0x80, 0xf, 0x6a, 0xd0, 0x4f, 0x25,
    0xf2, 0x9d, 0x0, 0xf7,

    /* U+0079 "y" */
    0x8f, 0x0, 0xbc, 0x6f, 0x10, 0xda, 0x3f, 0x40,
    0xf7, 0xf, 0x61, 0xf5, 0xe, 0x83, 0xf2, 0xb,
    0xa5, 0xf0, 0x8, 0xc7, 0xd0, 0x6, 0xe8, 0xa0,
    0x3, 0xfa, 0x80, 0x1, 0xfe, 0x50, 0x0, 0xef,
    0x30, 0x0, 0xbf, 0x0, 0x3, 0xcd, 0x0, 0x3f,
    0xf7, 0x0,

    /* U+007A "z" */
    0x3f, 0xff, 0xc1, 0x66, 0xfb, 0x0, 0x2f, 0x60,
    0x7, 0xf2, 0x0, 0xbe, 0x0, 0xf, 0x90, 0x4,
    0xf5, 0x0, 0x8f, 0x10, 0xd, 0xc0, 0x1, 0xf8,
    0x0, 0x5f, 0x96, 0x47, 0xff, 0xfa,

    /* U+007B "{" */
    0x0, 0x7e, 0x80, 0xf, 0xc3, 0x2, 0xf7, 0x0,
    0x2f, 0x70, 0x2, 0xf7, 0x0, 0x2f, 0x70, 0x3,
    0xf6, 0x2, 0xcf, 0x20, 0x3f, 0xb0, 0x0, 0x5f,
    0x50, 0x2, 0xf7, 0x0, 0x2f, 0x70, 0x2, 0xf7,
    0x0, 0x2f, 0x70, 0x0, 0xfc, 0x30, 0x8, 0xf8,

    /* U+007C "|" */
    0x57, 0xae, 0xae, 0xae, 0xae, 0xae, 0xae, 0xae,
    0xae, 0xae, 0xae, 0xae, 0xae, 0xae, 0xae, 0xae,

    /* U+007D "}" */
    0x6f, 0x90, 0x2, 0xbf, 0x20, 0x5, 0xf4, 0x0,
    0x5f, 0x40, 0x5, 0xf4, 0x0, 0x4f, 0x40, 0x4,
    0xf5, 0x0, 0x1e, 0xd3, 0x0, 0xaf, 0x50, 0x3f,
    0x70, 0x4, 0xf4, 0x0, 0x5f, 0x40, 0x5, 0xf4,
    0x0, 0x5f, 0x40, 0x2b, 0xf2, 0x6, 0xfa, 0x0,

    /* U+007E "~" */
    0x2, 0x97, 0x10, 0x86, 0xd, 0xff, 0xfc, 0xf6,
    0x7, 0x32, 0x9e, 0xb0,

    /* U+00A0 " " */

    /* U+00A1 "¡" */
    0xcf, 0xab, 0x0, 0x35, 0x57, 0x68, 0x78, 0x89,
    0x9a, 0x9b, 0xac, 0xbd, 0xce, 0xdf,

    /* U+00A2 "¢" */
    0x0, 0xd, 0x0, 0x0, 0x0, 0xd0, 0x0, 0x2,
    0xcf, 0xd3, 0x0, 0xaf, 0x7e, 0xc0, 0xe, 0xa0,
    0x9f, 0x0, 0xf9, 0x8, 0xf0, 0xf, 0x90, 0x37,
    0x0, 0xf9, 0x0, 0x0, 0xf, 0x90, 0x0, 0x0,
    0xf9, 0x5, 0xa0, 0xf, 0x90, 0x8f, 0x0, 0xea,
    0x9, 0xf0, 0xa, 0xe7, 0xeb, 0x0, 0x1c, 0xfd,
    0x20, 0x0, 0xd, 0x0, 0x0, 0x0, 0xd0, 0x0,

    /* U+00A3 "£" */
    0x1, 0xbf, 0xe5, 0x0, 0x9f, 0x6b, 0xe0, 0xc,
    0xb0, 0x3f, 0x10, 0xbc, 0x3, 0xf2, 0x8, 0xf0,
    0x0, 0x0, 0x5f, 0x30, 0x0, 0x5f, 0xff, 0xfa,
    0x0, 0x2e, 0xc2, 0x10, 0x0, 0xae, 0x0, 0x0,
    0x9, 0xf0, 0x0, 0x0, 0x9f, 0x0, 0x0, 0xd,
    0xb0, 0x0, 0x9, 0xf6, 0x44, 0x1, 0xff, 0xff,
    0xf2,

    /* U+00A4 "¤" */
    0x0, 0x10, 0x0, 0x10, 0x0, 0x9d, 0xdf, 0xed,
    0xa0, 0x8, 0xf9, 0x48, 0xf9, 0x0, 0xac, 0x0,
    0xb, 0xb0, 0xa, 0xb0, 0x0, 0xab, 0x0, 0x7f,
    0x61, 0x5f, 0x80, 0xb, 0xff, 0xff, 0xfc, 0x0,
    0x2, 0x13, 0x12, 0x10,

    /* U+00A5 "¥" */
    0xbd, 0x0, 0x6f, 0x37, 0xf1, 0x9, 0xf0, 0x2f,
    0x60, 0xdb, 0x0, 0xea, 0x1f, 0x60, 0x9, 0xe5,
    0xf2, 0x0, 0x5f, 0xbe, 0x0, 0x1, 0xff, 0xa0,
    0x0, 0xc, 0xf6, 0x0, 0x5e, 0xff, 0xfc, 0x0,
    0x9, 0xf2, 0x0, 0x5e, 0xff, 0xfc, 0x0, 0x7,
    0xf2, 0x0, 0x0, 0x7f, 0x20, 0x0, 0x7, 0xf2,
    0x0,

    /* U+00A6 "¦" */
    0xea, 0xea, 0xea, 0xea, 0xea, 0xea, 0x75, 0x0,
    0x86, 0xea, 0xea, 0xea, 0xea, 0xea, 0xea,

    /* U+00A7 "§" */
    0x6, 0xef, 0x90, 0x2f, 0x76, 0xf5, 0x4f, 0x20,
    0xe9, 0xe, 0xa0, 0x75, 0x6, 0xfb, 0x0, 0x1e,
    0xae, 0xd1, 0x4f, 0x11, 0xeb, 0x1e, 0xb0, 0x7e,
    0x3, 0xec, 0xc6, 0x0, 0x1d, 0xd1, 0x18, 0x31,
    0xe8, 0x2f, 0x50, 0xac, 0xe, 0xa3, 0xea, 0x4,
    0xdf, 0xb1,

    /* U+00A8 "¨" */
    0x11, 0x0, 0x11, 0x9f, 0x30, 0xdf, 0x24, 0x0,
    0x34,

    /* U+00A9 "©" */
    0x0, 0x6, 0xbe, 0xd9, 0x20, 0x0, 0xb, 0xca,
    0xfe, 0x7e, 0x60, 0x9, 0xa0, 0xd2, 0xb5, 0x2e,
    0x31, 0xf1, 0xe, 0x16, 0x30, 0x7a, 0x4d, 0x0,
    0xe1, 0x0, 0x3, 0xd4, 0xd0, 0xe, 0x17, 0x40,
    0x4e, 0x2f, 0x0, 0xd2, 0xa5, 0x7, 0xb0, 0xb8,
    0x6, 0xec, 0x11, 0xe4, 0x1, 0xe9, 0x10, 0x4,
    0xd9, 0x0, 0x1, 0x9e, 0xff, 0xc5, 0x0, 0x0,
    0x0, 0x1, 0x0, 0x0, 0x0,

    /* U+00AA "ª" */
    0x9, 0xfd, 0x22, 0xf3, 0xc9, 0x4f, 0x9, 0xb1,
    0x30, 0xab, 0x6, 0xed, 0xb3, 0xf2, 0x8b, 0x6d,
    0x8, 0xb6, 0xd0, 0x8b, 0x4f, 0x2b, 0xb0, 0xce,
    0xcb,

    /* U+00AB "«" */
    0x0, 0x4, 0x40, 0x2, 0x50, 0x2b, 0xf5, 0x19,
    0xf8, 0x4f, 0xc4, 0x1e, 0xe6, 0x5, 0xf9, 0x12,
    0xfb, 0x30, 0x5, 0xef, 0x43, 0xcf, 0x70, 0x0,
    0x85, 0x0, 0x68, 0x0, 0x0, 0x0, 0x0, 0x0,

    /* U+00AC "¬" */
    0x2, 0x22, 0x22, 0x3, 0xff, 0xff, 0xf3, 0x15,
    0x55, 0x8f, 0x30, 0x0, 0x4, 0xf3, 0x0, 0x0,
    0x4f, 0x30, 0x0, 0x1, 0x51,

    /* U+00AD "­" */
    0x1, 0x11, 0x4, 0xff, 0xfb, 0x14, 0x44, 0x20,

    /* U+00AE "®" */
    0x0, 0x5, 0xbe, 0xda, 0x30, 0x0, 0xb, 0xdd,
    0xff, 0x8e, 0x70, 0x8, 0xc0, 0x97, 0x95, 0x1e,
    0x40, 0xf3, 0x9, 0x79, 0x50, 0x7b, 0x3f, 0x0,
    0x9e, 0xe2, 0x2, 0xf3, 0xe0, 0x9, 0x7b, 0x50,
    0x2f, 0x1f, 0x10, 0x97, 0xa5, 0x5, 0xc0, 0xa9,
    0x9, 0x7a, 0x50, 0xd6, 0x1, 0xda, 0x42, 0x35,
    0xca, 0x0, 0x0, 0x8e, 0xff, 0xd6, 0x0, 0x0,
    0x0, 0x0, 0x0, 0x0, 0x0,

    /* U+00AF "¯" */
    0x9f, 0xff, 0x61, 0x22, 0x21,

    /* U+00B0 "°" */
    0x3, 0xcf, 0xd4, 0x0, 0xe7, 0x5, 0xf2, 0x2f,
    0x10, 0xe, 0x40, 0xe7, 0x5, 0xf2, 0x3, 0xcf,
    0xd4, 0x0,

    /* U+00B1 "±" */
    0x0, 0x0, 0x0, 0x3e, 0x0, 0xff, 0xff, 0xa2,
    0x5e, 0x21, 0x3, 0xe0, 0x0, 0x3e, 0x0, 0x0,
    0x0, 0xb, 0xff, 0xf5, 0x23, 0x33, 0x0,

    /* U+00B2 "²" */
    0x9, 0xfa, 0x1, 0xf2, 0xe2, 0x3e, 0xd, 0x44,
    0xe0, 0xe3, 0x0, 0x3f, 0x0, 0xb, 0x80, 0x2,
    0xf1, 0x0, 0x98, 0x0, 0xf, 0x20, 0x3, 0xfe,
    0xe2,

    /* U+00B3 "³" */
    0xa, 0xf8, 0x4, 0xd1, 0xf1, 0x6b, 0xd, 0x41,
    0x20, 0xd4, 0x0, 0x1f, 0x10, 0x1f, 0xb0, 0x0,
    0x1f, 0x25, 0x70, 0xd4, 0x5c, 0xe, 0x30, 0xce,
    0xa0,

    /* U+00B4 "´" */
    0xe, 0x73, 0xf1, 0x78, 0x0,

    /* U+00B5 "µ" */
    0xfa, 0x3, 0xf6, 0xfa, 0x3, 0xf6, 0xfa, 0x3,
    0xf6, 0xfa, 0x3, 0xf6, 0xfa, 0x3, 0xf6, 0xfa,
    0x3, 0xf6, 0xfa, 0x3, 0xf6, 0xfa, 0x3, 0xf6,
    0xff, 0x3, 0xf6, 0xff, 0x4, 0xf6, 0xff, 0x7c,
    0xf6, 0xff, 0xe7, 0xf6, 0xfa, 0x0, 0x0, 0xfa,
    0x0, 0x0,

    /* U+00B6 "¶" */
    0x4, 0xcf, 0xff, 0xf3, 0x1f, 0xff, 0xd9, 0xf3,
    0x3f, 0xff, 0xb3, 0xf3, 0xe, 0xff, 0xb3, 0xf3,
    0x3, 0xcf, 0xb3, 0xf3, 0x0, 0xb, 0xb3, 0xf3,
    0x0, 0xb, 0xb3, 0xf3, 0x0, 0xb, 0xb3, 0xf3,
    0x0, 0xb, 0xb3, 0xf3, 0x0, 0xb, 0xb3, 0xf3,
    0x0, 0xb, 0xb3, 0xf3, 0x0, 0xb, 0xb3, 0xf3,
    0x0, 0xb, 0xb3, 0xf3, 0x0, 0xb, 0xb3, 0xf3,

    /* U+00B7 "·" */
    0x87, 0xdb,

    /* U+00B8 "¸" */
    0x0, 0x0, 0xa, 0x0, 0xc, 0x80, 0x0, 0xe5,
    0x3, 0xf6, 0x8e, 0x90,

    /* U+00B9 "¹" */
    0x1, 0xe3, 0x3c, 0xf3, 0x0, 0xf3, 0x0, 0xf3,
    0x0, 0xf3, 0x0, 0xf3, 0x0, 0xf3, 0x0, 0xf3,
    0x0, 0xf3, 0x0, 0xf3,

    /* U+00BA "º" */
    0x2d, 0xf8, 0xa, 0xa3, 0xf2, 0xc7, 0xf, 0x4d,
    0x70, 0xf5, 0xd7, 0xf, 0x5d, 0x70, 0xf5, 0xd7,
    0xf, 0x5c, 0x70, 0xf4, 0xaa, 0x4f, 0x22, 0xdf,
    0x90,

    /* U+00BB "»" */
    0x62, 0x0, 0x43, 0x0, 0xa, 0xf8, 0x6, 0xfa,
    0x10, 0x7, 0xee, 0x5, 0xdf, 0x30, 0x3c, 0xf1,
    0x2a, 0xf4, 0x8f, 0xc2, 0x5f, 0xd4, 0x9, 0x50,
    0x6, 0x70, 0x0, 0x0, 0x0, 0x0, 0x0, 0x0,

    /* U+00BC "¼" */
    0x2, 0xe1, 0x0, 0xc, 0x40, 0x3, 0xcf, 0x10,
    0x0, 0xf0, 0x0, 0x0, 0xf1, 0x0, 0x4b, 0x0,
    0x0, 0xf, 0x10, 0x9, 0x70, 0x0, 0x0, 0xf1,
    0x0, 0xd2, 0x2, 0x0, 0xf, 0x10, 0x2e, 0x2,
    0xf4, 0x0, 0xf1, 0x6, 0x90, 0x7f, 0x40, 0xf,
    0x10, 0xb5, 0xb, 0xc4, 0x0, 0xf1, 0xf, 0x11,
    0xbb, 0x40, 0xd, 0x14, 0xc0, 0x57, 0xb4, 0x0,
    0x0, 0x87, 0xa, 0x3b, 0x40, 0x0, 0xd, 0x30,
    0xcd, 0xfd, 0x0, 0x1, 0xe0, 0x0, 0xb, 0x40,
    0x0, 0x14, 0x0, 0x0, 0x41,

    /* U+00BD "½" */
    0x1, 0xe1, 0x0, 0xa, 0x60, 0x0, 0x3, 0xcf,
    0x10, 0x0, 0xe1, 0x0, 0x0, 0x0, 0xf1, 0x0,
    0x3d, 0x0, 0x0, 0x0, 0xf, 0x10, 0x7, 0x90,
    0x0, 0x0, 0x0, 0xf1, 0x0, 0xb4, 0xc, 0xf5,
    0x0, 0xf, 0x10, 0xf, 0x5, 0xc3, 0xd0, 0x0,
    0xf1, 0x4, 0xc0, 0x7a, 0x1f, 0x0, 0xf, 0x10,
    0x87, 0x7, 0xa2, 0xe0, 0x0, 0xf1, 0xd, 0x30,
    0x0, 0x7a, 0x0, 0xd, 0x11, 0xe0, 0x0, 0xe,
    0x30, 0x0, 0x0, 0x5a, 0x0, 0x8, 0xa0, 0x0,
    0x0, 0x9, 0x60, 0x1, 0xf2, 0x0, 0x0, 0x0,
    0xe2, 0x0, 0x5d, 0x0, 0x0, 0x0, 0x2d, 0x0,
    0x6, 0xed, 0xc0,

    /* U+00BE "¾" */
    0x6, 0xba, 0x0, 0x9, 0x40, 0x0, 0xf1, 0xa6,
    0x0, 0xf1, 0x0, 0x1, 0xb, 0x50, 0x4c, 0x0,
    0x0, 0xb, 0xe0, 0x8, 0x70, 0x0, 0x0, 0xc,
    0x40, 0xd3, 0xd, 0x30, 0x40, 0x96, 0x1e, 0x5,
    0xf4, 0xf, 0x9, 0x76, 0xa0, 0x9e, 0x40, 0xe1,
    0xb4, 0xa5, 0xc, 0xb4, 0x6, 0xda, 0xe, 0x12,
    0xbb, 0x40, 0x0, 0x3, 0xc0, 0x67, 0xb4, 0x0,
    0x0, 0x88, 0xb, 0x2b, 0x40, 0x0, 0xc, 0x30,
    0xcd, 0xfd, 0x0, 0x1, 0xe0, 0x0, 0xb, 0x40,
    0x0, 0x14, 0x0, 0x0, 0x41,

    /* U+00BF "¿" */
    0x0, 0x8d, 0x0, 0x8, 0xd0, 0x0, 0x34, 0x0,
    0x0, 0x10, 0x0, 0x8e, 0x0, 0xa, 0xe0, 0x1d,
    0xf7, 0x8, 0xf4, 0x0, 0xce, 0x0, 0xd, 0xc0,
    0xd9, 0xdc, 0xf, 0xac, 0xc0, 0xf9, 0xaf, 0x8f,
    0x62, 0xdf, 0xb0,

    /* U+00C0 "À" */
    0x0, 0xd8, 0x0, 0x0, 0x7, 0xc0, 0x0, 0x0,
    0xe, 0x10, 0x0, 0x0, 0x0, 0x0, 0x0, 0x9f,
    0x80, 0x0, 0xb, 0xfa, 0x0, 0x0, 0xef, 0xd0,
    0x0, 0xf, 0xbf, 0x0, 0x3, 0xf6, 0xf2, 0x0,
    0x5f, 0x2f, 0x50, 0x7, 0xe0, 0xe7, 0x0, 0xac,
    0xc, 0xa0, 0xc, 0xa0, 0xac, 0x0, 0xe8, 0x18,
    0xf0, 0x1f, 0xff, 0xff, 0x23, 0xf6, 0x45, 0xf4,
    0x6f, 0x20, 0xf, 0x78, 0xf0, 0x0, 0xe9,

    /* U+00C1 "Á" */
    0x0, 0xd, 0x90, 0x0, 0x1, 0xf2, 0x0, 0x0,
    0x5a, 0x0, 0x0, 0x0, 0x0, 0x0, 0x0, 0x9f,
    0x80, 0x0, 0xb, 0xfa, 0x0, 0x0, 0xef, 0xd0,
    0x0, 0xf, 0xbf, 0x0, 0x3, 0xf6, 0xf2, 0x0,
    0x5f, 0x2f, 0x50, 0x7, 0xe0, 0xe7, 0x0, 0xac,
    0xc, 0xa0, 0xc, 0xa0, 0xac, 0x0, 0xe8, 0x18,
    0xf0, 0x1f, 0xff, 0xff, 0x23, 0xf6, 0x45, 0xf4,
    0x6f, 0x20, 0xf, 0x78, 0xf0, 0x0, 0xe9,

    /* U+00C2 "Â" */
    0x0, 0x25, 0x20, 0x0, 0xd, 0xdc, 0x0, 0x6,
    0xf2, 0xf5, 0x0, 0x0, 0x0, 0x0, 0x0, 0x9f,
    0x80, 0x0, 0xb, 0xfa, 0x0, 0x0, 0xef, 0xd0,
    0x0, 0xf, 0xbf, 0x0, 0x3, 0xf6, 0xf2, 0x0,
    0x5f, 0x2f, 0x50, 0x7, 0xe0, 0xe7, 0x0, 0xac,
    0xc, 0xa0, 0xc, 0xa0, 0xac, 0x0, 0xe8, 0x18,
    0xf0, 0x1f, 0xff, 0xff, 0x23, 0xf6, 0x45, 0xf4,
    0x6f, 0x20, 0xf, 0x78, 0xf0, 0x0, 0xe9,

    /* U+00C3 "Ã" */
    0x8, 0xe8, 0x3a, 0x0, 0x94, 0xaf, 0x90, 0x0,
    0x0, 0x10, 0x0, 0x9, 0xf8, 0x0, 0x0, 0xbf,
    0xa0, 0x0, 0xe, 0xfd, 0x0, 0x0, 0xfb, 0xf0,
    0x0, 0x3f, 0x6f, 0x20, 0x5, 0xf2, 0xf5, 0x0,
    0x7e, 0xe, 0x70, 0xa, 0xc0, 0xca, 0x0, 0xca,
    0xa, 0xc0, 0xe, 0x81, 0x8f, 0x1, 0xff, 0xff,
    0xf2, 0x3f, 0x64, 0x5f, 0x46, 0xf2, 0x0, 0xf7,
    0x8f, 0x0, 0xe, 0x90,

    /* U+00C4 "Ä" */
    0x1, 0x0, 0x1, 0x5, 0xf7, 0x8, 0xf4, 0x14,
    0x20, 0x24, 0x10, 0x9, 0xf8, 0x0, 0x0, 0xbf,
    0xa0, 0x0, 0xe, 0xfd, 0x0, 0x0, 0xfb, 0xf0,
    0x0, 0x3f, 0x6f, 0x20, 0x5, 0xf2, 0xf5, 0x0,
    0x7e, 0xe, 0x70, 0xa, 0xc0, 0xca, 0x0, 0xca,
    0xa, 0xc0, 0xe, 0x81, 0x8f, 0x1, 0xff, 0xff,
    0xf2, 0x3f, 0x64, 0x5f, 0x46, 0xf2, 0x0, 0xf7,
    0x8f, 0x0, 0xe, 0x90,

    /* U+00C5 "Å" */
    0x0, 0x79, 0x60, 0x0, 0xb, 0xc, 0x0, 0x0,
    0x79, 0x60, 0x0, 0x0, 0x0, 0x0, 0x0, 0x9f,
    0x80, 0x0, 0xb, 0xfa, 0x0, 0x0, 0xef, 0xd0,
    0x0, 0xf, 0xbf, 0x0, 0x3, 0xf6, 0xf2, 0x0,
    0x5f, 0x2f, 0x50, 0x7, 0xe0, 0xe7, 0x0, 0xac,
    0xc, 0xa0, 0xc, 0xa0, 0xac, 0x0, 0xe8, 0x18,
    0xf0, 0x1f, 0xff, 0xff, 0x23, 0xf6, 0x45, 0xf4,
    0x6f, 0x20, 0xf, 0x78, 0xf0, 0x0, 0xe9,

    /* U+00C6 "Æ" */
    0x0, 0xd, 0xff, 0xff, 0xa0, 0x0, 0xfd, 0xf8,
    0x53, 0x0, 0x3f, 0x9f, 0x40, 0x0, 0x6, 0xf6,
    0xf4, 0x0, 0x0, 0x9d, 0x5f, 0x40, 0x0, 0xc,
    0xa5, 0xf5, 0x10, 0x0, 0xf7, 0x5f, 0xff, 0x80,
    0x3f, 0x45, 0xf7, 0x42, 0x6, 0xf1, 0x5f, 0x40,
    0x0, 0x9e, 0x5, 0xf4, 0x0, 0xc, 0xff, 0xff,
    0x40, 0x0, 0xf9, 0x37, 0xf4, 0x0, 0x3f, 0x50,
    0x5f, 0x85, 0x36, 0xf2, 0x5, 0xff, 0xfa,

    /* U+00C7 "Ç" */
    0x1, 0xbf, 0xe4, 0x0, 0x9f, 0x7d, 0xe0, 0xe,
    0xb0, 0x5f, 0x30, 0xf9, 0x4, 0xf4, 0xf, 0x90,
    0x4f, 0x50, 0xf9, 0x1, 0x72, 0xf, 0x90, 0x0,
    0x0, 0xf9, 0x0, 0x0, 0xf, 0x90, 0x2b, 0x30,
    0xf9, 0x4, 0xf5, 0xf, 0x90, 0x4f, 0x40, 0xeb,
    0x6, 0xf3, 0x9, 0xf7, 0xde, 0x0, 0x1b, 0xfd,
    0x40, 0x0, 0xb, 0x0, 0x0, 0x0, 0xb9, 0x0,
    0x0, 0x0, 0xd6, 0x0, 0x0, 0x2e, 0x60, 0x0,
    0x7e, 0x90, 0x0,

    /* U+00C8 "È" */
    0x3f, 0x30, 0x0, 0xc7, 0x0, 0x3, 0xb0, 0x0,
    0x0, 0x0, 0xef, 0xff, 0x3e, 0xd5, 0x51, 0xec,
    0x0, 0xe, 0xc0, 0x0, 0xec, 0x0, 0xe, 0xc1,
    0x10, 0xef, 0xff, 0x1e, 0xd4, 0x40, 0xec, 0x0,
    0xe, 0xc0, 0x0, 0xec, 0x0, 0xe, 0xc0, 0x0,
    0xed, 0x55, 0x1e, 0xff, 0xf4,

    /* U+00C9 "É" */
    0x2, 0xf5, 0x0, 0x6d, 0x0, 0xa, 0x50, 0x0,
    0x0, 0x0, 0xef, 0xff, 0x3e, 0xd5, 0x51, 0xec,
    0x0, 0xe, 0xc0, 0x0, 0xec, 0x0, 0xe, 0xc1,
    0x10, 0xef, 0xff, 0x1e, 0xd4, 0x40, 0xec, 0x0,
    0xe, 0xc0, 0x0, 0xec, 0x0, 0xe, 0xc0, 0x0,
    0xed, 0x55, 0x1e, 0xff, 0xf4,

    /* U+00CA "Ê" */
    0x4, 0x50, 0x2, 0xfd, 0x70, 0xbb, 0x6e, 0x10,
    0x0, 0x0, 0xef, 0xff, 0x3e, 0xd5, 0x51, 0xec,
    0x0, 0xe, 0xc0, 0x0, 0xec, 0x0, 0xe, 0xc1,
    0x10, 0xef, 0xff, 0x1e, 0xd4, 0x40, 0xec, 0x0,
    0xe, 0xc0, 0x0, 0xec, 0x0, 0xe, 0xc0, 0x0,
    0xed, 0x55, 0x1e, 0xff, 0xf4,

    /* U+00CB "Ë" */
    0x11, 0x0, 0x11, 0xaf, 0x20, 0xdf, 0x24, 0x0,
    0x44, 0xe, 0xff, 0xf3, 0xe, 0xd5, 0x51, 0xe,
    0xc0, 0x0, 0xe, 0xc0, 0x0, 0xe, 0xc0, 0x0,
    0xe, 0xc1, 0x10, 0xe, 0xff, 0xf1, 0xe, 0xd4,
    0x40, 0xe, 0xc0, 0x0, 0xe, 0xc0, 0x0, 0xe,
    0xc0, 0x0, 0xe, 0xc0, 0x0, 0xe, 0xd5, 0x51,
    0xe, 0xff, 0xf4,

    /* U+00CC "Ì" */
    0x7e, 0x0, 0xe4, 0x7, 0x80, 0x0, 0xe, 0xc0,
    0xec, 0xe, 0xc0, 0xec, 0xe, 0xc0, 0xec, 0xe,
    0xc0, 0xec, 0xe, 0xc0, 0xec, 0xe, 0xc0, 0xec,
    0xe, 0xc0, 0xec,

    /* U+00CD "Í" */
    0x6, 0xe2, 0xa, 0xa0, 0xd, 0x20, 0x0, 0x0,
    0xe, 0xc0, 0xe, 0xc0, 0xe, 0xc0, 0xe, 0xc0,
    0xe, 0xc0, 0xe, 0xc0, 0xe, 0xc0, 0xe, 0xc0,
    0xe, 0xc0, 0xe, 0xc0, 0xe, 0xc0, 0xe, 0xc0,
    0xe, 0xc0, 0xe, 0xc0,

    /* U+00CE "Î" */
    0x0, 0x44, 0x0, 0x6, 0xef, 0x40, 0xe, 0x79,
    0xc0, 0x0, 0x0, 0x0, 0x0, 0xec, 0x0, 0x0,
    0xec, 0x0, 0x0, 0xec, 0x0, 0x0, 0xec, 0x0,
    0x0, 0xec, 0x0, 0x0, 0xec, 0x0, 0x0, 0xec,
    0x0, 0x0, 0xec, 0x0, 0x0, 0xec, 0x0, 0x0,
    0xec, 0x0, 0x0, 0xec, 0x0, 0x0, 0xec, 0x0,
    0x0, 0xec, 0x0, 0x0, 0xec, 0x0,

    /* U+00CF "Ï" */
    0x11, 0x0, 0x11, 0xdf, 0x1, 0xfb, 0x44, 0x0,
    0x43, 0x0, 0xec, 0x0, 0x0, 0xec, 0x0, 0x0,
    0xec, 0x0, 0x0, 0xec, 0x0, 0x0, 0xec, 0x0,
    0x0, 0xec, 0x0, 0x0, 0xec, 0x0, 0x0, 0xec,
    0x0, 0x0, 0xec, 0x0, 0x0, 0xec, 0x0, 0x0,
    0xec, 0x0, 0x0, 0xec, 0x0, 0x0, 0xec, 0x0,
    0x0, 0xec, 0x0,

    /* U+00D0 "Ð" */
    0xe, 0xff, 0xe6, 0x0, 0xed, 0x5c, 0xf1, 0xe,
    0xb0, 0x4f, 0x60, 0xeb, 0x2, 0xf7, 0xe, 0xb0,
    0x2f, 0x70, 0xeb, 0x2, 0xf7, 0xe, 0xb0, 0x2f,
    0x7a, 0xff, 0xe4, 0xf7, 0xe, 0xb0, 0x2f, 0x70,
    0xeb, 0x2, 0xf7, 0xe, 0xb0, 0x2f, 0x70, 0xeb,
    0x3, 0xf5, 0xe, 0xd5, 0xbf, 0x10, 0xef, 0xfe,
    0x50,

    /* U+00D1 "Ñ" */
    0x2d, 0xc3, 0x93, 0x38, 0x5e, 0xf1, 0x0, 0x0,
    0x10, 0xe8, 0x0, 0xac, 0xed, 0x0, 0xac, 0xef,
    0x20, 0xac, 0xef, 0x80, 0xac, 0xef, 0xd0, 0xac,
    0xea, 0xf2, 0x9c, 0xe9, 0xc8, 0x9c, 0xe9, 0x7d,
    0x8c, 0xea, 0x2f, 0xbc, 0xea, 0xd, 0xfc, 0xea,
    0x8, 0xfc, 0xea, 0x3, 0xfc, 0xea, 0x0, 0xdc,
    0xea, 0x0, 0x8c,

    /* U+00D2 "Ò" */
    0x0, 0xbc, 0x0, 0x0, 0x3, 0xf0, 0x0, 0x0,
    0xa, 0x40, 0x0, 0x0, 0x0, 0x0, 0x1, 0xbf,
    0xe5, 0x0, 0xaf, 0x8c, 0xf1, 0xe, 0xb0, 0x4f,
    0x40, 0xf9, 0x3, 0xf6, 0xf, 0x90, 0x3f, 0x60,
    0xf9, 0x3, 0xf6, 0xf, 0x90, 0x3f, 0x60, 0xf9,
    0x3, 0xf6, 0xf, 0x90, 0x3f, 0x60, 0xf9, 0x3,
    0xf6, 0xf, 0x90, 0x3f, 0x60, 0xeb, 0x5, 0xf4,
    0xa, 0xf8, 0xcf, 0x0, 0x1b, 0xfe, 0x50,

    /* U+00D3 "Ó" */
    0x0, 0xa, 0xd0, 0x0, 0x0, 0xe5, 0x0, 0x0,
    0x2c, 0x0, 0x0, 0x0, 0x0, 0x0, 0x1, 0xbf,
    0xe5, 0x0, 0xaf, 0x8c, 0xf1, 0xe, 0xb0, 0x4f,
    0x40, 0xf9, 0x3, 0xf6, 0xf, 0x90, 0x3f, 0x60,
    0xf9, 0x3, 0xf6, 0xf, 0x90, 0x3f, 0x60, 0xf9,
    0x3, 0xf6, 0xf, 0x90, 0x3f, 0x60, 0xf9, 0x3,
    0xf6, 0xf, 0x90, 0x3f, 0x60, 0xeb, 0x5, 0xf4,
    0xa, 0xf8, 0xcf, 0x0, 0x1b, 0xfe, 0x50,

    /* U+00D4 "Ô" */
    0x0, 0x15, 0x30, 0x0, 0xa, 0xdf, 0x10, 0x2,
    0xf3, 0xd8, 0x0, 0x0, 0x0, 0x0, 0x1, 0xbf,
    0xe5, 0x0, 0xaf, 0x8c, 0xf1, 0xe, 0xb0, 0x4f,
    0x40, 0xf9, 0x3, 0xf6, 0xf, 0x90, 0x3f, 0x60,
    0xf9, 0x3, 0xf6, 0xf, 0x90, 0x3f, 0x60, 0xf9,
    0x3, 0xf6, 0xf, 0x90, 0x3f, 0x60, 0xf9, 0x3,
    0xf6, 0xf, 0x90, 0x3f, 0x60, 0xeb, 0x5, 0xf4,
    0xa, 0xf8, 0xcf, 0x0, 0x1b, 0xfe, 0x50,

    /* U+00D5 "Õ" */
    0x5, 0xea, 0x2c, 0x0, 0x66, 0x8f, 0xc0, 0x0,
    0x0, 0x10, 0x0, 0x1b, 0xfe, 0x50, 0xa, 0xf8,
    0xcf, 0x10, 0xeb, 0x4, 0xf4, 0xf, 0x90, 0x3f,
    0x60, 0xf9, 0x3, 0xf6, 0xf, 0x90, 0x3f, 0x60,
    0xf9, 0x3, 0xf6, 0xf, 0x90, 0x3f, 0x60, 0xf9,
    0x3, 0xf6, 0xf, 0x90, 0x3f, 0x60, 0xf9, 0x3,
    0xf6, 0xe, 0xb0, 0x5f, 0x40, 0xaf, 0x8c, 0xf0,
    0x1, 0xbf, 0xe5, 0x0,

    /* U+00D6 "Ö" */
    0x1, 0x10, 0x1, 0x1, 0xfb, 0x5, 0xf7, 0x4,
    0x30, 0x14, 0x20, 0x1b, 0xfe, 0x50, 0xa, 0xf8,
    0xcf, 0x10, 0xeb, 0x4, 0xf4, 0xf, 0x90, 0x3f,
    0x60, 0xf9, 0x3, 0xf6, 0xf, 0x90, 0x3f, 0x60,
    0xf9, 0x3, 0xf6, 0xf, 0x90, 0x3f, 0x60, 0xf9,
    0x3, 0xf6, 0xf, 0x90, 0x3f, 0x60, 0xf9, 0x3,
    0xf6, 0xe, 0xb0, 0x5f, 0x40, 0xaf, 0x8c, 0xf0,
    0x1, 0xbf, 0xe5, 0x0,

    /* U+00D7 "×" */
    0x2, 0x0, 0x22, 0xf5, 0xbb, 0x6, 0xfd, 0x10,
    0xae, 0xf4, 0x2c, 0x16, 0xa0, 0x0, 0x0,

    /* U+00D8 "Ø" */
    0x0, 0x0, 0x0, 0xb0, 0x1, 0xbf, 0xe9, 0xb0,
    0xa, 0xf8, 0xcf, 0x60, 0xe, 0xb0, 0x5f, 0x50,
    0xf, 0x90, 0x7f, 0x60, 0xf, 0x90, 0xdf, 0x60,
    0xf, 0x90, 0xff, 0x60, 0xf, 0x95, 0xcf, 0x60,
    0xf, 0x9a, 0x7f, 0x60, 0xf, 0xad, 0x3f, 0x60,
    0xf, 0xf8, 0x3f, 0x60, 0xf, 0xf3, 0x3f, 0x60,
    0xf, 0xf0, 0x5f, 0x40, 0xf, 0xf8, 0xcf, 0x0,
    0xd, 0xef, 0xe5, 0x0, 0x1c, 0x0, 0x0, 0x0,
    0x25, 0x0, 0x0, 0x0,

    /* U+00D9 "Ù" */
    0xa, 0xd0, 0x0, 0x2, 0xf1, 0x0, 0x0, 0x95,
    0x0, 0x0, 0x0, 0x0, 0xfa, 0x2, 0xf7, 0xfa,
    0x2, 0xf7, 0xfa, 0x2, 0xf7, 0xfa, 0x2, 0xf7,
    0xfa, 0x2, 0xf7, 0xfa, 0x2, 0xf7, 0xfa, 0x2,
    0xf7, 0xfa, 0x2, 0xf7, 0xfa, 0x2, 0xf7, 0xfa,
    0x2, 0xf7, 0xfa, 0x2, 0xf6, 0xeb, 0x4, 0xf5,
    0xaf, 0x7b, 0xf2, 0x1b, 0xfe, 0x60,

    /* U+00DA "Ú" */
    0x0, 0x9d, 0x0, 0x0, 0xd6, 0x0, 0x1, 0xc0,
    0x0, 0x0, 0x0, 0x0, 0xfa, 0x2, 0xf7, 0xfa,
    0x2, 0xf7, 0xfa, 0x2, 0xf7, 0xfa, 0x2, 0xf7,
    0xfa, 0x2, 0xf7, 0xfa, 0x2, 0xf7, 0xfa, 0x2,
    0xf7, 0xfa, 0x2, 0xf7, 0xfa, 0x2, 0xf7, 0xfa,
    0x2, 0xf7, 0xfa, 0x2, 0xf6, 0xeb, 0x4, 0xf5,
    0xaf, 0x7b, 0xf2, 0x1b, 0xfe, 0x60,

    /* U+00DB "Û" */
    0x1, 0x53, 0x0, 0x9, 0xdf, 0x10, 0x2f, 0x4c,
    0x90, 0x0, 0x0, 0x0, 0xfa, 0x2, 0xf7, 0xfa,
    0x2, 0xf7, 0xfa, 0x2, 0xf7, 0xfa, 0x2, 0xf7,
    0xfa, 0x2, 0xf7, 0xfa, 0x2, 0xf7, 0xfa, 0x2,
    0xf7, 0xfa, 0x2, 0xf7, 0xfa, 0x2, 0xf7, 0xfa,
    0x2, 0xf7, 0xfa, 0x2, 0xf6, 0xeb, 0x4, 0xf5,
    0xaf, 0x7b, 0xf2, 0x1b, 0xfe, 0x60,

    /* U+00DC "Ü" */
    0x1, 0x10, 0x1, 0x1, 0xfb, 0x4, 0xf8, 0x4,
    0x30, 0x14, 0x20, 0xfa, 0x2, 0xf7, 0xf, 0xa0,
    0x2f, 0x70, 0xfa, 0x2, 0xf7, 0xf, 0xa0, 0x2f,
    0x70, 0xfa, 0x2, 0xf7, 0xf, 0xa0, 0x2f, 0x70,
    0xfa, 0x2, 0xf7, 0xf, 0xa0, 0x2f, 0x70, 0xfa,
    0x2, 0xf7, 0xf, 0xa0, 0x2f, 0x70, 0xfa, 0x2,
    0xf6, 0xe, 0xb0, 0x4f, 0x50, 0xaf, 0x7b, 0xf2,
    0x1, 0xbf, 0xe6, 0x0,

    /* U+00DD "Ý" */
    0x0, 0x1e, 0x60, 0x0, 0x5, 0xe0, 0x0, 0x0,
    0x96, 0x0, 0x0, 0x0, 0x0, 0x0, 0xbd, 0x0,
    0x6f, 0x36, 0xf2, 0xa, 0xe0, 0x2f, 0x60, 0xea,
    0x0, 0xdb, 0x1f, 0x60, 0x8, 0xf6, 0xf1, 0x0,
    0x4f, 0xdd, 0x0, 0x0, 0xff, 0x90, 0x0, 0xa,
    0xf4, 0x0, 0x0, 0x7f, 0x20, 0x0, 0x7, 0xf2,
    0x0, 0x0, 0x7f, 0x20, 0x0, 0x7, 0xf2, 0x0,
    0x0, 0x7f, 0x20, 0x0, 0x7, 0xf2, 0x0,

    /* U+00DE "Þ" */
    0xbe, 0x0, 0x0, 0xbe, 0x0, 0x0, 0xbf, 0xff,
    0x80, 0xbe, 0x59, 0xf4, 0xbe, 0x1, 0xf8, 0xbe,
    0x0, 0xf9, 0xbe, 0x0, 0xf9, 0xbe, 0x0, 0xf8,
    0xbe, 0x16, 0xf5, 0xbf, 0xff, 0xc0, 0xbe, 0x43,
    0x0, 0xbe, 0x0, 0x0, 0xbe, 0x0, 0x0, 0xbe,
    0x0, 0x0,

    /* U+00DF "ß" */
    0x3d, 0xfe, 0x90, 0xbe, 0x47, 0xf5, 0xdb, 0x1,
    0xf7, 0xeb, 0x1, 0xf8, 0xeb, 0x1, 0xf7, 0xeb,
    0x5, 0xf4, 0xeb, 0x6f, 0xb0, 0xeb, 0x16, 0xf9,
    0xeb, 0x0, 0xae, 0xeb, 0x0, 0x9f, 0xeb, 0x0,
    0x9f, 0xeb, 0x0, 0xae, 0xeb, 0x26, 0xfa, 0xeb,
    0x7f, 0xc2,

    /* U+00E0 "à" */
    0x0, 0xda, 0x0, 0x0, 0x5, 0xe0, 0x0, 0x0,
    0xc, 0x10, 0x0, 0x0, 0x0, 0x0, 0x1, 0xcf,
    0xd3, 0x0, 0xaf, 0x7e, 0xc0, 0xe, 0xa0, 0x8f,
    0x0, 0xd8, 0x8, 0xf1, 0x0, 0x3, 0xcf, 0x10,
    0x1b, 0xdc, 0xf1, 0xc, 0xc0, 0x8f, 0x11, 0xf8,
    0x8, 0xf1, 0x1f, 0x80, 0x8f, 0x10, 0xf8, 0x8,
    0xf1, 0xe, 0xd6, 0xef, 0x10, 0x5e, 0xda, 0xf1,

    /* U+00E1 "á" */
    0x0, 0xd, 0xb0, 0x0, 0x1, 0xf2, 0x0, 0x0,
    0x49, 0x0, 0x0, 0x0, 0x0, 0x0, 0x1, 0xcf,
    0xd3, 0x0, 0xaf, 0x7e, 0xc0, 0xe, 0xa0, 0x8f,
    0x0, 0xd8, 0x8, 0xf1, 0x0, 0x3, 0xcf, 0x10,
    0x1b, 0xdc, 0xf1, 0xc, 0xc0, 0x8f, 0x11, 0xf8,
    0x8, 0xf1, 0x1f, 0x80, 0x8f, 0x10, 0xf8, 0x8,
    0xf1, 0xe, 0xd6, 0xef, 0x10, 0x5e, 0xda, 0xf1,

    /* U+00E2 "â" */
    0x0, 0x24, 0x20, 0x0, 0xc, 0xdd, 0x0, 0x5,
    0xf2, 0xf5, 0x0, 0x0, 0x0, 0x0, 0x1, 0xcf,
    0xd3, 0x0, 0xaf, 0x7e, 0xc0, 0xe, 0xa0, 0x8f,
    0x0, 0xd8, 0x8, 0xf1, 0x0, 0x3, 0xcf, 0x10,
    0x1b, 0xdc, 0xf1, 0xc, 0xc0, 0x8f, 0x11, 0xf8,
    0x8, 0xf1, 0x1f, 0x80, 0x8f, 0x10, 0xf8, 0x8,
    0xf1, 0xe, 0xd6, 0xef, 0x10, 0x5e, 0xda, 0xf1,

    /* U+00E3 "ã" */
    0x7, 0xe8, 0x3b, 0x0, 0x94, 0xaf, 0xa0, 0x0,
    0x0, 0x20, 0x0, 0x1c, 0xfd, 0x30, 0xa, 0xf7,
    0xec, 0x0, 0xea, 0x8, 0xf0, 0xd, 0x80, 0x8f,
    0x10, 0x0, 0x3c, 0xf1, 0x1, 0xbd, 0xcf, 0x10,
    0xcc, 0x8, 0xf1, 0x1f, 0x80, 0x8f, 0x11, 0xf8,
    0x8, 0xf1, 0xf, 0x80, 0x8f, 0x10, 0xed, 0x6e,
    0xf1, 0x5, 0xed, 0xaf, 0x10,

    /* U+00E4 "ä" */
    0x4f, 0x80, 0x7f, 0x51, 0x63, 0x3, 0x62, 0x1,
    0xcf, 0xd3, 0x0, 0xaf, 0x7e, 0xc0, 0xe, 0xa0,
    0x8f, 0x0, 0xd8, 0x8, 0xf1, 0x0, 0x3, 0xcf,
    0x10, 0x1b, 0xdc, 0xf1, 0xc, 0xc0, 0x8f, 0x11,
    0xf8, 0x8, 0xf1, 0x1f, 0x80, 0x8f, 0x10, 0xf8,
    0x8, 0xf1, 0xe, 0xd6, 0xef, 0x10, 0x5e, 0xda,
    0xf1,

    /* U+00E5 "å" */
    0x0, 0x69, 0x70, 0x0, 0xc, 0x1c, 0x0, 0x0,
    0x48, 0x40, 0x0, 0x0, 0x0, 0x0, 0x1, 0xcf,
    0xd3, 0x0, 0xaf, 0x7e, 0xc0, 0xe, 0xa0, 0x8f,
    0x0, 0xd8, 0x8, 0xf1, 0x0, 0x3, 0xcf, 0x10,
    0x1b, 0xdc, 0xf1, 0xc, 0xc0, 0x8f, 0x11, 0xf8,
    0x8, 0xf1, 0x1f, 0x80, 0x8f, 0x10, 0xf8, 0x8,
    0xf1, 0xe, 0xd6, 0xef, 0x10, 0x5e, 0xda, 0xf1,

    /* U+00E6 "æ" */
    0x1, 0xbf, 0xd6, 0xdf, 0xa0, 0x8, 0xf7, 0xdf,
    0xb8, 0xf5, 0xc, 0xc0, 0x7f, 0x40, 0xf9, 0xc,
    0xa0, 0x6f, 0x30, 0xea, 0x0, 0x2, 0xbf, 0x30,
    0xeb, 0x0, 0xaf, 0xcf, 0xff, 0xfb, 0xb, 0xe2,
    0x6f, 0x53, 0x32, 0xf, 0xa0, 0x6f, 0x30, 0x64,
    0xf, 0x90, 0x6f, 0x30, 0xea, 0xf, 0xa0, 0x6f,
    0x40, 0xf9, 0xb, 0xe6, 0xdf, 0xb8, 0xf6, 0x3,
    0xde, 0x84, 0xef, 0xb0,

    /* U+00E7 "ç" */
    0x2, 0xcf, 0xd3, 0x0, 0xaf, 0x7e, 0xc0, 0xe,
    0xa0, 0x9f, 0x0, 0xf9, 0x8, 0xf0, 0xf, 0x90,
    0x37, 0x0, 0xf9, 0x0, 0x0, 0xf, 0x90, 0x0,
    0x0, 0xf9, 0x5, 0xa0, 0xf, 0x90, 0x8f, 0x0,
    0xea, 0x9, 0xf0, 0xa, 0xe7, 0xeb, 0x0, 0x1c,
    0xfd, 0x20, 0x0, 0xb, 0x0, 0x0, 0x1, 0xc7,
    0x0, 0x0, 0x0, 0xf3, 0x0, 0x0, 0x3f, 0x40,
    0x0, 0x9e, 0x80, 0x0,

    /* U+00E8 "è" */
    0x0, 0xe8, 0x0, 0x0, 0x7, 0xd0, 0x0, 0x0,
    0xd, 0x0, 0x0, 0x0, 0x0, 0x0, 0x1, 0xcf,
    0xd2, 0x0, 0xaf, 0x6e, 0xc0, 0xe, 0xa0, 0x9f,
    0x0, 0xf9, 0x8, 0xf0, 0xf, 0x90, 0x8f, 0x10,
    0xff, 0xff, 0xf1, 0xf, 0xa2, 0x22, 0x0, 0xf9,
    0x3, 0x70, 0xf, 0x90, 0x8f, 0x0, 0xea, 0x9,
    0xf0, 0xa, 0xe6, 0xec, 0x0, 0x1c, 0xfd, 0x30,

    /* U+00E9 "é" */
    0x0, 0xe, 0x90, 0x0, 0x2, 0xf1, 0x0, 0x0,
    0x58, 0x0, 0x0, 0x0, 0x0, 0x0, 0x1, 0xcf,
    0xd2, 0x0, 0xaf, 0x6e, 0xc0, 0xe, 0xa0, 0x9f,
    0x0, 0xf9, 0x8, 0xf0, 0xf, 0x90, 0x8f, 0x10,
    0xff, 0xff, 0xf1, 0xf, 0xa2, 0x22, 0x0, 0xf9,
    0x3, 0x70, 0xf, 0x90, 0x8f, 0x0, 0xea, 0x9,
    0xf0, 0xa, 0xe6, 0xec, 0x0, 0x1c, 0xfd, 0x30,

    /* U+00EA "ê" */
    0x0, 0x24, 0x20, 0x0, 0xd, 0xdc, 0x0, 0x6,
    0xf2, 0xf4, 0x0, 0x0, 0x0, 0x0, 0x1, 0xcf,
    0xd2, 0x0, 0xaf, 0x6e, 0xc0, 0xe, 0xa0, 0x9f,
    0x0, 0xf9, 0x8, 0xf0, 0xf, 0x90, 0x8f, 0x10,
    0xff, 0xff, 0xf1, 0xf, 0xa2, 0x22, 0x0, 0xf9,
    0x3, 0x70, 0xf, 0x90, 0x8f, 0x0, 0xea, 0x9,
    0xf0, 0xa, 0xe6, 0xec, 0x0, 0x1c, 0xfd, 0x30,

    /* U+00EB "ë" */
    0x5f, 0x70, 0x9f, 0x32, 0x62, 0x3, 0x61, 0x1,
    0xcf, 0xd2, 0x0, 0xaf, 0x6e, 0xc0, 0xe, 0xa0,
    0x9f, 0x0, 0xf9, 0x8, 0xf0, 0xf, 0x90, 0x8f,
    0x10, 0xff, 0xff, 0xf1, 0xf, 0xa2, 0x22, 0x0,
    0xf9, 0x3, 0x70, 0xf, 0x90, 0x8f, 0x0, 0xea,
    0x9, 0xf0, 0xa, 0xe6, 0xec, 0x0, 0x1c, 0xfd,
    0x30,

    /* U+00EC "ì" */
    0x6e, 0x10, 0xe4, 0x6, 0x80, 0x0, 0xd, 0xc0,
    0xdc, 0xd, 0xc0, 0xdc, 0xd, 0xc0, 0xdc, 0xd,
    0xc0, 0xdc, 0xd, 0xc0, 0xdc, 0xd, 0xc0, 0xdc,

    /* U+00ED "í" */
    0x5e, 0x29, 0xa0, 0xd2, 0x0, 0x0, 0xdc, 0xd,
    0xc0, 0xdc, 0xd, 0xc0, 0xdc, 0xd, 0xc0, 0xdc,
    0xd, 0xc0, 0xdc, 0xd, 0xc0, 0xdc, 0xd, 0xc0,

    /* U+00EE "î" */
    0x0, 0x44, 0x0, 0x5, 0xef, 0x40, 0xd, 0x89,
    0xc0, 0x0, 0x0, 0x0, 0x0, 0xdc, 0x0, 0x0,
    0xdc, 0x0, 0x0, 0xdc, 0x0, 0x0, 0xdc, 0x0,
    0x0, 0xdc, 0x0, 0x0, 0xdc, 0x0, 0x0, 0xdc,
    0x0, 0x0, 0xdc, 0x0, 0x0, 0xdc, 0x0, 0x0,
    0xdc, 0x0, 0x0, 0xdc, 0x0, 0x0, 0xdc, 0x0,

    /* U+00EF "ï" */
    0xdf, 0x0, 0xfc, 0x56, 0x0, 0x64, 0x0, 0xdc,
    0x0, 0x0, 0xdc, 0x0, 0x0, 0xdc, 0x0, 0x0,
    0xdc, 0x0, 0x0, 0xdc, 0x0, 0x0, 0xdc, 0x0,
    0x0, 0xdc, 0x0, 0x0, 0xdc, 0x0, 0x0, 0xdc,
    0x0, 0x0, 0xdc, 0x0, 0x0, 0xdc, 0x0, 0x0,
    0xdc, 0x0,

    /* U+00F0 "ð" */
    0x0, 0x8e, 0x80, 0x71, 0x0, 0x19, 0xff, 0xa1,
    0x0, 0x4d, 0xef, 0x0, 0x0, 0x33, 0x5f, 0x20,
    0x0, 0x0, 0x4f, 0x40, 0x4, 0xef, 0xdf, 0x50,
    0xd, 0xd5, 0xaf, 0x60, 0x1f, 0x80, 0x3f, 0x60,
    0x2f, 0x70, 0x3f, 0x60, 0x2f, 0x70, 0x3f, 0x60,
    0x2f, 0x70, 0x3f, 0x60, 0x1f, 0x80, 0x5f, 0x40,
    0xd, 0xe7, 0xdf, 0x0, 0x3, 0xcf, 0xd4, 0x0,

    /* U+00F1 "ñ" */
    0x4e, 0xa2, 0xb1, 0x57, 0x7f, 0xe0, 0x0, 0x1,
    0x10, 0xeb, 0xaf, 0xb0, 0xef, 0x58, 0xf5, 0xec,
    0x2, 0xf7, 0xeb, 0x2, 0xf7, 0xeb, 0x2, 0xf7,
    0xeb, 0x2, 0xf7, 0xeb, 0x2, 0xf7, 0xeb, 0x2,
    0xf7, 0xeb, 0x2, 0xf7, 0xeb, 0x2, 0xf7, 0xeb,
    0x2, 0xf7, 0xeb, 0x2, 0xf7,

    /* U+00F2 "ò" */
    0x0, 0xda, 0x0, 0x0, 0x5, 0xe0, 0x0, 0x0,
    0xc, 0x20, 0x0, 0x0, 0x0, 0x0, 0x1, 0xcf,
    0xd2, 0x0, 0xaf, 0x6e, 0xc0, 0xe, 0xa0, 0x8f,
    0x10, 0xf9, 0x7, 0xf2, 0xf, 0x90, 0x7f, 0x20,
    0xf9, 0x7, 0xf2, 0xf, 0x90, 0x7f, 0x20, 0xf9,
    0x7, 0xf2, 0xf, 0x90, 0x7f, 0x20, 0xea, 0x8,
    0xf1, 0xa, 0xf6, 0xdd, 0x0, 0x1c, 0xfd, 0x30,

    /* U+00F3 "ó" */
    0x0, 0xc, 0xb0, 0x0, 0x0, 0xf3, 0x0, 0x0,
    0x3a, 0x0, 0x0, 0x0, 0x0, 0x0, 0x1, 0xcf,
    0xd2, 0x0, 0xaf, 0x6e, 0xc0, 0xe, 0xa0, 0x8f,
    0x10, 0xf9, 0x7, 0xf2, 0xf, 0x90, 0x7f, 0x20,
    0xf9, 0x7, 0xf2, 0xf, 0x90, 0x7f, 0x20, 0xf9,
    0x7, 0xf2, 0xf, 0x90, 0x7f, 0x20, 0xea, 0x8,
    0xf1, 0xa, 0xf6, 0xdd, 0x0, 0x1c, 0xfd, 0x30,

    /* U+00F4 "ô" */
    0x0, 0x14, 0x20, 0x0, 0xb, 0xdd, 0x0, 0x4,
    0xf2, 0xe6, 0x0, 0x0, 0x0, 0x0, 0x1, 0xcf,
    0xd2, 0x0, 0xaf, 0x6e, 0xc0, 0xe, 0xa0, 0x8f,
    0x10, 0xf9, 0x7, 0xf2, 0xf, 0x90, 0x7f, 0x20,
    0xf9, 0x7, 0xf2, 0xf, 0x90, 0x7f, 0x20, 0xf9,
    0x7, 0xf2, 0xf, 0x90, 0x7f, 0x20, 0xea, 0x8,
    0xf1, 0xa, 0xf6, 0xdd, 0x0, 0x1c, 0xfd, 0x30,

    /* U+00F5 "õ" */
    0x6, 0xe8, 0x2b, 0x0, 0x85, 0x9f, 0xa0, 0x0,
    0x0, 0x10, 0x0, 0x1c, 0xfd, 0x20, 0xa, 0xf6,
    0xec, 0x0, 0xea, 0x8, 0xf1, 0xf, 0x90, 0x7f,
    0x20, 0xf9, 0x7, 0xf2, 0xf, 0x90, 0x7f, 0x20,
    0xf9, 0x7, 0xf2, 0xf, 0x90, 0x7f, 0x20, 0xf9,
    0x7, 0xf2, 0xe, 0xa0, 0x8f, 0x10, 0xaf, 0x6d,
    0xd0, 0x1, 0xcf, 0xd3, 0x0,

    /* U+00F6 "ö" */
    0x3f, 0x90, 0x7f, 0x51, 0x63, 0x2, 0x62, 0x1,
    0xcf, 0xd2, 0x0, 0xaf, 0x6e, 0xc0, 0xe, 0xa0,
    0x8f, 0x10, 0xf9, 0x7, 0xf2, 0xf, 0x90, 0x7f,
    0x20, 0xf9, 0x7, 0xf2, 0xf, 0x90, 0x7f, 0x20,
    0xf9, 0x7, 0xf2, 0xf, 0x90, 0x7f, 0x20, 0xea,
    0x8, 0xf1, 0xa, 0xf6, 0xdd, 0x0, 0x1c, 0xfd,
    0x30,

    /* U+00F7 "÷" */
    0x0, 0xae, 0x0, 0x0, 0xae, 0x0, 0x0, 0x35,
    0x0, 0x1, 0x11, 0x10, 0x4f, 0xff, 0xf8, 0x14,
    0x44, 0x42, 0x0, 0x35, 0x0, 0x0, 0xae, 0x0,
    0x0, 0xae, 0x0,

    /* U+00F8 "ø" */
    0x0, 0x0, 0x1, 0x0, 0x0, 0x0, 0xd0, 0x1,
    0xcf, 0xfc, 0x0, 0xaf, 0x6f, 0xf0, 0xe, 0xa0,
    0xff, 0x10, 0xf9, 0x1f, 0xf2, 0xf, 0x95, 0xef,
    0x20, 0xf9, 0xaa, 0xf2, 0xf, 0x9d, 0x7f, 0x20,
    0xfc, 0xa7, 0xf2, 0xf, 0xf5, 0x7f, 0x20, 0xef,
    0x18, 0xf1, 0xb, 0xf6, 0xdd, 0x0, 0x6f, 0xfd,
    0x30, 0x9, 0x40, 0x0, 0x0, 0x30, 0x0, 0x0,

    /* U+00F9 "ù" */
    0xa, 0xd0, 0x0, 0x2, 0xf2, 0x0, 0x0, 0x95,
    0x0, 0x0, 0x0, 0x0, 0xfa, 0x3, 0xf6, 0xfa,
    0x3, 0xf6, 0xfa, 0x3, 0xf6, 0xfa, 0x3, 0xf6,
    0xfa, 0x3, 0xf6, 0xfa, 0x3, 0xf6, 0xfa, 0x3,
    0xf6, 0xfa, 0x3, 0xf6, 0xfa, 0x3, 0xf6, 0xeb,
    0x4, 0xf6, 0xcf, 0x7c, 0xf6, 0x3d, 0xe7, 0xf6,

    /* U+00FA "ú" */
    0x0, 0x9e, 0x0, 0x0, 0xd6, 0x0, 0x1, 0xd0,
    0x0, 0x0, 0x0, 0x0, 0xfa, 0x3, 0xf6, 0xfa,
    0x3, 0xf6, 0xfa, 0x3, 0xf6, 0xfa, 0x3, 0xf6,
    0xfa, 0x3, 0xf6, 0xfa, 0x3, 0xf6, 0xfa, 0x3,
    0xf6, 0xfa, 0x3, 0xf6, 0xfa, 0x3, 0xf6, 0xeb,
    0x4, 0xf6, 0xcf, 0x7c, 0xf6, 0x3d, 0xe7, 0xf6,

    /* U+00FB "û" */
    0x1, 0x43, 0x0, 0x8, 0xdf, 0x10, 0x1f, 0x4c,
    0x90, 0x0, 0x0, 0x0, 0xfa, 0x3, 0xf6, 0xfa,
    0x3, 0xf6, 0xfa, 0x3, 0xf6, 0xfa, 0x3, 0xf6,
    0xfa, 0x3, 0xf6, 0xfa, 0x3, 0xf6, 0xfa, 0x3,
    0xf6, 0xfa, 0x3, 0xf6, 0xfa, 0x3, 0xf6, 0xeb,
    0x4, 0xf6, 0xcf, 0x7c, 0xf6, 0x3d, 0xe7, 0xf6,

    /* U+00FC "ü" */
    0xf, 0xc0, 0x4f, 0x80, 0x64, 0x1, 0x63, 0xf,
    0xa0, 0x3f, 0x60, 0xfa, 0x3, 0xf6, 0xf, 0xa0,
    0x3f, 0x60, 0xfa, 0x3, 0xf6, 0xf, 0xa0, 0x3f,
    0x60, 0xfa, 0x3, 0xf6, 0xf, 0xa0, 0x3f, 0x60,
    0xfa, 0x3, 0xf6, 0xf, 0xa0, 0x3f, 0x60, 0xeb,
    0x4, 0xf6, 0xc, 0xf7, 0xcf, 0x60, 0x3d, 0xe7,
    0xf6,

    /* U+00FD "ý" */
    0x0, 0x3e, 0x30, 0x0, 0x8c, 0x0, 0x0, 0xb3,
    0x0, 0x0, 0x0, 0x0, 0x8f, 0x0, 0xbc, 0x6f,
    0x10, 0xda, 0x3f, 0x40, 0xf7, 0xf, 0x61, 0xf5,
    0xe, 0x83, 0xf2, 0xb, 0xa5, 0xf0, 0x8, 0xc7,
    0xd0, 0x6, 0xe8, 0xa0, 0x3, 0xfa, 0x80, 0x1,
    0xfe, 0x50, 0x0, 0xef, 0x30, 0x0, 0xbf, 0x0,
    0x3, 0xcd, 0x0, 0x3f, 0xf7, 0x0,

    /* U+00FE "þ" */
    0xdc, 0x0, 0x0, 0xdc, 0x0, 0x0, 0xdc, 0xbf,
    0x80, 0xdf, 0x7b, 0xf1, 0xdd, 0x5, 0xf4, 0xdc,
    0x4, 0xf5, 0xdc, 0x4, 0xf5, 0xdc, 0x4, 0xf5,
    0xdc, 0x4, 0xf5, 0xdc, 0x4, 0xf5, 0xdc, 0x4,
    0xf5, 0xdd, 0x5, 0xf3, 0xdf, 0x7c, 0xf1, 0xdd,
    0xce, 0x60, 0xdc, 0x0, 0x0, 0xdc, 0x0, 0x0,

    /* U+00FF "ÿ" */
    0xbf, 0x10, 0xfd, 0x46, 0x0, 0x65, 0x8f, 0x0,
    0xbc, 0x6f, 0x10, 0xda, 0x3f, 0x40, 0xf7, 0xf,
    0x61, 0xf5, 0xe, 0x83, 0xf2, 0xb, 0xa5, 0xf0,
    0x8, 0xc7, 0xd0, 0x6, 0xe8, 0xa0, 0x3, 0xfa,
    0x80, 0x1, 0xfe, 0x50, 0x0, 0xef, 0x30, 0x0,
    0xbf, 0x0, 0x3, 0xcd, 0x0, 0x3f, 0xf7, 0x0,

    /* U+F001 "" */
    0x0, 0x0, 0x0, 0x0, 0x0, 0x0, 0x0, 0x0,
    0x0, 0x0, 0x0, 0x0, 0x0, 0x0, 0x49, 0xdc,
    0x0, 0x0, 0x0, 0x0, 0x16, 0xbf, 0xff, 0xff,
    0x0, 0x0, 0x3, 0x8d, 0xff, 0xff, 0xff, 0xff,
    0x0, 0x0, 0xcf, 0xff, 0xff, 0xff, 0xff, 0xff,
    0x0, 0x0, 0xff, 0xff, 0xff, 0xff, 0xc7, 0xff,
    0x0, 0x0, 0xff, 0xff, 0xfa, 0x51, 0x0, 0xff,
    0x0, 0x0, 0xff, 0x84, 0x0, 0x0, 0x0, 0xff,
    0x0, 0x0, 0xff, 0x0, 0x0, 0x0, 0x0, 0xff,
    0x0, 0x0, 0xff, 0x0, 0x0, 0x0, 0x0, 0xff,
    0x0, 0x0, 0xff, 0x0, 0x0, 0x0, 0x0, 0xff,
    0x0, 0x0, 0xff, 0x0, 0x0, 0x2b, 0xee, 0xff,
    0x0, 0x0, 0xff, 0x0, 0x0, 0xdf, 0xff, 0xff,
    0x2b, 0xee, 0xff, 0x0, 0x0, 0xdf, 0xff, 0xfd,
    0xdf, 0xff, 0xff, 0x0, 0x0, 0x2b, 0xff, 0xb2,
    0xdf, 0xff, 0xfd, 0x0, 0x0, 0x0, 0x0, 0x0,
    0x2b, 0xff, 0xb2, 0x0, 0x0, 0x0, 0x0, 0x0,

    /* U+F008 "" */
    0xd0, 0xf, 0xff, 0xff, 0xff, 0xff, 0xf0, 0xd,
    0xff, 0xff, 0xc8, 0x88, 0x88, 0x8c, 0xff, 0xff,
    0xf0, 0xf, 0x80, 0x0, 0x0, 0x8, 0xf0, 0xf,
    0xf0, 0xf, 0x80, 0x0, 0x0, 0x8, 0xf0, 0xf,
    0xff, 0xff, 0x80, 0x0, 0x0, 0x8, 0xff, 0xff,
    0xf0, 0xf, 0xec, 0xcc, 0xcc, 0xce, 0xf0, 0xf,
    0xf0, 0xf, 0xec, 0xcc, 0xcc, 0xce, 0xf0, 0xf,
    0xff, 0xff, 0x80, 0x0, 0x0, 0x8, 0xff, 0xff,
    0xf0, 0xf, 0x80, 0x0, 0x0, 0x8, 0xf0, 0xf,
    0xf0, 0xf, 0x80, 0x0, 0x0, 0x8, 0xf0, 0xf,
    0xff, 0xff, 0xc8, 0x88, 0x88, 0x8c, 0xff, 0xff,
    0xd0, 0xf, 0xff, 0xff, 0xff, 0xff, 0xf0, 0xd,

    /* U+F00B "" */
    0xdf, 0xff, 0x73, 0xff, 0xff, 0xff, 0xff, 0xfd,
    0xff, 0xff, 0xa5, 0xff, 0xff, 0xff, 0xff, 0xff,
    0xff, 0xff, 0xa5, 0xff, 0xff, 0xff, 0xff, 0xff,
    0xdf, 0xff, 0x73, 0xff, 0xff, 0xff, 0xff, 0xfd,
    0x0, 0x0, 0x0, 0x0, 0x0, 0x0, 0x0, 0x0,
    0xdf, 0xff, 0x73, 0xff, 0xff, 0xff, 0xff, 0xfd,
    0xff, 0xff, 0xa5, 0xff, 0xff, 0xff, 0xff, 0xff,
    0xff, 0xff, 0xa5, 0xff, 0xff, 0xff, 0xff, 0xff,
    0xdf, 0xff, 0x73, 0xff, 0xff, 0xff, 0xff, 0xfd,
    0x0, 0x0, 0x0, 0x0, 0x0, 0x0, 0x0, 0x0,
    0xdf, 0xff, 0x73, 0xff, 0xff, 0xff, 0xff, 0xfd,
    0xff, 0xff, 0xa5, 0xff, 0xff, 0xff, 0xff, 0xff,
    0xff, 0xff, 0xa5, 0xff, 0xff, 0xff, 0xff, 0xff,
    0xdf, 0xff, 0x73, 0xff, 0xff, 0xff, 0xff, 0xfd,

    /* U+F00C "" */
    0x0, 0x0, 0x0, 0x0, 0x0, 0x0, 0xa, 0xb1,
    0x0, 0x0, 0x0, 0x0, 0x0, 0x0, 0xbf, 0xfc,
    0x0, 0x0, 0x0, 0x0, 0x0, 0xb, 0xff, 0xfb,
    0x0, 0x0, 0x0, 0x0, 0x0, 0xbf, 0xff, 0xc0,
    0x1b, 0xa0, 0x0, 0x0, 0xb, 0xff, 0xfc, 0x0,
    0xcf, 0xfb, 0x0, 0x0, 0xbf, 0xff, 0xc0, 0x0,
    0xbf, 0xff, 0xb0, 0xb, 0xff, 0xfc, 0x0, 0x0,
    0xc, 0xff, 0xfb, 0xbf, 0xff, 0xc0, 0x0, 0x0,
    0x0, 0xcf, 0xff, 0xff, 0xfb, 0x0, 0x0, 0x0,
    0x0, 0xc, 0xff, 0xff, 0xb0, 0x0, 0x0, 0x0,
    0x0, 0x0, 0xbf, 0xfb, 0x0, 0x0, 0x0, 0x0,
    0x0, 0x0, 0xb, 0xb0, 0x0, 0x0, 0x0, 0x0,

    /* U+F00D "" */
    0x3, 0x0, 0x0, 0x0, 0x3, 0x8, 0xfc, 0x10,
    0x0, 0x1c, 0xf8, 0xff, 0xfc, 0x10, 0x1c, 0xff,
    0xf5, 0xff, 0xfc, 0x2c, 0xff, 0xf5, 0x5, 0xff,
    0xff, 0xff, 0xf5, 0x0, 0x5, 0xff, 0xff, 0xf5,
    0x0, 0x0, 0x1d, 0xff, 0xfd, 0x10, 0x0, 0x1c,
    0xff, 0xff, 0xfc, 0x10, 0x1c, 0xff, 0xf9, 0xff,
    0xfc, 0x1c, 0xff, 0xf5, 0x5, 0xff, 0xfc, 0xdf,
    0xf5, 0x0, 0x5, 0xff, 0xd1, 0xa4, 0x0, 0x0,
    0x4, 0xa1,

    /* U+F011 "" */
    0x0, 0x0, 0x0, 0x4f, 0xe0, 0x0, 0x0, 0x0,
    0x0, 0x2, 0x10, 0x6f, 0xf1, 0x3, 0x10, 0x0,
    0x0, 0x5f, 0xd0, 0x6f, 0xf1, 0x3f, 0xd1, 0x0,
    0x3, 0xff, 0xf1, 0x6f, 0xf1, 0x5f, 0xfd, 0x0,
    0xd, 0xff, 0x40, 0x6f, 0xf1, 0x9, 0xff, 0x70,
    0x4f, 0xf7, 0x0, 0x6f, 0xf1, 0x0, 0xcf, 0xe0,
    0x9f, 0xf0, 0x0, 0x6f, 0xf1, 0x0, 0x5f, 0xf3,
    0xbf, 0xc0, 0x0, 0x6f, 0xf1, 0x0, 0x2f, 0xf5,
    0xbf, 0xc0, 0x0, 0x4f, 0xe0, 0x0, 0x1f, 0xf6,
    0xaf, 0xe0, 0x0, 0x0, 0x0, 0x0, 0x4f, 0xf4,
    0x6f, 0xf4, 0x0, 0x0, 0x0, 0x0, 0xaf, 0xf0,
    0xf, 0xfe, 0x10, 0x0, 0x0, 0x5, 0xff, 0xa0,
    0x6, 0xff, 0xd3, 0x0, 0x0, 0x7f, 0xff, 0x20,
    0x0, 0x9f, 0xff, 0xda, 0xbe, 0xff, 0xf4, 0x0,
    0x0, 0x6, 0xff, 0xff, 0xff, 0xfd, 0x30, 0x0,
    0x0, 0x0, 0x17, 0xbd, 0xca, 0x50, 0x0, 0x0,

    /* U+F013 "" */
    0x0, 0x0, 0x0, 0x8b, 0xb8, 0x0, 0x0, 0x0,
    0x0, 0x0, 0x0, 0xff, 0xff, 0x0, 0x0, 0x0,
    0x0, 0x30, 0x6, 0xff, 0xff, 0x60, 0x3, 0x0,
    0x4, 0xfd, 0xdf, 0xff, 0xff, 0xfd, 0xef, 0x40,
    0xd, 0xff, 0xff, 0xff, 0xff, 0xff, 0xff, 0xd0,
    0x4f, 0xff, 0xff, 0xf9, 0x9f, 0xff, 0xff, 0xf4,
    0x8, 0xff, 0xff, 0x20, 0x2, 0xff, 0xff, 0x80,
    0x0, 0xff, 0xf9, 0x0, 0x0, 0x9f, 0xff, 0x0,
    0x0, 0xff, 0xf9, 0x0, 0x0, 0x9f, 0xff, 0x0,
    0x8, 0xff, 0xff, 0x20, 0x2, 0xff, 0xff, 0x80,
    0x4f, 0xff, 0xff, 0xf9, 0x9f, 0xff, 0xff, 0xf4,
    0xd, 0xff, 0xff, 0xff, 0xff, 0xff, 0xff, 0xd0,
    0x4, 0xfe, 0xdf, 0xff, 0xff, 0xfd, 0xdf, 0x40,
    0x0, 0x30, 0x6, 0xff, 0xff, 0x60, 0x3, 0x0,
    0x0, 0x0, 0x0, 0xff, 0xff, 0x0, 0x0, 0x0,
    0x0, 0x0, 0x0, 0x8b, 0xb8, 0x0, 0x0, 0x0,

    /* U+F015 "" */
    0x0, 0x0, 0x0, 0x3, 0xdd, 0x30, 0x3f, 0xf3,
    0x0, 0x0, 0x0, 0x0, 0x6f, 0xff, 0xf5, 0x4f,
    0xf4, 0x0, 0x0, 0x0, 0x9, 0xff, 0x99, 0xff,
    0xbf, 0xf4, 0x0, 0x0, 0x1, 0xbf, 0xf6, 0x22,
    0x6f, 0xff, 0xf4, 0x0, 0x0, 0x2d, 0xfe, 0x35,
    0xff, 0x53, 0xef, 0xf4, 0x0, 0x4, 0xff, 0xc1,
    0x8f, 0xff, 0xf8, 0x1c, 0xfe, 0x40, 0x7f, 0xfa,
    0x1a, 0xff, 0xff, 0xff, 0xa1, 0xaf, 0xf7, 0xcf,
    0x82, 0xdf, 0xff, 0xff, 0xff, 0xfd, 0x28, 0xfc,
    0x14, 0xe, 0xff, 0xff, 0xff, 0xff, 0xff, 0xe0,
    0x41, 0x0, 0xf, 0xff, 0xff, 0xff, 0xff, 0xff,
    0xf0, 0x0, 0x0, 0xf, 0xff, 0xf9, 0x0, 0x8f,
    0xff, 0xf0, 0x0, 0x0, 0xf, 0xff, 0xf8, 0x0,
    0x8f, 0xff, 0xf0, 0x0, 0x0, 0xf, 0xff, 0xf8,
    0x0, 0x8f, 0xff, 0xf0, 0x0, 0x0, 0xe, 0xff,
    0xf6, 0x0, 0x6f, 0xff, 0xe0, 0x0,

    /* U+F019 "" */
    0x0, 0x0, 0x0, 0xdf, 0xfd, 0x0, 0x0, 0x0,
    0x0, 0x0, 0x0, 0xff, 0xff, 0x0, 0x0, 0x0,
    0x0, 0x0, 0x0, 0xff, 0xff, 0x0, 0x0, 0x0,
    0x0, 0x0, 0x0, 0xff, 0xff, 0x0, 0x0, 0x0,
    0x0, 0x0, 0x0, 0xff, 0xff, 0x0, 0x0, 0x0,
    0x0, 0x0, 0x0, 0xff, 0xff, 0x0, 0x0, 0x0,
    0x0, 0x4f, 0xff, 0xff, 0xff, 0xff, 0xf4, 0x0,
    0x0, 0xb, 0xff, 0xff, 0xff, 0xff, 0xb0, 0x0,
    0x0, 0x0, 0xbf, 0xff, 0xff, 0xfb, 0x0, 0x0,
    0x0, 0x0, 0xb, 0xff, 0xff, 0xb0, 0x0, 0x0,
    0x0, 0x0, 0x0, 0xbf, 0xfb, 0x0, 0x0, 0x0,
    0xdf, 0xff, 0xfc, 0x1b, 0xb1, 0xcf, 0xff, 0xfd,
    0xff, 0xff, 0xff, 0xc2, 0x2c, 0xff, 0xff, 0xff,
    0xff, 0xff, 0xff, 0xff, 0xff, 0xff, 0xff, 0xff,
    0xff, 0xff, 0xff, 0xff, 0xff, 0xf0, 0xe0, 0xff,
    0xdf, 0xff, 0xff, 0xff, 0xff, 0xff, 0xff, 0xfd,

    /* U+F01C "" */
    0x0, 0x4, 0xef, 0xff, 0xff, 0xff, 0xfe, 0x40,
    0x0, 0x0, 0x1e, 0xff, 0xff, 0xff, 0xff, 0xff,
    0xe1, 0x0, 0x0, 0xaf, 0xb0, 0x0, 0x0, 0x0,
    0xb, 0xfa, 0x0, 0x5, 0xff, 0x10, 0x0, 0x0,
    0x0, 0x1, 0xff, 0x50, 0x1e, 0xf6, 0x0, 0x0,
    0x0, 0x0, 0x0, 0x6f, 0xe1, 0xaf, 0xb0, 0x0,
    0x0, 0x0, 0x0, 0x0, 0xb, 0xfa, 0xff, 0xff,
    0xff, 0x70, 0x0, 0x8, 0xff, 0xff, 0xff, 0xff,
    0xff, 0xff, 0xe0, 0x0, 0xf, 0xff, 0xff, 0xff,
    0xff, 0xff, 0xff, 0xff, 0xff, 0xff, 0xff, 0xff,
    0xff, 0xff, 0xff, 0xff, 0xff, 0xff, 0xff, 0xff,
    0xff, 0xff, 0xff, 0xff, 0xff, 0xff, 0xff, 0xff,
    0xff, 0xff, 0xff, 0x8f, 0xff, 0xff, 0xff, 0xff,
    0xff, 0xff, 0xff, 0xf8,

    /* U+F021 "" */
    0x0, 0x0, 0x6, 0xbd, 0xda, 0x50, 0x2, 0xff,
    0x0, 0x5, 0xef, 0xff, 0xff, 0xfe, 0x42, 0xff,
    0x0, 0x7f, 0xff, 0xa7, 0x7b, 0xff, 0xf9, 0xff,
    0x5, 0xff, 0xc1, 0x0, 0x0, 0x2c, 0xff, 0xff,
    0xe, 0xfc, 0x0, 0x0, 0x2, 0x22, 0xdf, 0xff,
    0x5f, 0xf2, 0x0, 0x0, 0xf, 0xff, 0xff, 0xff,
    0x8f, 0xb0, 0x0, 0x0, 0xf, 0xff, 0xff, 0xff,
    0x0, 0x0, 0x0, 0x0, 0x0, 0x0, 0x0, 0x0,
    0x0, 0x0, 0x0, 0x0, 0x0, 0x0, 0x0, 0x0,
    0xff, 0xff, 0xff, 0xf0, 0x0, 0x0, 0xb, 0xf8,
    0xff, 0xff, 0xff, 0xf0, 0x0, 0x0, 0x2f, 0xf4,
    0xff, 0xfd, 0x22, 0x20, 0x0, 0x0, 0xcf, 0xe0,
    0xff, 0xff, 0xc2, 0x0, 0x0, 0x2c, 0xff, 0x40,
    0xff, 0x9f, 0xff, 0xb7, 0x6a, 0xff, 0xf7, 0x0,
    0xff, 0x24, 0xdf, 0xff, 0xff, 0xfe, 0x50, 0x0,
    0xff, 0x20, 0x5, 0xac, 0xdb, 0x60, 0x0, 0x0,

    /* U+F026 "" */
    0x0, 0x0, 0x0, 0x0, 0x0, 0x0, 0x0, 0x8d,
    0x0, 0x0, 0x8, 0xff, 0x0, 0x0, 0x8f, 0xff,
    0xdf, 0xff, 0xff, 0xff, 0xff, 0xff, 0xff, 0xff,
    0xff, 0xff, 0xff, 0xff, 0xff, 0xff, 0xff, 0xff,
    0xff, 0xff, 0xff, 0xff, 0xdf, 0xff, 0xff, 0xff,
    0x0, 0x0, 0x9f, 0xff, 0x0, 0x0, 0x9, 0xff,
    0x0, 0x0, 0x0, 0x8d, 0x0, 0x0, 0x0, 0x0,

    /* U+F027 "" */
    0x0, 0x0, 0x0, 0x0, 0x0, 0x0, 0x0, 0x0,
    0x0, 0x8d, 0x0, 0x0, 0x0, 0x0, 0x8, 0xff,
    0x0, 0x0, 0x0, 0x0, 0x8f, 0xff, 0x0, 0x0,
    0xcf, 0xff, 0xff, 0xff, 0x1, 0x50, 0xff, 0xff,
    0xff, 0xff, 0x6, 0xf7, 0xff, 0xff, 0xff, 0xff,
    0x0, 0xbe, 0xff, 0xff, 0xff, 0xff, 0x0, 0xae,
    0xff, 0xff, 0xff, 0xff, 0x5, 0xf8, 0xdf, 0xff,
    0xff, 0xff, 0x2, 0x60, 0x0, 0x0, 0x9f, 0xff,
    0x0, 0x0, 0x0, 0x0, 0x9, 0xff, 0x0, 0x0,
    0x0, 0x0, 0x0, 0x9e, 0x0, 0x0, 0x0, 0x0,
    0x0, 0x0, 0x0, 0x0,

    /* U+F028 "" */
    0x0, 0x0, 0x0, 0x0, 0x0, 0x0, 0x6, 0x10,
    0x0, 0x0, 0x0, 0x0, 0x0, 0x0, 0x0, 0x1f,
    0xd2, 0x0, 0x0, 0x0, 0x0, 0x8d, 0x0, 0x0,
    0x3, 0xee, 0x10, 0x0, 0x0, 0x8, 0xff, 0x0,
    0xa, 0xb1, 0x2f, 0xb0, 0x0, 0x0, 0x8f, 0xff,
    0x0, 0x5, 0xfc, 0x7, 0xf4, 0xdf, 0xff, 0xff,
    0xff, 0x2, 0x50, 0x5f, 0x60, 0xf9, 0xff, 0xff,
    0xff, 0xff, 0x6, 0xf7, 0xd, 0xc0, 0xbd, 0xff,
    0xff, 0xff, 0xff, 0x0, 0xae, 0x9, 0xf0, 0x9f,
    0xff, 0xff, 0xff, 0xff, 0x0, 0xae, 0x9, 0xe0,
    0x8f, 0xff, 0xff, 0xff, 0xff, 0x6, 0xf7, 0xd,
    0xc0, 0xad, 0xdf, 0xff, 0xff, 0xff, 0x2, 0x50,
    0x5f, 0x60, 0xe9, 0x0, 0x0, 0x9f, 0xff, 0x0,
    0x5, 0xfc, 0x6, 0xf4, 0x0, 0x0, 0x9, 0xff,
    0x0, 0xa, 0xb1, 0x2f, 0xb0, 0x0, 0x0, 0x0,
    0x8d, 0x0, 0x0, 0x2, 0xee, 0x10, 0x0, 0x0,
    0x0, 0x0, 0x0, 0x0, 0x1f, 0xd2, 0x0, 0x0,
    0x0, 0x0, 0x0, 0x0, 0x0, 0x6, 0x10, 0x0,

    /* U+F03E "" */
    0x8f, 0xff, 0xff, 0xff, 0xff, 0xff, 0xff, 0xf8,
    0xff, 0xfc, 0xff, 0xff, 0xff, 0xff, 0xff, 0xff,
    0xff, 0x20, 0x2f, 0xff, 0xff, 0xff, 0xff, 0xff,
    0xfc, 0x0, 0xc, 0xff, 0xff, 0xee, 0xff, 0xff,
    0xff, 0x20, 0x2f, 0xff, 0xfe, 0x12, 0xef, 0xff,
    0xff, 0xfc, 0xff, 0xff, 0xe1, 0x0, 0x2e, 0xff,
    0xff, 0xfe, 0x4e, 0xfe, 0x10, 0x0, 0x2, 0xff,
    0xff, 0xe1, 0x2, 0xc1, 0x0, 0x0, 0x0, 0xff,
    0xff, 0x10, 0x0, 0x0, 0x0, 0x0, 0x0, 0xff,
    0xff, 0x0, 0x0, 0x0, 0x0, 0x0, 0x0, 0xff,
    0xff, 0xff, 0xff, 0xff, 0xff, 0xff, 0xff, 0xff,
    0x8f, 0xff, 0xff, 0xff, 0xff, 0xff, 0xff, 0xf8,

    /* U+F048 "" */
    0x0, 0x0, 0x0, 0x0, 0x0, 0xff, 0x30, 0x0,
    0x1, 0xcc, 0xff, 0x40, 0x0, 0x2d, 0xff, 0xff,
    0x40, 0x3, 0xef, 0xff, 0xff, 0x40, 0x3f, 0xff,
    0xff, 0xff, 0x44, 0xff, 0xff, 0xff, 0xff, 0x9f,
    0xff, 0xff, 0xff, 0xff, 0xff, 0xff, 0xff, 0xff,
    0xff, 0xff, 0xff, 0xff, 0xff, 0xff, 0xaf, 0xff,
    0xff, 0xff, 0xff, 0x45, 0xff, 0xff, 0xff, 0xff,
    0x40, 0x4f, 0xff, 0xff, 0xff, 0x40, 0x3, 0xef,
    0xff, 0xff, 0x40, 0x0, 0x2d, 0xff, 0xff, 0x30,
    0x0, 0x1, 0xcc, 0x0, 0x0, 0x0, 0x0, 0x0,

    /* U+F04B "" */
    0x0, 0x0, 0x0, 0x0, 0x0, 0x0, 0x0, 0x8f,
    0x91, 0x0, 0x0, 0x0, 0x0, 0x0, 0xff, 0xff,
    0x70, 0x0, 0x0, 0x0, 0x0, 0xff, 0xff, 0xfd,
    0x40, 0x0, 0x0, 0x0, 0xff, 0xff, 0xff, 0xfa,
    0x10, 0x0, 0x0, 0xff, 0xff, 0xff, 0xff, 0xf7,
    0x0, 0x0, 0xff, 0xff, 0xff, 0xff, 0xff, 0xd5,
    0x0, 0xff, 0xff, 0xff, 0xff, 0xff, 0xff, 0xb2,
    0xff, 0xff, 0xff, 0xff, 0xff, 0xff, 0xfd, 0xff,
    0xff, 0xff, 0xff, 0xff, 0xff, 0xfd, 0xff, 0xff,
    0xff, 0xff, 0xff, 0xff, 0xb2, 0xff, 0xff, 0xff,
    0xff, 0xff, 0xd5, 0x0, 0xff, 0xff, 0xff, 0xff,
    0xf7, 0x0, 0x0, 0xff, 0xff, 0xff, 0xfa, 0x20,
    0x0, 0x0, 0xff, 0xff, 0xfd, 0x40, 0x0, 0x0,
    0x0, 0xff, 0xff, 0x70, 0x0, 0x0, 0x0, 0x0,
    0x8e, 0xa1, 0x0, 0x0, 0x0, 0x0, 0x0, 0x0,
    0x0, 0x0, 0x0, 0x0, 0x0, 0x0,

    /* U+F04C "" */
    0x0, 0x0, 0x0, 0x0, 0x0, 0x0, 0x0, 0x8f,
    0xff, 0xf8, 0x0, 0x8f, 0xff, 0xf8, 0xff, 0xff,
    0xff, 0x0, 0xff, 0xff, 0xff, 0xff, 0xff, 0xff,
    0x0, 0xff, 0xff, 0xff, 0xff, 0xff, 0xff, 0x0,
    0xff, 0xff, 0xff, 0xff, 0xff, 0xff, 0x0, 0xff,
    0xff, 0xff, 0xff, 0xff, 0xff, 0x0, 0xff, 0xff,
    0xff, 0xff, 0xff, 0xff, 0x0, 0xff, 0xff, 0xff,
    0xff, 0xff, 0xff, 0x0, 0xff, 0xff, 0xff, 0xff,
    0xff, 0xff, 0x0, 0xff, 0xff, 0xff, 0xff, 0xff,
    0xff, 0x0, 0xff, 0xff, 0xff, 0xff, 0xff, 0xff,
    0x0, 0xff, 0xff, 0xff, 0xff, 0xff, 0xff, 0x0,
    0xff, 0xff, 0xff, 0xff, 0xff, 0xff, 0x0, 0xff,
    0xff, 0xff, 0x7f, 0xff, 0xf7, 0x0, 0x7f, 0xff,
    0xf7,

    /* U+F04D "" */
    0x8f, 0xff, 0xff, 0xff, 0xff, 0xff, 0xf8, 0xff,
    0xff, 0xff, 0xff, 0xff, 0xff, 0xff, 0xff, 0xff,
    0xff, 0xff, 0xff, 0xff, 0xff, 0xff, 0xff, 0xff,
    0xff, 0xff, 0xff, 0xff, 0xff, 0xff, 0xff, 0xff,
    0xff, 0xff, 0xff, 0xff, 0xff, 0xff, 0xff, 0xff,
    0xff, 0xff, 0xff, 0xff, 0xff, 0xff, 0xff, 0xff,
    0xff, 0xff, 0xff, 0xff, 0xff, 0xff, 0xff, 0xff,
    0xff, 0xff, 0xff, 0xff, 0xff, 0xff, 0xff, 0xff,
    0xff, 0xff, 0xff, 0xff, 0xff, 0xff, 0xff, 0xff,
    0xff, 0xff, 0xff, 0xff, 0xff, 0xff, 0xff, 0xff,
    0xff, 0xff, 0xff, 0xff, 0xff, 0xff, 0xff, 0xff,
    0xff, 0xff, 0xff, 0x8f, 0xff, 0xff, 0xff, 0xff,
    0xff, 0xf8,

    /* U+F051 "" */
    0x0, 0x0, 0x0, 0x0, 0x0, 0xcc, 0x10, 0x0,
    0x3, 0xff, 0xff, 0xd2, 0x0, 0x4, 0xff, 0xff,
    0xfe, 0x30, 0x4, 0xff, 0xff, 0xff, 0xf4, 0x4,
    0xff, 0xff, 0xff, 0xff, 0x54, 0xff, 0xff, 0xff,
    0xff, 0xfa, 0xff, 0xff, 0xff, 0xff, 0xff, 0xff,
    0xff, 0xff, 0xff, 0xff, 0xff, 0xff, 0xff, 0xff,
    0xf9, 0xff, 0xff, 0xff, 0xff, 0x44, 0xff, 0xff,
    0xff, 0xf3, 0x4, 0xff, 0xff, 0xfe, 0x30, 0x4,
    0xff, 0xff, 0xd2, 0x0, 0x4, 0xff, 0xcc, 0x10,
    0x0, 0x3, 0xff, 0x0, 0x0, 0x0, 0x0, 0x0,

    /* U+F052 "" */
    0x0, 0x0, 0x0, 0x2d, 0xd2, 0x0, 0x0, 0x0,
    0x0, 0x0, 0x1, 0xef, 0xfe, 0x10, 0x0, 0x0,
    0x0, 0x0, 0x1d, 0xff, 0xff, 0xd1, 0x0, 0x0,
    0x0, 0x0, 0xcf, 0xff, 0xff, 0xfc, 0x0, 0x0,
    0x0, 0xb, 0xff, 0xff, 0xff, 0xff, 0xb0, 0x0,
    0x0, 0xaf, 0xff, 0xff, 0xff, 0xff, 0xfa, 0x0,
    0x9, 0xff, 0xff, 0xff, 0xff, 0xff, 0xff, 0x90,
    0xf, 0xff, 0xff, 0xff, 0xff, 0xff, 0xff, 0xf0,
    0x8, 0xff, 0xff, 0xff, 0xff, 0xff, 0xff, 0x80,
    0x0, 0x0, 0x0, 0x0, 0x0, 0x0, 0x0, 0x0,
    0xc, 0xff, 0xff, 0xff, 0xff, 0xff, 0xff, 0xc0,
    0xf, 0xff, 0xff, 0xff, 0xff, 0xff, 0xff, 0xf0,
    0xf, 0xff, 0xff, 0xff, 0xff, 0xff, 0xff, 0xf0,
    0xc, 0xff, 0xff, 0xff, 0xff, 0xff, 0xff, 0xc0,

    /* U+F053 "" */
    0x0, 0x0, 0x0, 0x1a, 0x40, 0x0, 0x0, 0x1,
    0xdf, 0xf0, 0x0, 0x0, 0x1d, 0xff, 0xa0, 0x0,
    0x1, 0xdf, 0xfa, 0x0, 0x0, 0x1d, 0xff, 0xa0,
    0x0, 0x1, 0xdf, 0xfa, 0x0, 0x0, 0xc, 0xff,
    0xa0, 0x0, 0x0, 0xd, 0xff, 0x80, 0x0, 0x0,
    0x1, 0xdf, 0xf8, 0x0, 0x0, 0x0, 0x1d, 0xff,
    0x80, 0x0, 0x0, 0x1, 0xdf, 0xf8, 0x0, 0x0,
    0x0, 0x1d, 0xff, 0x80, 0x0, 0x0, 0x1, 0xdf,
    0xf0, 0x0, 0x0, 0x0, 0x1b, 0x50,

    /* U+F054 "" */
    0x4, 0xa1, 0x0, 0x0, 0x0, 0xf, 0xfc, 0x10,
    0x0, 0x0, 0xa, 0xff, 0xc1, 0x0, 0x0, 0x0,
    0xaf, 0xfc, 0x10, 0x0, 0x0, 0xa, 0xff, 0xc1,
    0x0, 0x0, 0x0, 0xaf, 0xfc, 0x10, 0x0, 0x0,
    0xa, 0xff, 0xc0, 0x0, 0x0, 0x8, 0xff, 0xd0,
    0x0, 0x0, 0x8f, 0xfd, 0x10, 0x0, 0x8, 0xff,
    0xd1, 0x0, 0x0, 0x8f, 0xfd, 0x10, 0x0, 0x8,
    0xff, 0xd1, 0x0, 0x0, 0xf, 0xfd, 0x10, 0x0,
    0x0, 0x5, 0xb1, 0x0, 0x0, 0x0,

    /* U+F067 "" */
    0x0, 0x0, 0x4, 0xff, 0x40, 0x0, 0x0, 0x0,
    0x0, 0x8, 0xff, 0x80, 0x0, 0x0, 0x0, 0x0,
    0x8, 0xff, 0x80, 0x0, 0x0, 0x0, 0x0, 0x8,
    0xff, 0x80, 0x0, 0x0, 0x0, 0x0, 0x8, 0xff,
    0x80, 0x0, 0x0, 0x48, 0x88, 0x8c, 0xff, 0xc8,
    0x88, 0x84, 0xff, 0xff, 0xff, 0xff, 0xff, 0xff,
    0xff, 0xff, 0xff, 0xff, 0xff, 0xff, 0xff, 0xff,
    0x48, 0x88, 0x8c, 0xff, 0xc8, 0x88, 0x84, 0x0,
    0x0, 0x8, 0xff, 0x80, 0x0, 0x0, 0x0, 0x0,
    0x8, 0xff, 0x80, 0x0, 0x0, 0x0, 0x0, 0x8,
    0xff, 0x80, 0x0, 0x0, 0x0, 0x0, 0x8, 0xff,
    0x80, 0x0, 0x0, 0x0, 0x0, 0x4, 0xff, 0x40,
    0x0, 0x0,

    /* U+F068 "" */
    0x14, 0x44, 0x44, 0x44, 0x44, 0x44, 0x41, 0xef,
    0xff, 0xff, 0xff, 0xff, 0xff, 0xfe, 0xff, 0xff,
    0xff, 0xff, 0xff, 0xff, 0xff, 0x7b, 0xbb, 0xbb,
    0xbb, 0xbb, 0xbb, 0xb7,

    /* U+F06E "" */
    0x0, 0x0, 0x5, 0xad, 0xff, 0xda, 0x50, 0x0,
    0x0, 0x0, 0x4, 0xdf, 0xfc, 0x88, 0xcf, 0xfd,
    0x40, 0x0, 0x0, 0x7f, 0xfe, 0x40, 0x0, 0x4,
    0xef, 0xf7, 0x0, 0x7, 0xff, 0xf4, 0x0, 0x9e,
    0x80, 0x4f, 0xff, 0x70, 0x4f, 0xff, 0xc0, 0x0,
    0xaf, 0xf8, 0xc, 0xff, 0xf4, 0xdf, 0xff, 0x80,
    0x9a, 0xff, 0xfe, 0x8, 0xff, 0xfd, 0xdf, 0xff,
    0x80, 0xef, 0xff, 0xfe, 0x8, 0xff, 0xfd, 0x4f,
    0xff, 0xc0, 0x8f, 0xff, 0xf8, 0xc, 0xff, 0xf4,
    0x7, 0xff, 0xf4, 0x8, 0xee, 0x80, 0x4f, 0xff,
    0x70, 0x0, 0x7f, 0xfe, 0x40, 0x0, 0x4, 0xef,
    0xf8, 0x0, 0x0, 0x4, 0xdf, 0xfc, 0x88, 0xcf,
    0xfd, 0x40, 0x0, 0x0, 0x0, 0x5, 0xad, 0xff,
    0xda, 0x50, 0x0, 0x0,

    /* U+F070 "" */
    0x8c, 0x20, 0x0, 0x0, 0x0, 0x0, 0x0, 0x0,
    0x0, 0x0, 0xdf, 0xe4, 0x0, 0x0, 0x0, 0x0,
    0x0, 0x0, 0x0, 0x0, 0x1b, 0xff, 0x80, 0x49,
    0xdf, 0xfd, 0xa5, 0x0, 0x0, 0x0, 0x0, 0x7f,
    0xff, 0xff, 0xd8, 0x8c, 0xff, 0xd4, 0x0, 0x0,
    0x0, 0x4, 0xef, 0xf8, 0x0, 0x0, 0x4e, 0xff,
    0x70, 0x0, 0x0, 0x0, 0x1c, 0xff, 0x69, 0xe8,
    0x4, 0xff, 0xf7, 0x0, 0x4, 0xe3, 0x0, 0x9f,
    0xfe, 0xff, 0x80, 0xcf, 0xff, 0x40, 0xd, 0xff,
    0x70, 0x5, 0xff, 0xff, 0xe0, 0x8f, 0xff, 0xd0,
    0xd, 0xff, 0xf7, 0x0, 0x2d, 0xff, 0xe0, 0x8f,
    0xff, 0xd0, 0x4, 0xff, 0xfc, 0x0, 0x0, 0xaf,
    0xf8, 0xcf, 0xff, 0x30, 0x0, 0x7f, 0xff, 0x40,
    0x0, 0x6, 0xff, 0xff, 0xf7, 0x0, 0x0, 0x8,
    0xff, 0xf4, 0x0, 0x0, 0x3e, 0xff, 0xa0, 0x0,
    0x0, 0x0, 0x4d, 0xff, 0xc8, 0x82, 0x1, 0xbf,
    0xf7, 0x0, 0x0, 0x0, 0x0, 0x5a, 0xdf, 0xfc,
    0x10, 0x8, 0xff, 0xb0, 0x0, 0x0, 0x0, 0x0,
    0x0, 0x0, 0x0, 0x0, 0x4e, 0xfd, 0x0, 0x0,
    0x0, 0x0, 0x0, 0x0, 0x0, 0x0, 0x2, 0xc8,

    /* U+F071 "" */
    0x0, 0x0, 0x0, 0x0, 0x2d, 0xd2, 0x0, 0x0,
    0x0, 0x0, 0x0, 0x0, 0x0, 0x0, 0xbf, 0xfb,
    0x0, 0x0, 0x0, 0x0, 0x0, 0x0, 0x0, 0x5,
    0xff, 0xff, 0x50, 0x0, 0x0, 0x0, 0x0, 0x0,
    0x0, 0xd, 0xff, 0xff, 0xd0, 0x0, 0x0, 0x0,
    0x0, 0x0, 0x0, 0x7f, 0xff, 0xff, 0xf7, 0x0,
    0x0, 0x0, 0x0, 0x0, 0x1, 0xff, 0xd8, 0x8d,
    0xff, 0x10, 0x0, 0x0, 0x0, 0x0, 0xa, 0xff,
    0xa0, 0xa, 0xff, 0xa0, 0x0, 0x0, 0x0, 0x0,
    0x3f, 0xff, 0xb0, 0xb, 0xff, 0xf3, 0x0, 0x0,
    0x0, 0x0, 0xcf, 0xff, 0xc0, 0xc, 0xff, 0xfc,
    0x0, 0x0, 0x0, 0x5, 0xff, 0xff, 0xd0, 0xd,
    0xff, 0xff, 0x50, 0x0, 0x0, 0xe, 0xff, 0xff,
    0xf9, 0x9f, 0xff, 0xff, 0xe0, 0x0, 0x0, 0x8f,
    0xff, 0xff, 0xe2, 0x2e, 0xff, 0xff, 0xf8, 0x0,
    0x2, 0xff, 0xff, 0xff, 0x90, 0x9, 0xff, 0xff,
    0xff, 0x10, 0xa, 0xff, 0xff, 0xff, 0xe3, 0x3e,
    0xff, 0xff, 0xff, 0xa0, 0xf, 0xff, 0xff, 0xff,
    0xff, 0xff, 0xff, 0xff, 0xff, 0xf0, 0x8, 0xff,
    0xff, 0xff, 0xff, 0xff, 0xff, 0xff, 0xff, 0x80,

    /* U+F074 "" */
    0x0, 0x0, 0x0, 0x0, 0x0, 0x0, 0x0, 0x0,
    0x0, 0x0, 0x0, 0x0, 0x0, 0x0, 0xd8, 0x0,
    0x0, 0x0, 0x0, 0x0, 0x0, 0x0, 0xff, 0x80,
    0xff, 0xff, 0x70, 0x0, 0x7, 0xff, 0xff, 0xf8,
    0xff, 0xff, 0xf6, 0x0, 0x6f, 0xff, 0xff, 0xfd,
    0x78, 0x8e, 0xff, 0x15, 0xff, 0xe8, 0xff, 0xe2,
    0x0, 0x2, 0xe5, 0x4f, 0xfe, 0x20, 0xfe, 0x20,
    0x0, 0x0, 0x13, 0xff, 0xf3, 0x0, 0x52, 0x0,
    0x0, 0x0, 0x3f, 0xff, 0x31, 0x0, 0x52, 0x0,
    0x0, 0x2, 0xef, 0xf4, 0x5e, 0x20, 0xfe, 0x20,
    0x78, 0x8e, 0xff, 0x51, 0xff, 0xe8, 0xff, 0xe2,
    0xff, 0xff, 0xf6, 0x0, 0x6f, 0xff, 0xff, 0xfd,
    0xff, 0xff, 0x70, 0x0, 0x7, 0xff, 0xff, 0xf8,
    0x0, 0x0, 0x0, 0x0, 0x0, 0x0, 0xff, 0x80,
    0x0, 0x0, 0x0, 0x0, 0x0, 0x0, 0xd8, 0x0,
    0x0, 0x0, 0x0, 0x0, 0x0, 0x0, 0x0, 0x0,

    /* U+F077 "" */
    0x0, 0x0, 0x0, 0x0, 0x0, 0x0, 0x0, 0x0,
    0x0, 0x1, 0xdd, 0x10, 0x0, 0x0, 0x0, 0x0,
    0x1d, 0xff, 0xd1, 0x0, 0x0, 0x0, 0x1, 0xdf,
    0xff, 0xfd, 0x10, 0x0, 0x0, 0x1d, 0xff, 0x99,
    0xff, 0xd1, 0x0, 0x1, 0xdf, 0xf9, 0x0, 0x9f,
    0xfd, 0x10, 0x1d, 0xff, 0x90, 0x0, 0x9, 0xff,
    0xd1, 0xbf, 0xf9, 0x0, 0x0, 0x0, 0x9f, 0xfb,
    0x5f, 0x90, 0x0, 0x0, 0x0, 0x9, 0xf5, 0x0,
    0x0, 0x0, 0x0, 0x0, 0x0, 0x0,

    /* U+F078 "" */
    0x0, 0x0, 0x0, 0x0, 0x0, 0x0, 0x0, 0x5f,
    0x90, 0x0, 0x0, 0x0, 0x9, 0xf5, 0xbf, 0xf9,
    0x0, 0x0, 0x0, 0x9f, 0xfb, 0x1d, 0xff, 0x90,
    0x0, 0x9, 0xff, 0xd1, 0x1, 0xdf, 0xf9, 0x0,
    0x9f, 0xfd, 0x10, 0x0, 0x1d, 0xff, 0x99, 0xff,
    0xd1, 0x0, 0x0, 0x1, 0xdf, 0xff, 0xfd, 0x10,
    0x0, 0x0, 0x0, 0x1d, 0xff, 0xd1, 0x0, 0x0,
    0x0, 0x0, 0x1, 0xdd, 0x10, 0x0, 0x0, 0x0,
    0x0, 0x0, 0x0, 0x0, 0x0, 0x0,

    /* U+F079 "" */
    0x0, 0x0, 0x0, 0x0, 0x0, 0x0, 0x0, 0x0,
    0x0, 0x0, 0x0, 0x1d, 0xd1, 0x0, 0x0, 0x0,
    0x0, 0x0, 0x0, 0x0, 0x1, 0xdf, 0xfd, 0x10,
    0xef, 0xff, 0xff, 0xff, 0xd0, 0x0, 0x1d, 0xff,
    0xff, 0xd1, 0xaf, 0xff, 0xff, 0xff, 0xf0, 0x0,
    0xcf, 0xcf, 0xfc, 0xfc, 0x0, 0x0, 0x0, 0xf,
    0xf0, 0x0, 0x6b, 0x1f, 0xf1, 0xb6, 0x0, 0x0,
    0x0, 0xf, 0xf0, 0x0, 0x0, 0xf, 0xf0, 0x0,
    0x0, 0x0, 0x0, 0xf, 0xf0, 0x0, 0x0, 0xf,
    0xf0, 0x0, 0x0, 0x0, 0x0, 0xf, 0xf0, 0x0,
    0x0, 0xf, 0xf0, 0x0, 0x0, 0x0, 0x6b, 0x1f,
    0xf1, 0xb6, 0x0, 0xf, 0xf0, 0x0, 0x0, 0x0,
    0xcf, 0xcf, 0xfc, 0xfc, 0x0, 0xf, 0xff, 0xff,
    0xff, 0xfa, 0x1d, 0xff, 0xff, 0xd1, 0x0, 0xd,
    0xff, 0xff, 0xff, 0xfe, 0x1, 0xdf, 0xfd, 0x10,
    0x0, 0x0, 0x0, 0x0, 0x0, 0x0, 0x0, 0x1d,
    0xd1, 0x0, 0x0, 0x0, 0x0, 0x0, 0x0, 0x0,
    0x0, 0x0, 0x0, 0x0,

    /* U+F07B "" */
    0x8f, 0xff, 0xff, 0xd1, 0x0, 0x0, 0x0, 0x0,
    0xff, 0xff, 0xff, 0xfd, 0x10, 0x0, 0x0, 0x0,
    0xff, 0xff, 0xff, 0xff, 0xff, 0xff, 0xff, 0xf8,
    0xff, 0xff, 0xff, 0xff, 0xff, 0xff, 0xff, 0xff,
    0xff, 0xff, 0xff, 0xff, 0xff, 0xff, 0xff, 0xff,
    0xff, 0xff, 0xff, 0xff, 0xff, 0xff, 0xff, 0xff,
    0xff, 0xff, 0xff, 0xff, 0xff, 0xff, 0xff, 0xff,
    0xff, 0xff, 0xff, 0xff, 0xff, 0xff, 0xff, 0xff,
    0xff, 0xff, 0xff, 0xff, 0xff, 0xff, 0xff, 0xff,
    0xff, 0xff, 0xff, 0xff, 0xff, 0xff, 0xff, 0xff,
    0xff, 0xff, 0xff, 0xff, 0xff, 0xff, 0xff, 0xff,
    0x8f, 0xff, 0xff, 0xff, 0xff, 0xff, 0xff, 0xf8,

    /* U+F093 "" */
    0x0, 0x0, 0x0, 0xb, 0xb0, 0x0, 0x0, 0x0,
    0x0, 0x0, 0x0, 0xbf, 0xfb, 0x0, 0x0, 0x0,
    0x0, 0x0, 0xb, 0xff, 0xff, 0xb0, 0x0, 0x0,
    0x0, 0x0, 0xbf, 0xff, 0xff, 0xfb, 0x0, 0x0,
    0x0, 0xb, 0xff, 0xff, 0xff, 0xff, 0xb0, 0x0,
    0x0, 0x4f, 0xff, 0xff, 0xff, 0xff, 0xf4, 0x0,
    0x0, 0x0, 0x0, 0xff, 0xff, 0x0, 0x0, 0x0,
    0x0, 0x0, 0x0, 0xff, 0xff, 0x0, 0x0, 0x0,
    0x0, 0x0, 0x0, 0xff, 0xff, 0x0, 0x0, 0x0,
    0x0, 0x0, 0x0, 0xff, 0xff, 0x0, 0x0, 0x0,
    0x0, 0x0, 0x0, 0xff, 0xff, 0x0, 0x0, 0x0,
    0xdf, 0xff, 0xf0, 0xdf, 0xfd, 0xf, 0xff, 0xfd,
    0xff, 0xff, 0xf9, 0x0, 0x0, 0x9f, 0xff, 0xff,
    0xff, 0xff, 0xff, 0xff, 0xff, 0xff, 0xff, 0xff,
    0xff, 0xff, 0xff, 0xff, 0xff, 0xf0, 0xe0, 0xff,
    0xdf, 0xff, 0xff, 0xff, 0xff, 0xff, 0xff, 0xfd,

    /* U+F095 "" */
    0x0, 0x0, 0x0, 0x0, 0x0, 0x0, 0x0, 0x0,
    0x0, 0x0, 0x0, 0x0, 0x0, 0x0, 0xa, 0xea,
    0x62, 0x0, 0x0, 0x0, 0x0, 0x0, 0x2, 0xff,
    0xff, 0xf0, 0x0, 0x0, 0x0, 0x0, 0x0, 0x9f,
    0xff, 0xff, 0x0, 0x0, 0x0, 0x0, 0x0, 0xf,
    0xff, 0xff, 0xd0, 0x0, 0x0, 0x0, 0x0, 0x2,
    0xff, 0xff, 0xfb, 0x0, 0x0, 0x0, 0x0, 0x0,
    0x3, 0xef, 0xff, 0x70, 0x0, 0x0, 0x0, 0x0,
    0x0, 0x4, 0xff, 0xf2, 0x0, 0x0, 0x0, 0x0,
    0x0, 0x0, 0xbf, 0xfb, 0x0, 0x0, 0x0, 0x0,
    0x0, 0x0, 0x6f, 0xff, 0x30, 0x0, 0x0, 0x2,
    0x0, 0x0, 0x4f, 0xff, 0x90, 0x0, 0x2, 0x8f,
    0xf3, 0x0, 0x6f, 0xff, 0xd0, 0x0, 0xa, 0xff,
    0xff, 0xe4, 0xbf, 0xff, 0xd1, 0x0, 0x0, 0xef,
    0xff, 0xff, 0xff, 0xff, 0xd1, 0x0, 0x0, 0xa,
    0xff, 0xff, 0xff, 0xff, 0x90, 0x0, 0x0, 0x0,
    0x6f, 0xff, 0xff, 0xfb, 0x30, 0x0, 0x0, 0x0,
    0x2, 0xff, 0xdb, 0x72, 0x0, 0x0, 0x0, 0x0,
    0x0,

    /* U+F0C4 "" */
    0x8, 0xee, 0x80, 0x0, 0x0, 0x6, 0x61, 0x8,
    0xff, 0xff, 0x80, 0x0, 0x2d, 0xff, 0xd0, 0xef,
    0x33, 0xfe, 0x0, 0x2e, 0xff, 0xf3, 0xe, 0xf3,
    0x3f, 0xe0, 0x2e, 0xff, 0xf3, 0x0, 0x8f, 0xff,
    0xff, 0x6e, 0xff, 0xf3, 0x0, 0x0, 0x8e, 0xff,
    0xff, 0xff, 0xf3, 0x0, 0x0, 0x0, 0x2, 0xef,
    0xff, 0xf3, 0x0, 0x0, 0x0, 0x0, 0x2e, 0xff,
    0xff, 0x30, 0x0, 0x0, 0x8, 0xef, 0xff, 0xff,
    0xff, 0x30, 0x0, 0x8, 0xff, 0xff, 0xf6, 0xef,
    0xff, 0x30, 0x0, 0xef, 0x33, 0xfe, 0x2, 0xef,
    0xff, 0x30, 0xe, 0xf3, 0x3f, 0xe0, 0x2, 0xef,
    0xff, 0x30, 0x8f, 0xff, 0xf8, 0x0, 0x2, 0xdf,
    0xfd, 0x0, 0x8e, 0xe8, 0x0, 0x0, 0x0, 0x66,
    0x10,

    /* U+F0C5 "" */
    0x0, 0x0, 0xdf, 0xff, 0xff, 0xd, 0x10, 0x0,
    0x0, 0xff, 0xff, 0xff, 0xf, 0xd1, 0x0, 0x0,
    0xff, 0xff, 0xff, 0xf, 0xfd, 0xdf, 0xf0, 0xff,
    0xff, 0xff, 0x20, 0x0, 0xff, 0xf0, 0xff, 0xff,
    0xff, 0xff, 0xff, 0xff, 0xf0, 0xff, 0xff, 0xff,
    0xff, 0xff, 0xff, 0xf0, 0xff, 0xff, 0xff, 0xff,
    0xff, 0xff, 0xf0, 0xff, 0xff, 0xff, 0xff, 0xff,
    0xff, 0xf0, 0xff, 0xff, 0xff, 0xff, 0xff, 0xff,
    0xf0, 0xff, 0xff, 0xff, 0xff, 0xff, 0xff, 0xf0,
    0xff, 0xff, 0xff, 0xff, 0xff, 0xff, 0xf0, 0xff,
    0xff, 0xff, 0xff, 0xff, 0xff, 0xf0, 0xdf, 0xff,
    0xff, 0xff, 0xfd, 0xff, 0xf9, 0x0, 0x0, 0x0,
    0x0, 0x0, 0xff, 0xff, 0xff, 0xff, 0xff, 0x0,
    0x0, 0xdf, 0xff, 0xff, 0xff, 0xfd, 0x0, 0x0,

    /* U+F0C7 "" */
    0x8f, 0xff, 0xff, 0xff, 0xff, 0xc1, 0x0, 0xff,
    0xff, 0xff, 0xff, 0xff, 0xfd, 0x10, 0xff, 0x0,
    0x0, 0x0, 0x1, 0xff, 0xd1, 0xff, 0x0, 0x0,
    0x0, 0x0, 0xff, 0xfc, 0xff, 0x0, 0x0, 0x0,
    0x0, 0xff, 0xff, 0xff, 0x0, 0x0, 0x0, 0x0,
    0xff, 0xff, 0xff, 0xff, 0xff, 0xff, 0xff, 0xff,
    0xff, 0xff, 0xff, 0xff, 0xff, 0xff, 0xff, 0xff,
    0xff, 0xff, 0xfb, 0x11, 0xbf, 0xff, 0xff, 0xff,
    0xff, 0xf1, 0x0, 0x1f, 0xff, 0xff, 0xff, 0xff,
    0xf1, 0x0, 0x1f, 0xff, 0xff, 0xff, 0xff, 0xfb,
    0x11, 0xbf, 0xff, 0xff, 0xff, 0xff, 0xff, 0xff,
    0xff, 0xff, 0xff, 0x8f, 0xff, 0xff, 0xff, 0xff,
    0xff, 0xf8,

    /* U+F0E7 "" */
    0x0, 0xdf, 0xff, 0xfd, 0x0, 0x0, 0x1, 0xff,
    0xff, 0xfc, 0x0, 0x0, 0x3, 0xff, 0xff, 0xf7,
    0x0, 0x0, 0x6, 0xff, 0xff, 0xf2, 0x0, 0x0,
    0x8, 0xff, 0xff, 0xd0, 0x0, 0x0, 0xa, 0xff,
    0xff, 0xff, 0xff, 0xd0, 0xc, 0xff, 0xff, 0xff,
    0xff, 0xa0, 0xe, 0xff, 0xff, 0xff, 0xff, 0x20,
    0xd, 0xff, 0xff, 0xff, 0xf8, 0x0, 0x0, 0x0,
    0xa, 0xff, 0xe0, 0x0, 0x0, 0x0, 0xe, 0xff,
    0x50, 0x0, 0x0, 0x0, 0x2f, 0xfc, 0x0, 0x0,
    0x0, 0x0, 0x5f, 0xf3, 0x0, 0x0, 0x0, 0x0,
    0x9f, 0xa0, 0x0, 0x0, 0x0, 0x0, 0xdf, 0x10,
    0x0, 0x0, 0x0, 0x0, 0xd7, 0x0, 0x0, 0x0,

    /* U+F0EA "" */
    0x0, 0x4, 0xde, 0x40, 0x0, 0x0, 0x0, 0xdf,
    0xff, 0x99, 0xff, 0xfd, 0x0, 0x0, 0xff, 0xff,
    0x99, 0xff, 0xff, 0x0, 0x0, 0xff, 0xff, 0xff,
    0xff, 0xff, 0x0, 0x0, 0xff, 0xff, 0x90, 0x0,
    0x0, 0x0, 0x0, 0xff, 0xff, 0xd, 0xff, 0xff,
    0xd, 0x10, 0xff, 0xff, 0xf, 0xff, 0xff, 0xf,
    0xd1, 0xff, 0xff, 0xf, 0xff, 0xff, 0xf, 0xfd,
    0xff, 0xff, 0xf, 0xff, 0xff, 0x20, 0x0, 0xff,
    0xff, 0xf, 0xff, 0xff, 0xff, 0xff, 0xff, 0xff,
    0xf, 0xff, 0xff, 0xff, 0xff, 0xff, 0xff, 0xf,
    0xff, 0xff, 0xff, 0xff, 0xdf, 0xff, 0xf, 0xff,
    0xff, 0xff, 0xff, 0x0, 0x0, 0xf, 0xff, 0xff,
    0xff, 0xff, 0x0, 0x0, 0xf, 0xff, 0xff, 0xff,
    0xff, 0x0, 0x0, 0xd, 0xff, 0xff, 0xff, 0xfd,

    /* U+F0F3 "" */
    0x0, 0x0, 0x0, 0xcc, 0x0, 0x0, 0x0, 0x0,
    0x0, 0x2, 0xff, 0x30, 0x0, 0x0, 0x0, 0x1,
    0xbf, 0xff, 0xfc, 0x20, 0x0, 0x0, 0x1e, 0xff,
    0xff, 0xff, 0xe1, 0x0, 0x0, 0x9f, 0xff, 0xff,
    0xff, 0xf8, 0x0, 0x0, 0xef, 0xff, 0xff, 0xff,
    0xfd, 0x0, 0x0, 0xff, 0xff, 0xff, 0xff, 0xff,
    0x0, 0x1, 0xff, 0xff, 0xff, 0xff, 0xff, 0x0,
    0x3, 0xff, 0xff, 0xff, 0xff, 0xff, 0x30, 0x8,
    0xff, 0xff, 0xff, 0xff, 0xff, 0x80, 0x1e, 0xff,
    0xff, 0xff, 0xff, 0xff, 0xe1, 0xcf, 0xff, 0xff,
    0xff, 0xff, 0xff, 0xfc, 0xcf, 0xff, 0xff, 0xff,
    0xff, 0xff, 0xfc, 0x0, 0x0, 0x0, 0x0, 0x0,
    0x0, 0x0, 0x0, 0x0, 0xe, 0xff, 0xe0, 0x0,
    0x0, 0x0, 0x0, 0x4, 0xee, 0x40, 0x0, 0x0,

    /* U+F11C "" */
    0x8f, 0xff, 0xff, 0xff, 0xff, 0xff, 0xff, 0xff,
    0xf8, 0xff, 0xff, 0xff, 0xff, 0xff, 0xff, 0xff,
    0xff, 0xff, 0xff, 0x0, 0xf0, 0xf, 0x0, 0xf0,
    0xf, 0x0, 0xff, 0xff, 0x0, 0xf0, 0xf, 0x0,
    0xf0, 0xf, 0x0, 0xff, 0xff, 0xff, 0xff, 0xff,
    0xff, 0xff, 0xff, 0xff, 0xff, 0xff, 0xf8, 0x8,
    0x80, 0x88, 0x8, 0x80, 0x8f, 0xff, 0xff, 0xf8,
    0x8, 0x80, 0x88, 0x8, 0x80, 0x8f, 0xff, 0xff,
    0xff, 0xff, 0xff, 0xff, 0xff, 0xff, 0xff, 0xff,
    0xff, 0x0, 0xf0, 0x0, 0x0, 0x0, 0xf, 0x0,
    0xff, 0xff, 0x0, 0xf0, 0x0, 0x0, 0x0, 0xf,
    0x0, 0xff, 0xff, 0xff, 0xff, 0xff, 0xff, 0xff,
    0xff, 0xff, 0xff, 0x8f, 0xff, 0xff, 0xff, 0xff,
    0xff, 0xff, 0xff, 0xf8,

    /* U+F124 "" */
    0x0, 0x0, 0x0, 0x0, 0x0, 0x0, 0x0, 0x0,
    0x0, 0x0, 0x0, 0x0, 0x0, 0x0, 0x0, 0x3,
    0xaf, 0x70, 0x0, 0x0, 0x0, 0x0, 0x0, 0x4,
    0xcf, 0xff, 0xf0, 0x0, 0x0, 0x0, 0x0, 0x6,
    0xdf, 0xff, 0xff, 0xa0, 0x0, 0x0, 0x0, 0x17,
    0xef, 0xff, 0xff, 0xff, 0x30, 0x0, 0x0, 0x18,
    0xff, 0xff, 0xff, 0xff, 0xfc, 0x0, 0x0, 0x2a,
    0xff, 0xff, 0xff, 0xff, 0xff, 0xf4, 0x0, 0x8,
    0xff, 0xff, 0xff, 0xff, 0xff, 0xff, 0xd0, 0x0,
    0xf, 0xff, 0xff, 0xff, 0xff, 0xff, 0xff, 0x60,
    0x0, 0x8, 0xff, 0xff, 0xff, 0xff, 0xff, 0xfe,
    0x0, 0x0, 0x0, 0x0, 0x0, 0x0, 0xff, 0xff,
    0xf7, 0x0, 0x0, 0x0, 0x0, 0x0, 0x0, 0xff,
    0xff, 0xf1, 0x0, 0x0, 0x0, 0x0, 0x0, 0x0,
    0xff, 0xff, 0x80, 0x0, 0x0, 0x0, 0x0, 0x0,
    0x0, 0xff, 0xff, 0x10, 0x0, 0x0, 0x0, 0x0,
    0x0, 0x0, 0xff, 0xfa, 0x0, 0x0, 0x0, 0x0,
    0x0, 0x0, 0x0, 0xff, 0xf2, 0x0, 0x0, 0x0,
    0x0, 0x0, 0x0, 0x0, 0x8f, 0x80, 0x0, 0x0,
    0x0, 0x0, 0x0, 0x0, 0x0, 0x0, 0x0, 0x0,
    0x0, 0x0,

    /* U+F15B "" */
    0xdf, 0xff, 0xff, 0xf0, 0xd1, 0x0, 0xff, 0xff,
    0xff, 0xf0, 0xfd, 0x10, 0xff, 0xff, 0xff, 0xf0,
    0xff, 0xd1, 0xff, 0xff, 0xff, 0xf0, 0xff, 0xfd,
    0xff, 0xff, 0xff, 0xf2, 0x0, 0x0, 0xff, 0xff,
    0xff, 0xff, 0xff, 0xff, 0xff, 0xff, 0xff, 0xff,
    0xff, 0xff, 0xff, 0xff, 0xff, 0xff, 0xff, 0xff,
    0xff, 0xff, 0xff, 0xff, 0xff, 0xff, 0xff, 0xff,
    0xff, 0xff, 0xff, 0xff, 0xff, 0xff, 0xff, 0xff,
    0xff, 0xff, 0xff, 0xff, 0xff, 0xff, 0xff, 0xff,
    0xff, 0xff, 0xff, 0xff, 0xff, 0xff, 0xff, 0xff,
    0xff, 0xff, 0xff, 0xff, 0xff, 0xff, 0xff, 0xff,
    0xff, 0xff, 0xdf, 0xff, 0xff, 0xff, 0xff, 0xfd,

    /* U+F1EB "" */
    0x0, 0x0, 0x0, 0x0, 0x0, 0x0, 0x0, 0x0,
    0x0, 0x0, 0x0, 0x0, 0x4, 0x9c, 0xef, 0xfe,
    0xc9, 0x40, 0x0, 0x0, 0x0, 0x7, 0xef, 0xff,
    0xff, 0xff, 0xff, 0xfe, 0x70, 0x0, 0x4, 0xdf,
    0xff, 0xfc, 0xa8, 0x8a, 0xcf, 0xff, 0xfd, 0x40,
    0x6f, 0xff, 0xd5, 0x0, 0x0, 0x0, 0x0, 0x5d,
    0xff, 0xf6, 0xcf, 0xf6, 0x0, 0x0, 0x0, 0x0,
    0x0, 0x0, 0x6f, 0xfc, 0x1a, 0x30, 0x0, 0x5a,
    0xdf, 0xfd, 0xa5, 0x0, 0x3, 0xa1, 0x0, 0x0,
    0x4d, 0xff, 0xff, 0xff, 0xff, 0xd4, 0x0, 0x0,
    0x0, 0x5, 0xff, 0xfe, 0xa8, 0x8a, 0xef, 0xff,
    0x50, 0x0, 0x0, 0x1, 0xdf, 0x70, 0x0, 0x0,
    0x7, 0xfd, 0x10, 0x0, 0x0, 0x0, 0x12, 0x0,
    0x0, 0x0, 0x0, 0x21, 0x0, 0x0, 0x0, 0x0,
    0x0, 0x0, 0x4e, 0xe4, 0x0, 0x0, 0x0, 0x0,
    0x0, 0x0, 0x0, 0x0, 0xef, 0xfe, 0x0, 0x0,
    0x0, 0x0, 0x0, 0x0, 0x0, 0x0, 0xef, 0xfe,
    0x0, 0x0, 0x0, 0x0, 0x0, 0x0, 0x0, 0x0,
    0x4e, 0xe4, 0x0, 0x0, 0x0, 0x0,

    /* U+F240 "" */
    0x8f, 0xff, 0xff, 0xff, 0xff, 0xff, 0xff, 0xff,
    0xff, 0x80, 0xff, 0xff, 0xff, 0xff, 0xff, 0xff,
    0xff, 0xff, 0xff, 0xf0, 0xff, 0x0, 0x0, 0x0,
    0x0, 0x0, 0x0, 0x0, 0xf, 0xfd, 0xff, 0xf,
    0xff, 0xff, 0xff, 0xff, 0xff, 0xff, 0xf, 0xff,
    0xff, 0xf, 0xff, 0xff, 0xff, 0xff, 0xff, 0xff,
    0x0, 0xff, 0xff, 0xf, 0xff, 0xff, 0xff, 0xff,
    0xff, 0xff, 0x0, 0xff, 0xff, 0xf, 0xff, 0xff,
    0xff, 0xff, 0xff, 0xff, 0xf, 0xff, 0xff, 0x0,
    0x0, 0x0, 0x0, 0x0, 0x0, 0x0, 0xf, 0xfd,
    0xff, 0xff, 0xff, 0xff, 0xff, 0xff, 0xff, 0xff,
    0xff, 0xf0, 0x8f, 0xff, 0xff, 0xff, 0xff, 0xff,
    0xff, 0xff, 0xff, 0x80,

    /* U+F241 "" */
    0x8f, 0xff, 0xff, 0xff, 0xff, 0xff, 0xff, 0xff,
    0xff, 0x80, 0xff, 0xff, 0xff, 0xff, 0xff, 0xff,
    0xff, 0xff, 0xff, 0xf0, 0xff, 0x0, 0x0, 0x0,
    0x0, 0x0, 0x0, 0x0, 0xf, 0xfd, 0xff, 0xf,
    0xff, 0xff, 0xff, 0xff, 0xf0, 0x0, 0xf, 0xff,
    0xff, 0xf, 0xff, 0xff, 0xff, 0xff, 0xf0, 0x0,
    0x0, 0xff, 0xff, 0xf, 0xff, 0xff, 0xff, 0xff,
    0xf0, 0x0, 0x0, 0xff, 0xff, 0xf, 0xff, 0xff,
    0xff, 0xff, 0xf0, 0x0, 0xf, 0xff, 0xff, 0x0,
    0x0, 0x0, 0x0, 0x0, 0x0, 0x0, 0xf, 0xfd,
    0xff, 0xff, 0xff, 0xff, 0xff, 0xff, 0xff, 0xff,
    0xff, 0xf0, 0x8f, 0xff, 0xff, 0xff, 0xff, 0xff,
    0xff, 0xff, 0xff, 0x80,

    /* U+F242 "" */
    0x8f, 0xff, 0xff, 0xff, 0xff, 0xff, 0xff, 0xff,
    0xff, 0x80, 0xff, 0xff, 0xff, 0xff, 0xff, 0xff,
    0xff, 0xff, 0xff, 0xf0, 0xff, 0x0, 0x0, 0x0,
    0x0, 0x0, 0x0, 0x0, 0xf, 0xfd, 0xff, 0xf,
    0xff, 0xff, 0xff, 0x0, 0x0, 0x0, 0xf, 0xff,
    0xff, 0xf, 0xff, 0xff, 0xff, 0x0, 0x0, 0x0,
    0x0, 0xff, 0xff, 0xf, 0xff, 0xff, 0xff, 0x0,
    0x0, 0x0, 0x0, 0xff, 0xff, 0xf, 0xff, 0xff,
    0xff, 0x0, 0x0, 0x0, 0xf, 0xff, 0xff, 0x0,
    0x0, 0x0, 0x0, 0x0, 0x0, 0x0, 0xf, 0xfd,
    0xff, 0xff, 0xff, 0xff, 0xff, 0xff, 0xff, 0xff,
    0xff, 0xf0, 0x8f, 0xff, 0xff, 0xff, 0xff, 0xff,
    0xff, 0xff, 0xff, 0x80,

    /* U+F243 "" */
    0x8f, 0xff, 0xff, 0xff, 0xff, 0xff, 0xff, 0xff,
    0xff, 0x80, 0xff, 0xff, 0xff, 0xff, 0xff, 0xff,
    0xff, 0xff, 0xff, 0xf0, 0xff, 0x0, 0x0, 0x0,
    0x0, 0x0, 0x0, 0x0, 0xf, 0xfd, 0xff, 0xf,
    0xff, 0xf0, 0x0, 0x0, 0x0, 0x0, 0xf, 0xff,
    0xff, 0xf, 0xff, 0xf0, 0x0, 0x0, 0x0, 0x0,
    0x0, 0xff, 0xff, 0xf, 0xff, 0xf0, 0x0, 0x0,
    0x0, 0x0, 0x0, 0xff, 0xff, 0xf, 0xff, 0xf0,
    0x0, 0x0, 0x0, 0x0, 0xf, 0xff, 0xff, 0x0,
    0x0, 0x0, 0x0, 0x0, 0x0, 0x0, 0xf, 0xfd,
    0xff, 0xff, 0xff, 0xff, 0xff, 0xff, 0xff, 0xff,
    0xff, 0xf0, 0x8f, 0xff, 0xff, 0xff, 0xff, 0xff,
    0xff, 0xff, 0xff, 0x80,

    /* U+F244 "" */
    0x8f, 0xff, 0xff, 0xff, 0xff, 0xff, 0xff, 0xff,
    0xff, 0x80, 0xff, 0xff, 0xff, 0xff, 0xff, 0xff,
    0xff, 0xff, 0xff, 0xf0, 0xff, 0x0, 0x0, 0x0,
    0x0, 0x0, 0x0, 0x0, 0xf, 0xfd, 0xff, 0x0,
    0x0, 0x0, 0x0, 0x0, 0x0, 0x0, 0xf, 0xff,
    0xff, 0x0, 0x0, 0x0, 0x0, 0x0, 0x0, 0x0,
    0x0, 0xff, 0xff, 0x0, 0x0, 0x0, 0x0, 0x0,
    0x0, 0x0, 0x0, 0xff, 0xff, 0x0, 0x0, 0x0,
    0x0, 0x0, 0x0, 0x0, 0xf, 0xff, 0xff, 0x0,
    0x0, 0x0, 0x0, 0x0, 0x0, 0x0, 0xf, 0xfd,
    0xff, 0xff, 0xff, 0xff, 0xff, 0xff, 0xff, 0xff,
    0xff, 0xf0, 0x8f, 0xff, 0xff, 0xff, 0xff, 0xff,
    0xff, 0xff, 0xff, 0x80,

    /* U+F287 "" */
    0x0, 0x0, 0x0, 0x0, 0x0, 0x1, 0x0, 0x0,
    0x0, 0x0, 0x0, 0x0, 0x0, 0x0, 0x0, 0x7,
    0xfd, 0x10, 0x0, 0x0, 0x0, 0x0, 0x0, 0x0,
    0x1, 0xcf, 0xff, 0xf5, 0x0, 0x0, 0x0, 0x0,
    0x0, 0x0, 0x0, 0xb9, 0x29, 0xfe, 0x10, 0x0,
    0x0, 0x0, 0x0, 0x0, 0x0, 0x3f, 0x10, 0x2,
    0x0, 0x0, 0x0, 0x0, 0x3, 0xdf, 0x80, 0xa,
    0x90, 0x0, 0x0, 0x0, 0x3, 0x70, 0x0, 0xdf,
    0xff, 0x77, 0xf7, 0x55, 0x55, 0x55, 0x55, 0x8f,
    0xd3, 0xf, 0xff, 0xfd, 0xcc, 0xdf, 0xdc, 0xcc,
    0xcc, 0xcd, 0xff, 0xb0, 0x8f, 0xfe, 0x10, 0x0,
    0xaa, 0x0, 0x0, 0x0, 0x4d, 0x40, 0x0, 0x46,
    0x10, 0x0, 0x1, 0xf2, 0x2, 0x33, 0x10, 0x0,
    0x0, 0x0, 0x0, 0x0, 0x0, 0x9, 0xb1, 0xcf,
    0xf9, 0x0, 0x0, 0x0, 0x0, 0x0, 0x0, 0x0,
    0xa, 0xff, 0xff, 0x90, 0x0, 0x0, 0x0, 0x0,
    0x0, 0x0, 0x0, 0x0, 0xbf, 0xf9, 0x0, 0x0,
    0x0, 0x0, 0x0, 0x0, 0x0, 0x0, 0x1, 0x22,
    0x0, 0x0, 0x0,

    /* U+F293 "" */
    0x0, 0x18, 0xdf, 0xfd, 0x92, 0x0, 0x2, 0xef,
    0xfb, 0xef, 0xff, 0x40, 0xd, 0xff, 0xfa, 0x2e,
    0xff, 0xe0, 0x4f, 0xff, 0xfa, 0x3, 0xff, 0xf5,
    0x9f, 0xfa, 0xfa, 0x35, 0x4f, 0xfa, 0xcf, 0xc0,
    0x8a, 0x3d, 0xb, 0xfd, 0xef, 0xfb, 0x3, 0x11,
    0x8f, 0xfe, 0xff, 0xff, 0xb0, 0x6, 0xff, 0xff,
    0xff, 0xff, 0xd1, 0x8, 0xff, 0xff, 0xef, 0xfd,
    0x11, 0x10, 0x9f, 0xff, 0xdf, 0xd1, 0x59, 0x3b,
    0xb, 0xfd, 0xaf, 0xd6, 0xfa, 0x37, 0x1d, 0xfb,
    0x5f, 0xff, 0xfa, 0x1, 0xdf, 0xf7, 0xd, 0xff,
    0xfa, 0x1d, 0xff, 0xf1, 0x3, 0xef, 0xfc, 0xdf,
    0xff, 0x50, 0x0, 0x18, 0xdf, 0xfe, 0xa3, 0x0,

    /* U+F2ED "" */
    0x0, 0x0, 0x7f, 0xff, 0xf7, 0x0, 0x0, 0xef,
    0xff, 0xff, 0xff, 0xff, 0xff, 0xfe, 0xef, 0xff,
    0xff, 0xff, 0xff, 0xff, 0xfe, 0x0, 0x0, 0x0,
    0x0, 0x0, 0x0, 0x0, 0xf, 0xff, 0xff, 0xff,
    0xff, 0xff, 0xf0, 0xf, 0xff, 0xff, 0xff, 0xff,
    0xff, 0xf0, 0xf, 0xf9, 0x9f, 0x99, 0xf9, 0x9f,
    0xf0, 0xf, 0xf8, 0x8f, 0x88, 0xf8, 0x8f, 0xf0,
    0xf, 0xf8, 0x8f, 0x88, 0xf8, 0x8f, 0xf0, 0xf,
    0xf8, 0x8f, 0x88, 0xf8, 0x8f, 0xf0, 0xf, 0xf8,
    0x8f, 0x88, 0xf8, 0x8f, 0xf0, 0xf, 0xf8, 0x8f,
    0x88, 0xf8, 0x8f, 0xf0, 0xf, 0xf8, 0x8f, 0x88,
    0xf8, 0x8f, 0xf0, 0xf, 0xf9, 0x9f, 0x99, 0xf9,
    0x9f, 0xf0, 0xf, 0xff, 0xff, 0xff, 0xff, 0xff,
    0xf0, 0x8, 0xff, 0xff, 0xff, 0xff, 0xff, 0x80,

    /* U+F304 "" */
    0x0, 0x0, 0x0, 0x0, 0x0, 0x0, 0x7f, 0xa0,
    0x0, 0x0, 0x0, 0x0, 0x0, 0x0, 0x7f, 0xff,
    0xb0, 0x0, 0x0, 0x0, 0x0, 0x0, 0xd, 0xff,
    0xff, 0xa0, 0x0, 0x0, 0x0, 0x0, 0x7a, 0x1d,
    0xff, 0xff, 0x0, 0x0, 0x0, 0x0, 0x7f, 0xfa,
    0x1d, 0xff, 0x70, 0x0, 0x0, 0x0, 0x7f, 0xff,
    0xfa, 0x1d, 0x70, 0x0, 0x0, 0x0, 0x7f, 0xff,
    0xff, 0xfa, 0x0, 0x0, 0x0, 0x0, 0x7f, 0xff,
    0xff, 0xff, 0x70, 0x0, 0x0, 0x0, 0x7f, 0xff,
    0xff, 0xff, 0x70, 0x0, 0x0, 0x0, 0x7f, 0xff,
    0xff, 0xff, 0x70, 0x0, 0x0, 0x0, 0x7f, 0xff,
    0xff, 0xff, 0x70, 0x0, 0x0, 0x0, 0x6f, 0xff,
    0xff, 0xff, 0x70, 0x0, 0x0, 0x0, 0xb, 0xff,
    0xff, 0xff, 0x70, 0x0, 0x0, 0x0, 0x0, 0xdf,
    0xff, 0xff, 0x70, 0x0, 0x0, 0x0, 0x0, 0xe,
    0xff, 0xff, 0x70, 0x0, 0x0, 0x0, 0x0, 0x0,
    0xde, 0xdb, 0x60, 0x0, 0x0, 0x0, 0x0, 0x0,
    0x0, 0x0, 0x0, 0x0, 0x0, 0x0, 0x0, 0x0,
    0x0,

    /* U+F55A "" */
    0x0, 0x0, 0x1b, 0xff, 0xff, 0xff, 0xff, 0xff,
    0xff, 0xe4, 0x0, 0x1, 0xdf, 0xff, 0xff, 0xff,
    0xff, 0xff, 0xff, 0xfe, 0x0, 0x1d, 0xff, 0xff,
    0xfa, 0xef, 0xfe, 0xaf, 0xff, 0xff, 0x1, 0xdf,
    0xff, 0xff, 0xa0, 0x2e, 0xe2, 0xa, 0xff, 0xff,
    0x1d, 0xff, 0xff, 0xff, 0xe2, 0x2, 0x20, 0x2e,
    0xff, 0xff, 0xcf, 0xff, 0xff, 0xff, 0xfe, 0x20,
    0x2, 0xef, 0xff, 0xff, 0xcf, 0xff, 0xff, 0xff,
    0xfe, 0x20, 0x2, 0xef, 0xff, 0xff, 0x1d, 0xff,
    0xff, 0xff, 0xe2, 0x2, 0x20, 0x2e, 0xff, 0xff,
    0x1, 0xdf, 0xff, 0xff, 0xa0, 0x2e, 0xe2, 0xa,
    0xff, 0xff, 0x0, 0x1d, 0xff, 0xff, 0xfa, 0xef,
    0xfe, 0xaf, 0xff, 0xff, 0x0, 0x1, 0xdf, 0xff,
    0xff, 0xff, 0xff, 0xff, 0xff, 0xfe, 0x0, 0x0,
    0x1b, 0xff, 0xff, 0xff, 0xff, 0xff, 0xff, 0xe4,

    /* U+F7C2 "" */
    0x0, 0x7, 0xff, 0xff, 0xff, 0xe4, 0x0, 0x7f,
    0xff, 0xff, 0xff, 0xfe, 0x7, 0xf8, 0xf, 0xb,
    0x40, 0xff, 0x7f, 0xf8, 0xf, 0xb, 0x40, 0xff,
    0xff, 0xf8, 0xf, 0xb, 0x40, 0xff, 0xff, 0xff,
    0xff, 0xff, 0xff, 0xff, 0xff, 0xff, 0xff, 0xff,
    0xff, 0xff, 0xff, 0xff, 0xff, 0xff, 0xff, 0xff,
    0xff, 0xff, 0xff, 0xff, 0xff, 0xff, 0xff, 0xff,
    0xff, 0xff, 0xff, 0xff, 0xff, 0xff, 0xff, 0xff,
    0xff, 0xff, 0xff, 0xff, 0xff, 0xff, 0xff, 0xff,
    0xff, 0xff, 0xff, 0xff, 0xff, 0xff, 0xff, 0xff,
    0xff, 0xff, 0xff, 0xff, 0xef, 0xff, 0xff, 0xff,
    0xff, 0xfe, 0x4e, 0xff, 0xff, 0xff, 0xff, 0xe4,

    /* U+F8A2 "" */
    0x0, 0x0, 0x0, 0x0, 0x0, 0x0, 0x0, 0x1,
    0x0, 0x0, 0x0, 0x0, 0x0, 0x0, 0x0, 0x3,
    0xe0, 0x0, 0x0, 0x10, 0x0, 0x0, 0x0, 0x2,
    0xef, 0x10, 0x0, 0xbf, 0x0, 0x0, 0x0, 0x0,
    0x7f, 0xf1, 0x0, 0xcf, 0xf1, 0x0, 0x0, 0x0,
    0x7, 0xff, 0x11, 0xcf, 0xff, 0x77, 0x77, 0x77,
    0x77, 0xbf, 0xf1, 0xcf, 0xff, 0xff, 0xff, 0xff,
    0xff, 0xff, 0xff, 0x17, 0xff, 0xff, 0xff, 0xff,
    0xff, 0xff, 0xff, 0xe0, 0x7, 0xff, 0xf1, 0x0,
    0x0, 0x0, 0x0, 0x0, 0x0, 0x6, 0xff, 0x10,
    0x0, 0x0, 0x0, 0x0, 0x0, 0x0, 0x5, 0xa0,
    0x0, 0x0, 0x0, 0x0, 0x0, 0x0
};


/*---------------------
 *  GLYPH DESCRIPTION
 *--------------------*/

static const lv_font_fmt_txt_glyph_dsc_t glyph_dsc[] = {
    {.bitmap_index = 0, .adv_w = 0, .box_w = 0, .box_h = 0, .ofs_x = 0, .ofs_y = 0} /* id = 0 reserved */,
    {.bitmap_index = 0, .adv_w = 62, .box_w = 0, .box_h = 0, .ofs_x = 0, .ofs_y = 0},
    {.bitmap_index = 0, .adv_w = 66, .box_w = 2, .box_h = 14, .ofs_x = 1, .ofs_y = 0},
    {.bitmap_index = 14, .adv_w = 93, .box_w = 5, .box_h = 6, .ofs_x = 1, .ofs_y = 8},
    {.bitmap_index = 29, .adv_w = 107, .box_w = 7, .box_h = 14, .ofs_x = 0, .ofs_y = 0},
    {.bitmap_index = 78, .adv_w = 101, .box_w = 6, .box_h = 16, .ofs_x = 0, .ofs_y = -2},
    {.bitmap_index = 126, .adv_w = 272, .box_w = 15, .box_h = 14, .ofs_x = 1, .ofs_y = 0},
    {.bitmap_index = 231, .adv_w = 120, .box_w = 8, .box_h = 14, .ofs_x = 0, .ofs_y = 0},
    {.bitmap_index = 287, .adv_w = 52, .box_w = 3, .box_h = 6, .ofs_x = 0, .ofs_y = 8},
    {.bitmap_index = 296, .adv_w = 70, .box_w = 3, .box_h = 16, .ofs_x = 1, .ofs_y = -2},
    {.bitmap_index = 320, .adv_w = 70, .box_w = 4, .box_h = 16, .ofs_x = 0, .ofs_y = -2},
    {.bitmap_index = 352, .adv_w = 109, .box_w = 7, .box_h = 6, .ofs_x = 0, .ofs_y = 8},
    {.bitmap_index = 373, .adv_w = 85, .box_w = 5, .box_h = 6, .ofs_x = 0, .ofs_y = 4},
    {.bitmap_index = 388, .adv_w = 58, .box_w = 3, .box_h = 5, .ofs_x = 0, .ofs_y = -3},
    {.bitmap_index = 396, .adv_w = 87, .box_w = 5, .box_h = 2, .ofs_x = 0, .ofs_y = 5},
    {.bitmap_index = 401, .adv_w = 67, .box_w = 2, .box_h = 2, .ofs_x = 1, .ofs_y = 0},
    {.bitmap_index = 403, .adv_w = 91, .box_w = 6, .box_h = 14, .ofs_x = 0, .ofs_y = 0},
    {.bitmap_index = 445, .adv_w = 107, .box_w = 6, .box_h = 14, .ofs_x = 0, .ofs_y = 0},
    {.bitmap_index = 487, .adv_w = 107, .box_w = 5, .box_h = 14, .ofs_x = 0, .ofs_y = 0},
    {.bitmap_index = 522, .adv_w = 107, .box_w = 6, .box_h = 14, .ofs_x = 1, .ofs_y = 0},
    {.bitmap_index = 564, .adv_w = 107, .box_w = 7, .box_h = 14, .ofs_x = 0, .ofs_y = 0},
    {.bitmap_index = 613, .adv_w = 107, .box_w = 7, .box_h = 14, .ofs_x = 0, .ofs_y = 0},
    {.bitmap_index = 662, .adv_w = 107, .box_w = 5, .box_h = 14, .ofs_x = 1, .ofs_y = 0},
    {.bitmap_index = 697, .adv_w = 107, .box_w = 7, .box_h = 14, .ofs_x = 0, .ofs_y = 0},
    {.bitmap_index = 746, .adv_w = 107, .box_w = 7, .box_h = 14, .ofs_x = 0, .ofs_y = 0},
    {.bitmap_index = 795, .adv_w = 107, .box_w = 6, .box_h = 14, .ofs_x = 0, .ofs_y = 0},
    {.bitmap_index = 837, .adv_w = 107, .box_w = 6, .box_h = 14, .ofs_x = 0, .ofs_y = 0},
    {.bitmap_index = 879, .adv_w = 61, .box_w = 2, .box_h = 9, .ofs_x = 1, .ofs_y = 2},
    {.bitmap_index = 888, .adv_w = 70, .box_w = 3, .box_h = 12, .ofs_x = 1, .ofs_y = -1},
    {.bitmap_index = 906, .adv_w = 91, .box_w = 5, .box_h = 8, .ofs_x = 0, .ofs_y = 2},
    {.bitmap_index = 926, .adv_w = 90, .box_w = 6, .box_h = 6, .ofs_x = 0, .ofs_y = 4},
    {.bitmap_index = 944, .adv_w = 91, .box_w = 6, .box_h = 8, .ofs_x = 0, .ofs_y = 2},
    {.bitmap_index = 968, .adv_w = 107, .box_w = 5, .box_h = 14, .ofs_x = 1, .ofs_y = 0},
    {.bitmap_index = 1003, .adv_w = 190, .box_w = 11, .box_h = 14, .ofs_x = 0, .ofs_y = 0},
    {.bitmap_index = 1080, .adv_w = 113, .box_w = 7, .box_h = 14, .ofs_x = 0, .ofs_y = 0},
    {.bitmap_index = 1129, .adv_w = 115, .box_w = 6, .box_h = 14, .ofs_x = 1, .ofs_y = 0},
    {.bitmap_index = 1171, .adv_w = 115, .box_w = 7, .box_h = 14, .ofs_x = 0, .ofs_y = 0},
    {.bitmap_index = 1220, .adv_w = 119, .box_w = 6, .box_h = 14, .ofs_x = 1, .ofs_y = 0},
    {.bitmap_index = 1262, .adv_w = 94, .box_w = 5, .box_h = 14, .ofs_x = 1, .ofs_y = 0},
    {.bitmap_index = 1297, .adv_w = 93, .box_w = 5, .box_h = 14, .ofs_x = 1, .ofs_y = 0},
    {.bitmap_index = 1332, .adv_w = 117, .box_w = 7, .box_h = 14, .ofs_x = 0, .ofs_y = 0},
    {.bitmap_index = 1381, .adv_w = 123, .box_w = 6, .box_h = 14, .ofs_x = 1, .ofs_y = 0},
    {.bitmap_index = 1423, .adv_w = 62, .box_w = 2, .box_h = 14, .ofs_x = 1, .ofs_y = 0},
    {.bitmap_index = 1437, .adv_w = 110, .box_w = 6, .box_h = 14, .ofs_x = 0, .ofs_y = 0},
    {.bitmap_index = 1479, .adv_w = 114, .box_w = 6, .box_h = 14, .ofs_x = 1, .ofs_y = 0},
    {.bitmap_index = 1521, .adv_w = 87, .box_w = 5, .box_h = 14, .ofs_x = 1, .ofs_y = 0},
    {.bitmap_index = 1556, .adv_w = 162, .box_w = 8, .box_h = 14, .ofs_x = 1, .ofs_y = 0},
    {.bitmap_index = 1612, .adv_w = 127, .box_w = 6, .box_h = 14, .ofs_x = 1, .ofs_y = 0},
    {.bitmap_index = 1654, .adv_w = 118, .box_w = 7, .box_h = 14, .ofs_x = 0, .ofs_y = 0},
    {.bitmap_index = 1703, .adv_w = 112, .box_w = 6, .box_h = 14, .ofs_x = 1, .ofs_y = 0},
    {.bitmap_index = 1745, .adv_w = 118, .box_w = 7, .box_h = 16, .ofs_x = 0, .ofs_y = -2},
    {.bitmap_index = 1801, .adv_w = 117, .box_w = 6, .box_h = 14, .ofs_x = 1, .ofs_y = 0},
    {.bitmap_index = 1843, .adv_w = 104, .box_w = 6, .box_h = 14, .ofs_x = 0, .ofs_y = 0},
    {.bitmap_index = 1885, .adv_w = 79, .box_w = 5, .box_h = 14, .ofs_x = 0, .ofs_y = 0},
    {.bitmap_index = 1920, .adv_w = 119, .box_w = 6, .box_h = 14, .ofs_x = 1, .ofs_y = 0},
    {.bitmap_index = 1962, .adv_w = 110, .box_w = 7, .box_h = 14, .ofs_x = 0, .ofs_y = 0},
    {.bitmap_index = 2011, .adv_w = 168, .box_w = 11, .box_h = 14, .ofs_x = 0, .ofs_y = 0},
    {.bitmap_index = 2088, .adv_w = 100, .box_w = 6, .box_h = 14, .ofs_x = 0, .ofs_y = 0},
    {.bitmap_index = 2130, .adv_w = 103, .box_w = 7, .box_h = 14, .ofs_x = 0, .ofs_y = 0},
    {.bitmap_index = 2179, .adv_w = 86, .box_w = 6, .box_h = 14, .ofs_x = 0, .ofs_y = 0},
    {.bitmap_index = 2221, .adv_w = 79, .box_w = 4, .box_h = 16, .ofs_x = 1, .ofs_y = -2},
    {.bitmap_index = 2253, .adv_w = 92, .box_w = 6, .box_h = 14, .ofs_x = 0, .ofs_y = 0},
    {.bitmap_index = 2295, .adv_w = 79, .box_w = 4, .box_h = 16, .ofs_x = 0, .ofs_y = -2},
    {.bitmap_index = 2327, .adv_w = 115, .box_w = 7, .box_h = 8, .ofs_x = 0, .ofs_y = 7},
    {.bitmap_index = 2355, .adv_w = 94, .box_w = 6, .box_h = 3, .ofs_x = 0, .ofs_y = -2},
    {.bitmap_index = 2364, .adv_w = 51, .box_w = 3, .box_h = 3, .ofs_x = 0, .ofs_y = 13},
    {.bitmap_index = 2369, .adv_w = 113, .box_w = 7, .box_h = 12, .ofs_x = 0, .ofs_y = 0},
    {.bitmap_index = 2411, .adv_w = 118, .box_w = 6, .box_h = 14, .ofs_x = 1, .ofs_y = 0},
    {.bitmap_index = 2453, .adv_w = 110, .box_w = 7, .box_h = 12, .ofs_x = 0, .ofs_y = 0},
    {.bitmap_index = 2495, .adv_w = 117, .box_w = 7, .box_h = 14, .ofs_x = 0, .ofs_y = 0},
    {.bitmap_index = 2544, .adv_w = 110, .box_w = 7, .box_h = 12, .ofs_x = 0, .ofs_y = 0},
    {.bitmap_index = 2586, .adv_w = 81, .box_w = 5, .box_h = 14, .ofs_x = 0, .ofs_y = 0},
    {.bitmap_index = 2621, .adv_w = 116, .box_w = 7, .box_h = 14, .ofs_x = 0, .ofs_y = -2},
    {.bitmap_index = 2670, .adv_w = 121, .box_w = 6, .box_h = 14, .ofs_x = 1, .ofs_y = 0},
    {.bitmap_index = 2712, .adv_w = 63, .box_w = 2, .box_h = 14, .ofs_x = 1, .ofs_y = 0},
    {.bitmap_index = 2726, .adv_w = 65, .box_w = 3, .box_h = 16, .ofs_x = 0, .ofs_y = -2},
    {.bitmap_index = 2750, .adv_w = 112, .box_w = 6, .box_h = 14, .ofs_x = 1, .ofs_y = 0},
    {.bitmap_index = 2792, .adv_w = 63, .box_w = 2, .box_h = 14, .ofs_x = 1, .ofs_y = 0},
    {.bitmap_index = 2806, .adv_w = 179, .box_w = 10, .box_h = 12, .ofs_x = 1, .ofs_y = 0},
    {.bitmap_index = 2866, .adv_w = 121, .box_w = 6, .box_h = 12, .ofs_x = 1, .ofs_y = 0},
    {.bitmap_index = 2902, .adv_w = 114, .box_w = 7, .box_h = 12, .ofs_x = 0, .ofs_y = 0},
    {.bitmap_index = 2944, .adv_w = 117, .box_w = 6, .box_h = 14, .ofs_x = 1, .ofs_y = -2},
    {.bitmap_index = 2986, .adv_w = 117, .box_w = 7, .box_h = 14, .ofs_x = 0, .ofs_y = -2},
    {.bitmap_index = 3035, .adv_w = 80, .box_w = 4, .box_h = 12, .ofs_x = 1, .ofs_y = 0},
    {.bitmap_index = 3059, .adv_w = 101, .box_w = 6, .box_h = 12, .ofs_x = 0, .ofs_y = 0},
    {.bitmap_index = 3095, .adv_w = 75, .box_w = 5, .box_h = 14, .ofs_x = 0, .ofs_y = 0},
    {.bitmap_index = 3130, .adv_w = 120, .box_w = 6, .box_h = 12, .ofs_x = 1, .ofs_y = 0},
    {.bitmap_index = 3166, .adv_w = 97, .box_w = 6, .box_h = 12, .ofs_x = 0, .ofs_y = 0},
    {.bitmap_index = 3202, .adv_w = 146, .box_w = 9, .box_h = 12, .ofs_x = 0, .ofs_y = 0},
    {.bitmap_index = 3256, .adv_w = 94, .box_w = 6, .box_h = 12, .ofs_x = 0, .ofs_y = 0},
    {.bitmap_index = 3292, .adv_w = 98, .box_w = 6, .box_h = 14, .ofs_x = 0, .ofs_y = -2},
    {.bitmap_index = 3334, .adv_w = 84, .box_w = 5, .box_h = 12, .ofs_x = 0, .ofs_y = 0},
    {.bitmap_index = 3364, .adv_w = 82, .box_w = 5, .box_h = 16, .ofs_x = 0, .ofs_y = -2},
    {.bitmap_index = 3404, .adv_w = 67, .box_w = 2, .box_h = 16, .ofs_x = 1, .ofs_y = -1},
    {.bitmap_index = 3420, .adv_w = 82, .box_w = 5, .box_h = 16, .ofs_x = 0, .ofs_y = -2},
    {.bitmap_index = 3460, .adv_w = 140, .box_w = 8, .box_h = 3, .ofs_x = 0, .ofs_y = 7},
    {.bitmap_index = 3472, .adv_w = 62, .box_w = 0, .box_h = 0, .ofs_x = 0, .ofs_y = 0},
    {.bitmap_index = 3472, .adv_w = 66, .box_w = 2, .box_h = 14, .ofs_x = 1, .ofs_y = -2},
    {.bitmap_index = 3486, .adv_w = 110, .box_w = 7, .box_h = 16, .ofs_x = 0, .ofs_y = -2},
    {.bitmap_index = 3542, .adv_w = 107, .box_w = 7, .box_h = 14, .ofs_x = 0, .ofs_y = 0},
    {.bitmap_index = 3591, .adv_w = 145, .box_w = 9, .box_h = 8, .ofs_x = 0, .ofs_y = 4},
    {.bitmap_index = 3627, .adv_w = 103, .box_w = 7, .box_h = 14, .ofs_x = 0, .ofs_y = 0},
    {.bitmap_index = 3676, .adv_w = 61, .box_w = 2, .box_h = 15, .ofs_x = 1, .ofs_y = -1},
    {.bitmap_index = 3691, .adv_w = 101, .box_w = 6, .box_h = 14, .ofs_x = 0, .ofs_y = 0},
    {.bitmap_index = 3733, .adv_w = 102, .box_w = 6, .box_h = 3, .ofs_x = 0, .ofs_y = 12},
    {.bitmap_index = 3742, .adv_w = 183, .box_w = 11, .box_h = 11, .ofs_x = 0, .ofs_y = 1},
    {.bitmap_index = 3803, .adv_w = 116, .box_w = 5, .box_h = 10, .ofs_x = 1, .ofs_y = 4},
    {.bitmap_index = 3828, .adv_w = 163, .box_w = 9, .box_h = 7, .ofs_x = 0, .ofs_y = 2},
    {.bitmap_index = 3860, .adv_w = 118, .box_w = 7, .box_h = 6, .ofs_x = 0, .ofs_y = 3},
    {.bitmap_index = 3881, .adv_w = 87, .box_w = 5, .box_h = 3, .ofs_x = 0, .ofs_y = 4},
    {.bitmap_index = 3889, .adv_w = 188, .box_w = 11, .box_h = 11, .ofs_x = 0, .ofs_y = 1},
    {.bitmap_index = 3950, .adv_w = 77, .box_w = 5, .box_h = 2, .ofs_x = 0, .ofs_y = 12},
    {.bitmap_index = 3955, .adv_w = 114, .box_w = 7, .box_h = 5, .ofs_x = 0, .ofs_y = 9},
    {.bitmap_index = 3973, .adv_w = 107, .box_w = 5, .box_h = 9, .ofs_x = 1, .ofs_y = 1},
    {.bitmap_index = 3996, .adv_w = 106, .box_w = 5, .box_h = 10, .ofs_x = 1, .ofs_y = 4},
    {.bitmap_index = 4021, .adv_w = 109, .box_w = 5, .box_h = 10, .ofs_x = 1, .ofs_y = 4},
    {.bitmap_index = 4046, .adv_w = 51, .box_w = 3, .box_h = 3, .ofs_x = 0, .ofs_y = 13},
    {.bitmap_index = 4051, .adv_w = 120, .box_w = 6, .box_h = 14, .ofs_x = 1, .ofs_y = -2},
    {.bitmap_index = 4093, .adv_w = 133, .box_w = 8, .box_h = 14, .ofs_x = 0, .ofs_y = 0},
    {.bitmap_index = 4149, .adv_w = 60, .box_w = 2, .box_h = 2, .ofs_x = 1, .ofs_y = 6},
    {.bitmap_index = 4151, .adv_w = 62, .box_w = 4, .box_h = 6, .ofs_x = 0, .ofs_y = -5},
    {.bitmap_index = 4163, .adv_w = 78, .box_w = 4, .box_h = 10, .ofs_x = 0, .ofs_y = 4},
    {.bitmap_index = 4183, .adv_w = 104, .box_w = 5, .box_h = 10, .ofs_x = 1, .ofs_y = 4},
    {.bitmap_index = 4208, .adv_w = 163, .box_w = 9, .box_h = 7, .ofs_x = 1, .ofs_y = 2},
    {.bitmap_index = 4240, .adv_w = 192, .box_w = 11, .box_h = 14, .ofs_x = 0, .ofs_y = 0},
    {.bitmap_index = 4317, .adv_w = 203, .box_w = 13, .box_h = 14, .ofs_x = 0, .ofs_y = 0},
    {.bitmap_index = 4408, .adv_w = 194, .box_w = 11, .box_h = 14, .ofs_x = 0, .ofs_y = 0},
    {.bitmap_index = 4485, .adv_w = 107, .box_w = 5, .box_h = 14, .ofs_x = 1, .ofs_y = -2},
    {.bitmap_index = 4520, .adv_w = 113, .box_w = 7, .box_h = 18, .ofs_x = 0, .ofs_y = 0},
    {.bitmap_index = 4583, .adv_w = 113, .box_w = 7, .box_h = 18, .ofs_x = 0, .ofs_y = 0},
    {.bitmap_index = 4646, .adv_w = 113, .box_w = 7, .box_h = 18, .ofs_x = 0, .ofs_y = 0},
    {.bitmap_index = 4709, .adv_w = 113, .box_w = 7, .box_h = 17, .ofs_x = 0, .ofs_y = 0},
    {.bitmap_index = 4769, .adv_w = 113, .box_w = 7, .box_h = 17, .ofs_x = 0, .ofs_y = 0},
    {.bitmap_index = 4829, .adv_w = 113, .box_w = 7, .box_h = 18, .ofs_x = 0, .ofs_y = 0},
    {.bitmap_index = 4892, .adv_w = 149, .box_w = 9, .box_h = 14, .ofs_x = 0, .ofs_y = 0},
    {.bitmap_index = 4955, .adv_w = 115, .box_w = 7, .box_h = 19, .ofs_x = 0, .ofs_y = -5},
    {.bitmap_index = 5022, .adv_w = 94, .box_w = 5, .box_h = 18, .ofs_x = 1, .ofs_y = 0},
    {.bitmap_index = 5067, .adv_w = 94, .box_w = 5, .box_h = 18, .ofs_x = 1, .ofs_y = 0},
    {.bitmap_index = 5112, .adv_w = 94, .box_w = 5, .box_h = 18, .ofs_x = 1, .ofs_y = 0},
    {.bitmap_index = 5157, .adv_w = 94, .box_w = 6, .box_h = 17, .ofs_x = 0, .ofs_y = 0},
    {.bitmap_index = 5208, .adv_w = 62, .box_w = 3, .box_h = 18, .ofs_x = 0, .ofs_y = 0},
    {.bitmap_index = 5235, .adv_w = 62, .box_w = 4, .box_h = 18, .ofs_x = 0, .ofs_y = 0},
    {.bitmap_index = 5271, .adv_w = 62, .box_w = 6, .box_h = 18, .ofs_x = -1, .ofs_y = 0},
    {.bitmap_index = 5325, .adv_w = 62, .box_w = 6, .box_h = 17, .ofs_x = -1, .ofs_y = 0},
    {.bitmap_index = 5376, .adv_w = 119, .box_w = 7, .box_h = 14, .ofs_x = 0, .ofs_y = 0},
    {.bitmap_index = 5425, .adv_w = 127, .box_w = 6, .box_h = 17, .ofs_x = 1, .ofs_y = 0},
    {.bitmap_index = 5476, .adv_w = 118, .box_w = 7, .box_h = 18, .ofs_x = 0, .ofs_y = 0},
    {.bitmap_index = 5539, .adv_w = 118, .box_w = 7, .box_h = 18, .ofs_x = 0, .ofs_y = 0},
    {.bitmap_index = 5602, .adv_w = 118, .box_w = 7, .box_h = 18, .ofs_x = 0, .ofs_y = 0},
    {.bitmap_index = 5665, .adv_w = 118, .box_w = 7, .box_h = 17, .ofs_x = 0, .ofs_y = 0},
    {.bitmap_index = 5725, .adv_w = 118, .box_w = 7, .box_h = 17, .ofs_x = 0, .ofs_y = 0},
    {.bitmap_index = 5785, .adv_w = 89, .box_w = 5, .box_h = 6, .ofs_x = 0, .ofs_y = 2},
    {.bitmap_index = 5800, .adv_w = 113, .box_w = 8, .box_h = 17, .ofs_x = 0, .ofs_y = -2},
    {.bitmap_index = 5868, .adv_w = 119, .box_w = 6, .box_h = 18, .ofs_x = 1, .ofs_y = 0},
    {.bitmap_index = 5922, .adv_w = 119, .box_w = 6, .box_h = 18, .ofs_x = 1, .ofs_y = 0},
    {.bitmap_index = 5976, .adv_w = 119, .box_w = 6, .box_h = 18, .ofs_x = 1, .ofs_y = 0},
    {.bitmap_index = 6030, .adv_w = 119, .box_w = 7, .box_h = 17, .ofs_x = 0, .ofs_y = 0},
    {.bitmap_index = 6090, .adv_w = 103, .box_w = 7, .box_h = 18, .ofs_x = 0, .ofs_y = 0},
    {.bitmap_index = 6153, .adv_w = 116, .box_w = 6, .box_h = 14, .ofs_x = 1, .ofs_y = 0},
    {.bitmap_index = 6195, .adv_w = 123, .box_w = 6, .box_h = 14, .ofs_x = 1, .ofs_y = 0},
    {.bitmap_index = 6237, .adv_w = 113, .box_w = 7, .box_h = 16, .ofs_x = 0, .ofs_y = 0},
    {.bitmap_index = 6293, .adv_w = 113, .box_w = 7, .box_h = 16, .ofs_x = 0, .ofs_y = 0},
    {.bitmap_index = 6349, .adv_w = 113, .box_w = 7, .box_h = 16, .ofs_x = 0, .ofs_y = 0},
    {.bitmap_index = 6405, .adv_w = 113, .box_w = 7, .box_h = 15, .ofs_x = 0, .ofs_y = 0},
    {.bitmap_index = 6458, .adv_w = 113, .box_w = 7, .box_h = 14, .ofs_x = 0, .ofs_y = 0},
    {.bitmap_index = 6507, .adv_w = 113, .box_w = 7, .box_h = 16, .ofs_x = 0, .ofs_y = 0},
    {.bitmap_index = 6563, .adv_w = 170, .box_w = 10, .box_h = 12, .ofs_x = 0, .ofs_y = 0},
    {.bitmap_index = 6623, .adv_w = 110, .box_w = 7, .box_h = 17, .ofs_x = 0, .ofs_y = -5},
    {.bitmap_index = 6683, .adv_w = 110, .box_w = 7, .box_h = 16, .ofs_x = 0, .ofs_y = 0},
    {.bitmap_index = 6739, .adv_w = 110, .box_w = 7, .box_h = 16, .ofs_x = 0, .ofs_y = 0},
    {.bitmap_index = 6795, .adv_w = 110, .box_w = 7, .box_h = 16, .ofs_x = 0, .ofs_y = 0},
    {.bitmap_index = 6851, .adv_w = 110, .box_w = 7, .box_h = 14, .ofs_x = 0, .ofs_y = 0},
    {.bitmap_index = 6900, .adv_w = 63, .box_w = 3, .box_h = 16, .ofs_x = 0, .ofs_y = 0},
    {.bitmap_index = 6924, .adv_w = 63, .box_w = 3, .box_h = 16, .ofs_x = 1, .ofs_y = 0},
    {.bitmap_index = 6948, .adv_w = 63, .box_w = 6, .box_h = 16, .ofs_x = -1, .ofs_y = 0},
    {.bitmap_index = 6996, .adv_w = 63, .box_w = 6, .box_h = 14, .ofs_x = -1, .ofs_y = 0},
    {.bitmap_index = 7038, .adv_w = 121, .box_w = 8, .box_h = 14, .ofs_x = 0, .ofs_y = 0},
    {.bitmap_index = 7094, .adv_w = 121, .box_w = 6, .box_h = 15, .ofs_x = 1, .ofs_y = 0},
    {.bitmap_index = 7139, .adv_w = 114, .box_w = 7, .box_h = 16, .ofs_x = 0, .ofs_y = 0},
    {.bitmap_index = 7195, .adv_w = 114, .box_w = 7, .box_h = 16, .ofs_x = 0, .ofs_y = 0},
    {.bitmap_index = 7251, .adv_w = 114, .box_w = 7, .box_h = 16, .ofs_x = 0, .ofs_y = 0},
    {.bitmap_index = 7307, .adv_w = 114, .box_w = 7, .box_h = 15, .ofs_x = 0, .ofs_y = 0},
    {.bitmap_index = 7360, .adv_w = 114, .box_w = 7, .box_h = 14, .ofs_x = 0, .ofs_y = 0},
    {.bitmap_index = 7409, .adv_w = 101, .box_w = 6, .box_h = 9, .ofs_x = 0, .ofs_y = 2},
    {.bitmap_index = 7436, .adv_w = 110, .box_w = 7, .box_h = 16, .ofs_x = 0, .ofs_y = -2},
    {.bitmap_index = 7492, .adv_w = 120, .box_w = 6, .box_h = 16, .ofs_x = 1, .ofs_y = 0},
    {.bitmap_index = 7540, .adv_w = 120, .box_w = 6, .box_h = 16, .ofs_x = 1, .ofs_y = 0},
    {.bitmap_index = 7588, .adv_w = 120, .box_w = 6, .box_h = 16, .ofs_x = 1, .ofs_y = 0},
    {.bitmap_index = 7636, .adv_w = 120, .box_w = 7, .box_h = 14, .ofs_x = 0, .ofs_y = 0},
    {.bitmap_index = 7685, .adv_w = 98, .box_w = 6, .box_h = 18, .ofs_x = 0, .ofs_y = -2},
    {.bitmap_index = 7739, .adv_w = 117, .box_w = 6, .box_h = 16, .ofs_x = 1, .ofs_y = -2},
    {.bitmap_index = 7787, .adv_w = 98, .box_w = 6, .box_h = 16, .ofs_x = 0, .ofs_y = -2},
    {.bitmap_index = 7835, .adv_w = 256, .box_w = 16, .box_h = 17, .ofs_x = 0, .ofs_y = -2},
    {.bitmap_index = 7971, .adv_w = 256, .box_w = 16, .box_h = 12, .ofs_x = 0, .ofs_y = 0},
    {.bitmap_index = 8067, .adv_w = 256, .box_w = 16, .box_h = 14, .ofs_x = 0, .ofs_y = -1},
    {.bitmap_index = 8179, .adv_w = 256, .box_w = 16, .box_h = 12, .ofs_x = 0, .ofs_y = 0},
    {.bitmap_index = 8275, .adv_w = 176, .box_w = 11, .box_h = 12, .ofs_x = 0, .ofs_y = 0},
    {.bitmap_index = 8341, .adv_w = 256, .box_w = 16, .box_h = 16, .ofs_x = 0, .ofs_y = -2},
    {.bitmap_index = 8469, .adv_w = 256, .box_w = 16, .box_h = 16, .ofs_x = 0, .ofs_y = -2},
    {.bitmap_index = 8597, .adv_w = 288, .box_w = 18, .box_h = 14, .ofs_x = 0, .ofs_y = -1},
    {.bitmap_index = 8723, .adv_w = 256, .box_w = 16, .box_h = 16, .ofs_x = 0, .ofs_y = -2},
    {.bitmap_index = 8851, .adv_w = 288, .box_w = 18, .box_h = 12, .ofs_x = 0, .ofs_y = 0},
    {.bitmap_index = 8959, .adv_w = 256, .box_w = 16, .box_h = 16, .ofs_x = 0, .ofs_y = -2},
    {.bitmap_index = 9087, .adv_w = 128, .box_w = 8, .box_h = 14, .ofs_x = 0, .ofs_y = -1},
    {.bitmap_index = 9143, .adv_w = 192, .box_w = 12, .box_h = 14, .ofs_x = 0, .ofs_y = -1},
    {.bitmap_index = 9227, .adv_w = 288, .box_w = 18, .box_h = 16, .ofs_x = 0, .ofs_y = -2},
    {.bitmap_index = 9371, .adv_w = 256, .box_w = 16, .box_h = 12, .ofs_x = 0, .ofs_y = 0},
    {.bitmap_index = 9467, .adv_w = 224, .box_w = 10, .box_h = 16, .ofs_x = 2, .ofs_y = -2},
    {.bitmap_index = 9547, .adv_w = 224, .box_w = 14, .box_h = 18, .ofs_x = 0, .ofs_y = -3},
    {.bitmap_index = 9673, .adv_w = 224, .box_w = 14, .box_h = 15, .ofs_x = 0, .ofs_y = -1},
    {.bitmap_index = 9778, .adv_w = 224, .box_w = 14, .box_h = 14, .ofs_x = 0, .ofs_y = -1},
    {.bitmap_index = 9876, .adv_w = 224, .box_w = 10, .box_h = 16, .ofs_x = 2, .ofs_y = -2},
    {.bitmap_index = 9956, .adv_w = 224, .box_w = 16, .box_h = 14, .ofs_x = -1, .ofs_y = -1},
    {.bitmap_index = 10068, .adv_w = 160, .box_w = 10, .box_h = 14, .ofs_x = 0, .ofs_y = -1},
    {.bitmap_index = 10138, .adv_w = 160, .box_w = 10, .box_h = 14, .ofs_x = 0, .ofs_y = -1},
    {.bitmap_index = 10208, .adv_w = 224, .box_w = 14, .box_h = 14, .ofs_x = 0, .ofs_y = -1},
    {.bitmap_index = 10306, .adv_w = 224, .box_w = 14, .box_h = 4, .ofs_x = 0, .ofs_y = 4},
    {.bitmap_index = 10334, .adv_w = 288, .box_w = 18, .box_h = 12, .ofs_x = 0, .ofs_y = 0},
    {.bitmap_index = 10442, .adv_w = 320, .box_w = 20, .box_h = 16, .ofs_x = 0, .ofs_y = -2},
    {.bitmap_index = 10602, .adv_w = 288, .box_w = 20, .box_h = 16, .ofs_x = -1, .ofs_y = -2},
    {.bitmap_index = 10762, .adv_w = 256, .box_w = 16, .box_h = 16, .ofs_x = 0, .ofs_y = -2},
    {.bitmap_index = 10890, .adv_w = 224, .box_w = 14, .box_h = 10, .ofs_x = 0, .ofs_y = 1},
    {.bitmap_index = 10960, .adv_w = 224, .box_w = 14, .box_h = 10, .ofs_x = 0, .ofs_y = 1},
    {.bitmap_index = 11030, .adv_w = 320, .box_w = 20, .box_h = 14, .ofs_x = 0, .ofs_y = -1},
    {.bitmap_index = 11170, .adv_w = 256, .box_w = 16, .box_h = 12, .ofs_x = 0, .ofs_y = 0},
    {.bitmap_index = 11266, .adv_w = 256, .box_w = 16, .box_h = 16, .ofs_x = 0, .ofs_y = -2},
    {.bitmap_index = 11394, .adv_w = 256, .box_w = 17, .box_h = 17, .ofs_x = -1, .ofs_y = -2},
    {.bitmap_index = 11539, .adv_w = 224, .box_w = 15, .box_h = 14, .ofs_x = 0, .ofs_y = -1},
    {.bitmap_index = 11644, .adv_w = 224, .box_w = 14, .box_h = 16, .ofs_x = 0, .ofs_y = -2},
    {.bitmap_index = 11756, .adv_w = 224, .box_w = 14, .box_h = 14, .ofs_x = 0, .ofs_y = -1},
    {.bitmap_index = 11854, .adv_w = 160, .box_w = 12, .box_h = 16, .ofs_x = -1, .ofs_y = -2},
    {.bitmap_index = 11950, .adv_w = 224, .box_w = 14, .box_h = 16, .ofs_x = 0, .ofs_y = -2},
    {.bitmap_index = 12062, .adv_w = 224, .box_w = 14, .box_h = 16, .ofs_x = 0, .ofs_y = -2},
    {.bitmap_index = 12174, .adv_w = 288, .box_w = 18, .box_h = 12, .ofs_x = 0, .ofs_y = 0},
    {.bitmap_index = 12282, .adv_w = 256, .box_w = 18, .box_h = 18, .ofs_x = -1, .ofs_y = -3},
    {.bitmap_index = 12444, .adv_w = 192, .box_w = 12, .box_h = 16, .ofs_x = 0, .ofs_y = -2},
    {.bitmap_index = 12540, .adv_w = 320, .box_w = 20, .box_h = 15, .ofs_x = 0, .ofs_y = -1},
    {.bitmap_index = 12690, .adv_w = 320, .box_w = 20, .box_h = 10, .ofs_x = 0, .ofs_y = 1},
    {.bitmap_index = 12790, .adv_w = 320, .box_w = 20, .box_h = 10, .ofs_x = 0, .ofs_y = 1},
    {.bitmap_index = 12890, .adv_w = 320, .box_w = 20, .box_h = 10, .ofs_x = 0, .ofs_y = 1},
    {.bitmap_index = 12990, .adv_w = 320, .box_w = 20, .box_h = 10, .ofs_x = 0, .ofs_y = 1},
    {.bitmap_index = 13090, .adv_w = 320, .box_w = 20, .box_h = 10, .ofs_x = 0, .ofs_y = 1},
    {.bitmap_index = 13190, .adv_w = 320, .box_w = 21, .box_h = 14, .ofs_x = 0, .ofs_y = -1},
    {.bitmap_index = 13337, .adv_w = 224, .box_w = 12, .box_h = 16, .ofs_x = 1, .ofs_y = -2},
    {.bitmap_index = 13433, .adv_w = 224, .box_w = 14, .box_h = 16, .ofs_x = 0, .ofs_y = -2},
    {.bitmap_index = 13545, .adv_w = 256, .box_w = 17, .box_h = 17, .ofs_x = -1, .ofs_y = -3},
    {.bitmap_index = 13690, .adv_w = 320, .box_w = 20, .box_h = 12, .ofs_x = 0, .ofs_y = 0},
    {.bitmap_index = 13810, .adv_w = 192, .box_w = 12, .box_h = 16, .ofs_x = 0, .ofs_y = -2},
    {.bitmap_index = 13906, .adv_w = 258, .box_w = 17, .box_h = 11, .ofs_x = 0, .ofs_y = 1}
};

/*---------------------
 *  CHARACTER MAPPING
 *--------------------*/

static const uint16_t unicode_list_2[] = {
    0x0, 0x7, 0xa, 0xb, 0xc, 0x10, 0x12, 0x14,
    0x18, 0x1b, 0x20, 0x25, 0x26, 0x27, 0x3d, 0x47,
    0x4a, 0x4b, 0x4c, 0x50, 0x51, 0x52, 0x53, 0x66,
    0x67, 0x6d, 0x6f, 0x70, 0x73, 0x76, 0x77, 0x78,
    0x7a, 0x92, 0x94, 0xc3, 0xc4, 0xc6, 0xe6, 0xe9,
    0xf2, 0x11b, 0x123, 0x15a, 0x1ea, 0x23f, 0x240, 0x241,
    0x242, 0x243, 0x286, 0x292, 0x2ec, 0x303, 0x559, 0x7c1,
    0x8a1
};

/*Collect the unicode lists and glyph_id offsets*/
static const lv_font_fmt_txt_cmap_t cmaps[] =
{
    {
        .range_start = 32, .range_length = 95, .glyph_id_start = 1,
        .unicode_list = NULL, .glyph_id_ofs_list = NULL, .list_length = 0, .type = LV_FONT_FMT_TXT_CMAP_FORMAT0_TINY
    },
    {
        .range_start = 160, .range_length = 96, .glyph_id_start = 96,
        .unicode_list = NULL, .glyph_id_ofs_list = NULL, .list_length = 0, .type = LV_FONT_FMT_TXT_CMAP_FORMAT0_TINY
    },
    {
        .range_start = 61441, .range_length = 2210, .glyph_id_start = 192,
        .unicode_list = unicode_list_2, .glyph_id_ofs_list = NULL, .list_length = 57, .type = LV_FONT_FMT_TXT_CMAP_SPARSE_TINY
    }
};

/*-----------------
 *    KERNING
 *----------------*/


/*Map glyph_ids to kern left classes*/
static const uint8_t kern_left_class_mapping[] =
{
    0, 0, 0, 1, 0, 0, 0, 0,
    0, 0, 0, 2, 3, 4, 5, 6,
    7, 0, 0, 0, 0, 0, 0, 0,
    8, 0, 0, 0, 0, 0, 0, 0,
    0, 0, 9, 0, 10, 10, 0, 11,
    0, 0, 0, 12, 13, 14, 0, 0,
    10, 15, 0, 0, 0, 16, 17, 18,
    18, 19, 20, 0, 0, 0, 0, 0,
    0, 0, 21, 22, 22, 0, 22, 23,
    0, 0, 0, 0, 0, 24, 0, 0,
    22, 22, 0, 25, 0, 0, 0, 26,
    26, 0, 27, 0, 0, 0, 0, 0,
    0, 0, 0, 0, 0, 0, 0, 0,
    0, 0, 0, 0, 0, 0, 0, 0,
    0, 0, 0, 0, 0, 0, 0, 28,
    0, 0, 0, 0, 0, 0, 0, 0,
    9, 9, 9, 9, 9, 9, 0, 10,
    0, 0, 0, 0, 0, 0, 0, 0,
    10, 0, 10, 10, 10, 10, 10, 0,
    10, 17, 17, 17, 17, 20, 15, 0,
    21, 21, 21, 21, 21, 21, 0, 22,
    22, 22, 22, 22, 0, 0, 0, 0,
    0, 0, 22, 22, 22, 22, 22, 0,
    22, 0, 0, 0, 0, 27, 22, 27,
    0, 0, 0, 0, 0, 0, 0, 0,
    0, 0, 0, 0, 0, 0, 0, 0,
    0, 0, 0, 0, 0, 0, 0, 0,
    0, 0, 0, 0, 0, 0, 0, 0,
    0, 0, 0, 0, 0, 0, 0, 0,
    0, 0, 0, 0, 0, 0, 0, 0,
    0, 0, 0, 0, 0, 0, 0, 0,
    0
};

/*Map glyph_ids to kern right classes*/
static const uint8_t kern_right_class_mapping[] =
{
    0, 0, 0, 1, 0, 0, 0, 0,
    0, 0, 0, 2, 3, 4, 5, 6,
    7, 0, 8, 0, 0, 9, 0, 0,
    10, 0, 0, 0, 0, 0, 0, 0,
    0, 0, 11, 0, 12, 0, 0, 0,
    12, 0, 0, 13, 0, 0, 0, 0,
    12, 0, 0, 0, 0, 14, 15, 16,
    16, 17, 18, 0, 0, 0, 0, 0,
    0, 0, 19, 0, 20, 20, 20, 21,
    20, 0, 0, 0, 0, 22, 0, 0,
    20, 0, 20, 0, 0, 23, 0, 24,
    24, 0, 25, 0, 0, 0, 0, 0,
    0, 0, 0, 0, 0, 0, 0, 0,
    0, 0, 0, 0, 0, 0, 0, 0,
    0, 0, 0, 0, 0, 0, 0, 26,
    0, 0, 0, 0, 0, 0, 0, 0,
    11, 11, 11, 11, 11, 11, 27, 12,
    0, 0, 0, 0, 0, 0, 0, 0,
    0, 0, 12, 12, 12, 12, 12, 0,
    12, 15, 15, 15, 15, 18, 0, 0,
    19, 19, 19, 19, 19, 19, 19, 20,
    20, 20, 20, 20, 0, 0, 0, 0,
    0, 0, 20, 20, 20, 20, 20, 0,
    20, 0, 0, 0, 0, 25, 0, 25,
    0, 0, 0, 0, 0, 0, 0, 0,
    0, 0, 0, 0, 0, 0, 0, 0,
    0, 0, 0, 0, 0, 0, 0, 0,
    0, 0, 0, 0, 0, 0, 0, 0,
    0, 0, 0, 0, 0, 0, 0, 0,
    0, 0, 0, 0, 0, 0, 0, 0,
    0, 0, 0, 0, 0, 0, 0, 0,
    0
};

/*Kern values between classes*/
static const int8_t kern_class_values[] =
{
    0, 0, 0, 0, 0, 0, 0, 0,
    -11, 0, -7, 0, -24, 0, 0, 0,
    0, 0, 0, 0, 0, 0, 0, 0,
    0, 0, 0, 0, 0, 0, 0, 0,
    0, 0, 0, 0, 0, -9, 0, -27,
    0, 0, 0, 0, 0, 0, 0, 0,
    0, 0, 0, 0, 0, 0, 0, 0,
    0, 0, 0, 0, 0, 0, 0, -7,
    0, 0, 0, 0, 0, 0, 0, 0,
    0, 0, 0, 0, 0, 0, 0, 0,
    0, 0, 0, 0, 0, 0, 0, 14,
    -9, 0, -9, 0, 0, 0, -6, -2,
    -12, 0, -15, 0, 0, 0, 0, -5,
    -9, -7, 0, 0, 0, 0, 0, 0,
    0, 0, 0, 0, 0, -6, 0, 0,
    0, 0, 0, 0, 0, 0, 0, 0,
    0, 0, 0, 0, 0, 0, 0, 0,
    0, 0, 0, 0, 0, 14, -9, 0,
    -9, 0, 0, 0, -6, -2, -12, 0,
    -15, 0, 0, 0, 0, -5, -14, -7,
    0, 0, 0, 0, 0, -30, 0, -30,
    -22, 0, 0, 0, 0, 0, 0, 0,
    0, 0, 0, 0, 0, 0, 0, 0,
    0, 0, 0, 0, 0, 0, 0, -5,
    -20, -6, -20, -10, 0, 0, 0, 0,
    0, 0, 0, 0, 0, 0, 0, 0,
    0, 0, 0, 0, 0, 0, 0, 0,
    -10, -9, 0, 0, 0, 0, 0, 0,
    0, 0, 0, 0, 0, 0, 0, -6,
    0, -7, 0, 0, -4, 0, 0, -4,
    -6, 0, 0, 0, 0, 0, 0, 0,
    0, 0, 0, 0, 0, 0, 0, 0,
    0, 0, 0, -2, 0, 0, 0, 0,
    0, 0, 0, 0, 0, -4, 0, 0,
    0, -22, 0, -22, 0, 0, 0, 0,
    -5, 0, -19, 0, 0, 0, 0, 0,
    -4, -2, 0, 0, 0, 0, 0, 0,
    -14, 0, 0, 0, -2, 0, -2, 0,
    0, 0, 0, -5, 0, 0, 0, 0,
    0, 0, 0, 0, 0, 0, 0, 0,
    0, 0, 0, 0, 0, 0, 0, 0,
    0, 0, 0, 0, 0, 0, 0, 0,
    0, 0, 0, 0, 0, 0, -1, -1,
    0, 0, 0, 0, 0, 0, 0, -16,
    -12, 0, 0, 0, 0, 0, 0, 0,
    0, 0, -2, 0, -6, 0, -5, 0,
    -7, 0, 0, 0, 0, 0, -2, 0,
    0, 0, 0, 0, 0, -30, 0, -30,
    0, 0, 0, 0, -7, 0, -16, 0,
    0, 0, 0, 0, 0, 0, 0, 0,
    0, 0, 0, 0, -14, 0, 0, 0,
    -6, 0, -6, 0, 0, 0, 0, 0,
    0, -6, 0, 0, 0, 0, 0, -4,
    -4, 0, 0, 0, 0, 0, 0, -6,
    0, 0, 0, -2, 0, -2, 0, 0,
    0, 0, 0, 0, 0, 0, 0, 0,
    0, 0, 0, 0, 0, 0, 0, 0,
    0, 0, 0, 0, 0, 0, -12, 0,
    -12, 0, 0, 0, 0, -6, 0, -7,
    0, 0, 0, 0, 0, -2, -2, 0,
    0, 0, 0, 0, 0, -9, 0, 0,
    0, 0, 0, 0, 0, 0, 0, 0,
    0, -2, 0, 0, 0, 0, 0, 0,
    0, -2, 0, 0, 0, 0, 0, 0,
    0, 0, 0, 0, -15, 0, -15, 0,
    0, 0, 0, -7, 0, -15, 0, 0,
    0, 0, 0, -4, -5, 0, 0, 0,
    0, 0, 0, -12, 0, 0, 0, 0,
    0, 0, 0, 0, 0, 0, 0, 0,
    0, -2, 0, -2, 0, -4, 0, 0,
    0, 0, 0, 0, 0, 0, 0, 0,
    0, 0, 0, 0, 0, 0, 0, 0,
    0, 0, 0, 0, -4, 0, -2, -2,
    -5, 0, 0, 0, 0, 0, 0, 0,
    0, 0, 0, 0, 0, -10, 0, -7,
    0, 0, 0, 0, 0, 0, 0, 0,
    0, 0, 0, 0, -2, -2, 0, 0,
    0, 0, 0, 0, 0, 0, 0, 0,
    0, 0, 0, 0, 0, 0, 0, 0,
    0, 0, 0, 0, 0, 0, 0, 0,
    0, 0, 0, 0, 0, 0, -17, 0,
    0, 0, 0, -15, 0, -15, 0, 0,
    0, 0, 0, 0, 0, 0, 0, 0,
    0, 0, 0, 0, 0, 0, 0, 0,
    0, 0, 0, 0, 0, 0, -11, 0,
    -12, 0, 0, 0, 0, 0, 0, 0,
    0, 0, 0, 0, 0, 0, 0, 0,
    0, 0, 0, 0, 0, 0, 0, 0,
    0, -12, 0, -15, 0, 0, 0, 0,
    0, 0, 0, 0, 0, 0, 0, 0,
    0, 0, 0, 0, 0, 0, 0, 0,
    0, 0, 0, 0, 0, 0, 0, 0,
    0, 0, 0, 0, 0, 0, 0, 0,
    0, 0, 0, 0, 0, 0, -12, 0,
    0, 0, 0, 0
};


/*Collect the kern class' data in one place*/
static const lv_font_fmt_txt_kern_classes_t kern_classes =
{
    .class_pair_values   = kern_class_values,
    .left_class_mapping  = kern_left_class_mapping,
    .right_class_mapping = kern_right_class_mapping,
    .left_class_cnt      = 28,
    .right_class_cnt     = 27,
};

/*--------------------
 *  ALL CUSTOM DATA
 *--------------------*/

#if LVGL_VERSION_MAJOR == 8
/*Store all the custom data of the font*/
static  lv_font_fmt_txt_glyph_cache_t cache;
#endif

#if LVGL_VERSION_MAJOR >= 8
static const lv_font_fmt_txt_dsc_t font_dsc = {
#else
static lv_font_fmt_txt_dsc_t font_dsc = {
#endif
    .glyph_bitmap = glyph_bitmap,
    .glyph_dsc = glyph_dsc,
    .cmaps = cmaps,
    .kern_dsc = &kern_classes,
    .kern_scale = 16,
    .cmap_num = 3,
    .bpp = 4,
    .kern_classes = 1,
    .bitmap_format = 0,
#if LVGL_VERSION_MAJOR == 8
    .cache = &cache
#endif
};



/*-----------------
 *  PUBLIC FONT
 *----------------*/

/*Initialize a public general font descriptor*/
#if LVGL_VERSION_MAJOR >= 8
const lv_font_t custom_font_lcars_16 = {
#else
lv_font_t custom_font_lcars_16 = {
#endif
    .get_glyph_dsc = lv_font_get_glyph_dsc_fmt_txt,    /*Function pointer to get glyph's data*/
    .get_glyph_bitmap = lv_font_get_bitmap_fmt_txt,    /*Function pointer to get glyph's bitmap*/
    .line_height = 23,          /*The maximum line height required by the font*/
    .base_line = 5,             /*Baseline measured from the bottom of the line*/
#if !(LVGL_VERSION_MAJOR == 6 && LVGL_VERSION_MINOR == 0)
    .subpx = LV_FONT_SUBPX_NONE,
#endif
#if LV_VERSION_CHECK(7, 4, 0) || LVGL_VERSION_MAJOR >= 8
    .underline_position = 0,
    .underline_thickness = 0,
#endif
    .dsc = &font_dsc,          /*The custom font data. Will be accessed by `get_glyph_bitmap/dsc` */
#if LV_VERSION_CHECK(8, 2, 0) || LVGL_VERSION_MAJOR >= 9
    .fallback = NULL,
#endif
    .user_data = NULL,
};



#endif /*#if CUSTOM_FONT_LCARS_16*/

