/*******************************************************************************
 * Size: 22 px
 * Bpp: 4
 * Opts: --format lvgl --lv-include lvgl.h --bpp 4 --force-fast-kern-format --size 22 --font /tmp/Antonio-MIfJDS.ttf -r 0x20-0x7F -r 0xA0-0xFF --font components/lvgl/lvgl/scripts/built_in_font/FontAwesome5-Solid+Brands+Regular.woff -r 61441,61448,61451,61452,61453,61457,61459,61461,61465,61468,61473,61478,61479,61480,61502,61512,61515,61516,61517,61521,61522,61523,61524,61543,61544,61550,61552,61553,61556,61559,61560,61561,61563,61587,61589,61636,61637,61639,61671,61674,61683,61724,61732,61787,61931,62016,62017,62018,62019,62020,62087,62099,62189,62212,62810,63426,63650 --lv-font-name custom_font_lcars_22 -o components/lvgl/fonts/custom_font_lcars_22.c
 ******************************************************************************/

#ifdef LV_LVGL_H_INCLUDE_SIMPLE
#include "lvgl.h"
#else
#include "lvgl.h"
#endif

#ifndef CUSTOM_FONT_LCARS_22
#define CUSTOM_FONT_LCARS_22 1
#endif

#if CUSTOM_FONT_LCARS_22

/*-----------------
 *    BITMAPS
 *----------------*/

/*Store the image of the glyphs*/
static LV_ATTRIBUTE_LARGE_CONST const uint8_t glyph_bitmap[] = {
    /* U+0020 " " */

    /* U+0021 "!" */
    0x6f, 0xf0, 0x98, 0x0, 0x44, 0x1, 0x38, 0x8,
    0x8, 0x18, 0x18, 0x8, 0x4, 0xe0, 0x20, 0x20,
    0x11, 0x80, 0x4, 0x40, 0x3, 0x0, 0x87, 0xc0,
    0xe, 0x20, 0x1, 0x30, 0x4, 0xa0, 0x0, 0xc4,
    0x9, 0x98, 0x9, 0x32, 0x0, 0xe0,

    /* U+0022 "\"" */
    0x4f, 0xa0, 0xcf, 0x20, 0x1, 0x0, 0x44, 0x0,
    0xd0, 0x1, 0x0, 0x4e, 0x0, 0x70, 0x8, 0x80,
    0x1a, 0x0, 0x20, 0x8, 0x80, 0xe, 0x1, 0x38,
    0x2c, 0x80, 0x20, 0x80,

    /* U+0023 "#" */
    0x0, 0x93, 0xc8, 0x3d, 0xc0, 0x31, 0x1, 0x10,
    0x8, 0x3, 0x70, 0x83, 0x3, 0x0, 0x62, 0x20,
    0x10, 0x10, 0x6, 0x66, 0x7, 0x0, 0x80, 0x62,
    0x20, 0x11, 0x0, 0x38, 0x78, 0x19, 0x80, 0x3,
    0xff, 0x4, 0xf9, 0xa7, 0x99, 0xbe, 0x83, 0xb8,
    0x13, 0xe6, 0x0, 0xd1, 0x11, 0x2, 0x80, 0x63,
    0x20, 0x50, 0x20, 0x4, 0x7a, 0x1f, 0xc8, 0x76,
    0x84, 0x78, 0x47, 0xa1, 0xfe, 0x80, 0x8, 0x8,
    0x19, 0x80, 0x19, 0x81, 0x80, 0x88, 0x1, 0x88,
    0x8, 0x43, 0x80, 0x37, 0x0, 0x90, 0x10, 0x6,
    0x22, 0x3, 0x2, 0x80, 0x66, 0x60, 0x68, 0x8,
    0x4,

    /* U+0024 "$" */
    0x0, 0x93, 0xc0, 0x3f, 0xf9, 0x2f, 0x61, 0xa8,
    0x0, 0x88, 0x0, 0x95, 0x90, 0x30, 0x57, 0x20,
    0x28, 0x8, 0x20, 0x68, 0x68, 0x4, 0x40, 0x60,
    0x20, 0xa1, 0x0, 0xcb, 0x81, 0x0, 0x90, 0x74,
    0xe0, 0x54, 0xf, 0x20, 0x19, 0x68, 0x1a, 0x0,
    0x32, 0xd0, 0x39, 0x85, 0x59, 0x2a, 0x82, 0x41,
    0x10, 0x21, 0xe0, 0x80, 0x60, 0xe0, 0xc0, 0x20,
    0xc1, 0xa0, 0x80, 0x41, 0xe0, 0xdd, 0x1, 0x60,
    0x92, 0x23, 0x43, 0x0, 0x1b, 0xc3, 0xdc, 0x3,
    0xff, 0x8a,

    /* U+0025 "%" */
    0x1, 0xbf, 0xf6, 0x18, 0x7, 0xa7, 0xd0, 0x3,
    0xd4, 0x8a, 0xe7, 0xa0, 0x1e, 0x62, 0x40, 0xf,
    0x20, 0xd4, 0x28, 0xa0, 0x6, 0x60, 0xa0, 0xf,
    0x10, 0x10, 0x0, 0x80, 0x80, 0x35, 0x3, 0x0,
    0x78, 0x40, 0x3c, 0x20, 0x11, 0x99, 0x44, 0x3,
    0xff, 0x8b, 0x41, 0xc0, 0x1f, 0xfc, 0x66, 0x24,
    0x6, 0xaa, 0x38, 0x80, 0x7f, 0xcc, 0x14, 0x11,
    0x2a, 0xa8, 0xc0, 0xf, 0xfa, 0x81, 0x81, 0xc3,
    0x38, 0xc9, 0x4, 0x3, 0x8, 0x8, 0x19, 0x94,
    0x44, 0x4, 0x62, 0x80, 0x44, 0x2, 0x0, 0x10,
    0x10, 0x50, 0x70, 0x18, 0x7, 0x84, 0x10, 0x77,
    0x10, 0x50, 0x18, 0x50, 0x4, 0x3, 0xf5, 0x21,
    0x19, 0xb4, 0x18, 0x24, 0x3, 0xfe, 0x1b, 0xff,
    0x61, 0x85, 0x3, 0x0, 0x7f, 0xf1, 0x4c, 0xc8,
    0x20, 0x1, 0x0, 0xff, 0xe1, 0x50, 0x78, 0x7,
    0xf8, 0x40, 0x3e, 0x61, 0x40, 0x8, 0x80, 0xc0,
    0x4, 0x4, 0x1, 0xe6, 0x6, 0x0, 0xe4, 0x1b,
    0x95, 0x14, 0x0, 0xf5, 0x5, 0x0, 0x75, 0x2a,
    0x31, 0xe8, 0x0,

    /* U+0026 "&" */
    0x0, 0x9f, 0xbe, 0xc8, 0x3, 0x9e, 0x0, 0xd3,
    0x80, 0x3a, 0x83, 0x30, 0x86, 0x20, 0x18, 0x80,
    0x80, 0x80, 0xc0, 0x31, 0x0, 0x81, 0x81, 0x80,
    0x67, 0x4, 0x4, 0x11, 0x0, 0x6f, 0xf, 0x71,
    0x90, 0xe, 0x51, 0x58, 0x17, 0x0, 0xf3, 0x80,
    0x28, 0x3, 0xe4, 0x2, 0x40, 0xf, 0x49, 0x1,
    0x18, 0x0, 0xc0, 0x6, 0xc5, 0x61, 0x20, 0xfa,
    0x0, 0x80, 0xb4, 0x25, 0x38, 0x20, 0x2, 0x3,
    0x5, 0x86, 0x7, 0x81, 0x81, 0x0, 0x18, 0x0,
    0xa6, 0x1, 0xe1, 0x0, 0x60, 0x0, 0x80, 0x88,
    0x16, 0x0, 0xa0, 0x0, 0xa8, 0x6f, 0xaa, 0x20,
    0xcc, 0x0, 0xa6, 0x11, 0x35, 0xf8, 0x40, 0x0,

    /* U+0027 "'" */
    0xcf, 0x46, 0x6, 0x20, 0x2f, 0x0, 0x11, 0x0,
    0x58, 0x1b, 0x0,

    /* U+0028 "(" */
    0x5, 0xdf, 0x22, 0x51, 0x19, 0x90, 0xf, 0x7,
    0x81, 0x80, 0x3e, 0x10, 0xf, 0xff, 0x78, 0x80,
    0x7f, 0x70, 0x30, 0x1, 0x0, 0xec, 0x4a, 0x49,
    0xc,

    /* U+0029 ")" */
    0x1f, 0xd5, 0x0, 0x21, 0x51, 0xd, 0x98, 0x20,
    0x1, 0x83, 0x80, 0x30, 0x80, 0x7f, 0xfe, 0x44,
    0x0, 0xc1, 0xc3, 0x66, 0x8, 0x8, 0x52, 0x40,

    /* U+002A "*" */
    0x0, 0x87, 0xe0, 0x3, 0x3a, 0x8, 0x70, 0xd0,
    0x84, 0xdc, 0xf, 0xf9, 0x50, 0x3a, 0x58, 0x59,
    0x9c, 0xa0, 0x5e, 0x20, 0x4, 0x50, 0x6, 0x35,
    0xc, 0x5, 0xa8, 0x56, 0xa8, 0x8b, 0x21, 0x41,
    0x8, 0x4c, 0x0, 0xe0,

    /* U+002B "+" */
    0x0, 0xd, 0xa0, 0x6, 0x34, 0x30, 0x0, 0x93,
    0x7, 0x90, 0xc6, 0xd8, 0x3e, 0xfd, 0xd4, 0x83,
    0x55, 0x9, 0x50, 0x39, 0x50, 0x3, 0xe0,

    /* U+002C "," */
    0x57, 0x70, 0x74, 0x40, 0x3, 0xad, 0xc8, 0x0,
    0x68, 0x0, 0x4d, 0x0, 0x42, 0x0,

    /* U+002D "-" */
    0x8, 0x8c, 0xc0, 0xef, 0xa8,

    /* U+002E "." */
    0x1, 0x11, 0x75, 0x0, 0x40,

    /* U+002F "/" */
    0x0, 0xed, 0xf2, 0x0, 0xc2, 0x42, 0x40, 0x19,
    0x1, 0x0, 0x3b, 0x3, 0x0, 0x39, 0x1, 0x0,
    0x30, 0x90, 0x90, 0x6, 0x40, 0x40, 0xe, 0xc0,
    0xc0, 0xe, 0x40, 0x40, 0xc, 0x24, 0x24, 0x1,
    0x90, 0x10, 0x3, 0xb4, 0x30, 0x3, 0x90, 0x10,
    0x3, 0x9, 0x89, 0x0, 0x65, 0x4, 0x0, 0xec,
    0xc, 0x0, 0xe4, 0x4, 0x0, 0xe3, 0x12, 0x0,
    0xc8, 0x8, 0x1, 0xc0,

    /* U+0030 "0" */
    0x6, 0xdf, 0xe9, 0x3, 0x92, 0x11, 0x33, 0xd8,
    0x2f, 0x40, 0x60, 0x86, 0x81, 0x3, 0x98, 0x4,
    0x20, 0x20, 0x1f, 0xff, 0xa3, 0x0, 0x84, 0x7,
    0x83, 0x40, 0x81, 0x90, 0x17, 0xa0, 0x30, 0xe4,
    0x84, 0x4c, 0xc0,

    /* U+0031 "1" */
    0x0, 0x9f, 0xdc, 0x1, 0x10, 0x0, 0x3f, 0xb8,
    0x5, 0xa2, 0xe6, 0x0, 0xae, 0x80, 0xf, 0xff,
    0xf8, 0x7, 0xff, 0x0,

    /* U+0032 "2" */
    0x0, 0x4f, 0x7e, 0x10, 0x2, 0x58, 0x40, 0xf8,
    0x0, 0xe1, 0x9e, 0x26, 0x42, 0x20, 0x30, 0x50,
    0x72, 0x1, 0x0, 0x8, 0x18, 0x7, 0xe7, 0x0,
    0xcc, 0x6, 0xca, 0xe0, 0x3, 0x7, 0x2a, 0x90,
    0x50, 0x12, 0x0, 0xd0, 0x12, 0x1, 0x98, 0x85,
    0xc0, 0x34, 0x4, 0x0, 0x68, 0x12, 0x60, 0x8,
    0x5c, 0x24, 0x3, 0x30, 0x1a, 0x0, 0x6b, 0x9,
    0x0, 0xe3, 0x7, 0x0, 0xc2, 0x0, 0x8a, 0xa8,
    0x4c, 0x0, 0xab, 0x8c,

    /* U+0033 "3" */
    0x5, 0xdf, 0xe9, 0x0, 0x1d, 0x10, 0x89, 0xa0,
    0x2c, 0x13, 0xa8, 0x18, 0xc, 0x34, 0x14, 0x4,
    0x9c, 0xc, 0x3, 0xc, 0x4b, 0x80, 0x72, 0x31,
    0x0, 0x62, 0x0, 0xca, 0x6, 0x20, 0x3, 0xca,
    0x1f, 0x0, 0x9c, 0xc0, 0x88, 0x1, 0x27, 0xb1,
    0xd8, 0x7, 0x40, 0x28, 0x7, 0x8, 0x0, 0xb7,
    0xcc, 0x0, 0x20, 0xc0, 0x7, 0x0, 0xe1, 0x1,
    0x0, 0x8, 0x32, 0x86, 0x2, 0x0, 0x95, 0x3,
    0x75, 0x83, 0x1, 0xd1, 0x8, 0x9e, 0x0,

    /* U+0034 "4" */
    0x0, 0xc3, 0xfe, 0x50, 0xe, 0x40, 0xf, 0xde,
    0x1, 0xf9, 0x40, 0x3e, 0x40, 0x20, 0xf, 0x60,
    0xb8, 0x7, 0x95, 0x0, 0x3c, 0x44, 0xc0, 0xf,
    0x28, 0x20, 0x7, 0xb0, 0x88, 0x1, 0xe4, 0x40,
    0x7, 0x94, 0x30, 0x3, 0xd8, 0x8, 0x1, 0xe7,
    0x21, 0x0, 0xe1, 0x11, 0x7f, 0x94, 0x2b, 0x81,
    0x13, 0x8, 0x12, 0xd, 0xde, 0x40, 0x8a, 0x0,
    0xff, 0xe3, 0x0,

    /* U+0035 "5" */
    0x4f, 0xfe, 0xa0, 0xf, 0xf8, 0xff, 0xea, 0x0,
    0xff, 0xe7, 0x8e, 0x7d, 0x88, 0x4, 0x44, 0x4,
    0x80, 0x8, 0x7a, 0xc1, 0x1, 0x95, 0x81, 0x0,
    0x80, 0xaa, 0x0, 0x30, 0x80, 0x7f, 0xf1, 0xe,
    0x14, 0x3, 0x91, 0xf8, 0x3, 0xff, 0x80, 0x24,
    0xa, 0x6, 0x4, 0x8, 0x3, 0xd8, 0xa, 0x3,
    0x86, 0x22, 0x68, 0x0,

    /* U+0036 "6" */
    0x3, 0xcf, 0xe9, 0x0, 0xb4, 0xc4, 0x4c, 0xe0,
    0xa2, 0x9d, 0x81, 0x41, 0xa0, 0x60, 0x60, 0x40,
    0x41, 0xe0, 0x1f, 0xe5, 0x50, 0x7, 0xaa, 0x80,
    0x16, 0xcd, 0x38, 0x6, 0x56, 0x58, 0x90, 0x9,
    0x7b, 0x1, 0x80, 0x2d, 0x13, 0x30, 0x10, 0x7,
    0x38, 0x30, 0x7, 0xff, 0x30, 0xc3, 0xc0, 0xe,
    0xf, 0xe0, 0xa0, 0x26, 0x6, 0xe0, 0x5f, 0xc0,
    0x80, 0x38, 0x60, 0x2b, 0x40,

    /* U+0037 "7" */
    0x1f, 0xff, 0x9c, 0x4, 0x78, 0x0, 0x22, 0xee,
    0xe1, 0x4, 0x0, 0xe5, 0x12, 0x20, 0x7, 0x78,
    0x50, 0x7, 0x94, 0x14, 0x3, 0x90, 0x8, 0x80,
    0x1d, 0xa0, 0x80, 0x1e, 0x40, 0xc0, 0xe, 0x22,
    0x2, 0x0, 0x72, 0x1, 0x8, 0x7, 0x60, 0x38,
    0x7, 0x9c, 0x34, 0x3, 0xc4, 0x6, 0x1, 0xc6,
    0x0, 0x50, 0xe, 0x50, 0x0, 0x80, 0x77, 0x1,
    0x0, 0x78, 0x80, 0x40, 0x3c, 0x20, 0xc0, 0x18,

    /* U+0038 "8" */
    0x0, 0x3e, 0xff, 0x48, 0x4, 0xb0, 0x44, 0x16,
    0x90, 0x7, 0x83, 0xee, 0x3, 0x0, 0x1c, 0x30,
    0xc, 0x0, 0x20, 0x1f, 0x8c, 0x3, 0xf1, 0x83,
    0x81, 0x1, 0x0, 0x4, 0x38, 0x28, 0x28, 0x14,
    0x0, 0x8a, 0x7e, 0xe3, 0x60, 0x2, 0x50, 0x51,
    0x12, 0x0, 0x28, 0x16, 0xa0, 0x38, 0x0, 0x81,
    0xe0, 0x80, 0x80, 0x2, 0x6, 0x2, 0x0, 0x8,
    0x8, 0x7, 0x8c, 0x3, 0xfc, 0x20, 0xe0, 0x20,
    0x3, 0x5, 0xc, 0x5, 0x1, 0x10, 0x70, 0x3f,
    0x58, 0x30, 0x1, 0x64, 0x84, 0x4d, 0x0,

    /* U+0039 "9" */
    0x6, 0xdf, 0xe7, 0x0, 0x24, 0x90, 0x8a, 0x18,
    0x38, 0x23, 0xa4, 0x28, 0x18, 0x14, 0x10, 0xc,
    0x4, 0xc, 0x8, 0x0, 0x26, 0x1, 0xff, 0xc3,
    0x30, 0x30, 0xe, 0x10, 0x10, 0xe, 0x50, 0xb0,
    0x40, 0xa, 0x81, 0xfe, 0xc0, 0x23, 0xb5, 0x54,
    0x80, 0x64, 0xaa, 0x30, 0x4, 0xd4, 0x60, 0x1d,
    0xea, 0xc0, 0x18, 0x44, 0x6, 0x2, 0x1, 0x70,
    0x78, 0x28, 0x18, 0x38, 0x36, 0xd8, 0x50, 0xd,
    0x11, 0x5, 0xd8, 0x0,

    /* U+003A ":" */
    0x9f, 0xd0, 0xb, 0xd1, 0xd, 0x72, 0x1, 0xff,
    0xc0, 0x6b, 0x9f, 0x44, 0x0, 0x40,

    /* U+003B ";" */
    0xbb, 0x2a, 0x20, 0x80, 0x2f, 0xf3, 0x80, 0x7f,
    0xf0, 0x22, 0x99, 0x55, 0xe0, 0x17, 0x87, 0xa0,
    0x3f, 0x90, 0xa2, 0x80,

    /* U+003C "<" */
    0x0, 0xff, 0xe0, 0x1d, 0x80, 0x68, 0xc5, 0x0,
    0x1e, 0xb8, 0x48, 0x4e, 0x12, 0xf3, 0xab, 0x15,
    0xd0, 0x80, 0x42, 0xc0, 0x12, 0x20, 0xf6, 0x0,
    0x3, 0x74, 0x2f, 0xa8, 0x0, 0x5f, 0x52, 0xa0,
    0x8, 0x6a, 0x84, 0x1, 0xcb, 0x80,

    /* U+003D "=" */
    0x1f, 0xff, 0x10, 0xaa, 0xf8, 0xc2, 0xab, 0xc2,
    0x2b, 0xbf, 0x8, 0x22, 0x78, 0xc0,

    /* U+003E ">" */
    0x0, 0xfc, 0x36, 0x20, 0x1e, 0x4e, 0x60, 0xc,
    0x2e, 0x13, 0x64, 0x1, 0x46, 0x9a, 0x6b, 0x80,
    0x45, 0x92, 0x10, 0x40, 0x19, 0x48, 0x3, 0xd,
    0x61, 0x31, 0x3, 0x72, 0x95, 0xc8, 0xc, 0x83,
    0xea, 0x0, 0x45, 0x90, 0x1, 0x87, 0x4c, 0x3,
    0x80,

    /* U+003F "?" */
    0x2, 0xcf, 0xe9, 0x0, 0x71, 0x80, 0xb3, 0x89,
    0x87, 0x40, 0x62, 0x80, 0x88, 0x81, 0x80, 0x3f,
    0xf8, 0x26, 0xea, 0xe0, 0x60, 0x66, 0xa9, 0x1,
    0x6, 0x0, 0xd6, 0x6, 0x1, 0x39, 0x85, 0x1,
    0x74, 0x4, 0x90, 0x8, 0x8f, 0x98, 0x3, 0x38,
    0x80, 0x42, 0x66, 0x0, 0xc5, 0x90, 0x1, 0xc4,
    0x20, 0x18, 0xf6, 0x80, 0x3f, 0xf8, 0xa0,

    /* U+0040 "@" */
    0x0, 0xcb, 0x5b, 0xfe, 0xc6, 0x0, 0xfa, 0xe9,
    0x1d, 0xcc, 0x33, 0x40, 0x1d, 0x68, 0xfd, 0x51,
    0x3b, 0x2b, 0x0, 0x13, 0x23, 0x40, 0x7, 0x33,
    0x1c, 0x2, 0xb0, 0x80, 0x19, 0xcb, 0x72, 0xb0,
    0x60, 0x22, 0x28, 0x86, 0x3d, 0x9c, 0x51, 0xe,
    0x2, 0x6, 0x83, 0x96, 0x3c, 0x0, 0x4a, 0xe1,
    0xc0, 0x61, 0x68, 0x40, 0x1c, 0x26, 0x2, 0xe,
    0x6, 0x60, 0xf, 0x18, 0x81, 0x80, 0x88, 0x38,
    0x3, 0xff, 0x98, 0x40, 0x22, 0x1, 0x0, 0x8,
    0x4, 0x44, 0xf, 0x6, 0x2, 0xd0, 0x2, 0x80,
    0x83, 0x38, 0x20, 0x60, 0x52, 0x90, 0xcb, 0x3b,
    0x8b, 0x80, 0xc5, 0xc1, 0xd7, 0x7a, 0xa4, 0xe1,
    0x50, 0x0, 0xc3, 0x1, 0x5d, 0xc7, 0xd, 0xea,
    0x0, 0xa0, 0x9e, 0x0, 0x44, 0x1, 0x88, 0x3,
    0x78, 0xbf, 0x54, 0x42, 0xb7, 0xa0, 0x3, 0x17,
    0x41, 0x2b, 0xb3, 0x12, 0xac, 0x0,

    /* U+0041 "A" */
    0x0, 0xab, 0xfc, 0x40, 0x1e, 0x70, 0x3, 0x80,
    0x78, 0x80, 0x4, 0x1, 0xc4, 0x1, 0x68, 0x7,
    0x30, 0x20, 0x38, 0x7, 0x10, 0x18, 0x90, 0x7,
    0x78, 0x71, 0x1, 0x0, 0x62, 0x2, 0x60, 0x60,
    0xc, 0xa0, 0xa4, 0x6, 0x1, 0x84, 0x7, 0x43,
    0x40, 0x22, 0x2, 0x6, 0x6, 0x0, 0x9c, 0x18,
    0x8, 0xc, 0x2, 0x20, 0x20, 0x11, 0x1, 0x0,
    0x34, 0x38, 0x0, 0x40, 0xc0, 0x6, 0x8, 0xff,
    0x18, 0x18, 0x0, 0xc0, 0xce, 0x20, 0xd0, 0x10,
    0x6, 0x65, 0x20, 0xc0, 0x40, 0x20, 0x13, 0x1,
    0x82, 0x82, 0x80, 0x44, 0x0, 0x10,

    /* U+0042 "B" */
    0x7f, 0xfd, 0x88, 0x1, 0x8c, 0x4e, 0xc8, 0x0,
    0x79, 0xc4, 0xa, 0x1, 0xc8, 0x1c, 0x1, 0xc2,
    0x6, 0x1, 0xf1, 0x80, 0x70, 0x80, 0x80, 0x72,
    0x86, 0x80, 0xa, 0xb0, 0xcc, 0xa0, 0x1, 0x53,
    0x0, 0xe3, 0xfe, 0x43, 0x70, 0xc, 0x3a, 0x16,
    0x1, 0xc4, 0x4, 0x1, 0xf0, 0x80, 0x7c, 0x20,
    0x1c, 0x20, 0x60, 0x1d, 0xe0, 0xe0, 0x3, 0xcd,
    0x50, 0xe0, 0x8, 0xc8, 0x94, 0x80,

    /* U+0043 "C" */
    0x1, 0xae, 0xfc, 0x30, 0x6, 0x28, 0x81, 0xe8,
    0x21, 0x6, 0xf8, 0x89, 0xb0, 0x10, 0x81, 0xc3,
    0xc4, 0x8, 0x0, 0x20, 0x66, 0x0, 0xde, 0x1,
    0xfc, 0x20, 0x1c, 0x93, 0xe0, 0x1c, 0x6c, 0x80,
    0x1f, 0xfc, 0x95, 0xb8, 0x0, 0xe2, 0x43, 0x0,
    0xfc, 0x60, 0x1b, 0xc0, 0x78, 0xc, 0x0, 0x20,
    0x46, 0x8, 0x20, 0xe1, 0xa8, 0x63, 0xde, 0x22,
    0x50, 0xd5, 0x10, 0x4c, 0x0,

    /* U+0044 "D" */
    0x7f, 0xfd, 0x88, 0x1, 0x90, 0x4e, 0xc8, 0x0,
    0x77, 0xc6, 0x14, 0x1, 0xd6, 0x8, 0x1, 0xc4,
    0x2, 0x1, 0xf1, 0x80, 0x7f, 0xfe, 0xcc, 0x3,
    0x8c, 0x4, 0x3, 0xa8, 0x10, 0x0, 0x79, 0xc6,
    0x14, 0x1, 0x18, 0x9e, 0x10,

    /* U+0045 "E" */
    0x7f, 0xfe, 0x30, 0x8, 0x8a, 0x10, 0x1, 0xee,
    0xc4, 0x1, 0xff, 0xe0, 0x3f, 0xf8, 0x3, 0x11,
    0x40, 0x11, 0xee, 0xc0, 0x1f, 0xfd, 0xa3, 0xdd,
    0x8c, 0x2, 0x22, 0x80,

    /* U+0046 "F" */
    0x7f, 0xfe, 0x30, 0x8, 0x8a, 0x0, 0x8f, 0x76,
    0x30, 0xf, 0xfe, 0xc9, 0xee, 0xc0, 0x18, 0x8a,
    0x0, 0x8f, 0xfe, 0x0, 0xff, 0xf6, 0x80,

    /* U+0047 "G" */
    0x1, 0xae, 0xfc, 0x40, 0x6, 0x28, 0x81, 0xd8,
    0xa1, 0x6, 0xf9, 0x83, 0x60, 0x21, 0x5, 0x87,
    0x8, 0x10, 0x0, 0x40, 0xcc, 0x1, 0xe1, 0x0,
    0xf0, 0x88, 0x3, 0x9b, 0xa8, 0x3, 0xff, 0x81,
    0xbf, 0xeb, 0x0, 0xc8, 0x60, 0x1e, 0x99, 0x0,
    0x7f, 0xf1, 0x8c, 0x3, 0xe1, 0x2, 0x0, 0x10,
    0x3, 0x1, 0x44, 0x2c, 0x0, 0x84, 0x3d, 0xc3,
    0x20, 0x7, 0xa0, 0x2, 0x54, 0x0,

    /* U+0048 "H" */
    0x7f, 0xc0, 0x1, 0xff, 0x80, 0x3f, 0xfe, 0xc7,
    0x98, 0xe0, 0xf, 0x19, 0x88, 0x3, 0x8f, 0xfd,
    0x80, 0x1f, 0xff, 0xf0,

    /* U+0049 "I" */
    0x7f, 0xc0, 0xf, 0xff, 0x50,

    /* U+004A "J" */
    0x0, 0xe6, 0xfc, 0x0, 0xff, 0xff, 0x80, 0x7f,
    0xf0, 0xb3, 0x2, 0x1, 0xc6, 0x70, 0x7, 0xff,
    0x14, 0x41, 0xc0, 0x81, 0x3, 0x0, 0xc2, 0x82,
    0x79, 0x2, 0x81, 0xdc, 0x22, 0x2b, 0x20,

    /* U+004B "K" */
    0x7f, 0xc0, 0x0, 0xff, 0x88, 0x3, 0x9c, 0xc,
    0x80, 0x3a, 0x82, 0x80, 0x38, 0x8c, 0x1c, 0x3,
    0xa8, 0x14, 0x40, 0x39, 0x83, 0x80, 0x39, 0x4,
    0x48, 0x1, 0xdc, 0xc, 0x1, 0xc2, 0xa1, 0x40,
    0x1c, 0x40, 0x24, 0x1, 0xc4, 0x2, 0x80, 0x1c,
    0x2c, 0x1c, 0x1, 0xea, 0x5, 0x10, 0xe, 0x32,
    0x6, 0x0, 0xf5, 0x5, 0x0, 0x79, 0x80, 0x8c,
    0x3, 0x85, 0x42, 0x40, 0x3d, 0xc0, 0xa0, 0x1e,
    0x41, 0x6,

    /* U+004C "L" */
    0x7f, 0xc0, 0xf, 0xff, 0xf8, 0x7, 0xff, 0x7c,
    0xf3, 0x23, 0x0, 0x8c, 0xe7,

    /* U+004D "M" */
    0x7f, 0xf1, 0x80, 0x64, 0xff, 0x30, 0x4, 0xa0,
    0x18, 0xc0, 0x3d, 0xe0, 0x1b, 0x40, 0x3c, 0xa0,
    0x19, 0xc0, 0x3c, 0x60, 0x18, 0x80, 0x38, 0x80,
    0x80, 0x6, 0x4, 0x1, 0x9c, 0x1c, 0x0, 0xa0,
    0xc0, 0x1b, 0x43, 0x40, 0x1e, 0x6, 0x1, 0x88,
    0xc, 0x0, 0x43, 0xe0, 0x18, 0xcc, 0xa0, 0x5,
    0x50, 0x7, 0x90, 0x48, 0x44, 0x60, 0x1e, 0xd0,
    0x75, 0xc, 0xf0, 0xc, 0x2e, 0x1a, 0x60, 0xa0,
    0x1e, 0x21, 0x3d, 0x11, 0x0, 0x7c, 0xaa, 0x75,
    0x0, 0xfc, 0x62, 0x46, 0x1, 0xfb, 0x0, 0x18,
    0x1, 0xf9, 0x40, 0xa, 0x1, 0xf8, 0x47, 0x0,
    0x60,

    /* U+004E "N" */
    0x7f, 0x60, 0xa, 0xbd, 0x40, 0x1a, 0x1, 0xf9,
    0x4, 0x3, 0xf3, 0x80, 0x7e, 0xd0, 0xf, 0xc8,
    0x20, 0x1e, 0x20, 0x70, 0xf, 0x28, 0x50, 0x18,
    0x7, 0x21, 0x88, 0x7, 0xb4, 0x18, 0x40, 0x30,
    0xb8, 0x5f, 0x80, 0x70, 0xa1, 0xf0, 0x7, 0xb4,
    0x10, 0x3, 0xce, 0x4, 0x1, 0xe1, 0x40, 0xf,
    0xda, 0x1, 0xf9, 0xc0, 0x3f, 0x9, 0x80, 0x7e,
    0xb0, 0x0,

    /* U+004F "O" */
    0x2, 0xae, 0xfc, 0x40, 0x7, 0xa8, 0x81, 0xd9,
    0x29, 0x7, 0x79, 0x5, 0x68, 0x20, 0x82, 0x81,
    0x10, 0x8, 0x1, 0xe0, 0xc0, 0x1c, 0x20, 0x1f,
    0xc2, 0x1, 0xff, 0xeb, 0x13, 0x0, 0xc2, 0x0,
    0x10, 0x30, 0x7, 0x83, 0x68, 0x20, 0x82, 0x86,
    0xa9, 0xf, 0x79, 0x3, 0x7, 0xa0, 0x81, 0xe0,
    0x80,

    /* U+0050 "P" */
    0x7f, 0xfd, 0xaa, 0x1, 0x90, 0x89, 0x46, 0x0,
    0x3b, 0xd4, 0xa, 0x0, 0xec, 0x5, 0x0, 0xe2,
    0x1, 0x0, 0xf8, 0xc0, 0x3f, 0xf8, 0x66, 0x1,
    0xc4, 0xc, 0x1, 0x86, 0x83, 0x0, 0x7, 0xfc,
    0x42, 0xc0, 0x11, 0x1a, 0xe0, 0x80, 0xf, 0x72,
    0x88, 0x3, 0xff, 0xca,

    /* U+0051 "Q" */
    0x2, 0xae, 0xfc, 0x40, 0x7, 0xa8, 0x81, 0xd9,
    0x29, 0x7, 0x79, 0x5, 0x68, 0x20, 0x82, 0x81,
    0x10, 0x8, 0x1, 0xe0, 0xc0, 0x1c, 0x20, 0x1f,
    0xc2, 0x1, 0xff, 0xeb, 0x13, 0x0, 0xc2, 0x0,
    0x10, 0x30, 0x7, 0x83, 0x68, 0x20, 0x82, 0x86,
    0xa9, 0xf, 0x79, 0x3, 0x7, 0xa0, 0x5, 0x82,
    0x5, 0x7e, 0x60, 0xe0, 0x1d, 0xa5, 0x62, 0x1,
    0x87, 0x2c, 0x40,

    /* U+0052 "R" */
    0x7f, 0xfd, 0xd0, 0x1, 0xc8, 0x62, 0xec, 0x1,
    0x1d, 0xe3, 0x86, 0x80, 0x7b, 0x41, 0x80, 0x3f,
    0xf9, 0x86, 0x2, 0x1, 0xef, 0x5, 0x0, 0x8a,
    0xad, 0x86, 0x0, 0x21, 0x54, 0x2, 0x0, 0xc7,
    0xfe, 0x53, 0x60, 0xf, 0x78, 0x60, 0x7, 0xe7,
    0x0, 0xfc, 0x20, 0x1f, 0x8c, 0x3, 0xc2, 0x1,
    0xff, 0xce, 0x70, 0x10,

    /* U+0053 "S" */
    0x0, 0x47, 0x7f, 0x38, 0x5, 0xe, 0x23, 0x42,
    0x80, 0x18, 0x27, 0x9c, 0x38, 0x4, 0x40, 0xc1,
    0x80, 0xc0, 0x60, 0x19, 0xc0, 0xc0, 0x80, 0x6,
    0x2, 0x2, 0x0, 0x40, 0xf0, 0x37, 0x80, 0x4,
    0x1, 0xd8, 0xc3, 0x80, 0xe, 0x41, 0x2c, 0x3,
    0x9a, 0x1, 0x24, 0x3, 0x9e, 0x1, 0x8c, 0x0,
    0xcc, 0x7, 0x40, 0x80, 0x4, 0xc8, 0x42, 0x1,
    0x0, 0x3c, 0x60, 0x2, 0x0, 0x8c, 0x3, 0x8,
    0x8, 0x8, 0x6, 0x10, 0x50, 0xb0, 0x40, 0x1,
    0x7, 0x83, 0xf5, 0x83, 0x80, 0x12, 0x48, 0x44,
    0xf0, 0x0,

    /* U+0054 "T" */
    0xbf, 0xfe, 0x82, 0x20, 0x80, 0x97, 0x4e, 0xa0,
    0x3e, 0xb0, 0x7, 0xff, 0xfc, 0x3, 0xff, 0xb2,

    /* U+0055 "U" */
    0x9f, 0xa0, 0x2, 0xfe, 0x80, 0x7f, 0xff, 0xc0,
    0x3f, 0xfb, 0x22, 0x1, 0x8c, 0x7, 0x1, 0x4,
    0x30, 0x15, 0x8, 0x7b, 0x8a, 0x16, 0x1e, 0x82,
    0x23, 0xb2,

    /* U+0056 "V" */
    0x7f, 0xa0, 0x8, 0x7f, 0xc0, 0x40, 0xc0, 0x12,
    0x81, 0x3, 0x81, 0x80, 0x44, 0xe, 0x4, 0x0,
    0x10, 0x7, 0x1, 0x0, 0x8, 0x14, 0x0, 0x41,
    0xa0, 0x7, 0x2, 0x0, 0x30, 0x30, 0x3, 0x43,
    0xc0, 0x4, 0x4, 0x0, 0x20, 0x20, 0x11, 0xc0,
    0x7, 0x5, 0x2, 0x2, 0x0, 0x88, 0x4, 0x18,
    0x14, 0x3, 0x10, 0x11, 0x3, 0x80, 0x33, 0x83,
    0xf0, 0x18, 0x6, 0xd0, 0x22, 0x3, 0x0, 0x62,
    0xd, 0x60, 0x20, 0xc, 0xe0, 0xc4, 0x40, 0xe,
    0x20, 0x30, 0x60, 0xf, 0x10, 0x0, 0xc0, 0x3c,
    0xe0, 0xe, 0x0, 0xf6, 0x80, 0x14, 0x2,

    /* U+0057 "W" */
    0x5f, 0xa0, 0xa, 0xbd, 0x0, 0x9, 0xf8, 0xc0,
    0xc0, 0x13, 0x81, 0x0, 0x4, 0x18, 0x80, 0x80,
    0x22, 0xf, 0x0, 0x10, 0x10, 0x80, 0x80, 0x8,
    0x0, 0x40, 0xf, 0xe, 0x2, 0x2, 0x6, 0x0,
    0x28, 0x0, 0x80, 0x81, 0x80, 0x40, 0x80, 0x84,
    0x0, 0x20, 0xc0, 0x40, 0xc1, 0xe0, 0xa0, 0x40,
    0xc0, 0x41, 0xc0, 0x40, 0x41, 0x80, 0xe0, 0x62,
    0x0, 0x30, 0xe0, 0x62, 0x60, 0x20, 0x13, 0x0,
    0x30, 0x18, 0x13, 0x90, 0x68, 0x83, 0x0, 0x8,
    0x18, 0x80, 0x80, 0x98, 0x80, 0x80, 0x21, 0x26,
    0xd, 0x6, 0x37, 0xe, 0x0, 0x88, 0x4c, 0x18,
    0xc, 0xc, 0x8, 0x2, 0x60, 0xc0, 0x30, 0xe0,
    0xc0, 0x60, 0x8, 0x81, 0x4, 0x0, 0x40, 0x80,
    0x40, 0x17, 0x0, 0x8, 0x0, 0xc0, 0x10, 0x80,
    0x44, 0x0, 0x50, 0x1, 0x0, 0x8, 0x3, 0x28,
    0x3, 0x80, 0x22, 0x1, 0x0, 0xc2, 0x0, 0x30,
    0x9, 0x81, 0x80, 0x0,

    /* U+0058 "X" */
    0x4f, 0xa0, 0x1, 0x7e, 0x82, 0x2, 0x0, 0x10,
    0x10, 0x0, 0x82, 0x61, 0x81, 0xa0, 0xd, 0xb,
    0x4, 0x4, 0x0, 0x38, 0x29, 0x9, 0x80, 0x42,
    0x44, 0xa0, 0x40, 0xc, 0xa0, 0xe1, 0x60, 0x1a,
    0xc0, 0x23, 0x0, 0xc6, 0x20, 0x80, 0x1e, 0x10,
    0xc0, 0xe, 0x30, 0x7, 0x0, 0x75, 0x80, 0x10,
    0x3, 0x90, 0x4, 0x88, 0x1, 0x8c, 0x64, 0x14,
    0x2, 0x40, 0x45, 0xc, 0x0, 0xb4, 0x30, 0x85,
    0x0, 0x24, 0x4, 0x7, 0x5, 0x1, 0x21, 0x20,
    0xd0, 0xc0, 0x70, 0x40, 0x2, 0x3, 0x80,

    /* U+0059 "Y" */
    0xbf, 0x80, 0xa, 0xbe, 0x74, 0x10, 0x2, 0x70,
    0xd7, 0x3, 0x10, 0x12, 0x4, 0x13, 0x4, 0x4,
    0x4, 0x0, 0x58, 0x78, 0x60, 0x60, 0x1, 0x1,
    0x1, 0x1, 0x0, 0x6, 0x22, 0x52, 0x13, 0x0,
    0x9c, 0x20, 0x10, 0x3, 0x68, 0x10, 0x78, 0x6,
    0x40, 0x9, 0x0, 0x39, 0x0, 0x84, 0x3, 0x8c,
    0x1c, 0x3, 0xff, 0xec,

    /* U+005A "Z" */
    0xe, 0xff, 0xe0, 0x52, 0x20, 0x80, 0x85, 0xee,
    0x98, 0x14, 0x3, 0x20, 0x60, 0x6, 0x30, 0x40,
    0x9, 0x0, 0x6, 0x1, 0x60, 0x20, 0x6, 0x50,
    0xc0, 0x8, 0x48, 0x10, 0x2, 0x40, 0x1, 0x80,
    0x58, 0x8, 0x1, 0x90, 0x30, 0x2, 0x12, 0x4,
    0x0, 0x90, 0x0, 0x60, 0x16, 0x2, 0x0, 0x64,
    0xc, 0x0, 0x84, 0x81, 0x0, 0x25, 0x0, 0x76,
    0xea, 0xc0, 0x22, 0x29, 0x80,

    /* U+005B "[" */
    0x7f, 0xfc, 0x0, 0x15, 0x50, 0x0, 0xaa, 0x80,
    0x1f, 0xff, 0xf0, 0x1, 0xff, 0x8d, 0x13, 0x0,

    /* U+005C "\\" */
    0x1f, 0xd0, 0xe, 0x12, 0x20, 0x80, 0x73, 0x82,
    0x0, 0x76, 0x6, 0x80, 0x72, 0x2, 0x0, 0x71,
    0x9, 0x80, 0x79, 0x40, 0xc0, 0x3b, 0x1, 0x0,
    0x38, 0xc3, 0x0, 0x39, 0x1, 0x40, 0x3c, 0x62,
    0x40, 0x1c, 0x80, 0x80, 0x1d, 0xa1, 0x80, 0x1c,
    0x80, 0xe0, 0x1c, 0x24, 0x41, 0x0, 0xe7, 0x4,
    0x0, 0xec, 0xd, 0x0, 0xe4, 0x4, 0x0, 0xe2,
    0x13, 0x0,

    /* U+005D "]" */
    0x4f, 0xfc, 0x6c, 0xaa, 0x0, 0x8a, 0xa8, 0x1,
    0xff, 0xff, 0x0, 0xff, 0xe3, 0x27, 0xf8, 0x2,
    0x64, 0x4c, 0x20,

    /* U+005E "^" */
    0x0, 0x92, 0x20, 0x60, 0x1d, 0xee, 0xea, 0x0,
    0xe4, 0x20, 0x70, 0xc, 0x80, 0x88, 0x12, 0x0,
    0xb0, 0x3c, 0xc1, 0x0, 0x25, 0x4, 0xc0, 0xd0,
    0x0, 0x90, 0x92, 0x2, 0x0, 0x10, 0x14, 0x0,
    0x40, 0x61, 0xe1, 0x80, 0x4, 0xb, 0x4, 0x4,
    0x0, 0x60, 0x20,

    /* U+005F "_" */
    0x49, 0x9f, 0x29, 0xb3, 0x7b, 0x40,

    /* U+0060 "`" */
    0x3e, 0xd0, 0x35, 0x22, 0x4, 0x2, 0x1, 0xae,
    0x0,

    /* U+0061 "a" */
    0x3, 0xcf, 0xf5, 0x90, 0x3, 0x4c, 0x44, 0x9c,
    0xa, 0x25, 0xde, 0x6, 0x44, 0x7, 0x1, 0x10,
    0x37, 0x81, 0x80, 0xc, 0x6, 0x72, 0x0, 0x38,
    0x4c, 0x23, 0x88, 0xc, 0x1b, 0x9d, 0x84, 0x0,
    0xb2, 0x3b, 0x6, 0x0, 0xf0, 0x62, 0x0, 0xcc,
    0x1e, 0x1, 0xff, 0xc1, 0x70, 0xf, 0x88, 0x34,
    0x8, 0x80, 0xd, 0x5, 0xcd, 0x0, 0x91, 0xc0,
    0xa4, 0x80, 0x0,

    /* U+0062 "b" */
    0x6f, 0xc0, 0xf, 0xfe, 0x63, 0xf7, 0x18, 0x2,
    0x38, 0x1, 0x93, 0x0, 0xb7, 0x90, 0x2c, 0x0,
    0x44, 0x3, 0x2, 0x0, 0x8, 0x3, 0xc0, 0x40,
    0x3e, 0x70, 0xf, 0xfe, 0xf0, 0x80, 0x67, 0x0,
    0x18, 0x3, 0xc0, 0x40, 0x2, 0x40, 0x80, 0x40,
    0x16, 0xe8, 0xc2, 0xc0, 0x7, 0x6, 0x30, 0x60,

    /* U+0063 "c" */
    0x2, 0xbf, 0xf5, 0x88, 0x3, 0x10, 0x0, 0x94,
    0xa, 0x25, 0xfc, 0x8, 0x3a, 0x8, 0x2, 0x20,
    0x22, 0x0, 0x80, 0xc, 0x1c, 0x3, 0x84, 0x4,
    0x3, 0xb3, 0xd4, 0x3, 0xff, 0x92, 0x46, 0x1,
    0xef, 0xc5, 0x30, 0xf, 0x8, 0x80, 0x40, 0x6,
    0xf, 0xc0, 0x80, 0x42, 0x6, 0xe2, 0x5d, 0xa0,
    0x80, 0x3a, 0x62, 0xb, 0x40,

    /* U+0064 "d" */
    0x0, 0xeb, 0xf8, 0x0, 0xff, 0xe2, 0xa6, 0xfc,
    0x80, 0x43, 0x64, 0x2c, 0x80, 0x7, 0x1, 0xee,
    0x0, 0x5e, 0x8, 0x2, 0x60, 0x3, 0x3, 0x0,
    0x38, 0x6, 0x10, 0xf, 0xff, 0x18, 0x80, 0x71,
    0x80, 0x67, 0x0, 0x70, 0x20, 0x9, 0x80, 0x14,
    0xb, 0x78, 0x40, 0x5, 0x2, 0x4e, 0xa0, 0x0,

    /* U+0065 "e" */
    0x2, 0xbf, 0xf5, 0x8, 0x3, 0x10, 0x44, 0xb4,
    0xc, 0x25, 0xde, 0x8, 0x3c, 0x8, 0x2, 0x20,
    0x52, 0x1, 0x0, 0x18, 0x7, 0xf0, 0x80, 0x4,
    0x88, 0x1, 0xcd, 0xba, 0x20, 0xc, 0x95, 0x59,
    0x0, 0x6, 0xab, 0x84, 0x3, 0xaf, 0x90, 0xc0,
    0x33, 0x8, 0x8, 0x8, 0x0, 0xc1, 0xf8, 0x10,
    0x4, 0x40, 0x6e, 0x5, 0xde, 0x8, 0x3, 0x86,
    0x22, 0x4a, 0x0,

    /* U+0066 "f" */
    0x0, 0xd, 0xff, 0x18, 0x2, 0x50, 0x54, 0x2,
    0x40, 0x9b, 0x30, 0x0, 0x80, 0x80, 0xf, 0xc8,
    0x27, 0xd0, 0x58, 0x41, 0x19, 0x85, 0x26, 0x1b,
    0x24, 0x1, 0xff, 0xff, 0x0, 0xfe,

    /* U+0067 "g" */
    0x3, 0xdf, 0xab, 0xf7, 0xd, 0x21, 0x54, 0x0,
    0x28, 0x97, 0x70, 0x2, 0xd0, 0x40, 0x12, 0x0,
    0x10, 0x8, 0x0, 0x40, 0x3e, 0x70, 0x0, 0x80,
    0x7f, 0xf2, 0xc4, 0x3, 0xff, 0x80, 0xe0, 0x3,
    0x2, 0x0, 0x8, 0x3, 0xc1, 0xc0, 0x4, 0x0,
    0x70, 0x2d, 0xd0, 0x4, 0x34, 0x24, 0x88, 0x0,
    0x97, 0xbe, 0x5c, 0x4, 0x10, 0x0, 0x26, 0xa,
    0xf7, 0xd9, 0xe0, 0x66, 0x56, 0x3, 0x5, 0xd0,

    /* U+0068 "h" */
    0x7f, 0xc0, 0xf, 0xfe, 0x62, 0x6f, 0xd0, 0x80,
    0x6, 0xcc, 0x16, 0x40, 0x5, 0x9c, 0xe0, 0xa0,
    0x3, 0x30, 0x60, 0x18, 0x7, 0xff, 0xfc, 0x3,
    0xff, 0x92,

    /* U+0069 "i" */
    0x6f, 0xd0, 0x0, 0xb7, 0xe3, 0x7e, 0x80, 0x7f,
    0xf8, 0x40,

    /* U+006A "j" */
    0x2, 0xff, 0x0, 0x7f, 0xff, 0xc0, 0x3f, 0xf8,
    0x2, 0x1, 0x1f, 0x0, 0x83, 0x90, 0xd8, 0x0,

    /* U+006B "k" */
    0x6f, 0xc0, 0xf, 0xfe, 0x89, 0xff, 0x80, 0x3d,
    0x20, 0xe0, 0x1c, 0x2a, 0x14, 0x1, 0xcc, 0x8,
    0x40, 0x1d, 0x21, 0xe0, 0x1c, 0xa2, 0x48, 0x1,
    0xdc, 0x16, 0x1, 0xc4, 0x82, 0xc0, 0x1f, 0x8,
    0x80, 0x38, 0x94, 0x18, 0x3, 0xd2, 0x12, 0x1,
    0xe3, 0x30, 0xb0, 0x7, 0xa8, 0x2c, 0x3, 0xcc,
    0x24, 0x80, 0x1e, 0x60, 0xf0, 0xf, 0x48, 0x21,
    0x0,

    /* U+006C "l" */
    0x6f, 0xc0, 0xf, 0xff, 0x50,

    /* U+006D "m" */
    0x7f, 0xb6, 0xef, 0xb1, 0x7e, 0xfa, 0x0, 0x96,
    0xd4, 0x13, 0xe9, 0x41, 0x5c, 0x2, 0xdb, 0x70,
    0x6, 0xdc, 0x5, 0x80, 0x8, 0x1, 0xc0, 0x60,
    0x2, 0x1, 0x0, 0x38, 0x7, 0xf1, 0x80, 0x7f,
    0xff, 0xc0, 0x3f, 0xff, 0x0,

    /* U+006E "n" */
    0x7f, 0xb5, 0xdf, 0xa0, 0x9, 0x61, 0xc1, 0x60,
    0x2, 0xda, 0x80, 0x40, 0x1, 0x0, 0xc, 0x8,
    0x0, 0xe0, 0x1f, 0xff, 0xf0, 0xf, 0xfe, 0x30,

    /* U+006F "o" */
    0x2, 0xbf, 0xf5, 0x8, 0x3, 0x10, 0x44, 0xba,
    0xa, 0x25, 0xde, 0x6, 0x5a, 0x8, 0x2, 0x60,
    0xe4, 0x2, 0x0, 0x70, 0x20, 0xf, 0xff, 0x21,
    0x80, 0x80, 0x61, 0x10, 0x18, 0x1, 0x80, 0x1c,
    0xe, 0x2, 0x40, 0xae, 0x25, 0xde, 0x4, 0x63,
    0xa6, 0x22, 0x4f, 0x0,

    /* U+0070 "p" */
    0x6f, 0xc7, 0xee, 0x38, 0x4, 0x74, 0x83, 0x6,
    0x1, 0x65, 0x28, 0x58, 0x0, 0x84, 0x8, 0x8,
    0x0, 0x20, 0xf, 0x1, 0x0, 0xff, 0xe1, 0xb8,
    0x7, 0xff, 0x4d, 0xc0, 0x3f, 0xc2, 0x0, 0xf0,
    0x10, 0x1, 0x10, 0x10, 0x34, 0x2, 0xde, 0x30,
    0x50, 0x1, 0xb8, 0x95, 0x10, 0x5, 0x1f, 0xaa,
    0x1, 0xff, 0xc5,

    /* U+0071 "q" */
    0x6, 0xef, 0x8b, 0xf7, 0x29, 0x12, 0x64, 0x0,
    0x28, 0x16, 0xf8, 0x5, 0xc0, 0x80, 0x24, 0x0,
    0x30, 0x10, 0x3, 0x0, 0x7f, 0xfb, 0x8c, 0x4,
    0x0, 0xe0, 0xf, 0x4, 0x1, 0x30, 0x3, 0x81,
    0x77, 0x0, 0x21, 0xb2, 0x16, 0x40, 0x9, 0x37,
    0xe4, 0x3, 0xff, 0x8e,

    /* U+0072 "r" */
    0x6f, 0xc4, 0xd8, 0x0, 0x15, 0x87, 0x0, 0x6,
    0xf5, 0x80, 0x6, 0x80, 0x1f, 0xff, 0xe0,

    /* U+0073 "s" */
    0x0, 0x3e, 0xfe, 0xa0, 0x1, 0xe0, 0x84, 0xac,
    0x82, 0x42, 0xb9, 0x1, 0x40, 0x41, 0x3, 0x43,
    0x40, 0x22, 0x3, 0x1, 0x5, 0x9, 0x6, 0x5c,
    0x8, 0x5, 0x83, 0xa7, 0x2, 0x90, 0x79, 0x0,
    0xcd, 0x20, 0xd0, 0x1, 0x9a, 0x41, 0xcc, 0x2a,
    0xc9, 0x94, 0x24, 0x11, 0x2, 0x1e, 0x8, 0x6,
    0xe, 0xc, 0x2, 0xc, 0x1a, 0x8, 0x4, 0x1e,
    0xd, 0xd0, 0x16, 0x9, 0x24, 0x25, 0xc,

    /* U+0074 "t" */
    0x1, 0xff, 0x10, 0x7, 0xff, 0x6, 0x38, 0x1,
    0xbd, 0xac, 0x0, 0x56, 0x58, 0x0, 0x44, 0x0,
    0x3f, 0xfe, 0x22, 0x1, 0xfb, 0xe8, 0x1, 0x2,
    0x48,

    /* U+0075 "u" */
    0x8f, 0xa0, 0x3, 0x7e, 0x80, 0x7f, 0xff, 0xc0,
    0x3f, 0xf8, 0xc2, 0x0, 0xf0, 0x41, 0xb, 0x0,
    0x28, 0xf, 0x78, 0x80, 0xa, 0x44, 0x1a, 0xc0,
    0x0,

    /* U+0076 "v" */
    0x6f, 0x90, 0x2, 0x7d, 0x90, 0x10, 0x0, 0x80,
    0x94, 0x18, 0x1, 0xc1, 0xe2, 0x4, 0x0, 0x20,
    0x20, 0x20, 0x20, 0x60, 0x60, 0x70, 0x60, 0x20,
    0x20, 0x20, 0x20, 0x12, 0x0, 0x70, 0x79, 0x3,
    0x0, 0x14, 0x9, 0x80, 0xc0, 0x4, 0xc, 0x21,
    0xc0, 0x1, 0x2, 0x20, 0x10, 0x4, 0x61, 0xa0,
    0xa0, 0x13, 0x3, 0x80, 0x80, 0x44, 0x4, 0x40,
    0xd, 0xa0, 0x7, 0x0, 0xcc, 0x0, 0x20, 0x0,

    /* U+0077 "w" */
    0x5f, 0x70, 0x6, 0x7a, 0x0, 0x3b, 0x8c, 0x1c,
    0x0, 0x20, 0x30, 0x0, 0x91, 0x0, 0xc0, 0x2,
    0x1c, 0x2, 0xc, 0x20, 0xc0, 0x60, 0x5, 0x2,
    0x2, 0x1, 0x10, 0x30, 0x21, 0x3, 0x87, 0x1,
    0x10, 0x8, 0x34, 0x40, 0x80, 0x81, 0x80, 0x1c,
    0x24, 0x6, 0x20, 0xc0, 0x40, 0x4a, 0xa6, 0x6,
    0xe0, 0x20, 0xe0, 0x12, 0x28, 0x8, 0x82, 0x0,
    0x20, 0x61, 0xf0, 0x1d, 0x72, 0x0, 0x30, 0x60,
    0x10, 0x2b, 0xb, 0x0, 0x8, 0x14, 0x14, 0x8,
    0x86, 0x40, 0x18, 0xc0, 0x43, 0x84, 0x5c, 0x1,
    0x10, 0x18, 0x0, 0x80, 0x4, 0x1, 0x30, 0x30,
    0x1, 0x80, 0xc, 0x1, 0x10, 0x68, 0x0, 0x80,
    0x4, 0x0,

    /* U+0078 "x" */
    0x5f, 0x90, 0x3, 0xfb, 0xa8, 0x38, 0x2, 0xc1,
    0x41, 0x45, 0x4, 0xc8, 0x81, 0xe1, 0xae, 0x14,
    0x0, 0x50, 0x7d, 0x5, 0x0, 0x90, 0x50, 0x88,
    0x1, 0x68, 0x2, 0x80, 0x33, 0x80, 0x14, 0x3,
    0x10, 0x1, 0x80, 0x35, 0x80, 0x34, 0x3, 0x28,
    0x1, 0xc0, 0x23, 0x25, 0x31, 0x40, 0x5, 0x87,
    0xd0, 0x68, 0x1, 0x41, 0x1c, 0x1c, 0x8, 0x86,
    0x22, 0x31, 0x4a, 0xb, 0x0, 0x58, 0x68,

    /* U+0079 "y" */
    0x6f, 0xb0, 0x1, 0x7f, 0x80, 0x81, 0x80, 0xc,
    0x4, 0xa, 0x4, 0x0, 0x10, 0x70, 0x11, 0x0,
    0x81, 0x6, 0x80, 0x14, 0x14, 0x38, 0x8, 0x0,
    0x40, 0x40, 0x40, 0xe0, 0xf, 0xe, 0x6, 0x2,
    0x0, 0x28, 0x10, 0x11, 0x0, 0x22, 0x6, 0x10,
    0x60, 0x8, 0x44, 0x44, 0x3, 0x0, 0xca, 0x2c,
    0x1a, 0x1, 0x88, 0x34, 0x18, 0x3, 0x78, 0x18,
    0x18, 0x6, 0x50, 0x41, 0x0, 0xe2, 0x0, 0x28,
    0x7, 0x8, 0x80, 0x80, 0x3c, 0x61, 0xe0, 0x1a,
    0x28, 0x81, 0x40, 0x33, 0x28, 0x29, 0x80, 0x40,

    /* U+007A "z" */
    0xf, 0xfe, 0x90, 0x22, 0x80, 0x2, 0x1b, 0xb1,
    0x6, 0x0, 0x44, 0x40, 0x40, 0x9, 0x1, 0x0,
    0x36, 0x86, 0x0, 0x64, 0x4, 0x0, 0x90, 0x4,
    0xc0, 0x2c, 0x4, 0x0, 0xca, 0x1e, 0x1, 0x9,
    0x2, 0x0, 0x4e, 0x6, 0x20, 0x16, 0x82, 0x0,
    0x64, 0xb, 0x0, 0x8c, 0x1, 0xdb, 0xa5, 0x0,
    0x88, 0xa3,

    /* U+007B "{" */
    0x0, 0x36, 0xf9, 0x81, 0x49, 0x10, 0x41, 0xc0,
    0xb4, 0x80, 0xc0, 0x40, 0x21, 0x0, 0xff, 0xe3,
    0xb8, 0x7, 0xf6, 0x1, 0x0, 0x3d, 0xa, 0xc0,
    0x33, 0x18, 0x3, 0x4d, 0x24, 0x0, 0x56, 0x6,
    0x1, 0xff, 0x38, 0x7, 0xff, 0xc, 0x40, 0x38,
    0xc0, 0x40, 0x27, 0x2, 0xd2, 0x2, 0x91, 0x21,

    /* U+007C "|" */
    0x18, 0x81, 0xbb, 0x80, 0x3f, 0xfd, 0xa0,

    /* U+007D "}" */
    0x3f, 0xe7, 0x0, 0x9, 0xc, 0x10, 0x16, 0x90,
    0x20, 0x4, 0xc0, 0x20, 0x1d, 0xe0, 0x1f, 0xfc,
    0x31, 0x0, 0xff, 0x88, 0x10, 0x2, 0x93, 0x37,
    0x80, 0x4c, 0x1, 0x99, 0x4b, 0x40, 0x1a, 0xa,
    0x40, 0x1f, 0x84, 0x3, 0xff, 0x8f, 0xe0, 0x13,
    0x0, 0x81, 0x69, 0x2, 0x80, 0x90, 0xc1, 0x80,

    /* U+007E "~" */
    0x0, 0x10, 0x80, 0x42, 0xa2, 0x19, 0xbd, 0xb2,
    0xb7, 0x4d, 0x6, 0x0, 0x26, 0xa5, 0x6, 0xc3,
    0xde, 0xa5, 0x11, 0x58, 0x80,

    /* U+00A0 " " */

    /* U+00A1 "¡" */
    0x5f, 0xf0, 0x7, 0x3c, 0xc8, 0x9, 0x98, 0x0,
    0x31, 0x0, 0x42, 0x0, 0x79, 0xcc, 0x0, 0x22,
    0x0, 0x1f, 0x80, 0x4, 0x40, 0x11, 0x80, 0x80,
    0x81, 0x83, 0x80, 0x80, 0x80, 0x46, 0xe, 0x1,
    0x8, 0x8, 0x18, 0x4,

    /* U+00A2 "¢" */
    0x0, 0xae, 0x0, 0x3f, 0xf9, 0x5, 0x68, 0xf6,
    0x20, 0xc, 0x41, 0x12, 0x68, 0x28, 0x97, 0x78,
    0x18, 0xe8, 0x20, 0x8, 0x80, 0x88, 0x2, 0x0,
    0x30, 0x70, 0xe, 0x10, 0xf, 0xb3, 0xd0, 0x3,
    0xff, 0x92, 0x46, 0x1, 0xef, 0xc5, 0x30, 0xf,
    0x8, 0x80, 0x40, 0x6, 0xf, 0xc0, 0x80, 0x42,
    0x6, 0xe2, 0x5d, 0xa0, 0x80, 0x3a, 0x62, 0xb,
    0x40, 0x3, 0xc4, 0x7a, 0x10, 0xf, 0xfe, 0x28,

    /* U+00A3 "£" */
    0x0, 0xd, 0x77, 0xe1, 0x80, 0x58, 0xa0, 0x66,
    0xd0, 0x1, 0x90, 0xf6, 0x20, 0xa0, 0x30, 0x10,
    0x3, 0x0, 0x80, 0x3c, 0x20, 0x13, 0x1, 0x0,
    0x9, 0x8, 0xc, 0x4, 0x40, 0x96, 0x80, 0x2,
    0x5, 0x0, 0xe2, 0x60, 0xd2, 0x20, 0x81, 0x6a,
    0x3, 0x6e, 0xb0, 0xa, 0xa4, 0x1, 0x54, 0x90,
    0x2, 0xb0, 0x83, 0x2a, 0x0, 0x65, 0x5, 0x0,
    0xf1, 0x7, 0x0, 0x78, 0xc0, 0x3f, 0x20, 0x60,
    0x7, 0x48, 0xa2, 0x0, 0x34, 0xb0, 0x2, 0xee,
    0x50, 0x20, 0x2, 0x26, 0x20,

    /* U+00A4 "¤" */
    0x0, 0xff, 0xe0, 0x4c, 0x2c, 0xd4, 0x26, 0x10,
    0x33, 0x1e, 0x99, 0x5e, 0xcf, 0xc1, 0x88, 0x17,
    0xbe, 0x80, 0x12, 0x2, 0x44, 0xa1, 0x5, 0x90,
    0xc0, 0x20, 0x70, 0xc, 0xa0, 0x40, 0x20, 0xc0,
    0x19, 0x80, 0xc0, 0x88, 0x6c, 0x0, 0x18, 0xd,
    0x5, 0x20, 0x9c, 0xbf, 0x20, 0xf0, 0x42, 0x35,
    0x24, 0x36, 0xd, 0x1, 0xcc, 0x57, 0x7e, 0xce,
    0xb0, 0x0,

    /* U+00A5 "¥" */
    0xbf, 0x70, 0xa, 0x7e, 0x74, 0x2c, 0x2, 0x40,
    0xc4, 0x3, 0x0, 0x9, 0x2, 0x11, 0x1, 0x1,
    0x0, 0xc4, 0x10, 0x34, 0x34, 0x10, 0x1, 0xa0,
    0x80, 0x81, 0x80, 0x4, 0x2, 0x21, 0x82, 0x0,
    0x48, 0x10, 0x8, 0x1, 0xb4, 0x14, 0x30, 0x3,
    0x20, 0x4, 0x80, 0x18, 0x84, 0x0, 0x60, 0x3,
    0xff, 0x8, 0x3, 0xfc, 0x27, 0x98, 0x30, 0x6,
    0x60, 0x40, 0xcc, 0xa0, 0x3, 0x30, 0x1f, 0xf9,
    0x80, 0x1f, 0xe1, 0x3c, 0xc1, 0x80, 0xe6, 0x4,
    0xc, 0xc8, 0x8, 0x66, 0x0, 0xff, 0xe3, 0x80,

    /* U+00A6 "¦" */
    0x7f, 0xa0, 0xf, 0xfe, 0x49, 0x1e, 0xae, 0x38,
    0x4, 0xdb, 0x2, 0x44, 0x0, 0xff, 0xe4, 0x80,

    /* U+00A7 "§" */
    0x0, 0x47, 0x7e, 0x20, 0x5, 0x2e, 0x4a, 0x76,
    0x40, 0x6, 0xc, 0xa6, 0xa, 0x0, 0xf7, 0x81,
    0x0, 0x10, 0x1c, 0x8, 0xc8, 0x1, 0x21, 0xe,
    0x99, 0x0, 0x3, 0x30, 0x45, 0x0, 0x6a, 0x36,
    0x15, 0xc1, 0x0, 0x21, 0x4f, 0x21, 0xd0, 0x0,
    0x48, 0x81, 0x62, 0x82, 0x10, 0x18, 0x60, 0x40,
    0x13, 0x40, 0xe4, 0x9b, 0x88, 0x1, 0xe8, 0x19,
    0x90, 0x1, 0x97, 0x5, 0x90, 0x1, 0x78, 0x47,
    0x41, 0xe0, 0x5, 0x31, 0x4, 0x4, 0x0, 0x28,
    0x28, 0x8, 0x8, 0x3, 0xc2, 0x27, 0x42, 0x40,
    0x9, 0x46, 0xc3, 0xe, 0x0,

    /* U+00A8 "¨" */
    0x6e, 0xe0, 0x0, 0xfb, 0x84, 0x23, 0x0, 0x1c,
    0x46,

    /* U+00A9 "©" */
    0x0, 0xff, 0xe4, 0x1d, 0x77, 0xfb, 0xa8, 0xc0,
    0x3e, 0x9c, 0x69, 0xba, 0x97, 0xc8, 0x0, 0xea,
    0x6a, 0xcd, 0xba, 0xd, 0x97, 0x90, 0x9, 0x16,
    0x54, 0xd6, 0x9e, 0x1, 0xa1, 0x8c, 0x1, 0xe4,
    0xc0, 0xc0, 0xb8, 0x2, 0xe, 0x32, 0x0, 0x45,
    0x0, 0xe5, 0x91, 0x0, 0x22, 0x0, 0x43, 0xc0,
    0x38, 0x58, 0x2, 0x21, 0x1, 0xf, 0x0, 0xe1,
    0x60, 0x8, 0x44, 0x0, 0x34, 0x0, 0xe5, 0x92,
    0x0, 0x22, 0x80, 0x28, 0xd0, 0x4, 0x8, 0x40,
    0xc1, 0x4b, 0x80, 0xc, 0x74, 0x68, 0x7b, 0x4a,
    0x27, 0x48, 0xa0, 0x16, 0x96, 0x4c, 0x5e, 0x75,
    0x62, 0x58, 0x6, 0x1c, 0x94, 0xbb, 0x65, 0xbc,
    0xd8, 0x7, 0xcd, 0xbd, 0x98, 0xed, 0x60, 0xc,

    /* U+00AA "ª" */
    0x8, 0xef, 0xb0, 0x47, 0x56, 0x48, 0xd0, 0x99,
    0x2, 0x18, 0x18, 0x8, 0xa3, 0x4, 0x40, 0x64,
    0x49, 0xe1, 0x3, 0xe5, 0xc1, 0x8, 0xd, 0x30,
    0x3, 0x0, 0x80, 0x7f, 0x8, 0x7, 0x20, 0x4d,
    0x8, 0x49, 0xb1, 0x88, 0x0,

    /* U+00AB "«" */
    0x0, 0xe6, 0x0, 0xe6, 0x0, 0x93, 0x64, 0x2,
    0x6e, 0xa0, 0x3b, 0xb1, 0x20, 0x26, 0xc8, 0xa0,
    0xe2, 0x23, 0x2d, 0x6c, 0x9b, 0x60, 0xc0, 0x18,
    0x60, 0x11, 0x61, 0x1, 0x40, 0x47, 0x32, 0x31,
    0x56, 0xa0, 0x3f, 0x30, 0xc8, 0xce, 0xa1, 0x40,
    0x0, 0x67, 0xc, 0x0, 0x57, 0x4c, 0x1, 0x8f,
    0x0, 0x32, 0xd0,

    /* U+00AC "¬" */
    0xee, 0xf9, 0xc4, 0x7e, 0xff, 0xf3, 0x80, 0x7f,
    0xf3, 0x80,

    /* U+00AD "­" */
    0xc, 0xce, 0x60, 0x33, 0xee,

    /* U+00AE "®" */
    0x0, 0xff, 0xe3, 0x1d, 0x77, 0xfb, 0xa9, 0x0,
    0x3d, 0x18, 0xd3, 0x54, 0x96, 0xba, 0x0, 0xd0,
    0xf3, 0x95, 0x76, 0xdc, 0xa5, 0xa0, 0x1, 0xbc,
    0x30, 0x1b, 0xc2, 0x8a, 0xca, 0xa8, 0x24, 0x5c,
    0x2, 0x15, 0x0, 0x98, 0xa4, 0x11, 0x0, 0x19,
    0xf1, 0x44, 0x0, 0xa6, 0x2, 0x40, 0x19, 0x9d,
    0x40, 0x2e, 0x1, 0x11, 0x0, 0x61, 0xc0, 0x10,
    0x0, 0x80, 0xa2, 0x0, 0x3f, 0xd6, 0x41, 0xc2,
    0xc0, 0x1f, 0x90, 0xec, 0x11, 0x65, 0x1, 0x79,
    0xc8, 0xa, 0x8d, 0x80, 0x14, 0x97, 0x5e, 0x83,
    0x31, 0xa5, 0xa0, 0x1a, 0xe9, 0xef, 0x75, 0x69,
    0x18, 0x20, 0x1c, 0xbb, 0xd9, 0x8e, 0xd7, 0x0,
    0xc0,

    /* U+00AF "¯" */
    0x38, 0x8e, 0x4, 0x77, 0xe1,

    /* U+00B0 "°" */
    0x0, 0xfe, 0x4c, 0xff, 0x59, 0x1, 0xd8, 0x5d,
    0x36, 0xc, 0x6, 0xa2, 0xf8, 0xcb, 0x18, 0x80,
    0x8, 0x8, 0x48, 0x2, 0x10, 0x39, 0x1a, 0x22,
    0x50, 0x52, 0xca, 0xee, 0x96, 0xcc, 0x1b, 0xf3,
    0x79, 0x0,

    /* U+00B1 "±" */
    0x0, 0x1f, 0xb0, 0x7, 0xf0, 0x93, 0x0, 0x90,
    0xc6, 0xd0, 0x46, 0xe5, 0x52, 0x1, 0xaa, 0x4d,
    0x50, 0x3d, 0x50, 0x0, 0x28, 0x40, 0x18, 0xad,
    0x0, 0x5, 0x33, 0xc4, 0x2c, 0xdc, 0xe0,

    /* U+00B2 "²" */
    0x9, 0xee, 0x28, 0x23, 0x39, 0x50, 0x60, 0x4c,
    0x1, 0x88, 0x6, 0x70, 0x8, 0x41, 0xef, 0x3,
    0x0, 0xc8, 0xc5, 0x9c, 0x2, 0x80, 0x90, 0x1,
    0x34, 0x8, 0x2, 0xc5, 0xc0, 0x2, 0xd2, 0x1,
    0x38, 0x9, 0x98, 0x3c, 0x27, 0x30, 0x40,

    /* U+00B3 "³" */
    0xa, 0xfd, 0x40, 0x85, 0x91, 0xa0, 0x33, 0x34,
    0x89, 0x83, 0x0, 0x83, 0xdd, 0x0, 0x4e, 0x0,
    0x1e, 0x13, 0x0, 0x72, 0xc0, 0x5, 0x67, 0x0,
    0x12, 0x48, 0x9e, 0x48, 0x8, 0x38, 0x18, 0x4,
    0xea, 0x8b, 0xe2, 0x70, 0xb4, 0xd4, 0x0,

    /* U+00B4 "´" */
    0x8, 0xe8, 0x5, 0x19, 0x12, 0x71, 0x41, 0x90,

    /* U+00B5 "µ" */
    0x8f, 0xa0, 0x3, 0x7e, 0x80, 0x7f, 0xff, 0xc,
    0x1c, 0x3, 0x90, 0x8, 0x3, 0xfc, 0x20, 0x1c,
    0x21, 0x60, 0x4, 0x0, 0x77, 0x88, 0x0, 0xc0,
    0x26, 0xb0, 0xc, 0xbf, 0x2d, 0xfa, 0x1, 0xff,
    0xc4,

    /* U+00B6 "¶" */
    0x6, 0xbe, 0xff, 0xdd, 0x12, 0x82, 0x1, 0xca,
    0x1, 0xa3, 0xc0, 0x6, 0x1, 0xf9, 0x40, 0x3f,
    0x40, 0x7, 0xe3, 0xe8, 0x20, 0xf, 0xb, 0xd0,
    0x7, 0xff, 0xfc, 0x3, 0xff, 0xa2,

    /* U+00B7 "·" */
    0x13, 0x27, 0xc9, 0x0, 0x80,

    /* U+00B8 "¸" */
    0x1, 0x20, 0x9, 0xa8, 0x2, 0xf5, 0x40, 0x4,
    0x55, 0xa0, 0x1, 0xc3, 0xc0, 0x60, 0x9, 0xf9,
    0xce, 0x1f, 0x7b, 0x4,

    /* U+00B9 "¹" */
    0x0, 0x17, 0xb0, 0x46, 0x80, 0x43, 0x0, 0x14,
    0x98, 0x7, 0xff, 0x8c,

    /* U+00BA "º" */
    0x4, 0xdf, 0xd3, 0x0, 0x59, 0xb9, 0x68, 0x20,
    0x4c, 0x30, 0x99, 0x0, 0x87, 0x3, 0x80, 0xc,
    0x2, 0x11, 0x0, 0x7f, 0xf2, 0x4, 0x3, 0xf1,
    0x80, 0x42, 0x40, 0x21, 0xc0, 0xe8, 0x13, 0xc,
    0x26, 0x16, 0x6e, 0x5a, 0x0,

    /* U+00BB "»" */
    0x15, 0x0, 0xc6, 0x60, 0xc, 0x75, 0x86, 0x0,
    0x5c, 0xa2, 0x0, 0x19, 0xd9, 0x44, 0xa2, 0xbb,
    0x2, 0x2c, 0xb3, 0x5d, 0x3e, 0x92, 0x7a, 0x0,
    0x2a, 0x0, 0x64, 0x70, 0x70, 0x8e, 0x71, 0xa1,
    0x9d, 0x53, 0xf2, 0x70, 0x7e, 0x57, 0x61, 0x9c,
    0x30, 0x4d, 0x80, 0x1, 0xb7, 0xb0, 0x0, 0xac,
    0x80, 0x25, 0x91, 0x0, 0x80,

    /* U+00BC "¼" */
    0x0, 0x8, 0x7, 0x84, 0x40, 0x1c, 0x9c, 0x80,
    0x1d, 0xce, 0x1, 0xaa, 0xc0, 0x3c, 0x80, 0x80,
    0x1b, 0x64, 0x3, 0xda, 0x44, 0x0, 0xce, 0x60,
    0x1e, 0x44, 0x0, 0x7f, 0xf0, 0x4, 0xb0, 0x3,
    0xff, 0x80, 0xe0, 0x80, 0x1f, 0xfc, 0xc, 0x31,
    0x6, 0xa1, 0x0, 0xfc, 0x88, 0x0, 0x42, 0x98,
    0x7, 0xc6, 0x36, 0x6, 0x20, 0x1f, 0xc8, 0x6,
    0x8, 0x60, 0x1f, 0xd6, 0xa0, 0xb, 0xb0, 0x7,
    0xf1, 0xe0, 0x9, 0x98, 0x3, 0xf2, 0x2, 0x3,
    0xa3, 0x80, 0x65, 0xf4, 0xd, 0x22, 0x6, 0xe0,
    0x7, 0xf2, 0x20, 0x0, 0x88, 0x0, 0xfc, 0x25,
    0x80, 0x61, 0x98, 0xd, 0x10, 0xc, 0xe0, 0xa0,
    0x7b, 0xaa, 0xb, 0x10, 0xd, 0x86, 0x1, 0x11,
    0x18, 0x18, 0x3, 0x8e, 0x40, 0x38, 0x54, 0xc0,

    /* U+00BD "½" */
    0x0, 0x8, 0x7, 0x84, 0x40, 0x1e, 0x4e, 0x40,
    0xe, 0xf9, 0x0, 0xea, 0xb0, 0xf, 0x18, 0xd8,
    0x7, 0x7c, 0x80, 0x79, 0x0, 0xc0, 0x39, 0x4c,
    0x3, 0xd6, 0xa0, 0x1f, 0xfc, 0x23, 0xc0, 0xf,
    0xfe, 0xa, 0x83, 0x82, 0xf7, 0xc8, 0x7, 0xec,
    0x21, 0xa, 0x58, 0x63, 0x0, 0xf9, 0xd4, 0x8,
    0x39, 0xc1, 0x40, 0x3c, 0x43, 0x80, 0x20, 0x20,
    0x1, 0x0, 0xf2, 0x82, 0x3, 0x80, 0x4, 0x4,
    0x3, 0xd8, 0x80, 0x5, 0x95, 0x50, 0x28, 0x7,
    0x93, 0x40, 0x2, 0xc3, 0x4, 0x60, 0x1c, 0x80,
    0x80, 0x19, 0x4e, 0x40, 0xb, 0xe8, 0x1a, 0x44,
    0x0, 0xd6, 0x88, 0x0, 0xf2, 0x20, 0x3, 0x38,
    0xc8, 0x7, 0x88, 0x9a, 0x1, 0xa5, 0x8, 0x3,
    0xc8, 0x8, 0x1, 0x10, 0xe0, 0x7, 0xda, 0x80,
    0x18, 0x42, 0x3f, 0xca, 0x1, 0xa6, 0x80, 0x31,
    0xee, 0xe5,

    /* U+00BE "¾" */
    0xa, 0xed, 0x40, 0xd, 0xce, 0x1, 0x9d, 0x3d,
    0x68, 0x2, 0x41, 0x50, 0xd, 0xa4, 0x38, 0x22,
    0x0, 0x60, 0x90, 0x6, 0x8e, 0x0, 0xf2, 0x20,
    0x3, 0x88, 0x81, 0xa4, 0x20, 0x27, 0xe0, 0x1f,
    0x73, 0x48, 0x1, 0x1, 0x0, 0x3e, 0xe5, 0x80,
    0x7, 0x98, 0x84, 0x60, 0x80, 0x6f, 0x31, 0x4,
    0x40, 0x1, 0x8c, 0xc1, 0x54, 0x1, 0x3, 0x21,
    0xc0, 0x31, 0x0, 0xc2, 0x1, 0x1a, 0x82, 0x5,
    0x98, 0x5, 0xaa, 0x3a, 0x22, 0xc4, 0x0, 0x2a,
    0x0, 0x4c, 0x7c, 0xd6, 0x9, 0xa0, 0x44, 0xc0,
    0x8, 0x77, 0xbd, 0x50, 0x10, 0x11, 0xe, 0x1,
    0xc2, 0x0, 0xd2, 0x20, 0x6e, 0x0, 0x7f, 0x22,
    0x0, 0x8, 0x80, 0xf, 0xc2, 0x58, 0x6, 0x19,
    0x80, 0xd1, 0x0, 0xce, 0xa, 0x7, 0xba, 0xa0,
    0xb1, 0x0, 0xd8, 0x60, 0x11, 0x11, 0x81, 0x80,
    0x38, 0xe4, 0x3, 0x85, 0x4c, 0x0,

    /* U+00BF "¿" */
    0x0, 0x8f, 0xe8, 0x3, 0xff, 0x8c, 0x7b, 0x60,
    0x1c, 0x42, 0x1, 0x8b, 0x20, 0x3, 0x9, 0x98,
    0x3, 0x28, 0x6, 0x1c, 0x90, 0x30, 0x5, 0x19,
    0x6c, 0x0, 0xa0, 0x71, 0x0, 0x14, 0x4, 0xc0,
    0x22, 0x3, 0x4, 0xa7, 0x0, 0x8, 0x12, 0xd8,
    0x7, 0x9c, 0x0, 0x20, 0x20, 0x2, 0x3, 0xe,
    0x2, 0x40, 0x1f, 0x60, 0xd0, 0xb2, 0x1, 0x84,

    /* U+00C0 "À" */
    0x0, 0x1f, 0x60, 0x7, 0xc6, 0x46, 0x20, 0x1f,
    0x78, 0x20, 0x7, 0xc6, 0x9e, 0x1, 0xfa, 0xe8,
    0x3, 0xea, 0xff, 0x10, 0x7, 0x9c, 0x0, 0xe0,
    0x1e, 0x20, 0x1, 0x0, 0x71, 0x0, 0x5a, 0x1,
    0xcc, 0x8, 0xe, 0x1, 0xc4, 0x6, 0x24, 0x1,
    0xde, 0x1c, 0x40, 0x40, 0x18, 0x80, 0x98, 0x18,
    0x3, 0x28, 0x29, 0x1, 0x80, 0x61, 0x1, 0xd0,
    0xd0, 0x8, 0x80, 0x81, 0x81, 0x80, 0x27, 0x6,
    0x2, 0x3, 0x0, 0x88, 0x8, 0x4, 0x40, 0x40,
    0xd, 0xe, 0x0, 0x10, 0x30, 0x1, 0x82, 0x3f,
    0xc6, 0x6, 0x0, 0x30, 0x33, 0x88, 0x34, 0x4,
    0x1, 0x99, 0x48, 0x30, 0x10, 0x8, 0x4, 0xc0,
    0x60, 0xa0, 0xa0, 0x11, 0x0, 0x4,

    /* U+00C1 "Á" */
    0x0, 0xd3, 0xce, 0x1, 0xf3, 0x83, 0x80, 0x78,
    0x86, 0x40, 0x3e, 0x41, 0x70, 0xf, 0x9b, 0x80,
    0x3f, 0x57, 0xf8, 0x80, 0x3c, 0xe0, 0x7, 0x0,
    0xf1, 0x0, 0x8, 0x3, 0x88, 0x2, 0xd0, 0xe,
    0x60, 0x40, 0x70, 0xe, 0x20, 0x31, 0x20, 0xe,
    0xf0, 0xe2, 0x2, 0x0, 0xc4, 0x4, 0xc0, 0xc0,
    0x19, 0x41, 0x48, 0xc, 0x3, 0x8, 0xe, 0x86,
    0x80, 0x44, 0x4, 0xc, 0xc, 0x1, 0x38, 0x30,
    0x10, 0x18, 0x4, 0x40, 0x40, 0x22, 0x2, 0x0,
    0x68, 0x70, 0x0, 0x81, 0x80, 0xc, 0x11, 0xfe,
    0x30, 0x30, 0x1, 0x81, 0x9c, 0x41, 0xa0, 0x20,
    0xc, 0xca, 0x41, 0x80, 0x80, 0x40, 0x26, 0x3,
    0x5, 0x5, 0x0, 0x88, 0x0, 0x20,

    /* U+00C2 "Â" */
    0x0, 0xc2, 0x20, 0xf, 0xb3, 0xb8, 0xa0, 0x1c,
    0xa6, 0xe3, 0x0, 0x1d, 0x1, 0x2c, 0x4c, 0x1,
    0xb7, 0xc6, 0x3d, 0x80, 0x3a, 0xbf, 0xc4, 0x1,
    0xe7, 0x0, 0x38, 0x7, 0x88, 0x0, 0x40, 0x1c,
    0x40, 0x16, 0x80, 0x73, 0x2, 0x3, 0x80, 0x71,
    0x1, 0x89, 0x0, 0x77, 0x87, 0x10, 0x10, 0x6,
    0x20, 0x26, 0x6, 0x0, 0xca, 0xa, 0x40, 0x60,
    0x18, 0x40, 0x74, 0x34, 0x2, 0x20, 0x20, 0x60,
    0x60, 0x9, 0xc1, 0x80, 0x80, 0xc0, 0x22, 0x2,
    0x1, 0x10, 0x10, 0x3, 0x43, 0x80, 0x4, 0xc,
    0x0, 0x60, 0x8f, 0xf1, 0x81, 0x80, 0xc, 0xc,
    0xe2, 0xd, 0x1, 0x0, 0x66, 0x52, 0xc, 0x4,
    0x2, 0x1, 0x30, 0x18, 0x28, 0x28, 0x4, 0x40,
    0x1,

    /* U+00C3 "Ã" */
    0x0, 0x23, 0x98, 0x12, 0x80, 0x4b, 0x71, 0x9b,
    0xf6, 0x1, 0x3b, 0xba, 0x84, 0xa0, 0x2, 0x28,
    0x15, 0xcf, 0x60, 0xe, 0xaf, 0xf1, 0x0, 0x79,
    0xc0, 0xe, 0x1, 0xe2, 0x0, 0x10, 0x7, 0x10,
    0x5, 0xa0, 0x1c, 0xc0, 0x80, 0xe0, 0x1c, 0x40,
    0x62, 0x40, 0x1d, 0xe1, 0xc4, 0x4, 0x1, 0x88,
    0x9, 0x81, 0x80, 0x32, 0x82, 0x90, 0x18, 0x6,
    0x10, 0x1d, 0xd, 0x0, 0x88, 0x8, 0x18, 0x18,
    0x2, 0x70, 0x60, 0x20, 0x30, 0x8, 0x80, 0x80,
    0x44, 0x4, 0x0, 0xd0, 0xe0, 0x1, 0x3, 0x0,
    0x18, 0x23, 0xfc, 0x60, 0x60, 0x3, 0x3, 0x38,
    0x83, 0x40, 0x40, 0x19, 0x94, 0x83, 0x1, 0x0,
    0x80, 0x4c, 0x6, 0xa, 0xa, 0x1, 0x10, 0x0,
    0x40,

    /* U+00C4 "Ä" */
    0xe, 0xe2, 0x80, 0x33, 0xa0, 0x4, 0x63, 0x0,
    0x8, 0xc0, 0x3f, 0xe6, 0x0, 0x6f, 0xc8, 0x6,
    0xaf, 0xf1, 0x0, 0x79, 0xc0, 0xe, 0x1, 0xe2,
    0x0, 0x10, 0x7, 0x10, 0x5, 0xa0, 0x1c, 0xc0,
    0x80, 0xe0, 0x1c, 0x40, 0x62, 0x40, 0x1d, 0xe1,
    0xc4, 0x4, 0x1, 0x88, 0x9, 0x81, 0x80, 0x32,
    0x82, 0x90, 0x18, 0x6, 0x10, 0x1d, 0xd, 0x0,
    0x88, 0x8, 0x18, 0x18, 0x2, 0x70, 0x60, 0x20,
    0x30, 0x8, 0x80, 0x80, 0x44, 0x4, 0x0, 0xd0,
    0xe0, 0x1, 0x3, 0x0, 0x18, 0x23, 0xfc, 0x60,
    0x60, 0x3, 0x3, 0x38, 0x83, 0x40, 0x40, 0x19,
    0x94, 0x83, 0x1, 0x0, 0x80, 0x4c, 0x6, 0xa,
    0xa, 0x1, 0x10, 0x0, 0x40,

    /* U+00C5 "Å" */
    0x0, 0x9f, 0x2c, 0xc0, 0x39, 0x2f, 0x23, 0xc0,
    0x3f, 0xf8, 0x69, 0x79, 0x1e, 0x1, 0xe7, 0xcb,
    0x30, 0xf, 0x57, 0xf8, 0x80, 0x3c, 0xe0, 0x7,
    0x0, 0xf1, 0x0, 0x8, 0x3, 0x88, 0x2, 0xd0,
    0xe, 0x60, 0x40, 0x70, 0xe, 0x20, 0x31, 0x20,
    0xe, 0xf0, 0xe2, 0x2, 0x0, 0xc4, 0x4, 0xc0,
    0xc0, 0x19, 0x41, 0x48, 0xc, 0x3, 0x8, 0xe,
    0x86, 0x80, 0x44, 0x4, 0xc, 0xc, 0x1, 0x38,
    0x30, 0x10, 0x18, 0x4, 0x40, 0x40, 0x22, 0x2,
    0x0, 0x68, 0x70, 0x0, 0x81, 0x80, 0xc, 0x11,
    0xfe, 0x30, 0x30, 0x1, 0x81, 0x9c, 0x41, 0xa0,
    0x20, 0xc, 0xca, 0x41, 0x80, 0x80, 0x40, 0x26,
    0x3, 0x5, 0x5, 0x0, 0x88, 0x0, 0x20,

    /* U+00C6 "Æ" */
    0x0, 0xd3, 0xff, 0xee, 0x0, 0xca, 0x1, 0x9,
    0x11, 0x40, 0x31, 0x83, 0x2, 0x6e, 0xac, 0x2,
    0x30, 0x30, 0xf, 0xe5, 0x5, 0x0, 0xfe, 0xf0,
    0xe0, 0xf, 0xe5, 0x3, 0x0, 0xfe, 0x30, 0x50,
    0xf, 0xc6, 0x2, 0x20, 0xf, 0xca, 0xa, 0x1,
    0x2f, 0xfa, 0xc0, 0x1e, 0x6, 0x1, 0x9, 0x14,
    0x0, 0x50, 0xd0, 0x9, 0x37, 0x52, 0x0, 0x30,
    0x70, 0xf, 0xc6, 0x0, 0x20, 0xf, 0xca, 0x0,
    0xff, 0x30, 0x7, 0xbc, 0x9, 0x10, 0x40, 0x1e,
    0x50, 0x8b, 0xb2, 0x0, 0x78, 0xc1, 0xc0, 0x32,
    0x6e, 0xac, 0xc0, 0x4, 0x1, 0x84, 0x88, 0xa0,

    /* U+00C7 "Ç" */
    0x1, 0xae, 0xfc, 0x30, 0x6, 0x28, 0x81, 0xe8,
    0x21, 0x6, 0xf8, 0x89, 0xb0, 0x10, 0x81, 0xc3,
    0xc4, 0x8, 0x0, 0x20, 0x66, 0x0, 0xde, 0x1,
    0xfc, 0x20, 0x1c, 0x93, 0xe0, 0x1c, 0x6c, 0x80,
    0x1f, 0xfc, 0x95, 0xb8, 0x0, 0xe2, 0x43, 0x0,
    0xfc, 0x60, 0x1b, 0xc0, 0x78, 0xc, 0x0, 0x20,
    0x46, 0x8, 0x20, 0xe1, 0xa8, 0x63, 0xde, 0x22,
    0x50, 0xd5, 0x0, 0x26, 0x0, 0x6, 0x9a, 0xac,
    0x80, 0x32, 0xf1, 0x0, 0x76, 0xe, 0x10, 0x7,
    0x48, 0xd0, 0x6, 0x29, 0xe, 0x0, 0xab, 0x55,
    0x4c, 0x1, 0x56, 0xf5, 0x0, 0x0,

    /* U+00C8 "È" */
    0xa, 0xe6, 0x0, 0xd2, 0x38, 0x1, 0x8d, 0x50,
    0x3, 0xa0, 0x4c, 0x3, 0x17, 0x98, 0x1, 0xff,
    0xf8, 0xc0, 0x22, 0x28, 0x40, 0x7, 0xbb, 0x10,
    0x7, 0xff, 0x80, 0xff, 0xe0, 0xc, 0x45, 0x0,
    0x47, 0xbb, 0x0, 0x7f, 0xf6, 0x8f, 0x76, 0x30,
    0x8, 0x8a, 0x0,

    /* U+00C9 "É" */
    0x0, 0xf, 0x70, 0x40, 0x24, 0x16, 0x10, 0xb,
    0x2, 0x40, 0x32, 0x40, 0x80, 0x6d, 0x70, 0x9,
    0xff, 0xf8, 0xc0, 0x22, 0x28, 0x40, 0x7, 0xbb,
    0x10, 0x7, 0xff, 0x80, 0xff, 0xe0, 0xc, 0x45,
    0x0, 0x47, 0xbb, 0x0, 0x7f, 0xf6, 0x8f, 0x76,
    0x30, 0x8, 0x8a, 0x0,

    /* U+00CA "Ê" */
    0x0, 0x8, 0x80, 0x31, 0xf7, 0x34, 0x2, 0xf0,
    0x82, 0x60, 0x43, 0x57, 0x18, 0x4, 0xfa, 0xe,
    0xe0, 0x3f, 0xff, 0x18, 0x4, 0x45, 0x8, 0x0,
    0xf7, 0x62, 0x0, 0xff, 0xf0, 0x1f, 0xfc, 0x1,
    0x88, 0xa0, 0x8, 0xf7, 0x60, 0xf, 0xfe, 0xd1,
    0xee, 0xc6, 0x1, 0x11, 0x40,

    /* U+00CB "Ë" */
    0x7e, 0xd0, 0x2, 0x77, 0xb, 0xc4, 0x80, 0x21,
    0x10, 0x47, 0xf8, 0x0, 0x9f, 0xe2, 0x7, 0xff,
    0xe3, 0x0, 0xe2, 0x28, 0x40, 0x31, 0xee, 0xc4,
    0x1, 0xff, 0xee, 0x3f, 0xf8, 0x3, 0xc4, 0x50,
    0x7, 0x1e, 0xec, 0x1, 0xff, 0xe6, 0x3d, 0xd8,
    0xc0, 0x38, 0x8a, 0x0, 0x0,

    /* U+00CC "Ì" */
    0x5e, 0xa0, 0x53, 0x50, 0x4, 0x2, 0x2, 0x9e,
    0x0, 0x32, 0x1, 0xff, 0x0, 0x3f, 0xff, 0x80,

    /* U+00CD "Í" */
    0xa, 0xe5, 0x5, 0x35, 0x40, 0x80, 0xc3, 0x50,
    0x8c, 0x0, 0x3f, 0xe0, 0x7, 0xff, 0xf4,

    /* U+00CE "Î" */
    0x0, 0x84, 0x40, 0x1b, 0x7b, 0x86, 0x0, 0x62,
    0x80, 0x80, 0x4, 0xb, 0xb2, 0x20, 0x3b, 0x81,
    0x3e, 0x80, 0x7, 0xfc, 0x0, 0xff, 0xff, 0x80,
    0x7f, 0xfa, 0x40,

    /* U+00CF "Ï" */
    0x2e, 0xe2, 0x0, 0x37, 0x9c, 0x4, 0x40, 0x11,
    0xf, 0x97, 0xf9, 0x0, 0x1f, 0xe8, 0x0, 0x9f,
    0xf0, 0x3, 0xff, 0xfe, 0x1, 0xff, 0xff, 0x0,
    0xff, 0xe1, 0x80,

    /* U+00D0 "Ð" */
    0x7, 0xff, 0xd8, 0x80, 0x1c, 0x82, 0x76, 0x40,
    0x11, 0xdf, 0x18, 0x50, 0x7, 0xac, 0x10, 0x3,
    0xc4, 0x2, 0x1, 0xf8, 0xc0, 0x3f, 0xf9, 0xf5,
    0x0, 0x7f, 0x80, 0x14, 0x28, 0x3, 0x38, 0x2,
    0x2d, 0x3, 0x31, 0x0, 0x7f, 0xf4, 0x4c, 0x3,
    0xc6, 0x2, 0x1, 0xea, 0x4, 0x0, 0x8f, 0x38,
    0xc2, 0x80, 0x31, 0x89, 0xe1, 0x0,

    /* U+00D1 "Ñ" */
    0x0, 0x33, 0x4, 0x10, 0xc0, 0x15, 0x32, 0xeb,
    0xb5, 0x0, 0x3e, 0xba, 0x18, 0x6c, 0x0, 0xaa,
    0x17, 0xde, 0x20, 0x7f, 0x60, 0xa, 0xbd, 0x40,
    0x1a, 0x1, 0xf9, 0x4, 0x3, 0xf3, 0x80, 0x7e,
    0xd0, 0xf, 0xc8, 0x20, 0x1e, 0x20, 0x70, 0xf,
    0x28, 0x50, 0x18, 0x7, 0x21, 0x88, 0x7, 0xb4,
    0x18, 0x40, 0x30, 0xb8, 0x5f, 0x80, 0x70, 0xa1,
    0xf0, 0x7, 0xb4, 0x10, 0x3, 0xce, 0x4, 0x1,
    0xe1, 0x40, 0xf, 0xda, 0x1, 0xf9, 0xc0, 0x3f,
    0x9, 0x80, 0x7e, 0xb0, 0x0,

    /* U+00D2 "Ò" */
    0x0, 0x77, 0x90, 0x7, 0x40, 0x20, 0x7, 0x31,
    0x68, 0x7, 0xa1, 0x80, 0x3c, 0xba, 0x1, 0x8a,
    0xbb, 0xf1, 0x0, 0x1e, 0xa2, 0x7, 0x64, 0xa4,
    0x1d, 0xe4, 0x15, 0xa0, 0x82, 0xa, 0x4, 0x40,
    0x20, 0x7, 0x83, 0x0, 0x70, 0x80, 0x7f, 0x8,
    0x7, 0xff, 0xac, 0x4c, 0x3, 0x8, 0x0, 0x40,
    0xc0, 0x1e, 0xd, 0xa0, 0x82, 0xa, 0x1a, 0xa4,
    0x3d, 0xe4, 0xc, 0x1e, 0x82, 0x7, 0x82,

    /* U+00D3 "Ó" */
    0x0, 0x97, 0xf0, 0x3, 0xb0, 0x3c, 0x3, 0x9d,
    0xc, 0x3, 0x8, 0x48, 0x7, 0xf, 0x10, 0x6,
    0x2a, 0xef, 0xc4, 0x0, 0x7a, 0x88, 0x1d, 0x92,
    0x90, 0x77, 0x90, 0x56, 0x82, 0x8, 0x28, 0x11,
    0x0, 0x80, 0x1e, 0xc, 0x1, 0xc2, 0x1, 0xfc,
    0x20, 0x1f, 0xfe, 0xb1, 0x30, 0xc, 0x20, 0x1,
    0x3, 0x0, 0x78, 0x36, 0x82, 0x8, 0x28, 0x6a,
    0x90, 0xf7, 0x90, 0x30, 0x7a, 0x8, 0x1e, 0x8,

    /* U+00D4 "Ô" */
    0x0, 0x84, 0x40, 0x1c, 0xfd, 0xc9, 0x0, 0x86,
    0xd, 0x58, 0x80, 0x12, 0x13, 0x20, 0x80, 0x4,
    0x7a, 0x9f, 0xd0, 0x0, 0xab, 0xbf, 0x10, 0x1,
    0xea, 0x20, 0x76, 0x4a, 0x41, 0xde, 0x41, 0x5a,
    0x8, 0x20, 0xa0, 0x44, 0x2, 0x0, 0x78, 0x30,
    0x7, 0x8, 0x7, 0xf0, 0x80, 0x7f, 0xfa, 0xc4,
    0xc0, 0x30, 0x80, 0x4, 0xc, 0x1, 0xe0, 0xda,
    0x8, 0x20, 0xa1, 0xaa, 0x43, 0xde, 0x40, 0xc1,
    0xe8, 0x20, 0x78, 0x20,

    /* U+00D5 "Õ" */
    0x2, 0x76, 0x21, 0x72, 0x1d, 0x89, 0xde, 0x80,
    0x1a, 0xed, 0x96, 0xa2, 0x5, 0x12, 0x69, 0x50,
    0x1, 0x57, 0x7e, 0x20, 0x3, 0xd4, 0x40, 0xec,
    0x94, 0x83, 0xbc, 0x82, 0xb4, 0x10, 0x41, 0x40,
    0x88, 0x4, 0x0, 0xf0, 0x60, 0xe, 0x10, 0xf,
    0xe1, 0x0, 0xff, 0xf5, 0x89, 0x80, 0x61, 0x0,
    0x8, 0x18, 0x3, 0xc1, 0xb4, 0x10, 0x41, 0x43,
    0x54, 0x87, 0xbc, 0x81, 0x83, 0xd0, 0x40, 0xf0,
    0x40,

    /* U+00D6 "Ö" */
    0xcf, 0xb0, 0x4, 0xff, 0x30, 0x90, 0x3, 0x84,
    0xab, 0xa4, 0x0, 0xfd, 0x80, 0x55, 0xdf, 0x88,
    0x0, 0xf5, 0x10, 0x3b, 0x25, 0x20, 0xef, 0x20,
    0xad, 0x4, 0x10, 0x50, 0x22, 0x1, 0x0, 0x3c,
    0x18, 0x3, 0x84, 0x3, 0xf8, 0x40, 0x3f, 0xfd,
    0x62, 0x60, 0x18, 0x40, 0x2, 0x6, 0x0, 0xf0,
    0x6d, 0x4, 0x10, 0x50, 0xd5, 0x21, 0xef, 0x20,
    0x60, 0xf4, 0x10, 0x3c, 0x10,

    /* U+00D7 "×" */
    0x7, 0x40, 0x4, 0x10, 0x55, 0xad, 0x3a, 0x86,
    0x15, 0x2b, 0xb8, 0x5, 0x80, 0x1a, 0x0, 0xb4,
    0x73, 0xa5, 0x1, 0x88, 0x61, 0x88, 0x53, 0x80,
    0x31, 0x0,

    /* U+00D8 "Ø" */
    0x0, 0xfc, 0x20, 0x1f, 0xd7, 0x20, 0x2, 0xae,
    0xfc, 0x55, 0x68, 0x3, 0xd4, 0x40, 0xe8, 0x10,
    0x14, 0x83, 0xbc, 0x80, 0x36, 0x82, 0x8, 0x38,
    0x10, 0x0, 0x80, 0x80, 0x8, 0x2, 0x1, 0xf0,
    0x80, 0x7e, 0x20, 0x0, 0x80, 0x7a, 0x80, 0x3f,
    0x98, 0xc0, 0x3e, 0x31, 0xb0, 0xf, 0xa9, 0x44,
    0x3, 0xe7, 0xe0, 0xf, 0x9c, 0x10, 0x3, 0xe1,
    0x70, 0x8, 0x40, 0x6, 0x0, 0xa0, 0x10, 0xc,
    0x20, 0x3, 0xf, 0x6, 0x0, 0x68, 0x0, 0x41,
    0x43, 0x40, 0xe, 0x0, 0xef, 0x20, 0x60, 0x2,
    0x8a, 0x8, 0x1e, 0x8, 0x2, 0xa2, 0xfb, 0xf0,
    0xc0, 0x21, 0x70, 0xf, 0x80,

    /* U+00D9 "Ù" */
    0x0, 0x6f, 0x98, 0x7, 0x40, 0x20, 0x7, 0x29,
    0x60, 0x7, 0xa5, 0x40, 0x3c, 0x9c, 0x1, 0x4f,
    0xd0, 0x1, 0x7f, 0x40, 0x3f, 0xff, 0xe0, 0x1f,
    0xfd, 0x91, 0x0, 0xc6, 0x3, 0x80, 0x82, 0x18,
    0xa, 0x84, 0x3d, 0xc5, 0xb, 0xf, 0x41, 0x11,
    0xd9, 0x0,

    /* U+00DA "Ú" */
    0x0, 0x93, 0xf4, 0x3, 0xb4, 0x24, 0x3, 0x90,
    0xd0, 0x3, 0x9, 0xf8, 0x7, 0xf, 0x18, 0x5,
    0x3f, 0x40, 0x5, 0xfd, 0x0, 0xff, 0xff, 0x80,
    0x7f, 0xf6, 0x44, 0x3, 0x18, 0xe, 0x2, 0x8,
    0x60, 0x2a, 0x10, 0xf7, 0x14, 0x2c, 0x3d, 0x4,
    0x47, 0x64,

    /* U+00DB "Û" */
    0x0, 0x84, 0x40, 0x1c, 0xfd, 0xca, 0x0, 0xd2,
    0x4c, 0xa6, 0x0, 0x81, 0xbb, 0x4, 0x0, 0x23,
    0xd8, 0xbe, 0xc2, 0x7e, 0x80, 0xb, 0xfa, 0x1,
    0xff, 0xff, 0x0, 0xff, 0xec, 0x88, 0x6, 0x30,
    0x1c, 0x4, 0x10, 0xc0, 0x54, 0x21, 0xee, 0x28,
    0x58, 0x7a, 0x8, 0x8e, 0xc8,

    /* U+00DC "Ü" */
    0xbf, 0xc0, 0x4, 0x7f, 0x88, 0x58, 0x1, 0xe2,
    0x53, 0xd4, 0x0, 0x7e, 0xd9, 0xfa, 0x0, 0x2f,
    0xe8, 0x7, 0xff, 0xfc, 0x3, 0xff, 0xb2, 0x20,
    0x18, 0xc0, 0x70, 0x10, 0x43, 0x1, 0x50, 0x87,
    0xb8, 0xa1, 0x61, 0xe8, 0x22, 0x3b, 0x20,

    /* U+00DD "Ý" */
    0x0, 0xdb, 0xc4, 0x1, 0xc6, 0x48, 0x40, 0x1c,
    0x81, 0x0, 0x1e, 0xc6, 0x20, 0xf, 0x5c, 0x80,
    0x6b, 0xf8, 0x0, 0xab, 0xe7, 0x41, 0x0, 0x27,
    0xd, 0x70, 0x31, 0x1, 0x20, 0x41, 0x30, 0x40,
    0x40, 0x40, 0x5, 0x87, 0x86, 0x6, 0x0, 0x10,
    0x10, 0x10, 0x10, 0x0, 0x62, 0x25, 0x21, 0x30,
    0x9, 0xc2, 0x1, 0x0, 0x36, 0x81, 0x7, 0x80,
    0x64, 0x0, 0x90, 0x3, 0x90, 0x8, 0x40, 0x38,
    0xc1, 0xc0, 0x3f, 0xfe, 0xc0,

    /* U+00DE "Þ" */
    0x4f, 0xf0, 0x7, 0xff, 0x3f, 0xfd, 0xce, 0x1,
    0xc8, 0x63, 0xc, 0x1, 0xaf, 0x1c, 0x28, 0x3,
    0xd6, 0x6, 0x1, 0xe1, 0x0, 0xfc, 0x60, 0x1,
    0x0, 0xe3, 0x0, 0xff, 0x84, 0x3, 0x98, 0x4,
    0x3, 0xdc, 0x8, 0x1, 0xbf, 0xca, 0x12, 0x1,
    0x88, 0xd6, 0xcc, 0x3, 0x6e, 0x52, 0x0, 0x7f,
    0xf4, 0x40,

    /* U+00DF "ß" */
    0x4, 0xcf, 0xf6, 0xc0, 0x0, 0x6c, 0xcc, 0xa6,
    0xee, 0x4, 0x2, 0xca, 0xb0, 0xb0, 0x30, 0x60,
    0x3, 0x1, 0x0, 0x80, 0x7f, 0xf4, 0xd0, 0x14,
    0x3, 0xb6, 0xa, 0x40, 0x30, 0x90, 0x1, 0xc0,
    0x30, 0xfd, 0x95, 0x10, 0x7, 0x22, 0x82, 0x80,
    0x78, 0xc3, 0xc0, 0x3f, 0x8, 0x7, 0xe1, 0x0,
    0xf1, 0x87, 0x80, 0x79, 0xc0, 0x80, 0x22, 0xcf,
    0x20, 0x40, 0xc, 0x60, 0x78, 0x20,

    /* U+00E0 "à" */
    0x2, 0xff, 0x0, 0x71, 0x28, 0x18, 0x7, 0x40,
    0x20, 0x7, 0x13, 0xe8, 0x7, 0xa2, 0x80, 0x31,
    0xe7, 0xfa, 0xc8, 0x1, 0xa6, 0x22, 0x4e, 0x5,
    0x12, 0xef, 0x3, 0x22, 0x3, 0x80, 0x88, 0x1b,
    0xc0, 0xc0, 0x6, 0x3, 0x39, 0x0, 0x1c, 0x26,
    0x11, 0xc4, 0x6, 0xd, 0xce, 0xc2, 0x0, 0x59,
    0x1d, 0x83, 0x0, 0x78, 0x31, 0x0, 0x66, 0xf,
    0x0, 0xff, 0xe0, 0xb8, 0x7, 0xc4, 0x1a, 0x4,
    0x40, 0x6, 0x82, 0xe6, 0x80, 0x48, 0xe0, 0x52,
    0x40, 0x0,

    /* U+00E1 "á" */
    0x0, 0xa7, 0xe0, 0x3, 0x90, 0x24, 0x3, 0x9,
    0x40, 0x80, 0x64, 0x27, 0x0, 0xe5, 0xd0, 0xe,
    0x3c, 0xff, 0x59, 0x0, 0x34, 0xc4, 0x49, 0xc0,
    0xa2, 0x5d, 0xe0, 0x64, 0x40, 0x70, 0x11, 0x3,
    0x78, 0x18, 0x0, 0xc0, 0x67, 0x20, 0x3, 0x84,
    0xc2, 0x38, 0x80, 0xc1, 0xb9, 0xd8, 0x40, 0xb,
    0x23, 0xb0, 0x60, 0xf, 0x6, 0x20, 0xc, 0xc1,
    0xe0, 0x1f, 0xfc, 0x17, 0x0, 0xf8, 0x83, 0x40,
    0x88, 0x0, 0xd0, 0x5c, 0xd0, 0x9, 0x1c, 0xa,
    0x48, 0x0,

    /* U+00E2 "â" */
    0x0, 0x84, 0x40, 0x1d, 0x7d, 0xc6, 0x0, 0x91,
    0xc, 0x50, 0x1, 0x40, 0x5d, 0xb, 0x80, 0x33,
    0xc9, 0xfd, 0xc0, 0x7, 0x9f, 0xeb, 0x20, 0x6,
    0x98, 0x89, 0x38, 0x14, 0x4b, 0xbc, 0xc, 0x88,
    0xe, 0x2, 0x20, 0x6f, 0x3, 0x0, 0x18, 0xc,
    0xe4, 0x0, 0x70, 0x98, 0x47, 0x10, 0x18, 0x37,
    0x3b, 0x8, 0x1, 0x64, 0x76, 0xc, 0x1, 0xe0,
    0xc4, 0x1, 0x98, 0x3c, 0x3, 0xff, 0x82, 0xe0,
    0x1f, 0x10, 0x68, 0x11, 0x0, 0x1a, 0xb, 0x9a,
    0x1, 0x23, 0x81, 0x49, 0x0, 0x0,

    /* U+00E3 "ã" */
    0xb, 0xfa, 0x44, 0x60, 0xaa, 0x33, 0xdd, 0x84,
    0x4b, 0xb3, 0xb4, 0xdc, 0x0, 0x20, 0x2, 0xc9,
    0x80, 0xf, 0x3f, 0xd6, 0x40, 0xd, 0x31, 0x12,
    0x70, 0x28, 0x97, 0x78, 0x19, 0x10, 0x1c, 0x4,
    0x40, 0xde, 0x6, 0x0, 0x30, 0x19, 0xc8, 0x0,
    0xe1, 0x30, 0x8e, 0x20, 0x30, 0x6e, 0x76, 0x10,
    0x2, 0xc8, 0xec, 0x18, 0x3, 0xc1, 0x88, 0x3,
    0x30, 0x78, 0x7, 0xff, 0x5, 0xc0, 0x3e, 0x20,
    0xd0, 0x22, 0x0, 0x34, 0x17, 0x34, 0x2, 0x47,
    0x2, 0x92, 0x0, 0x0,

    /* U+00E4 "ä" */
    0xff, 0x38, 0x3, 0x3e, 0xc8, 0x44, 0x0, 0x71,
    0x2d, 0xe6, 0x0, 0x5f, 0x48, 0x1e, 0x7f, 0xac,
    0x80, 0x1a, 0x62, 0x24, 0xe0, 0x51, 0x2e, 0xf0,
    0x32, 0x20, 0x38, 0x8, 0x81, 0xbc, 0xc, 0x0,
    0x60, 0x33, 0x90, 0x1, 0xc2, 0x61, 0x1c, 0x40,
    0x60, 0xdc, 0xec, 0x20, 0x5, 0x91, 0xd8, 0x30,
    0x7, 0x83, 0x10, 0x6, 0x60, 0xf0, 0xf, 0xfe,
    0xb, 0x80, 0x7c, 0x41, 0xa0, 0x44, 0x0, 0x68,
    0x2e, 0x68, 0x4, 0x8e, 0x5, 0x24, 0x0,

    /* U+00E5 "å" */
    0x0, 0x2e, 0x59, 0x0, 0x43, 0x7b, 0xfc, 0x1,
    0x2a, 0x85, 0xc, 0x2, 0x55, 0xa, 0x18, 0x4,
    0x37, 0xbf, 0xc0, 0x19, 0x72, 0xc8, 0x2, 0x3c,
    0xff, 0x59, 0x0, 0x34, 0xc4, 0x49, 0xc0, 0xa2,
    0x5d, 0xe0, 0x64, 0x40, 0x70, 0x11, 0x3, 0x78,
    0x18, 0x0, 0xc0, 0x67, 0x20, 0x3, 0x84, 0xc2,
    0x38, 0x80, 0xc1, 0xb9, 0xd8, 0x40, 0xb, 0x23,
    0xb0, 0x60, 0xf, 0x6, 0x20, 0xc, 0xc1, 0xe0,
    0x1f, 0xfc, 0x17, 0x0, 0xf8, 0x83, 0x40, 0x88,
    0x0, 0xd0, 0x5c, 0xd0, 0x9, 0x1c, 0xa, 0x48,
    0x0,

    /* U+00E6 "æ" */
    0x2, 0xbf, 0xf5, 0x95, 0xff, 0xa8, 0x40, 0x1e,
    0x82, 0x24, 0xd4, 0x11, 0x2d, 0x1, 0x90, 0x77,
    0x4, 0xb, 0xbc, 0x10, 0x58, 0xc, 0x0, 0xa0,
    0x80, 0x22, 0x2, 0x30, 0xf, 0x8, 0x6, 0x76,
    0xec, 0x0, 0x38, 0x7, 0x84, 0x4, 0x51, 0xc6,
    0x9, 0x32, 0x10, 0x9, 0xb9, 0xd8, 0xc0, 0xd9,
    0x80, 0x11, 0xc8, 0x6c, 0x38, 0x3f, 0xfe, 0x5a,
    0x5, 0x20, 0xf, 0x9, 0x1, 0x81, 0x80, 0x7d,
    0xfa, 0x80, 0x1f, 0xfc, 0x13, 0x0, 0xf0, 0x80,
    0x67, 0xf0, 0x40, 0x15, 0x5, 0x2, 0x10, 0x27,
    0x2, 0xee, 0x8, 0x8f, 0xb0, 0x10, 0x45, 0x44,
    0x29, 0x98, 0x41, 0x12, 0x50, 0x0,

    /* U+00E7 "ç" */
    0x2, 0xbf, 0xf5, 0x88, 0x3, 0x10, 0x0, 0x94,
    0xa, 0x25, 0xfc, 0x8, 0x3a, 0x8, 0x2, 0x20,
    0x22, 0x0, 0x80, 0xc, 0x1c, 0x3, 0x84, 0x4,
    0x3, 0xb3, 0xd4, 0x3, 0xff, 0x92, 0x46, 0x1,
    0xef, 0xc5, 0x30, 0xf, 0x8, 0x80, 0x40, 0x6,
    0xf, 0xc0, 0x80, 0x42, 0x6, 0xe2, 0x5d, 0xa0,
    0x80, 0x3a, 0x62, 0xb, 0x40, 0x3, 0xc2, 0xea,
    0x10, 0xc, 0x50, 0x1, 0xee, 0x5d, 0x0, 0xe1,
    0xb2, 0x40, 0xc, 0x76, 0xe, 0x1, 0x76, 0x1c,
    0x18, 0x5, 0xfb, 0xee, 0x0,

    /* U+00E8 "è" */
    0x4, 0xfd, 0x0, 0xe4, 0x32, 0x10, 0xe, 0xf0,
    0x40, 0xe, 0x35, 0xd0, 0xf, 0x54, 0x0, 0x62,
    0xbf, 0xf5, 0x8, 0x3, 0x10, 0x44, 0xb4, 0xc,
    0x25, 0xde, 0x8, 0x3c, 0x8, 0x2, 0x20, 0x52,
    0x1, 0x0, 0x18, 0x7, 0xf0, 0x80, 0x4, 0x88,
    0x1, 0xcd, 0xba, 0x20, 0xc, 0x95, 0x59, 0x0,
    0x6, 0xab, 0x84, 0x3, 0xaf, 0x90, 0xc0, 0x33,
    0x8, 0x8, 0x8, 0x0, 0xc1, 0xf8, 0x10, 0x4,
    0x40, 0x6e, 0x5, 0xde, 0x8, 0x3, 0x86, 0x22,
    0x4a, 0x0,

    /* U+00E9 "é" */
    0x0, 0xaf, 0xd8, 0x3, 0x90, 0x58, 0x3, 0x18,
    0x58, 0x7, 0x29, 0xa8, 0x7, 0x36, 0x0, 0x71,
    0x5f, 0xfa, 0x84, 0x1, 0x88, 0x22, 0x5a, 0x6,
    0x12, 0xef, 0x4, 0x1e, 0x4, 0x1, 0x10, 0x29,
    0x0, 0x80, 0xc, 0x3, 0xf8, 0x40, 0x2, 0x44,
    0x0, 0xe6, 0xdd, 0x10, 0x6, 0x4a, 0xac, 0x80,
    0x3, 0x55, 0xc2, 0x1, 0xd7, 0xc8, 0x60, 0x19,
    0x84, 0x4, 0x4, 0x0, 0x60, 0xfc, 0x8, 0x2,
    0x20, 0x37, 0x2, 0xef, 0x4, 0x1, 0xc3, 0x11,
    0x25, 0x0,

    /* U+00EA "ê" */
    0x0, 0x67, 0xf8, 0xc0, 0x25, 0x37, 0xf, 0x0,
    0xa0, 0x25, 0x8d, 0x40, 0x19, 0xc3, 0x3c, 0xa0,
    0x1, 0x10, 0x0, 0x40, 0x22, 0xbf, 0xf5, 0x8,
    0x3, 0x10, 0x44, 0xb4, 0xc, 0x25, 0xde, 0x8,
    0x3c, 0x8, 0x2, 0x20, 0x52, 0x1, 0x0, 0x18,
    0x7, 0xf0, 0x80, 0x4, 0x88, 0x1, 0xcd, 0xba,
    0x20, 0xc, 0x95, 0x59, 0x0, 0x6, 0xab, 0x84,
    0x3, 0xaf, 0x90, 0xc0, 0x33, 0x8, 0x8, 0x8,
    0x0, 0xc1, 0xf8, 0x10, 0x4, 0x40, 0x6e, 0x5,
    0xde, 0x8, 0x3, 0x86, 0x22, 0x4a, 0x0,

    /* U+00EB "ë" */
    0x1f, 0xf3, 0x0, 0x3b, 0xe4, 0x4, 0x46, 0x0,
    0x21, 0x1b, 0xb8, 0xa0, 0xc, 0xe8, 0x0, 0x15,
    0xff, 0xa8, 0x40, 0x2c, 0x41, 0x12, 0xd0, 0x1,
    0x84, 0xbb, 0xc1, 0x4, 0x38, 0x10, 0x4, 0x40,
    0xa0, 0x40, 0x20, 0x3, 0x0, 0xff, 0x8, 0x4,
    0x24, 0x40, 0xf, 0x36, 0xe8, 0x80, 0x39, 0x2a,
    0xb2, 0x0, 0x46, 0xab, 0x84, 0x3, 0xd7, 0xc8,
    0x6, 0x1, 0x98, 0x40, 0x2, 0x2, 0x0, 0x30,
    0x70, 0xe0, 0x40, 0x11, 0x1, 0x83, 0x81, 0x77,
    0x82, 0x0, 0x7, 0xc, 0x44, 0x94, 0x0,

    /* U+00EC "ì" */
    0x5f, 0xd0, 0x53, 0x21, 0xf, 0x4, 0x3, 0x5d,
    0x0, 0x54, 0x3, 0x7e, 0x80, 0x7f, 0xfc, 0x0,

    /* U+00ED "í" */
    0xb, 0xf6, 0x4, 0x26, 0x30, 0x80, 0x43, 0x50,
    0x7c, 0x0, 0x37, 0xe8, 0x7, 0xff, 0xc4,

    /* U+00EE "î" */
    0x0, 0x84, 0x40, 0x1b, 0x7b, 0x88, 0x0, 0x62,
    0x80, 0x80, 0x4, 0x3, 0xb1, 0xa8, 0x77, 0x84,
    0xfa, 0x80, 0x1b, 0xf4, 0x3, 0xff, 0xfe, 0x1,
    0xff, 0xd4,

    /* U+00EF "ï" */
    0x2f, 0xf2, 0x80, 0x3b, 0xe0, 0xc4, 0x60, 0x1,
    0xf, 0x8f, 0x71, 0x0, 0x19, 0xce, 0x1, 0x37,
    0xe8, 0x7, 0xff, 0xfc, 0x3, 0xff, 0xe6,

    /* U+00F0 "ð" */
    0x0, 0x3f, 0x51, 0x0, 0xa0, 0x5, 0xc0, 0xbb,
    0x1f, 0x40, 0x14, 0xf9, 0x3, 0xa7, 0x80, 0x45,
    0x44, 0x0, 0xe1, 0x0, 0xa9, 0xa9, 0x0, 0xc0,
    0x34, 0x6a, 0x90, 0x70, 0x7, 0xc2, 0x6, 0x1,
    0x1d, 0x65, 0x8, 0x8, 0x0, 0x71, 0x4d, 0x58,
    0x1c, 0x1, 0x20, 0x5d, 0xc5, 0x1, 0x0, 0x18,
    0x50, 0x8b, 0x0, 0x33, 0x0, 0x80, 0x7f, 0x18,
    0x7, 0xff, 0x30, 0x40, 0x2, 0x6, 0x0, 0xe0,
    0x60, 0x2, 0x86, 0x80, 0x14, 0x34, 0x1, 0x60,
    0x9d, 0xe4, 0x2c, 0x0, 0x2b, 0x31, 0x12, 0x68,
    0x80, 0x0,

    /* U+00F1 "ñ" */
    0x1, 0x77, 0x18, 0x39, 0x7, 0xc4, 0x33, 0xe1,
    0x82, 0xb7, 0xa5, 0xa1, 0x1, 0x8, 0x5a, 0x5c,
    0x1f, 0xed, 0x77, 0xe8, 0x2, 0x58, 0x70, 0x58,
    0x0, 0xb6, 0xa0, 0x10, 0x0, 0x40, 0x3, 0x2,
    0x0, 0x38, 0x7, 0xff, 0xfc, 0x3, 0xff, 0x8c,

    /* U+00F2 "ò" */
    0x2, 0xff, 0x0, 0x71, 0x30, 0x20, 0x7, 0x40,
    0x60, 0x7, 0xc, 0x18, 0x7, 0x9e, 0xc0, 0x31,
    0x5f, 0xfa, 0x84, 0x1, 0x88, 0x22, 0x5d, 0x5,
    0x12, 0xef, 0x3, 0x2d, 0x4, 0x1, 0x30, 0x72,
    0x1, 0x0, 0x38, 0x10, 0x7, 0xff, 0x90, 0xc0,
    0x40, 0x30, 0x88, 0xc, 0x0, 0xc0, 0xe, 0x7,
    0x1, 0x20, 0x57, 0x12, 0xef, 0x2, 0x31, 0xd3,
    0x11, 0x27, 0x80,

    /* U+00F3 "ó" */
    0x0, 0xa3, 0xe4, 0x3, 0x90, 0x20, 0x3, 0x8d,
    0xc4, 0x3, 0x21, 0x48, 0x7, 0x26, 0x88, 0x6,
    0x2b, 0xff, 0x50, 0x80, 0x31, 0x4, 0x4b, 0xa0,
    0xa2, 0x5d, 0xe0, 0x65, 0xa0, 0x80, 0x26, 0xe,
    0x40, 0x20, 0x7, 0x2, 0x0, 0xff, 0xf2, 0x18,
    0x8, 0x6, 0x11, 0x1, 0x80, 0x18, 0x1, 0xc0,
    0xe0, 0x24, 0xa, 0xe2, 0x5d, 0xe0, 0x46, 0x3a,
    0x62, 0x24, 0xf0,

    /* U+00F4 "ô" */
    0x0, 0x4f, 0xf9, 0x80, 0x22, 0x65, 0x28, 0x0,
    0xa0, 0x26, 0xc5, 0xc0, 0x17, 0xc6, 0xdc, 0xe0,
    0x1, 0x10, 0x0, 0x40, 0x22, 0xbf, 0xf5, 0x8,
    0x3, 0x10, 0x44, 0xba, 0xa, 0x25, 0xde, 0x6,
    0x5a, 0x8, 0x2, 0x60, 0xe4, 0x2, 0x0, 0x70,
    0x20, 0xf, 0xff, 0x21, 0x80, 0x80, 0x61, 0x10,
    0x18, 0x1, 0x80, 0x1c, 0xe, 0x2, 0x40, 0xae,
    0x25, 0xde, 0x4, 0x63, 0xa6, 0x22, 0x4f, 0x0,

    /* U+00F5 "õ" */
    0xb, 0xfb, 0x44, 0x60, 0xa2, 0x19, 0x97, 0x62,
    0x14, 0xd9, 0xda, 0x6d, 0x0, 0x10, 0x1, 0x64,
    0xc0, 0x5, 0x7f, 0xea, 0x10, 0x6, 0x20, 0x89,
    0x74, 0x14, 0x4b, 0xbc, 0xc, 0xb4, 0x10, 0x4,
    0xc1, 0xc8, 0x4, 0x0, 0xe0, 0x40, 0x1f, 0xfe,
    0x43, 0x1, 0x0, 0xc2, 0x20, 0x30, 0x3, 0x0,
    0x38, 0x1c, 0x4, 0x81, 0x5c, 0x4b, 0xbc, 0x8,
    0xc7, 0x4c, 0x44, 0x9e, 0x0,

    /* U+00F6 "ö" */
    0xef, 0x80, 0x5, 0xfe, 0x10, 0xf8, 0x0, 0x44,
    0xd9, 0xce, 0x0, 0xae, 0xa0, 0x2b, 0xff, 0x50,
    0x80, 0x31, 0x4, 0x4b, 0xa0, 0xa2, 0x5d, 0xe0,
    0x65, 0xa0, 0x80, 0x26, 0xe, 0x40, 0x20, 0x7,
    0x2, 0x0, 0xff, 0xf2, 0x18, 0x8, 0x6, 0x11,
    0x1, 0x80, 0x18, 0x1, 0xc0, 0xe0, 0x24, 0xa,
    0xe2, 0x5d, 0xe0, 0x46, 0x3a, 0x62, 0x24, 0xf0,

    /* U+00F7 "÷" */
    0x0, 0x67, 0xb0, 0x7, 0xff, 0x1b, 0x74, 0xc0,
    0x18, 0x48, 0x2, 0xcc, 0xf3, 0x99, 0xfb, 0x7f,
    0xfd, 0x40, 0x1, 0x20, 0xe, 0xdd, 0x30, 0x7,
    0xff, 0x10,

    /* U+00F8 "ø" */
    0x0, 0xf3, 0x88, 0x7, 0x14, 0x8, 0x15, 0xff,
    0xb4, 0x80, 0x18, 0x82, 0x20, 0x20, 0x51, 0x2e,
    0xc0, 0x1, 0x68, 0x20, 0x30, 0x1, 0xc8, 0x4,
    0x34, 0x0, 0x40, 0x19, 0x0, 0x3c, 0x44, 0x30,
    0xe, 0x44, 0x38, 0x7, 0x6e, 0x80, 0x38, 0x51,
    0x0, 0x1c, 0x84, 0x40, 0x8, 0xc0, 0x90, 0x2,
    0x11, 0x0, 0x34, 0x18, 0x1, 0xc0, 0x5, 0x12,
    0x5, 0x70, 0x7, 0xf8, 0x8, 0xc4, 0x40, 0x22,
    0x4f, 0x0, 0xe, 0xff, 0xac, 0x80, 0x94, 0x80,
    0x38,

    /* U+00F9 "ù" */
    0x0, 0x6f, 0xa0, 0x7, 0x40, 0x60, 0x7, 0x29,
    0xa0, 0x7, 0xbc, 0x80, 0x3c, 0x7c, 0x1, 0x47,
    0xd0, 0x1, 0xbf, 0x40, 0x3f, 0xff, 0xe0, 0x1f,
    0xfc, 0x61, 0x0, 0x78, 0x20, 0x85, 0x80, 0x14,
    0x7, 0xbc, 0x40, 0x5, 0x22, 0xd, 0x60, 0x0,

    /* U+00FA "ú" */
    0x0, 0x93, 0xf4, 0x3, 0xb0, 0x20, 0x3, 0x90,
    0xd4, 0x3, 0x8a, 0x0, 0x3d, 0xc8, 0x1, 0x47,
    0xd0, 0x1, 0xbf, 0x40, 0x3f, 0xff, 0xe0, 0x1f,
    0xfc, 0x61, 0x0, 0x78, 0x20, 0x85, 0x80, 0x14,
    0x7, 0xbc, 0x40, 0x5, 0x22, 0xd, 0x60, 0x0,

    /* U+00FB "û" */
    0x0, 0x2f, 0xfa, 0x80, 0x34, 0xb, 0x29, 0x80,
    0x18, 0xa6, 0xc2, 0x0, 0xd, 0xce, 0x5d, 0x40,
    0x10, 0x80, 0x4, 0x41, 0x1f, 0x40, 0x6, 0xfd,
    0x0, 0xff, 0xff, 0x80, 0x7f, 0xf1, 0x84, 0x1,
    0xe0, 0x82, 0x16, 0x0, 0x50, 0x1e, 0xf1, 0x0,
    0x14, 0x88, 0x35, 0x80, 0x0,

    /* U+00FC "ü" */
    0xaf, 0xc0, 0x3, 0xff, 0x8c, 0x5c, 0x0, 0x23,
    0x4f, 0x58, 0x1, 0xbb, 0x91, 0xf4, 0x0, 0x6f,
    0xd0, 0xf, 0xff, 0xf8, 0x7, 0xff, 0x18, 0x40,
    0x1e, 0x8, 0x21, 0x60, 0x5, 0x1, 0xef, 0x10,
    0x1, 0x48, 0x83, 0x58, 0x0,

    /* U+00FD "ý" */
    0x0, 0x8b, 0xb4, 0x3, 0xca, 0x34, 0x1, 0xec,
    0x17, 0x0, 0xf2, 0x40, 0x7, 0xde, 0xc0, 0x19,
    0xbe, 0xc0, 0x5, 0xfe, 0x2, 0x6, 0x0, 0x30,
    0x10, 0x28, 0x10, 0x0, 0x41, 0xc0, 0x44, 0x2,
    0x4, 0x1a, 0x0, 0x50, 0x50, 0xe0, 0x20, 0x1,
    0x1, 0x1, 0x3, 0x80, 0x3c, 0x38, 0x18, 0x8,
    0x0, 0xa0, 0x40, 0x44, 0x0, 0x88, 0x18, 0x41,
    0x80, 0x21, 0x11, 0x10, 0xc, 0x3, 0x28, 0xb0,
    0x68, 0x6, 0x20, 0xd0, 0x60, 0xd, 0xe0, 0x60,
    0x60, 0x19, 0x41, 0x4, 0x3, 0x88, 0x0, 0xa0,
    0x1c, 0x22, 0x2, 0x0, 0xf1, 0x87, 0x80, 0x68,
    0xa2, 0x5, 0x0, 0xcc, 0xa0, 0xa6, 0x1, 0x0,

    /* U+00FE "þ" */
    0x6f, 0xc0, 0xf, 0xfe, 0x63, 0xf7, 0x1c, 0x2,
    0x38, 0x31, 0x83, 0x0, 0xb7, 0x48, 0x16, 0x0,
    0x22, 0x1, 0x81, 0x0, 0x4, 0x1, 0xe0, 0x20,
    0x1f, 0xfc, 0x37, 0x0, 0xff, 0xe9, 0xb8, 0x0,
    0x40, 0x3e, 0x30, 0x7, 0x80, 0x80, 0x4, 0x81,
    0x3, 0x40, 0x2d, 0xe3, 0x5, 0x0, 0x1b, 0x89,
    0x51, 0x0, 0x51, 0xfa, 0xa0, 0x1f, 0xfc, 0x50,

    /* U+00FF "ÿ" */
    0x9f, 0xd0, 0x3, 0x7f, 0x84, 0x70, 0x0, 0xc4,
    0x68, 0xec, 0x0, 0x2f, 0x70, 0x1b, 0xec, 0x0,
    0x5f, 0xe0, 0x20, 0x60, 0x3, 0x1, 0x2, 0x81,
    0x0, 0x4, 0x1c, 0x4, 0x40, 0x20, 0x41, 0xa0,
    0x5, 0x5, 0xe, 0x2, 0x0, 0x10, 0x10, 0x10,
    0x38, 0x3, 0xc3, 0x81, 0x80, 0x80, 0xa, 0x4,
    0x4, 0x40, 0x8, 0x81, 0x84, 0x18, 0x2, 0x11,
    0x11, 0x0, 0xc0, 0x32, 0x8b, 0x6, 0x80, 0x62,
    0xd, 0x6, 0x0, 0xde, 0x6, 0x6, 0x1, 0x94,
    0x10, 0x40, 0x38, 0x80, 0xa, 0x1, 0xc2, 0x20,
    0x20, 0xf, 0x18, 0x78, 0x6, 0x8a, 0x20, 0x50,
    0xc, 0xca, 0xa, 0x60, 0x10,

    /* U+F001 "" */
    0x0, 0xff, 0xe4, 0x88, 0x7, 0xff, 0x1d, 0x67,
    0xb9, 0x0, 0x1f, 0xfc, 0x22, 0x6b, 0xfa, 0x61,
    0x5, 0x0, 0xff, 0x92, 0x37, 0x52, 0x80, 0x1f,
    0xfc, 0x11, 0x5a, 0xfb, 0x72, 0x0, 0xff, 0xe1,
    0xaf, 0x52, 0x80, 0x7f, 0xf1, 0xfc, 0x3, 0xff,
    0xa8, 0x4d, 0x7e, 0x20, 0x1f, 0xfc, 0x33, 0x8d,
    0xd4, 0xa0, 0x7, 0xff, 0x4, 0x56, 0xbb, 0x1c,
    0x80, 0x3f, 0xf8, 0x9f, 0x4a, 0x20, 0x1f, 0xff,
    0xf0, 0xf, 0xfe, 0x49, 0xaa, 0x8, 0x7, 0xff,
    0x15, 0x7b, 0x2a, 0xc0, 0x3f, 0xf8, 0xa7, 0x42,
    0x1, 0xf8, 0x5a, 0x64, 0xe0, 0x1f, 0x28, 0x7,
    0xc2, 0xd, 0xd2, 0xcc, 0x20, 0xf, 0x9c, 0x40,
    0x3d, 0x43, 0x20, 0x1f, 0xfc, 0x1, 0xc5, 0x0,
    0x8e, 0x98, 0x3, 0xf8, 0x40, 0x38, 0xab, 0xfb,
    0xf1, 0x40, 0x58, 0x3, 0xd0, 0x1, 0xfc, 0x20,
    0x1d, 0x36, 0xa6, 0x65, 0xc7, 0x0, 0xff, 0xe1,
    0x0,

    /* U+F008 "" */
    0x42, 0x0, 0x3c, 0x47, 0xff, 0x1, 0xc0, 0x4,
    0x97, 0x44, 0x49, 0x77, 0xff, 0xe0, 0x49, 0x12,
    0xac, 0x1f, 0x74, 0x20, 0x8c, 0xdf, 0x90, 0x7,
    0x74, 0xe0, 0x6, 0xbb, 0x0, 0x22, 0x67, 0xf4,
    0x0, 0x2e, 0xcc, 0x0, 0xf4, 0x40, 0x80, 0x7f,
    0xf0, 0x5, 0x11, 0xe0, 0x1, 0x0, 0xff, 0xe3,
    0x8, 0x2, 0x3f, 0xc2, 0x1, 0xff, 0xc0, 0x1f,
    0xf4, 0x0, 0x16, 0x64, 0x0, 0x44, 0xff, 0x0,
    0x26, 0x4a, 0x0, 0xc6, 0x60, 0x84, 0x5d, 0xfe,
    0x80, 0x16, 0x66, 0x0, 0x7c, 0x46, 0x7f, 0x88,
    0x3, 0xe9, 0xee, 0x8, 0x76, 0x67, 0xee, 0x1,
    0xee, 0x48, 0x0, 0xd9, 0x80, 0x1f, 0xfc, 0x26,
    0x61, 0x80, 0x2a, 0x20, 0x20, 0x1f, 0xfc, 0x1,
    0x88, 0x50, 0x7, 0xff, 0x32, 0x33, 0x2, 0xe,
    0x23, 0xf9, 0xc0, 0x73, 0x10, 0x0, 0x36, 0x60,
    0x2, 0xfb, 0xbf, 0x58, 0x1, 0x98, 0x60, 0x77,
    0x54, 0x10, 0xf, 0xfe, 0x0, 0xd5, 0x2c, 0xc0,

    /* U+F00B "" */
    0xbf, 0xfd, 0xc6, 0x3b, 0xff, 0xff, 0xc0, 0xb4,
    0x0, 0xc2, 0xa4, 0x40, 0xf, 0xfe, 0x2, 0x0,
    0x7f, 0xfd, 0xa9, 0xdf, 0x43, 0x1c, 0x3b, 0xff,
    0xf0, 0x29, 0x62, 0x33, 0x80, 0x1e, 0x23, 0xff,
    0x80, 0xb9, 0xff, 0xc6, 0x3d, 0xff, 0xff, 0xc0,
    0xc3, 0x0, 0xe5, 0x21, 0x0, 0xff, 0xe0, 0x18,
    0x7, 0xff, 0x98, 0xc0, 0x3f, 0xf8, 0x77, 0xe,
    0xf4, 0x29, 0xcb, 0xbf, 0xfd, 0x16, 0x8f, 0x11,
    0x38, 0x1, 0xa2, 0x3f, 0xe7, 0x4c, 0xff, 0xe3,
    0x1e, 0xff, 0xff, 0xe0, 0x61, 0x80, 0x72, 0x90,
    0x80, 0x7f, 0xf0, 0xc, 0x3, 0xff, 0xcc, 0x62,
    0x1, 0xff, 0xc2, 0xc8, 0x8d, 0x2a, 0x55, 0x11,
    0xff, 0xc0, 0xb0,

    /* U+F00C "" */
    0x0, 0xff, 0xe3, 0xb, 0x0, 0x7f, 0xf1, 0xcb,
    0xe6, 0xc0, 0x3f, 0xf8, 0xa5, 0x82, 0x9, 0x60,
    0x1f, 0xfc, 0x32, 0xc1, 0x0, 0x94, 0x3, 0xff,
    0x84, 0x58, 0x20, 0x1b, 0x40, 0x3f, 0xf8, 0x25,
    0x82, 0x1, 0xb0, 0xc1, 0x3a, 0x0, 0x3f, 0x16,
    0x8, 0x6, 0xc3, 0x4, 0xb1, 0x78, 0x0, 0xf1,
    0x60, 0x80, 0x6c, 0x30, 0x5, 0x0, 0x4f, 0x0,
    0x18, 0xb0, 0x40, 0x36, 0x18, 0x4, 0x80, 0x19,
    0xe0, 0x0, 0x58, 0x20, 0x1b, 0xc, 0x3, 0x52,
    0x80, 0x67, 0x82, 0xc1, 0x0, 0xd8, 0x60, 0x1e,
    0xa5, 0x0, 0xcf, 0xa2, 0x1, 0xb0, 0xc0, 0x3f,
    0x52, 0x80, 0x7f, 0x61, 0x80, 0x7f, 0xa9, 0x40,
    0x3e, 0xc3, 0x0, 0xff, 0xe0, 0x52, 0x80, 0x76,
    0x18, 0x7, 0xff, 0xa, 0x94, 0x0, 0x38, 0x60,
    0x1f, 0xfc, 0x4a, 0x62, 0xd3, 0x0, 0xff, 0x80,

    /* U+F00D "" */
    0x8, 0xc4, 0x0, 0xf8, 0xb2, 0x40, 0x12, 0xe7,
    0x68, 0x1, 0xc5, 0x86, 0xd6, 0xc, 0x1, 0x5a,
    0x0, 0x45, 0x82, 0x0, 0x41, 0x80, 0xd, 0x68,
    0x5, 0x82, 0x1, 0x30, 0xbb, 0x80, 0x35, 0xb6,
    0x8, 0x4, 0xb2, 0x0, 0x87, 0x0, 0xd2, 0x20,
    0x12, 0xd0, 0x6, 0x87, 0x0, 0xf9, 0x68, 0x3,
    0xd0, 0xc0, 0x1c, 0x94, 0x1, 0xf1, 0x38, 0x7,
    0x22, 0x0, 0x3c, 0x58, 0x20, 0x1e, 0xb4, 0x0,
    0xc5, 0x82, 0x1, 0x10, 0x6, 0xb4, 0x0, 0x16,
    0x8, 0x4, 0xba, 0xe0, 0x1a, 0xd0, 0x3c, 0x40,
    0x25, 0xa0, 0x87, 0x0, 0xd6, 0x1, 0xcb, 0x40,
    0x14, 0x38, 0x4, 0x21, 0xe2, 0xb, 0x40, 0x1d,
    0xe, 0x0, 0xd0, 0x2e, 0xca, 0x0, 0xfa, 0x37,
    0x8c, 0x0,

    /* U+F011 "" */
    0x0, 0xfe, 0x13, 0x30, 0x7, 0xff, 0x1f, 0x32,
    0x60, 0xf, 0xfe, 0x31, 0x80, 0x38, 0x3, 0xff,
    0x83, 0x5e, 0xa0, 0x1f, 0xaf, 0xd0, 0x3, 0xeb,
    0x50, 0xb0, 0xf, 0x91, 0x1, 0x6a, 0x1, 0xd2,
    0x80, 0x1f, 0xe1, 0x0, 0xa8, 0x80, 0x23, 0x60,
    0x0, 0xe8, 0x7, 0xca, 0xe0, 0x17, 0x0, 0x50,
    0x1, 0x69, 0x80, 0x7e, 0x85, 0x0, 0x1a, 0x80,
    0xa0, 0x1, 0x8c, 0x3, 0xfd, 0x60, 0x17, 0x3,
    0x80, 0x54, 0x1, 0xff, 0xb, 0x0, 0x10, 0x38,
    0x2, 0x30, 0xf, 0xfe, 0x6, 0x0, 0x44, 0x40,
    0x1, 0x0, 0x7f, 0xf0, 0x58, 0x2, 0x13, 0x0,
    0xfc, 0x40, 0xd, 0x0, 0xce, 0x1, 0x8, 0x80,
    0x4, 0x1, 0xd9, 0xdc, 0x50, 0xc, 0x40, 0x11,
    0xe0, 0x4, 0xa0, 0x1c, 0x22, 0x0, 0xed, 0x0,
    0x8, 0x90, 0x2, 0x90, 0xf, 0xf8, 0xd0, 0x0,
    0xe0, 0x7, 0x0, 0x1c, 0x0, 0x7f, 0xe, 0x80,
    0x56, 0x0, 0x91, 0x0, 0x3c, 0x80, 0x7c, 0x58,
    0x20, 0x6, 0x20, 0x0, 0xd0, 0x4, 0xda, 0xc4,
    0x2, 0x93, 0xa4, 0x0, 0x39, 0x0, 0xc9, 0x20,
    0x11, 0x4e, 0xff, 0x5b, 0x0, 0x45, 0xa0, 0x1e,
    0x6b, 0x10, 0xf, 0xf2, 0xe8, 0x80, 0x7c, 0x9d,
    0x4, 0x1, 0xe4, 0xba, 0x0, 0xff, 0x9f, 0x75,
    0x53, 0x59, 0xf6, 0x80, 0x1e,

    /* U+F013 "" */
    0x0, 0xff, 0xe9, 0x36, 0x77, 0x31, 0xc0, 0x3f,
    0xf8, 0x9a, 0x62, 0x23, 0xb0, 0xf, 0xfe, 0xac,
    0x18, 0x15, 0x20, 0x6, 0x3b, 0x20, 0x38, 0x0,
    0xe8, 0x7c, 0xbd, 0x50, 0xf, 0x26, 0xde, 0x3c,
    0x0, 0x46, 0xe0, 0x4, 0x0, 0xff, 0x20, 0x1,
    0xd0, 0x1, 0x0, 0x1f, 0xfc, 0x6f, 0x1, 0x40,
    0xf, 0x96, 0xa8, 0xa0, 0x1f, 0x21, 0xc, 0x88,
    0x7, 0x45, 0x2a, 0xaa, 0x0, 0x3d, 0x24, 0xd,
    0x80, 0x18, 0x9c, 0x3, 0x39, 0x80, 0x6c, 0x60,
    0x8, 0x40, 0x33, 0x80, 0x79, 0x40, 0x3f, 0x84,
    0x3, 0x8, 0x7, 0x8c, 0x3, 0xfa, 0x80, 0x32,
    0x10, 0x6, 0x15, 0x0, 0xd4, 0x0, 0x1e, 0x70,
    0xe, 0xf3, 0x0, 0x1e, 0x0, 0x73, 0x70, 0x88,
    0x3, 0xe2, 0xce, 0xe6, 0x10, 0x7, 0xc2, 0x12,
    0x1, 0xf8, 0x44, 0x1, 0xf9, 0x80, 0xe, 0x40,
    0x1f, 0xfc, 0x42, 0x80, 0xb, 0xc1, 0x35, 0x80,
    0x3f, 0x2e, 0xa8, 0x70, 0x6, 0x2e, 0xb2, 0x9d,
    0x20, 0xc, 0x39, 0x45, 0x5c, 0x60, 0x1c, 0x20,
    0x11, 0x30, 0x6, 0x23, 0x0, 0x84, 0x3, 0xff,
    0x88, 0xe0, 0x1f, 0xfc, 0x4a, 0xb9, 0x95, 0xd0,
    0x7, 0xe0,

    /* U+F015 "" */
    0x0, 0xff, 0xd, 0xf4, 0x80, 0x4b, 0xfe, 0xd0,
    0xf, 0xfe, 0x9, 0xfa, 0xb, 0x60, 0x81, 0x0,
    0x8, 0x3, 0xff, 0x80, 0xd8, 0x20, 0x11, 0xf9,
    0x80, 0x7f, 0xf0, 0xe6, 0x40, 0x4, 0xb2, 0x1,
    0xcc, 0x0, 0x7f, 0xf0, 0x6, 0xd8, 0x0, 0xf6,
    0x98, 0x80, 0x4, 0x0, 0xff, 0x8b, 0x10, 0x1,
    0x51, 0xf, 0x4b, 0x60, 0xf, 0xfe, 0x2, 0x69,
    0x0, 0xe2, 0xdb, 0x85, 0x3c, 0xc8, 0x3, 0x8,
    0x7, 0x3d, 0x80, 0xf, 0xc7, 0x50, 0x2, 0x8a,
    0x6c, 0x10, 0x7, 0x98, 0x5, 0x50, 0x0, 0x5c,
    0x2c, 0x20, 0xe, 0x5c, 0x2c, 0x20, 0x1c, 0x60,
    0xc5, 0x0, 0x45, 0x36, 0x8, 0x7, 0xc7, 0xe3,
    0xa8, 0x0, 0x98, 0x50, 0x5, 0x3c, 0xc8, 0x3,
    0xfc, 0x38, 0xb6, 0xe0, 0xd, 0x96, 0xc5, 0xa6,
    0x0, 0xff, 0xe0, 0xd3, 0x45, 0x42, 0x84, 0x98,
    0x20, 0x7, 0xff, 0xf, 0x1, 0x5c, 0x3, 0xff,
    0x80, 0x67, 0x0, 0x7f, 0xf2, 0x6b, 0x32, 0x60,
    0xf, 0xff, 0xf8, 0x7, 0xff, 0x8, 0xc0, 0x38,
    0x40, 0x21, 0x0, 0xe3, 0x0, 0xfd, 0xf7, 0x7c,
    0x80, 0x14, 0xdd, 0xf4, 0x0, 0x60,

    /* U+F019 "" */
    0x0, 0xfe, 0x22, 0xc0, 0x1f, 0xfc, 0x59, 0xdd,
    0xd2, 0x1, 0xff, 0xc4, 0x50, 0xc, 0xa0, 0x1f,
    0xff, 0xf0, 0xf, 0xff, 0xc1, 0xf7, 0x63, 0x0,
    0xc7, 0xdd, 0x88, 0x3, 0xc2, 0x3c, 0x1, 0xe1,
    0x1c, 0x1, 0xf1, 0x60, 0x7, 0xff, 0x3, 0x8,
    0x3, 0xe3, 0xc0, 0xf, 0xf6, 0x18, 0x7, 0xf1,
    0xe0, 0x7, 0xec, 0x30, 0xf, 0xf8, 0xf0, 0x3,
    0xd6, 0x60, 0x1f, 0xfc, 0x13, 0xb0, 0xd, 0x68,
    0x1, 0xf6, 0x7f, 0xfb, 0x12, 0xc0, 0x16, 0x99,
    0xff, 0xec, 0x30, 0xf, 0x1e, 0x26, 0xe2, 0x61,
    0x80, 0x78, 0xc0, 0x3f, 0x1e, 0x33, 0xe1, 0x80,
    0x7f, 0xf1, 0x4e, 0xec, 0x60, 0x1f, 0xfc, 0xce,
    0x91, 0xf4, 0x0, 0xff, 0xe2, 0xbe, 0xa, 0xb0,
    0x1, 0x0, 0x3f, 0xf8, 0x52, 0xa1, 0x44, 0x8,

    /* U+F01C "" */
    0x0, 0xe4, 0xab, 0xbf, 0xfa, 0x88, 0x3, 0xf9,
    0x2d, 0x51, 0x3f, 0xe5, 0xc1, 0x0, 0xfd, 0x40,
    0x1f, 0xfc, 0x21, 0xa0, 0xf, 0xa4, 0x41, 0x7f,
    0xff, 0xdc, 0x40, 0x8a, 0x1, 0xc8, 0xc0, 0x36,
    0x1, 0xfe, 0x19, 0x0, 0x58, 0x80, 0x69, 0x0,
    0x40, 0x80, 0x7f, 0xc8, 0xa0, 0x36, 0x1, 0x49,
    0x1, 0xb0, 0x7, 0xff, 0x6, 0xc4, 0x15, 0x40,
    0x6c, 0x0, 0xe0, 0xf, 0xfe, 0x10, 0xd8, 0x2,
    0xc7, 0x80, 0xa, 0xc8, 0x91, 0x0, 0x7c, 0x68,
    0x90, 0x90, 0xc, 0x90, 0x1, 0x6e, 0xf6, 0x0,
    0x78, 0xf2, 0xef, 0x10, 0x0, 0xc0, 0x3f, 0xb,
    0x80, 0x74, 0x0, 0x7e, 0x70, 0xf, 0xe9, 0x88,
    0xe4, 0x0, 0xff, 0xe3, 0xb, 0xbf, 0x0, 0x7f,
    0xfb, 0xdc, 0x80, 0x3f, 0xf9, 0x65, 0x22, 0x1,
    0xff, 0xc9, 0x38,

    /* U+F021 "" */
    0x0, 0xff, 0xe3, 0xb3, 0xb0, 0x7, 0xcb, 0x39,
    0xba, 0xb8, 0x30, 0xd, 0x31, 0x20, 0x1c, 0xdd,
    0x4c, 0x64, 0x44, 0x7c, 0xc2, 0x0, 0x7f, 0x5c,
    0x88, 0x7, 0xe3, 0xb9, 0x0, 0xfb, 0x10, 0x2,
    0x5a, 0xcb, 0x94, 0x0, 0x9b, 0x4, 0x3, 0x51,
    0x80, 0x13, 0x69, 0x4d, 0x1a, 0xf5, 0x0, 0x6,
    0x20, 0x12, 0xa8, 0x0, 0xd6, 0x40, 0x1e, 0x2b,
    0x70, 0xf, 0x40, 0x1, 0x24, 0x3, 0xcf, 0xba,
    0xc3, 0x0, 0xe2, 0x20, 0x2, 0x40, 0x3e, 0xd2,
    0x21, 0xa0, 0x7, 0x20, 0x1, 0x8, 0x3, 0xe3,
    0x0, 0xfe, 0x6d, 0xd5, 0x80, 0x7e, 0x9d, 0xdf,
    0xdc, 0x4, 0x40, 0xf, 0xf1, 0x17, 0xe1, 0x0,
    0xff, 0xe5, 0x6f, 0x77, 0xe7, 0x0, 0xfd, 0x3d,
    0xc5, 0x21, 0x1f, 0xda, 0x1, 0xf0, 0xb0, 0x89,
    0x80, 0x3f, 0x8c, 0x3, 0xe8, 0x0, 0x9, 0x80,
    0x75, 0xff, 0xba, 0x40, 0x3c, 0xac, 0x0, 0x90,
    0xf, 0x5b, 0x80, 0x80, 0x79, 0xe8, 0x0, 0x4e,
    0x1, 0xf4, 0x6b, 0x8, 0x4, 0xb9, 0x0, 0x17,
    0x80, 0x61, 0xc1, 0x0, 0x14, 0xf7, 0x5f, 0x46,
    0x0, 0x1c, 0x20, 0xc, 0x27, 0xec, 0x1, 0x84,
    0x40, 0x19, 0x3c, 0xc0, 0x3e, 0x19, 0xd7, 0x20,
    0xc, 0x2b, 0x96, 0x20, 0x19, 0x51, 0x40, 0x22,
    0x8d, 0xec, 0xc7, 0x72, 0x8c, 0x3, 0xc0,

    /* U+F026 "" */
    0x0, 0xfe, 0x33, 0x0, 0x7e, 0x6c, 0xc0, 0x7,
    0xcd, 0x20, 0x1f, 0x9a, 0x40, 0x22, 0x44, 0xcf,
    0x20, 0x1b, 0x2e, 0xf4, 0x0, 0x70, 0x80, 0x7f,
    0xfd, 0x50, 0x3, 0xfd, 0x7f, 0xfb, 0x44, 0x3,
    0xf8, 0xb0, 0x40, 0x3f, 0x8b, 0x4, 0x3, 0xf8,
    0xb0, 0x4c, 0x3, 0xf1, 0x76, 0x0,

    /* U+F027 "" */
    0x0, 0xfe, 0x33, 0x0, 0x7f, 0xf0, 0x9b, 0x30,
    0x1, 0xff, 0xc1, 0x69, 0x0, 0xff, 0xe1, 0x34,
    0x80, 0x7f, 0x12, 0x26, 0x79, 0x0, 0xff, 0x65,
    0xde, 0x80, 0xf, 0x9d, 0x40, 0x2, 0x1, 0xff,
    0x14, 0x53, 0x80, 0x7f, 0xf0, 0x4a, 0x2, 0x0,
    0x3f, 0xf8, 0x4e, 0x40, 0x60, 0x1f, 0xfc, 0x22,
    0x0, 0xff, 0xe1, 0xe0, 0x11, 0x80, 0x7f, 0xf0,
    0x4, 0xc7, 0xc1, 0x0, 0x3f, 0xe1, 0xee, 0x10,
    0x5f, 0xfe, 0xd1, 0x0, 0xf0, 0x80, 0x7e, 0x2c,
    0x10, 0xf, 0xfe, 0x19, 0x60, 0x80, 0x7f, 0xf0,
    0xcb, 0x8, 0xc0, 0x3f, 0xf8, 0x45, 0xb8, 0x1,
    0xe0,

    /* U+F028 "" */
    0x0, 0xff, 0xe3, 0x39, 0x80, 0x7f, 0xf2, 0x92,
    0x31, 0xc0, 0x3f, 0xf8, 0x26, 0x60, 0xf, 0x23,
    0x4, 0x38, 0x7, 0xfc, 0xd9, 0x80, 0xe, 0x10,
    0x98, 0x8, 0x50, 0xf, 0xe6, 0x90, 0xf, 0x2f,
    0x48, 0x3b, 0x5, 0x88, 0x7, 0xcd, 0x20, 0x1f,
    0x8, 0x35, 0x84, 0x90, 0xc8, 0x12, 0x26, 0x79,
    0x0, 0xfc, 0x98, 0x8, 0xe1, 0x20, 0xe1, 0x97,
    0x7a, 0x0, 0x3e, 0x86, 0x3, 0xb0, 0x81, 0x42,
    0x4, 0x10, 0xf, 0xf8, 0x9e, 0x5c, 0x10, 0xc1,
    0xc1, 0x3, 0x0, 0x3f, 0xf8, 0x5, 0x21, 0x2,
    0x16, 0x1e, 0x1e, 0x4, 0x1, 0xff, 0xc1, 0x62,
    0x5, 0x2, 0x2, 0x3, 0x1, 0x0, 0xff, 0xe0,
    0x89, 0x3, 0x0, 0x42, 0x1, 0xff, 0xc5, 0xc0,
    0x32, 0xc, 0x2, 0x2, 0x2, 0x0, 0xff, 0xe0,
    0x9, 0x13, 0x80, 0x5c, 0x2c, 0x30, 0x3d, 0x0,
    0x3f, 0xe1, 0xed, 0x20, 0xb1, 0x33, 0xa, 0x2,
    0x5f, 0xfe, 0xd1, 0x0, 0xf0, 0x80, 0x2d, 0x43,
    0x82, 0x40, 0xc8, 0x3, 0x8b, 0x4, 0x3, 0xe7,
    0x40, 0xb2, 0x23, 0x84, 0x0, 0x7c, 0x58, 0x20,
    0x1e, 0x66, 0x6a, 0xf, 0x82, 0xa0, 0x7, 0xe2,
    0xc1, 0x30, 0xc, 0x32, 0x44, 0xc2, 0x25, 0x80,
    0x7f, 0x8b, 0xb0, 0x3, 0xc5, 0xa4, 0x4f, 0x10,
    0xf, 0xfe, 0x4a, 0x61, 0x0, 0x7f, 0xf2, 0xb,
    0xec, 0x40, 0x30,

    /* U+F03E "" */
    0x5, 0x77, 0xff, 0xe3, 0x28, 0x4d, 0x44, 0x7f,
    0xf1, 0xaa, 0x58, 0x3, 0xff, 0x90, 0xc0, 0x14,
    0xff, 0x20, 0x7, 0xff, 0x15, 0x98, 0x3, 0x60,
    0x1f, 0xfc, 0x5e, 0x0, 0xc4, 0x1, 0xe2, 0x40,
    0xf, 0xd6, 0x1, 0x11, 0x0, 0x38, 0xb2, 0xd4,
    0x3, 0xe3, 0xb5, 0x6c, 0x0, 0xe2, 0xc1, 0xa,
    0x50, 0xf, 0x92, 0xa4, 0x40, 0x31, 0x60, 0x80,
    0x54, 0xa0, 0x1f, 0xa3, 0x44, 0x0, 0x58, 0x20,
    0x1d, 0x44, 0x1, 0xe8, 0x72, 0xc1, 0x2c, 0x10,
    0xf, 0x84, 0x3, 0xa1, 0xc0, 0x5, 0x98, 0x10,
    0xf, 0xfe, 0x9, 0xb8, 0x6, 0x21, 0x0, 0xff,
    0xec, 0x1e, 0x67, 0xff, 0x10, 0xc0, 0x2, 0x0,
    0x33, 0xff, 0xe2, 0x0, 0xa, 0x84, 0x3, 0xff,
    0x8c, 0x32,

    /* U+F048 "" */
    0x0, 0xff, 0xe1, 0x8f, 0x7e, 0x0, 0x7e, 0xbd,
    0x33, 0x8, 0x10, 0x7, 0x87, 0x50, 0xac, 0x3,
    0xf8, 0xb0, 0x80, 0x2, 0x1, 0xf8, 0xb0, 0x80,
    0x3f, 0xe3, 0xc1, 0x0, 0xff, 0x93, 0x4, 0x3,
    0xfe, 0x5b, 0x0, 0xff, 0xe0, 0x35, 0x0, 0x7f,
    0xf0, 0x6, 0x40, 0x3f, 0xfc, 0x6, 0x1, 0xff,
    0xc1, 0x1c, 0x40, 0xf, 0xfe, 0x15, 0xa8, 0x7,
    0xff, 0xa, 0x9c, 0x3, 0xff, 0x85, 0x10, 0x0,
    0xff, 0xe1, 0x3c, 0x80, 0x7f, 0xf0, 0x9a, 0x80,
    0x3f, 0xf8, 0x4b, 0x60, 0xc, 0x2b, 0xb6, 0x80,
    0x7c, 0x9d, 0x8a,

    /* U+F04B "" */
    0x2, 0x20, 0x7, 0xff, 0x16, 0x37, 0x56, 0x40,
    0x1f, 0xfc, 0x37, 0x0, 0x26, 0xc0, 0x7, 0xff,
    0x1d, 0xf9, 0x40, 0x3f, 0xf8, 0xc3, 0x58, 0x40,
    0x1f, 0xfc, 0x63, 0xd9, 0x10, 0xf, 0xfe, 0x33,
    0x7b, 0x0, 0x7f, 0xf1, 0x86, 0x70, 0xc0, 0x3f,
    0xf8, 0xc7, 0x92, 0x20, 0x1f, 0xfc, 0x66, 0xe7,
    0x0, 0xff, 0xe3, 0xc6, 0x0, 0x7f, 0xf1, 0xcc,
    0xc0, 0x1f, 0xfc, 0x72, 0x0, 0xff, 0xe2, 0x8d,
    0x88, 0x7, 0xff, 0x11, 0xf9, 0x0, 0x3f, 0xf8,
    0x69, 0xb0, 0x1, 0xff, 0xc3, 0x2b, 0xb1, 0x0,
    0x7f, 0xf0, 0xe3, 0x50, 0x3, 0xff, 0x86, 0xbc,
    0xe0, 0x1f, 0xfc, 0x32, 0xba, 0x10, 0xf, 0xfe,
    0x1c, 0x6a, 0x0, 0x7f, 0xc6, 0x1, 0x37, 0x38,
    0x7, 0xff, 0x7, 0x95, 0x59, 0x22, 0x1, 0xff,
    0xc2, 0x2a, 0xa1, 0x80, 0x7f, 0xf1, 0x0,

    /* U+F04C "" */
    0x3d, 0xff, 0xdc, 0xc0, 0x11, 0xef, 0xfe, 0xe6,
    0xe, 0x20, 0xc, 0x32, 0x20, 0xe, 0x20, 0xc,
    0x32, 0x24, 0x1, 0xf1, 0x0, 0x8, 0x3, 0xe2,
    0x0, 0xfc, 0xe0, 0x1f, 0xe7, 0x0, 0xff, 0xff,
    0x80, 0x7f, 0xff, 0xc0, 0x3f, 0xff, 0xe0, 0x1f,
    0xfd, 0xf7, 0x0, 0xff, 0x3b, 0x80, 0x3c, 0x86,
    0x0, 0x70, 0xf, 0x21, 0xc6, 0xdd, 0xec, 0xb0,
    0xa, 0x36, 0xef, 0x65, 0x80,

    /* U+F04D "" */
    0x3d, 0xff, 0xff, 0xe1, 0xf3, 0x7, 0x10, 0x7,
    0xff, 0xc, 0x64, 0x48, 0x3, 0xff, 0x8c, 0x40,
    0x1f, 0xfc, 0x77, 0x0, 0xff, 0xff, 0x80, 0x7f,
    0xff, 0xc0, 0x3f, 0xff, 0xe0, 0x1f, 0xfe, 0xa7,
    0x70, 0x7, 0xff, 0x15, 0xe, 0x36, 0xef, 0xff,
    0x87, 0x96, 0x0,

    /* U+F051 "" */
    0x0, 0xff, 0xe1, 0x96, 0xe0, 0x80, 0x7d, 0x7f,
    0xe3, 0x52, 0x3c, 0x20, 0xf, 0x30, 0x1, 0xc0,
    0x22, 0xc3, 0x0, 0xff, 0xe0, 0x8e, 0x20, 0x7,
    0xff, 0xa, 0xd4, 0x3, 0xff, 0x85, 0x4c, 0x1,
    0xff, 0xc2, 0x97, 0x0, 0xff, 0xe1, 0x44, 0x0,
    0x3f, 0xf8, 0x4e, 0x40, 0x1f, 0xfd, 0xf3, 0x20,
    0xf, 0xfe, 0x2, 0x60, 0x7, 0xff, 0x1, 0x2c,
    0x3, 0xff, 0x80, 0xd6, 0x1, 0xff, 0xc0, 0x79,
    0x0, 0xff, 0xe0, 0x44, 0x0, 0x3f, 0xf8, 0x12,
    0xe0, 0x1f, 0xc6, 0x0, 0xa6, 0x0, 0xf0, 0x80,
    0x49, 0xba, 0x50, 0xf, 0xba, 0xec, 0x80,

    /* U+F052 "" */
    0x0, 0xfe, 0x8e, 0xa1, 0x0, 0xff, 0xe2, 0x4b,
    0x8a, 0xe8, 0x7, 0xff, 0xd, 0xd8, 0x2, 0x3b,
    0x0, 0xff, 0xe0, 0xb4, 0x0, 0x72, 0x50, 0x7,
    0xfc, 0xb2, 0x1, 0xf2, 0xc8, 0x7, 0xf2, 0x50,
    0x7, 0xf3, 0x38, 0x7, 0xc7, 0x60, 0x1f, 0xf4,
    0x30, 0x7, 0x16, 0x80, 0x7f, 0xf0, 0x65, 0x40,
    0x21, 0xc1, 0x0, 0xff, 0xe1, 0x52, 0x0, 0x34,
    0x40, 0x3f, 0xf8, 0x94, 0x20, 0x60, 0x1f, 0xfc,
    0x51, 0x20, 0x60, 0xf, 0xfe, 0x29, 0x18, 0x4d,
    0x4c, 0xff, 0xf1, 0x30, 0x2, 0x56, 0x6f, 0xfe,
    0x20, 0x80, 0x2b, 0xff, 0xff, 0x8b, 0xa0, 0x5,
    0x0, 0xff, 0xe2, 0x91, 0x80, 0x7f, 0xf2, 0x1c,
    0x3, 0xff, 0x94, 0x20, 0x1f, 0xfc, 0x66, 0xc,
    0x88, 0xff, 0xe2, 0xe1, 0x0,

    /* U+F053 "" */
    0x0, 0xfc, 0x32, 0x40, 0x1f, 0x87, 0x1b, 0x8,
    0x3, 0xc3, 0x84, 0x3, 0x40, 0x1c, 0x38, 0x40,
    0x2, 0x90, 0xc, 0x38, 0x40, 0x3, 0xc1, 0x0,
    0x87, 0x8, 0x0, 0x7a, 0x20, 0x10, 0xe1, 0x0,
    0xf, 0x44, 0x2, 0x1c, 0x20, 0x1, 0xe8, 0x80,
    0x43, 0x84, 0x0, 0x3d, 0x10, 0xd, 0x44, 0x0,
    0x2d, 0x10, 0xe, 0xc0, 0x8, 0x9c, 0x3, 0xcf,
    0x0, 0x14, 0xb0, 0x7, 0x9e, 0x0, 0x29, 0x60,
    0xf, 0x3c, 0x0, 0x52, 0xc0, 0x1e, 0x78, 0x0,
    0xa5, 0x80, 0x3c, 0xf0, 0x1, 0x4b, 0x0, 0x79,
    0xe0, 0x2, 0x95, 0x0, 0xf3, 0xc0, 0x4, 0x60,
    0x1f, 0x3c, 0x3, 0x30, 0x3, 0xf3, 0xf4, 0x80,

    /* U+F054 "" */
    0x5, 0x80, 0xf, 0xe5, 0xa7, 0xb0, 0xf, 0xd2,
    0x0, 0x4b, 0x0, 0xfb, 0xc4, 0x0, 0x96, 0x1,
    0xe3, 0xd1, 0x0, 0x25, 0x80, 0x78, 0xf4, 0x40,
    0x9, 0x60, 0x1e, 0x3d, 0x10, 0x2, 0x58, 0x7,
    0x8f, 0x44, 0x0, 0x96, 0x1, 0xe3, 0xd1, 0x0,
    0x25, 0x80, 0x78, 0xf4, 0x2, 0x47, 0x0, 0xf5,
    0x0, 0x64, 0x0, 0xe9, 0x60, 0xa, 0xcc, 0x3,
    0x4b, 0x0, 0x56, 0x80, 0x1a, 0x58, 0x2, 0xb4,
    0x0, 0xd2, 0xc0, 0x15, 0xa0, 0x6, 0x96, 0x0,
    0xad, 0x0, 0x34, 0x30, 0x5, 0x68, 0x1, 0xc4,
    0x1, 0x5a, 0x0, 0x7a, 0xcc, 0x2d, 0x0, 0x3e,
    0x1c, 0xf4, 0x0, 0xfc,

    /* U+F067 "" */
    0x0, 0xf8, 0x6f, 0xb4, 0xc0, 0x3f, 0xf8, 0x6e,
    0x82, 0x52, 0x1, 0xff, 0xc3, 0x10, 0x8, 0x40,
    0x3f, 0xff, 0xe0, 0x1f, 0xfc, 0x11, 0x45, 0x5e,
    0xe0, 0x9, 0xd5, 0x79, 0x8, 0x32, 0xea, 0xb9,
    0x80, 0x23, 0xaa, 0xeb, 0xd1, 0x20, 0xf, 0xfe,
    0x31, 0x0, 0x7f, 0xf2, 0x24, 0xc8, 0xb8, 0x40,
    0x31, 0x17, 0x1b, 0x1b, 0x66, 0xef, 0x48, 0x4,
    0x9b, 0xbd, 0x92, 0x1, 0xff, 0xff, 0x0, 0xff,
    0xea, 0x98, 0x4, 0x60, 0x1f, 0xfc, 0x34, 0xc9,
    0xa8, 0x0, 0xfc,

    /* U+F068 "" */
    0x2, 0x2f, 0xfe, 0x28, 0x2, 0xf7, 0x7f, 0xf8,
    0xbc, 0x28, 0x1, 0xff, 0xc5, 0x12, 0x0, 0xff,
    0xe4, 0x38, 0x7, 0xff, 0x15, 0xc,

    /* U+F06E "" */
    0x0, 0xff, 0x11, 0xa1, 0x88, 0x7, 0xff, 0x15,
    0x6f, 0xf7, 0x2f, 0x3b, 0x94, 0x80, 0x1f, 0xfc,
    0x5, 0xea, 0x40, 0x1, 0x18, 0x80, 0xad, 0xe1,
    0x80, 0x7e, 0x1b, 0xa1, 0x0, 0x47, 0x6e, 0x76,
    0xb0, 0x0, 0xf2, 0x0, 0x3c, 0x58, 0x80, 0x1,
    0xd7, 0x12, 0x53, 0x29, 0xa0, 0x9, 0xec, 0x3,
    0xe, 0x10, 0x5, 0xa4, 0x0, 0x4a, 0xcc, 0xa,
    0xc0, 0x4, 0x96, 0x1, 0x68, 0x80, 0x4a, 0x60,
    0x1e, 0x3d, 0x7, 0x10, 0x9, 0x20, 0x18, 0xc0,
    0x37, 0x80, 0x81, 0xc0, 0x4, 0x68, 0xe, 0x1,
    0x9c, 0xe0, 0x3, 0x98, 0x2b, 0xf0, 0x40, 0x31,
    0x87, 0x0, 0x74, 0x98, 0x7, 0xc2, 0x1, 0xf0,
    0x80, 0x7c, 0x7c, 0x1, 0xca, 0x1e, 0x1, 0xf3,
    0x86, 0x80, 0x61, 0x83, 0x70, 0xd, 0x40, 0xaa,
    0x0, 0xe9, 0x11, 0x28, 0x6, 0xb1, 0x8, 0x50,
    0x8, 0xd8, 0x2a, 0x4c, 0x92, 0xd8, 0x2c, 0x3,
    0x42, 0x80, 0x54, 0xa0, 0x14, 0xb0, 0x36, 0x6d,
    0xa0, 0x4a, 0x80, 0x50, 0xe0, 0x1d, 0x52, 0x1,
    0x4e, 0x29, 0x9, 0x36, 0xb0, 0x0, 0x6d, 0xc0,
    0x3e, 0x6e, 0x60, 0x1, 0xd6, 0xf6, 0xc9, 0x0,
    0x1f, 0x90, 0x3, 0xf8, 0x67, 0xa9, 0x48, 0x40,
    0x49, 0xab, 0xe0, 0x3, 0xc0,

    /* U+F070 "" */
    0x0, 0xff, 0xe8, 0x27, 0x38, 0x7, 0xff, 0x36,
    0x86, 0x2c, 0x3, 0xff, 0x99, 0x0, 0x4, 0xd2,
    0x0, 0xf1, 0x21, 0x90, 0x7, 0xff, 0x1, 0xb0,
    0x40, 0xb5, 0x80, 0xa3, 0x3f, 0x6f, 0x37, 0xed,
    0x80, 0x3f, 0xc7, 0xe8, 0x0, 0x9c, 0xd7, 0x30,
    0x13, 0x20, 0x2, 0x4f, 0x38, 0x7, 0xf0, 0xdb,
    0x80, 0xc, 0x0, 0xb9, 0xd9, 0xbf, 0x22, 0x3,
    0x18, 0x40, 0x1f, 0xd1, 0x62, 0x1, 0x69, 0x8a,
    0xa0, 0x37, 0x90, 0x0, 0xf0, 0xc0, 0x3e, 0x10,
    0x4f, 0x30, 0x4, 0x58, 0x55, 0xf2, 0x8f, 0x80,
    0x43, 0x84, 0x1, 0xcf, 0xe6, 0x3, 0x8c, 0x0,
    0x4f, 0x0, 0xd, 0x19, 0x38, 0x6, 0xf0, 0xc,
    0x50, 0x38, 0xc0, 0x9, 0xa0, 0x0, 0x80, 0x69,
    0xb, 0x0, 0xc5, 0x0, 0x15, 0x0, 0x53, 0x40,
    0x5, 0xd2, 0x0, 0xe7, 0x2, 0x0, 0xe7, 0x0,
    0xb8, 0x3, 0x2d, 0x0, 0xb, 0x54, 0x3, 0x30,
    0x18, 0x7, 0x8, 0x4, 0xc4, 0x1, 0x9c, 0x3,
    0x54, 0x80, 0x48, 0xae, 0x1, 0xd6, 0x1, 0xbc,
    0x3, 0x12, 0x0, 0x66, 0xc2, 0x0, 0x55, 0x80,
    0x66, 0x50, 0xc, 0x56, 0x1, 0xa4, 0x3, 0x8f,
    0x50, 0x0, 0x20, 0x12, 0x48, 0x7, 0x92, 0xc0,
    0x22, 0xb1, 0x0, 0xeb, 0x80, 0xc, 0x76, 0x1,
    0xf9, 0x34, 0x80, 0x9, 0xf0, 0x62, 0x40, 0x7,
    0xc1, 0x0, 0x1b, 0x0, 0x7f, 0x16, 0xc8, 0x80,
    0xbe, 0x76, 0xd8, 0x0, 0xfd, 0x0, 0x13, 0x40,
    0x1f, 0xe6, 0xeb, 0x63, 0x10, 0x3, 0x40, 0x0,
    0x6d, 0xc0, 0xb, 0xa4, 0x1, 0xfe, 0x49, 0xce,
    0xff, 0x6c, 0x0, 0x68, 0xb1, 0x2, 0xd3, 0x0,
    0xff, 0xe5, 0x27, 0x98, 0x1, 0xc0, 0x3f, 0xf9,
    0x63, 0x8f, 0x28,

    /* U+F071 "" */
    0x0, 0xff, 0xed, 0xe, 0xfd, 0x80, 0x7f, 0xf2,
    0xe8, 0x81, 0x1c, 0x3, 0xff, 0x92, 0x88, 0x0,
    0xa0, 0x40, 0x3f, 0xf9, 0x12, 0x1, 0xd6, 0x1,
    0xff, 0xc7, 0x72, 0x0, 0xe5, 0x30, 0xf, 0xfe,
    0x28, 0xc0, 0x7, 0xde, 0x1, 0xff, 0xc5, 0xb0,
    0xf, 0xc6, 0xc0, 0x1f, 0xfc, 0x33, 0x50, 0x1,
    0x3b, 0xc0, 0x14, 0x0, 0x7f, 0xf0, 0xfc, 0x2,
    0x58, 0x88, 0xc0, 0x3, 0x0, 0x1f, 0xfc, 0x16,
    0x30, 0x8, 0x40, 0x21, 0x0, 0x9c, 0x80, 0x3f,
    0xf8, 0x10, 0x1, 0x8c, 0x2, 0x30, 0xd, 0x20,
    0x1f, 0xf4, 0x8, 0x6, 0x10, 0x8, 0x40, 0x32,
    0x20, 0x3, 0xf8, 0x9c, 0x3, 0x9c, 0x3, 0xfa,
    0x40, 0x3f, 0xa4, 0x3, 0xc2, 0x0, 0x10, 0xf,
    0x13, 0x80, 0x7c, 0x88, 0x0, 0xf1, 0x6e, 0x60,
    0x3, 0xe8, 0x10, 0xf, 0x48, 0x7, 0xc3, 0xd9,
    0x60, 0x1f, 0xac, 0x3, 0x9c, 0x80, 0x3e, 0x63,
    0x6, 0x40, 0xf, 0x94, 0xc0, 0x21, 0x80, 0xf,
    0xfe, 0x3, 0x80, 0x7e, 0xf0, 0xa, 0x0, 0x3f,
    0x9d, 0x5, 0xcc, 0x3, 0xf1, 0xa8, 0x1, 0x80,
    0x3f, 0xd7, 0xd0, 0x1, 0xfe, 0xe0, 0x1, 0x0,
    0x7f, 0xf2, 0xc8, 0x1, 0xe8, 0x67, 0xff, 0xc9,
    0x69, 0x0,

    /* U+F074 "" */
    0x0, 0xff, 0xed, 0x1e, 0x28, 0x7, 0xff, 0x1d,
    0xe, 0x94, 0x0, 0x24, 0x58, 0x3, 0xf8, 0x89,
    0xc0, 0xa, 0x50, 0xed, 0xdd, 0xc4, 0x1, 0xec,
    0xdd, 0x30, 0x5, 0x4a, 0x1, 0xc3, 0x84, 0x1,
    0xb0, 0xc0, 0x3e, 0xa0, 0xf, 0xf, 0x88, 0x2,
    0xcc, 0x3, 0xf3, 0xdd, 0x54, 0x80, 0x2, 0x70,
    0xa4, 0x0, 0x15, 0x28, 0x4, 0xf0, 0x8a, 0xb5,
    0xa0, 0x3b, 0x52, 0x80, 0x7, 0x14, 0x80, 0xf,
    0x0, 0x1e, 0xb8, 0x84, 0xa8, 0x0, 0x70, 0x43,
    0x1, 0xe0, 0x3, 0xf3, 0xc3, 0x0, 0x7, 0x8,
    0x0, 0x9f, 0x0, 0x1f, 0xce, 0xe0, 0xb, 0x4c,
    0x2, 0x2a, 0x30, 0xf, 0xcd, 0x0, 0x15, 0x96,
    0x50, 0x1, 0x55, 0x86, 0x1, 0xe5, 0x90, 0xa,
    0xd3, 0x49, 0x64, 0x3c, 0x1, 0x86, 0x1d, 0xff,
    0x50, 0x5, 0x48, 0x44, 0x0, 0x37, 0xb8, 0x5,
    0x86, 0x20, 0x1e, 0x95, 0x2, 0xc1, 0x0, 0xfd,
    0xa0, 0x1e, 0x86, 0x0, 0x8b, 0x40, 0x3f, 0x24,
    0xc4, 0x6a, 0x70, 0xe, 0x3c, 0x88, 0x20, 0x4,
    0xb4, 0xce, 0xf9, 0x40, 0x3e, 0x37, 0x71, 0x80,
    0x16, 0x80, 0x3f, 0xf8, 0xbc, 0xb, 0x40, 0x1f,
    0xfc, 0x66, 0xda, 0x0, 0x80,

    /* U+F077 "" */
    0x0, 0xfc, 0x9c, 0xe0, 0x1f, 0xfc, 0x34, 0xb1,
    0x87, 0x0, 0xff, 0xe0, 0xa5, 0x80, 0x50, 0xe0,
    0x1f, 0xf2, 0x58, 0x7, 0x43, 0x80, 0x7f, 0x25,
    0x80, 0x46, 0x1, 0x43, 0x80, 0x7c, 0x96, 0x1,
    0x2e, 0x50, 0x5, 0xe, 0x1, 0xc9, 0x60, 0x12,
    0xd0, 0x2d, 0x0, 0x50, 0xe0, 0x12, 0x58, 0x4,
    0xd4, 0x1, 0x2c, 0x80, 0x50, 0xe0, 0x76, 0x1,
    0x34, 0x80, 0x73, 0x48, 0x5, 0xf, 0x20, 0x13,
    0x48, 0x7, 0xcd, 0x20, 0x14, 0x40, 0x41, 0xa4,
    0x3, 0xf9, 0xa4, 0x1, 0x45, 0x95, 0x20, 0x1f,
    0xf3, 0x5d, 0x94,

    /* U+F078 "" */
    0x9, 0xd3, 0x0, 0xff, 0x87, 0x2c, 0x61, 0x8b,
    0x4c, 0x3, 0xf8, 0x74, 0xd3, 0x44, 0x0, 0x3a,
    0x60, 0x1f, 0xe, 0x98, 0x0, 0x65, 0x0, 0x3,
    0xa6, 0x1, 0xc3, 0xa6, 0x0, 0x2c, 0xb, 0x40,
    0x0, 0xe9, 0x80, 0x43, 0xa6, 0x0, 0x2c, 0x10,
    0x5, 0xa0, 0x0, 0x74, 0xc0, 0x74, 0xc0, 0x5,
    0x82, 0x1, 0xad, 0x0, 0x3, 0xa9, 0xa6, 0x0,
    0x2c, 0x10, 0xf, 0x5a, 0x0, 0x6, 0xcc, 0x0,
    0x58, 0x20, 0x1f, 0xad, 0x0, 0x38, 0xb0, 0x40,
    0x3f, 0xd6, 0x80, 0x11, 0x60, 0x80, 0x7f, 0xf0,
    0x2d, 0x0, 0xb0, 0x40, 0x3f, 0xf8, 0x57, 0x38,
    0x20, 0x1f, 0x0,

    /* U+F079 "" */
    0x0, 0xc4, 0xe2, 0x1, 0xff, 0xcc, 0x2c, 0x8c,
    0x10, 0xf, 0xfe, 0x51, 0x60, 0x81, 0x60, 0x81,
    0xff, 0xff, 0xdc, 0x1, 0xe2, 0xc1, 0x0, 0x8b,
    0x4, 0x3, 0xff, 0x80, 0x22, 0x0, 0xc5, 0x82,
    0x1, 0xc5, 0x85, 0x48, 0x9f, 0x84, 0x3, 0xef,
    0x10, 0x41, 0x2, 0x30, 0x2a, 0x5b, 0xbf, 0xc8,
    0x1, 0xf2, 0x1, 0xd8, 0x5, 0xa4, 0x18, 0x1,
    0xff, 0xc5, 0x9c, 0xc0, 0x6, 0x1d, 0xc7, 0x0,
    0xff, 0xe3, 0x18, 0x7, 0xc6, 0x1, 0xff, 0xf3,
    0x75, 0x0, 0xe1, 0x93, 0x0, 0xff, 0xe2, 0xc4,
    0x29, 0x80, 0x22, 0xc6, 0xd0, 0xf, 0xfe, 0x2e,
    0x80, 0x25, 0x0, 0x1a, 0x40, 0x60, 0x1f, 0x17,
    0xff, 0xec, 0x49, 0x0, 0x8, 0x0, 0x40, 0xb0,
    0x3, 0xff, 0x88, 0x72, 0xd2, 0x1, 0xc5, 0x82,
    0x1, 0xd0, 0x89, 0xfe, 0x5b, 0x6, 0x90, 0x8,
    0xb0, 0x40, 0x3c, 0xd7, 0x7f, 0xea, 0x30, 0x3,
    0x48, 0x1e, 0x8, 0x7, 0xff, 0x2d, 0xb7, 0x4,
    0x3, 0x0,

    /* U+F07B "" */
    0x5, 0x78, 0x8e, 0x71, 0x0, 0xff, 0xe0, 0x55,
    0x21, 0xdf, 0xa3, 0x4, 0x3, 0xfe, 0x50, 0xf,
    0xc5, 0x82, 0x1, 0xff, 0xc8, 0x2f, 0xcc, 0xfa,
    0xe4, 0x40, 0x3f, 0xe1, 0x33, 0xf9, 0x1b, 0x40,
    0x3f, 0xf9, 0x26, 0x1, 0xff, 0xff, 0x0, 0xff,
    0xff, 0x80, 0x7f, 0xf9, 0x4, 0x3, 0xff, 0x90,
    0x54, 0x20, 0x1f, 0xfc, 0x61, 0x90,

    /* U+F093 "" */
    0x0, 0xff, 0xe9, 0x9f, 0xe0, 0x80, 0x7f, 0xf1,
    0x4f, 0x0, 0xf4, 0x40, 0x3f, 0xf8, 0x67, 0x80,
    0x11, 0xe8, 0x80, 0x7f, 0xf0, 0x4f, 0x0, 0x38,
    0xf4, 0x40, 0x3f, 0xe3, 0xc0, 0xf, 0x8f, 0x44,
    0x3, 0xf8, 0xf0, 0x3, 0xf8, 0xf4, 0x40, 0x3e,
    0x3c, 0x0, 0xff, 0x8f, 0x40, 0x3e, 0x50, 0xf,
    0xfe, 0x9, 0x88, 0x7, 0x9b, 0xbb, 0x8, 0x6,
    0x6e, 0xeb, 0xc4, 0x3, 0xe1, 0x1c, 0x1, 0xe1,
    0x18, 0x3, 0xff, 0xfe, 0x1, 0xff, 0xdc, 0xcf,
    0xfe, 0xe0, 0x30, 0xc, 0x21, 0xdf, 0xfd, 0x86,
    0x1, 0xc2, 0x7f, 0x33, 0x54, 0x18, 0x80, 0x71,
    0x80, 0x7d, 0xae, 0x89, 0x3a, 0xe8, 0x7, 0xff,
    0x8, 0x6b, 0x77, 0x50, 0x80, 0x7f, 0xf2, 0xba,
    0x47, 0xd0, 0x3, 0xff, 0x8a, 0xf8, 0x2a, 0xc0,
    0x4, 0x0, 0xff, 0xe1, 0x4a, 0x85, 0x10, 0x20,

    /* U+F095 "" */
    0x0, 0xff, 0xe2, 0x90, 0x7, 0xff, 0x25, 0xf7,
    0xf2, 0x14, 0x40, 0x3f, 0xf8, 0x92, 0x0, 0x37,
    0xaf, 0x0, 0xff, 0xe1, 0xa8, 0x80, 0x70, 0x80,
    0x7f, 0xf0, 0xe4, 0x3, 0xc2, 0x1, 0xff, 0xc2,
    0x33, 0x0, 0x78, 0xc0, 0x3f, 0xf8, 0x56, 0x1,
    0xf3, 0x80, 0x7f, 0xf0, 0xa8, 0x80, 0x3d, 0xa0,
    0x1f, 0xfc, 0x22, 0xc3, 0x0, 0xe4, 0x0, 0xff,
    0xe1, 0x8e, 0x10, 0x4, 0x46, 0x1, 0xff, 0xc4,
    0x32, 0x0, 0x94, 0x3, 0xff, 0x8b, 0xe0, 0x1a,
    0x40, 0x3f, 0xf8, 0x90, 0x60, 0x13, 0x88, 0x7,
    0xff, 0xd, 0x5c, 0x2, 0x28, 0x0, 0xf9, 0x6e,
    0x0, 0x39, 0xa8, 0x3, 0x70, 0x7, 0xb, 0xf5,
    0x23, 0xb0, 0x5, 0x12, 0x1, 0xa4, 0xc0, 0x34,
    0xf4, 0x8, 0x5, 0x28, 0x8d, 0x70, 0xc, 0xec,
    0x1, 0xce, 0x1, 0xf5, 0xd8, 0x80, 0x33, 0xc0,
    0x7, 0x94, 0x3, 0xff, 0x83, 0x30, 0x1, 0xf6,
    0x0, 0x7f, 0xc7, 0xac, 0x1, 0xf8, 0xc0, 0x3f,
    0x86, 0x70, 0x80, 0x3f, 0x90, 0x3, 0xe4, 0xae,
    0x60, 0xf, 0xfe, 0x4, 0x22, 0x1a, 0x2f, 0xed,
    0x40, 0x3f, 0xf8, 0x0,

    /* U+F0C4 "" */
    0x1, 0x8c, 0xda, 0x20, 0xf, 0xe2, 0x0, 0x87,
    0x1c, 0xc9, 0x74, 0xc0, 0x3d, 0x1f, 0xbf, 0x1,
    0x64, 0x1, 0xdc, 0x1, 0xd4, 0xe0, 0x13, 0x8a,
    0x0, 0xf7, 0x98, 0x11, 0x0, 0x2b, 0x50, 0x8,
    0x70, 0x44, 0x6, 0x20, 0xc0, 0x1, 0x0, 0x5a,
    0x0, 0x43, 0xa6, 0x8, 0x5, 0x96, 0xa0, 0x2,
    0xc, 0x40, 0x8, 0x74, 0xc0, 0x10, 0x0, 0x34,
    0x0, 0xb3, 0x6, 0x1, 0xe, 0x98, 0x4, 0x78,
    0x40, 0x1c, 0x46, 0x1, 0xe, 0x18, 0x7, 0x1e,
    0xf6, 0x90, 0x7, 0x87, 0x8, 0x3, 0xf0, 0x97,
    0x80, 0x7b, 0x48, 0x3, 0xfe, 0x90, 0xf, 0x78,
    0x7, 0xe1, 0x8c, 0xe4, 0x0, 0xf1, 0xe0, 0x7,
    0x87, 0x1c, 0xc4, 0x3, 0xf1, 0xe0, 0x7, 0x59,
    0x0, 0x7b, 0x30, 0x20, 0x11, 0xe0, 0x6, 0x40,
    0x1e, 0xf3, 0x0, 0x9, 0xe0, 0x80, 0x47, 0x82,
    0x0, 0x10, 0x31, 0x6, 0x0, 0x8, 0x16, 0x8,
    0x4, 0x7a, 0x20, 0x80, 0x59, 0x6a, 0x0, 0x30,
    0x1, 0x79, 0x0, 0x47, 0xa1, 0x0, 0x3, 0x40,
    0x4, 0x0, 0x61, 0xc3, 0x0, 0x84, 0x47, 0x84,
    0x0, 0x19, 0x70, 0xe, 0x1c, 0xb8, 0xad, 0x10,
    0x3d, 0xee, 0x98, 0x3, 0xf2, 0x3a, 0x80, 0x0,

    /* U+F0C5 "" */
    0x0, 0xf0, 0x91, 0x7c, 0x2, 0x1, 0xfc, 0x7d,
    0xbb, 0xec, 0xf, 0x60, 0xf, 0xcc, 0x1, 0xfe,
    0x96, 0x0, 0xff, 0xe3, 0xcb, 0x80, 0x4, 0x88,
    0x1, 0xff, 0xc2, 0x82, 0xde, 0xdd, 0x10, 0x7,
    0xe1, 0x17, 0x7f, 0xc4, 0x40, 0xf, 0xfe, 0xf,
    0x7f, 0xe3, 0x0, 0xff, 0xff, 0x80, 0x7f, 0xff,
    0xc0, 0x3f, 0xfd, 0x62, 0x1, 0xff, 0xc1, 0x10,
    0xc, 0xe9, 0x53, 0x3f, 0xf5, 0x10, 0x6, 0xb4,
    0x56, 0x6f, 0xf9, 0x40, 0x38, 0x6f, 0xff, 0xee,
    0x0, 0xff, 0xe7, 0x3a, 0x19, 0xff, 0x92, 0x40,
    0x3c,

    /* U+F0C7 "" */
    0x2a, 0xcc, 0xff, 0xe0, 0x48, 0x80, 0x6e, 0x53,
    0x3f, 0xfe, 0x3, 0x60, 0x80, 0x46, 0x1, 0xff,
    0xc2, 0x2c, 0x10, 0xc, 0x7f, 0xff, 0xec, 0x0,
    0x16, 0x8, 0x7, 0xff, 0x8, 0x80, 0x22, 0xc0,
    0xf, 0xfe, 0x39, 0x28, 0x7, 0xff, 0x1c, 0xc0,
    0x3f, 0xf9, 0x47, 0x77, 0xfe, 0xd0, 0xf, 0xe4,
    0x4f, 0xf1, 0x80, 0x7f, 0xf5, 0x46, 0xbb, 0x10,
    0x3, 0xff, 0x87, 0xaa, 0x27, 0x66, 0x1, 0xff,
    0xc1, 0x13, 0x0, 0xc8, 0x1, 0xff, 0xc1, 0x10,
    0xe, 0x10, 0xf, 0xfe, 0x14, 0x80, 0x48, 0xc0,
    0x1f, 0xfc, 0x26, 0xda, 0xbb, 0x0, 0x7e, 0x10,
    0xf, 0x89, 0x50, 0x3, 0xf1, 0xc0, 0x7, 0xff,
    0x15, 0x15, 0xbf, 0x77, 0xff, 0x87, 0xd6, 0x0,

    /* U+F0E7 "" */
    0x0, 0x8d, 0x13, 0x8c, 0x3, 0xe8, 0xcb, 0xbe,
    0xc8, 0x0, 0xf1, 0x80, 0x7d, 0xc0, 0x1e, 0x60,
    0xf, 0x9c, 0x3, 0xc4, 0x1, 0xe3, 0x10, 0xe,
    0x20, 0xf, 0xac, 0x3, 0xcc, 0x1, 0xf2, 0x80,
    0x78, 0x80, 0x3c, 0x28, 0xcd, 0x28, 0x87, 0x0,
    0x78, 0x66, 0x75, 0x58, 0x10, 0x7, 0xff, 0x3,
    0x1, 0x80, 0x3f, 0xe2, 0x60, 0x30, 0xf, 0xfa,
    0x40, 0x4, 0x1, 0xfe, 0x44, 0x0, 0x37, 0xb7,
    0x70, 0x7, 0x48, 0x6, 0x12, 0x28, 0x3, 0x9c,
    0x80, 0x3f, 0x20, 0x4, 0x30, 0x1, 0xfd, 0x80,
    0x14, 0x0, 0x7f, 0x90, 0x0, 0x6c, 0x1, 0xfc,
    0x42, 0x0, 0xf0, 0xf, 0xf3, 0x80, 0x14, 0xc0,
    0x3f, 0xd8, 0x0, 0xb0, 0xf, 0xf9, 0x42, 0x4,
    0x3, 0xfe, 0xa6, 0x70, 0xf, 0x80,

    /* U+F0EA "" */
    0x0, 0xf0, 0x80, 0x7f, 0xf1, 0x47, 0x3b, 0xe4,
    0x3, 0xfe, 0x8c, 0xcc, 0x68, 0x6d, 0x99, 0x98,
    0x3, 0xce, 0x67, 0x10, 0xde, 0x81, 0x9e, 0xa0,
    0xf, 0xf8, 0x77, 0xc0, 0x3f, 0xf8, 0xc4, 0x20,
    0x1f, 0xfc, 0x66, 0xdf, 0xfe, 0xc0, 0xf, 0xf8,
    0xe4, 0xc8, 0xbc, 0x2, 0x1, 0xfc, 0x81, 0xfb,
    0xbd, 0xc1, 0xec, 0x1, 0xfc, 0x22, 0x0, 0xfd,
    0x2c, 0x1, 0xff, 0xc7, 0x97, 0x0, 0xff, 0xe3,
    0xc1, 0x0, 0x7f, 0xf0, 0x48, 0x7b, 0xfe, 0x20,
    0xf, 0xfe, 0x8, 0xf7, 0xfe, 0x30, 0xf, 0xff,
    0xf8, 0x7, 0x53, 0xbe, 0xc0, 0xf, 0xfe, 0x12,
    0xc4, 0x64, 0x0, 0xff, 0xf8, 0xb, 0xaa, 0xff,
    0x9c, 0xc0,

    /* U+F0F3 "" */
    0x0, 0xff, 0xe8, 0x37, 0xd0, 0x7, 0xff, 0x17,
    0x41, 0x40, 0x3f, 0xf8, 0x65, 0xa, 0x0, 0x94,
    0x0, 0xff, 0xe0, 0x46, 0xb8, 0x80, 0x1a, 0xec,
    0x20, 0x1f, 0xd4, 0xe0, 0x1f, 0x26, 0x80, 0x7e,
    0x55, 0x0, 0x7f, 0x1c, 0x0, 0x7d, 0x0, 0x1f,
    0xf3, 0x80, 0x78, 0x48, 0x3, 0xff, 0x80, 0xa0,
    0x1c, 0x40, 0x1f, 0xfc, 0x12, 0x0, 0xe7, 0x0,
    0xff, 0xe0, 0xf8, 0x7, 0x8, 0x7, 0xff, 0x4,
    0x40, 0x3b, 0x40, 0x3f, 0xf8, 0x2a, 0x1, 0xc8,
    0x1, 0xff, 0xc1, 0x30, 0xc, 0x46, 0x1, 0xff,
    0xc2, 0x60, 0xa, 0x40, 0x3f, 0xf8, 0x70, 0x21,
    0x28, 0x1, 0xff, 0xc3, 0x1d, 0x6, 0x0, 0xff,
    0xe2, 0x99, 0xa4, 0xc8, 0xbf, 0xf8, 0x8c, 0x6d,
    0x9b, 0xbf, 0xfc, 0x49, 0x0, 0xfd, 0xff, 0xc8,
    0x1, 0xff, 0xc2, 0x60, 0x8, 0x90, 0x3, 0xff,
    0x85, 0x30, 0x8f, 0x80, 0x1f, 0x80,

    /* U+F11C "" */
    0x19, 0xbb, 0xff, 0xe4, 0xb8, 0x6b, 0x22, 0x7f,
    0xf2, 0x61, 0xcc, 0x3, 0xff, 0x97, 0x80, 0x2,
    0xff, 0x38, 0x77, 0xc0, 0x77, 0xd0, 0x67, 0xe0,
    0x57, 0xf0, 0x1, 0xc0, 0x2, 0x0, 0xf1, 0x10,
    0x8, 0x8, 0x8, 0x8, 0x8, 0x8, 0x8, 0x7,
    0xef, 0x10, 0x0, 0x80, 0x80, 0x80, 0x80, 0x80,
    0x80, 0x80, 0x71, 0xff, 0x9c, 0x3f, 0xd0, 0x1d,
    0xf4, 0x19, 0xf8, 0x15, 0xfc, 0x1, 0xf0, 0xcc,
    0x90, 0x26, 0x4a, 0x11, 0x2e, 0xf, 0x30, 0x1,
    0xfc, 0x6c, 0xcd, 0x6, 0x67, 0x83, 0x32, 0xc2,
    0xd9, 0x80, 0x1f, 0xfc, 0x1, 0x0, 0xff, 0xe4,
    0x97, 0xfa, 0x3, 0xfd, 0x41, 0xdf, 0x81, 0x9f,
    0xc0, 0x1f, 0xc, 0xc8, 0xc2, 0x26, 0x7f, 0x98,
    0x16, 0x60, 0x3, 0x89, 0x99, 0x62, 0xec, 0xdf,
    0xd6, 0x1c, 0xce, 0x1, 0xff, 0xd2, 0x3c, 0xc4,
    0x8e, 0x67, 0xfb, 0xc2, 0x73, 0x0, 0x7, 0x20,
    0x1, 0x98, 0x40, 0xcf, 0xfc, 0x40, 0x46, 0x60,
    0x1, 0x48, 0x80, 0x7f, 0xf2, 0x4e, 0x0,

    /* U+F124 "" */
    0x0, 0xff, 0xe4, 0x10, 0x80, 0x7f, 0xf2, 0x17,
    0x37, 0x94, 0x3, 0xff, 0x8a, 0xdb, 0x46, 0x0,
    0xb0, 0xf, 0xfe, 0x10, 0xbf, 0x49, 0x0, 0x63,
    0x0, 0xff, 0xe0, 0x14, 0xf4, 0x8, 0x7, 0xac,
    0x3, 0xfc, 0x75, 0xac, 0x1, 0xf8, 0x58, 0x3,
    0xf2, 0x5e, 0x28, 0x7, 0xf9, 0x80, 0x3e, 0x5d,
    0xb4, 0x0, 0xff, 0xe0, 0x48, 0x7, 0x3f, 0x51,
    0x0, 0x7f, 0xf0, 0x58, 0x40, 0x24, 0xe8, 0x10,
    0xf, 0xfe, 0x1d, 0x80, 0x6a, 0x10, 0xf, 0xfe,
    0x22, 0x90, 0x7, 0xff, 0x2a, 0x40, 0x3a, 0xc0,
    0x3f, 0xf8, 0x86, 0x60, 0xe, 0x5f, 0xed, 0xdf,
    0x40, 0x7, 0xd0, 0x1, 0xf8, 0x48, 0xbc, 0x20,
    0x1e, 0x24, 0x0, 0xff, 0xe5, 0x58, 0x7, 0xff,
    0x28, 0x58, 0x3, 0xff, 0x95, 0x20, 0x1f, 0xfc,
    0xb7, 0x0, 0xff, 0xe5, 0x38, 0x7, 0xff, 0x18,
    0xc0, 0x34, 0x80, 0x7f, 0xf1, 0x9c, 0x2, 0x61,
    0x0, 0xff, 0xe3, 0x15, 0x23, 0xc8, 0x7, 0xf0,

    /* U+F15B "" */
    0x37, 0x7f, 0xc8, 0xa, 0x1, 0xd9, 0x11, 0xfb,
    0x82, 0xa8, 0x1, 0xff, 0xc4, 0x5a, 0x0, 0xff,
    0xe2, 0x2d, 0x0, 0x7f, 0xf1, 0x16, 0x80, 0x3f,
    0xf8, 0x8a, 0xc0, 0x1f, 0xf7, 0xff, 0x30, 0x7,
    0xf2, 0x19, 0x17, 0x8, 0x7, 0xf0, 0xe6, 0xef,
    0x48, 0x7, 0xff, 0xfc, 0x3, 0xff, 0xfe, 0x1,
    0xff, 0xfa, 0xf4, 0x0, 0xff, 0xe1, 0x9, 0x80,

    /* U+F1EB "" */
    0x0, 0xff, 0xec, 0x13, 0x4e, 0x6f, 0x6e, 0x5c,
    0x28, 0x7, 0xff, 0x8, 0x63, 0x75, 0x2c, 0x64,
    0x24, 0x68, 0xf5, 0xf6, 0xa0, 0x1f, 0xc3, 0x3c,
    0xe4, 0x1, 0xff, 0xc0, 0x4a, 0xd5, 0x0, 0xf3,
    0x73, 0x0, 0x71, 0x23, 0x34, 0xa6, 0x1, 0xc5,
    0x56, 0x20, 0x15, 0x48, 0x6, 0x39, 0xed, 0xb9,
    0x9a, 0xb3, 0xf1, 0x84, 0x2, 0x4f, 0x40, 0xc5,
    0x0, 0x93, 0x30, 0xc2, 0x1, 0xf8, 0xe7, 0xa0,
    0x2, 0x1b, 0x46, 0x0, 0xa6, 0xcc, 0x3, 0xff,
    0x84, 0xfc, 0x80, 0x13, 0x52, 0x96, 0xb0, 0x6,
    0x49, 0xce, 0xfe, 0xdb, 0x62, 0x0, 0x86, 0xdc,
    0x70, 0x82, 0xb4, 0x80, 0x26, 0xeb, 0x63, 0x10,
    0x12, 0x49, 0xda, 0x20, 0xa, 0x38, 0xc0, 0x3c,
    0x59, 0x22, 0x1, 0xfe, 0x5d, 0x70, 0xf, 0xf0,
    0xe9, 0x80, 0x64, 0x78, 0x76, 0x20, 0xd, 0x10,
    0x0, 0xfe, 0x14, 0x0, 0xc, 0xfd, 0xc3, 0xc4,
    0xee, 0x28, 0x5, 0x80, 0x1f, 0xeb, 0x45, 0xf6,
    0x0, 0xf8, 0xea, 0x85, 0x68, 0x1, 0xff, 0x5d,
    0x8, 0x6, 0x10, 0xe, 0x5d, 0x40, 0xf, 0xfe,
    0x28, 0xe7, 0x7b, 0x0, 0x7f, 0xf2, 0xe8, 0xc0,
    0x12, 0x60, 0x1f, 0xfc, 0xa4, 0x0, 0xc8, 0x1,
    0xff, 0xca, 0x20, 0xc, 0x40, 0x1f, 0xfc, 0xae,
    0x0, 0x95, 0x40, 0x1f, 0xfc, 0xa3, 0xea, 0xca,
    0x0, 0xff, 0xe0, 0x0,

    /* U+F240 "" */
    0x0, 0xff, 0xe8, 0x27, 0x7f, 0xff, 0xf2, 0xd8,
    0x1, 0x42, 0x1, 0xff, 0xcb, 0x90, 0x0, 0x80,
    0xa2, 0x7f, 0xf2, 0x8, 0x0, 0xa0, 0x11, 0x5d,
    0xff, 0xf2, 0x28, 0x1, 0x52, 0x1, 0xbb, 0xff,
    0xff, 0x8a, 0x1, 0xc6, 0x1, 0xff, 0xcb, 0x48,
    0x0, 0xff, 0xe7, 0x1b, 0x0, 0x7f, 0xfa, 0x97,
    0x0, 0x3e, 0x97, 0x7f, 0xfe, 0x28, 0x11, 0x0,
    0x3e, 0x78, 0x8f, 0xfe, 0x28, 0x7, 0x60, 0x0,
    0xff, 0xff, 0xf9, 0x10, 0x0, 0xe6, 0x30, 0xf,
    0xfe, 0x60, 0x88, 0x35, 0x91, 0x3f, 0xf9, 0x4d,
    0x80, 0x0,

    /* U+F241 "" */
    0x0, 0xff, 0xe8, 0x27, 0x7f, 0xff, 0xf2, 0xd8,
    0x1, 0x42, 0x1, 0xff, 0xcb, 0x90, 0x0, 0x80,
    0xa2, 0x7f, 0xf2, 0x8, 0x0, 0xa0, 0x11, 0x5d,
    0xff, 0xf2, 0x28, 0x1, 0x52, 0x1, 0xbb, 0xff,
    0xff, 0x81, 0xa0, 0x1f, 0xc6, 0x1, 0xff, 0xcb,
    0x48, 0x0, 0xff, 0xe7, 0x1b, 0x0, 0x7f, 0xfa,
    0x97, 0x0, 0x3e, 0x97, 0x7f, 0xfe, 0x5, 0x80,
    0x71, 0x10, 0x3, 0xe7, 0x88, 0xff, 0xe0, 0x30,
    0x7, 0xf6, 0x0, 0xf, 0xff, 0xff, 0x91, 0x0,
    0xe, 0x63, 0x0, 0xff, 0xe6, 0x8, 0x83, 0x59,
    0x13, 0xff, 0x94, 0xd8, 0x0,

    /* U+F242 "" */
    0x0, 0xff, 0xe8, 0x27, 0x7f, 0xff, 0xf2, 0xd8,
    0x1, 0x42, 0x1, 0xff, 0xcb, 0x90, 0x0, 0x80,
    0xa2, 0x7f, 0xf2, 0x8, 0x0, 0xa0, 0x11, 0x5d,
    0xff, 0xf2, 0x28, 0x1, 0x52, 0x1, 0xbb, 0xff,
    0xf5, 0x80, 0x7f, 0xf0, 0x4c, 0x3, 0xff, 0x96,
    0x90, 0x1, 0xff, 0xce, 0x36, 0x0, 0xff, 0xf5,
    0x2e, 0x0, 0x7d, 0x2e, 0xff, 0xb8, 0x3, 0xf8,
    0x88, 0x1, 0xf3, 0xc4, 0x7e, 0x50, 0xf, 0xfe,
    0xe, 0x0, 0xf, 0xff, 0xff, 0x91, 0x0, 0xe,
    0x63, 0x0, 0xff, 0xe6, 0x8, 0x83, 0x59, 0x13,
    0xff, 0x94, 0xd8, 0x0,

    /* U+F243 "" */
    0x0, 0xff, 0xe8, 0x27, 0x7f, 0xff, 0xf2, 0xd8,
    0x1, 0x42, 0x1, 0xff, 0xcb, 0x90, 0x0, 0x80,
    0xa2, 0x7f, 0xf2, 0x8, 0x0, 0xa0, 0x11, 0x5d,
    0xff, 0xf2, 0x28, 0x1, 0x52, 0x1, 0xbb, 0xff,
    0x48, 0x7, 0xff, 0x14, 0xc0, 0x3f, 0xf9, 0x69,
    0x0, 0x1f, 0xfc, 0xe3, 0x60, 0xf, 0xff, 0x52,
    0xe0, 0x7, 0xd2, 0xef, 0xb4, 0x3, 0xff, 0x82,
    0x44, 0x0, 0xf9, 0xe2, 0x32, 0x0, 0x7f, 0xf1,
    0x70, 0x0, 0x7f, 0xff, 0xfc, 0x88, 0x0, 0x73,
    0x18, 0x7, 0xff, 0x30, 0x44, 0x1a, 0xc8, 0x9f,
    0xfc, 0xa6, 0xc0, 0x0,

    /* U+F244 "" */
    0x0, 0xff, 0xe8, 0x27, 0x7f, 0xff, 0xf2, 0xd8,
    0x1, 0x42, 0x1, 0xff, 0xcb, 0x90, 0x0, 0x80,
    0xa2, 0x7f, 0xf2, 0x8, 0x0, 0xa0, 0x11, 0x5d,
    0xff, 0xf2, 0x28, 0x1, 0x52, 0x1, 0xff, 0xcf,
    0x30, 0xf, 0xfe, 0x5a, 0x40, 0x7, 0xff, 0x38,
    0xd8, 0x3, 0xff, 0xd4, 0xb8, 0x1, 0xff, 0xce,
    0x22, 0x0, 0x7f, 0xf4, 0xb0, 0x0, 0x7f, 0xff,
    0xfc, 0x88, 0x0, 0x73, 0x18, 0x7, 0xff, 0x30,
    0x44, 0x1a, 0xc8, 0x9f, 0xfc, 0xa6, 0xc0, 0x0,

    /* U+F287 "" */
    0x0, 0xff, 0xe1, 0xc, 0x49, 0x0, 0x7f, 0xf2,
    0x84, 0xb1, 0xdb, 0x4, 0x3, 0xff, 0x8e, 0x39,
    0xda, 0x40, 0x1, 0x40, 0xf, 0xfe, 0x3e, 0x9c,
    0x48, 0x6, 0x70, 0xf, 0xfe, 0x32, 0x9c, 0xbb,
    0x59, 0x95, 0x10, 0x7, 0xfc, 0x66, 0x0, 0xe8,
    0x26, 0x0, 0x26, 0x6a, 0x80, 0x7f, 0x87, 0x32,
    0xd2, 0x0, 0x21, 0x58, 0x7, 0xff, 0x3, 0x10,
    0x2, 0xb3, 0x0, 0x17, 0x0, 0xc8, 0xb0, 0x7,
    0xfc, 0x27, 0x74, 0x20, 0xa0, 0x18, 0xff, 0x88,
    0x7f, 0xff, 0xf8, 0x1c, 0x0, 0x5e, 0x52, 0x0,
    0xe7, 0x7c, 0xc0, 0x2e, 0xff, 0xe0, 0x9, 0x92,
    0x0, 0x33, 0xc4, 0x69, 0x81, 0xb8, 0x8f, 0xe0,
    0x3c, 0x91, 0x5b, 0x44, 0x4c, 0x0, 0x73, 0x8c,
    0x0, 0x7f, 0x5e, 0x18, 0x4, 0x97, 0x66, 0x0,
    0xf9, 0x90, 0xc0, 0x11, 0x18, 0xc1, 0x0, 0x3f,
    0xf8, 0x92, 0x3e, 0x24, 0xef, 0x90, 0x3, 0xff,
    0x8c, 0x34, 0x7d, 0xa0, 0x1f, 0xfc, 0xc4, 0xd8,
    0x60, 0xf, 0xfe, 0x69, 0x3d, 0x80, 0x61, 0x0,
    0xff, 0xe5, 0x17, 0xfe, 0x60, 0xf, 0x0,

    /* U+F293 "" */
    0x0, 0xfc, 0x22, 0x0, 0xff, 0x8a, 0x7b, 0xfb,
    0x9f, 0x8e, 0x1, 0xf3, 0xeb, 0x8, 0x10, 0x0,
    0xe3, 0x48, 0x3, 0x44, 0x0, 0x37, 0x90, 0x4,
    0x58, 0x1, 0x1b, 0x80, 0x71, 0xe1, 0x0, 0x43,
    0x20, 0x9, 0x0, 0xf8, 0x70, 0x40, 0x26, 0x0,
    0x28, 0x7, 0xc4, 0x18, 0x20, 0x12, 0x98, 0x5,
    0x70, 0x1, 0xe, 0x1e, 0x80, 0x5a, 0xa0, 0x19,
    0xe0, 0x2, 0x24, 0x33, 0x0, 0xf, 0x80, 0x2b,
    0x47, 0x80, 0x5, 0x2d, 0x18, 0x1, 0x84, 0x3,
    0x5a, 0x38, 0x9a, 0xc2, 0x80, 0x46, 0x60, 0xe,
    0xb3, 0x0, 0x33, 0x80, 0x7f, 0xf0, 0x1c, 0x3,
    0xf8, 0xc0, 0x3a, 0xd0, 0x0, 0xd0, 0x1, 0xc2,
    0x1, 0xad, 0x18, 0x4d, 0x5d, 0xc0, 0x11, 0xf0,
    0x5, 0x68, 0xf2, 0x0, 0xa4, 0x86, 0x0, 0x32,
    0x80, 0x67, 0x80, 0x8, 0x94, 0x50, 0x0, 0x46,
    0x1, 0x5c, 0x0, 0x43, 0x81, 0x84, 0x0, 0xc0,
    0x50, 0xf, 0x19, 0x6, 0x10, 0x4, 0xa1, 0x0,
    0x1f, 0x17, 0x90, 0x4, 0xe0, 0x2, 0x90, 0xe,
    0x6c, 0x10, 0x8, 0x60, 0x2, 0x6b, 0x10, 0xa,
    0xc4, 0x2, 0x3c, 0x0, 0xe4, 0xea, 0x63, 0x22,
    0x1b, 0x5e, 0x10, 0x0,

    /* U+F2ED "" */
    0x0, 0xf8, 0x8b, 0x84, 0x3, 0xff, 0x83, 0x9b,
    0xbd, 0xe2, 0x1, 0xea, 0xcc, 0xda, 0x60, 0x1c,
    0x39, 0x9e, 0x15, 0x33, 0xc4, 0x1, 0xf1, 0x19,
    0xf2, 0x90, 0x7, 0xff, 0x14, 0x5b, 0x7f, 0xff,
    0xf8, 0xbc, 0x40, 0xf9, 0x9f, 0xfc, 0x3a, 0x0,
    0xb4, 0xcf, 0xff, 0x86, 0x80, 0x1f, 0xfc, 0xe1,
    0xe1, 0x0, 0x69, 0x80, 0x31, 0x0, 0x3f, 0x8c,
    0x4c, 0x0, 0x4e, 0x0, 0x22, 0x0, 0x7f, 0xff,
    0xc0, 0x3f, 0xff, 0xe0, 0x1f, 0xfc, 0x73, 0x13,
    0x0, 0xb, 0x80, 0x8, 0xc0, 0x3c, 0x60, 0x1,
    0xe1, 0x0, 0x71, 0x80, 0x31, 0x40, 0x6, 0x1,
    0x78, 0x7, 0xff, 0xd, 0xc0, 0x26, 0x84, 0x33,
    0xff, 0x91, 0xac, 0x0,

    /* U+F304 "" */
    0x0, 0xff, 0xe2, 0x89, 0x80, 0x7f, 0xf2, 0x13,
    0xb3, 0x44, 0x3, 0xff, 0x8a, 0x96, 0x0, 0x2c,
    0x10, 0xf, 0xfe, 0x19, 0xd8, 0x6, 0x2c, 0x10,
    0xf, 0xfe, 0x8, 0x99, 0x80, 0x38, 0xa8, 0x3,
    0xff, 0x80, 0x9e, 0x98, 0x60, 0x1c, 0x80, 0x1f,
    0xf2, 0x58, 0xda, 0x61, 0x80, 0x65, 0x0, 0xff,
    0x25, 0x80, 0x56, 0x98, 0x60, 0x4, 0xa0, 0xf,
    0xe4, 0xb0, 0xe, 0xb4, 0xc3, 0x4b, 0x0, 0xfe,
    0x4b, 0x0, 0xfa, 0xd3, 0x2c, 0x3, 0xf9, 0x2c,
    0x3, 0xfb, 0x80, 0x3f, 0xc9, 0x60, 0x1f, 0xc9,
    0x40, 0x1f, 0xc9, 0x60, 0x1f, 0xc9, 0x60, 0x1f,
    0xc9, 0x60, 0x1f, 0xc9, 0x60, 0x1f, 0xc9, 0x60,
    0x1f, 0xc9, 0x60, 0x1f, 0xc9, 0x60, 0x1f, 0xc9,
    0x60, 0x1f, 0xc7, 0x60, 0x1f, 0xc9, 0x60, 0x1f,
    0xeb, 0x0, 0xfe, 0x4b, 0x0, 0xff, 0x88, 0x3,
    0xf2, 0x58, 0x7, 0xff, 0x1, 0x80, 0x3e, 0x4b,
    0x0, 0xff, 0xe0, 0x90, 0x7, 0x92, 0xc0, 0x3f,
    0xf8, 0x42, 0x1, 0xc9, 0x60, 0x1f, 0xfc, 0x37,
    0x46, 0x8a, 0xbb, 0x0, 0x7f, 0xf0, 0xc0,

    /* U+F55A "" */
    0x0, 0xf8, 0x9a, 0x23, 0xff, 0x86, 0xea, 0x1,
    0xf9, 0x76, 0x5d, 0xff, 0xf8, 0x71, 0x58, 0x1,
    0xe5, 0xa0, 0xf, 0xfe, 0x39, 0xa8, 0x6, 0x5a,
    0x0, 0xff, 0xe4, 0x90, 0x4, 0xb4, 0x1, 0xf3,
    0xf9, 0x80, 0x47, 0xee, 0x1, 0xef, 0x0, 0x2d,
    0x0, 0x7c, 0x70, 0x18, 0x60, 0x78, 0x10, 0x60,
    0x1f, 0x2d, 0x0, 0x7e, 0x35, 0x0, 0x63, 0x60,
    0x1, 0x4c, 0x3, 0xcb, 0x40, 0x1f, 0xea, 0x50,
    0x4, 0x80, 0x16, 0x80, 0x3e, 0xb0, 0xf, 0xfe,
    0x5, 0x20, 0x4, 0x94, 0x1, 0xf9, 0x40, 0x3f,
    0xf8, 0x6, 0x80, 0x12, 0x18, 0x7, 0xeb, 0x30,
    0xf, 0xf1, 0xe0, 0x0, 0x40, 0x18, 0x60, 0x1f,
    0xb0, 0xc0, 0x3f, 0x16, 0x0, 0x17, 0x94, 0x1,
    0x84, 0x1, 0xfb, 0xc, 0x3, 0xe3, 0x10, 0x5a,
    0xa, 0x50, 0x13, 0x0, 0xfe, 0xc3, 0x0, 0xf0,
    0xfc, 0x50, 0x5, 0x51, 0xe2, 0x1, 0xfe, 0xc3,
    0x0, 0xf0, 0xb8, 0x7, 0x38, 0x80, 0x7b, 0xc0,
    0x3b, 0xc, 0x3, 0xff, 0x90, 0xa0, 0x1e, 0xc6,
    0x10, 0xf, 0xfe, 0x21, 0x51, 0x0,

    /* U+F7C2 "" */
    0x0, 0xff, 0xe4, 0x97, 0x7f, 0xfe, 0xe7, 0x0,
    0xc5, 0x82, 0x1, 0xf8, 0x61, 0x40, 0x5, 0x82,
    0x88, 0x3, 0x40, 0x24, 0x40, 0x3, 0x0, 0xb0,
    0x4a, 0xe4, 0x22, 0xc6, 0xae, 0x80, 0x6, 0x58,
    0x20, 0x1f, 0xfc, 0x2c, 0x10, 0xf, 0xfe, 0x18,
    0x80, 0x62, 0x60, 0x22, 0x7, 0x91, 0x0, 0x3e,
    0x2d, 0xb0, 0x9d, 0x17, 0xdc, 0x0, 0xff, 0xff,
    0x80, 0x7f, 0xff, 0xc0, 0x3f, 0xfd, 0x86, 0xc0,
    0x1f, 0xfc, 0x3d, 0x96, 0x10, 0xf, 0xf8, 0xa9,
    0x0,

    /* U+F8A2 "" */
    0x0, 0xff, 0xe4, 0xe, 0x0, 0x7f, 0xf2, 0x7,
    0xcc, 0x40, 0x3f, 0xf8, 0xc3, 0xe2, 0x1, 0xe3,
    0xed, 0x0, 0xff, 0x90, 0x40, 0x3c, 0x98, 0x24,
    0x1, 0xff, 0xc6, 0x5b, 0x0, 0xff, 0xe4, 0x35,
    0x0, 0x66, 0x6f, 0xfb, 0x0, 0x33, 0xc8, 0x7,
    0x4c, 0xff, 0xcc, 0x1, 0xa8, 0x3, 0xff, 0x95,
    0xc2, 0x1, 0xff, 0xc7, 0x21, 0x3c, 0x10, 0xd,
    0xdd, 0xff, 0xc2, 0xd0, 0x1, 0x61, 0x0, 0x42,
    0x3f, 0xfc, 0x20, 0xc, 0x58, 0x40, 0x1f, 0xfc,
    0x91, 0xc4, 0x70, 0xf, 0xfe, 0x20
};


/*---------------------
 *  GLYPH DESCRIPTION
 *--------------------*/

static const lv_font_fmt_txt_glyph_dsc_t glyph_dsc[] = {
    {.bitmap_index = 0, .adv_w = 0, .box_w = 0, .box_h = 0, .ofs_x = 0, .ofs_y = 0} /* id = 0 reserved */,
    {.bitmap_index = 0, .adv_w = 85, .box_w = 0, .box_h = 0, .ofs_x = 0, .ofs_y = 0},
    {.bitmap_index = 0, .adv_w = 91, .box_w = 4, .box_h = 19, .ofs_x = 1, .ofs_y = 0},
    {.bitmap_index = 38, .adv_w = 128, .box_w = 7, .box_h = 8, .ofs_x = 1, .ofs_y = 11},
    {.bitmap_index = 66, .adv_w = 147, .box_w = 10, .box_h = 19, .ofs_x = 0, .ofs_y = 0},
    {.bitmap_index = 155, .adv_w = 138, .box_w = 8, .box_h = 22, .ofs_x = 0, .ofs_y = -3},
    {.bitmap_index = 229, .adv_w = 374, .box_w = 21, .box_h = 19, .ofs_x = 1, .ofs_y = 0},
    {.bitmap_index = 376, .adv_w = 165, .box_w = 11, .box_h = 19, .ofs_x = 0, .ofs_y = 0},
    {.bitmap_index = 472, .adv_w = 71, .box_w = 3, .box_h = 7, .ofs_x = 1, .ofs_y = 12},
    {.bitmap_index = 483, .adv_w = 96, .box_w = 5, .box_h = 22, .ofs_x = 1, .ofs_y = -3},
    {.bitmap_index = 508, .adv_w = 96, .box_w = 5, .box_h = 22, .ofs_x = 0, .ofs_y = -3},
    {.bitmap_index = 532, .adv_w = 150, .box_w = 9, .box_h = 8, .ofs_x = 0, .ofs_y = 11},
    {.bitmap_index = 568, .adv_w = 117, .box_w = 7, .box_h = 7, .ofs_x = 0, .ofs_y = 5},
    {.bitmap_index = 591, .adv_w = 79, .box_w = 4, .box_h = 7, .ofs_x = 1, .ofs_y = -4},
    {.bitmap_index = 605, .adv_w = 120, .box_w = 6, .box_h = 2, .ofs_x = 0, .ofs_y = 8},
    {.bitmap_index = 610, .adv_w = 91, .box_w = 3, .box_h = 3, .ofs_x = 1, .ofs_y = 0},
    {.bitmap_index = 615, .adv_w = 125, .box_w = 8, .box_h = 19, .ofs_x = 0, .ofs_y = 0},
    {.bitmap_index = 675, .adv_w = 147, .box_w = 7, .box_h = 19, .ofs_x = 1, .ofs_y = 0},
    {.bitmap_index = 710, .adv_w = 147, .box_w = 6, .box_h = 19, .ofs_x = 1, .ofs_y = 0},
    {.bitmap_index = 730, .adv_w = 147, .box_w = 8, .box_h = 19, .ofs_x = 1, .ofs_y = 0},
    {.bitmap_index = 798, .adv_w = 147, .box_w = 8, .box_h = 19, .ofs_x = 1, .ofs_y = 0},
    {.bitmap_index = 869, .adv_w = 147, .box_w = 9, .box_h = 19, .ofs_x = 0, .ofs_y = 0},
    {.bitmap_index = 928, .adv_w = 147, .box_w = 8, .box_h = 19, .ofs_x = 1, .ofs_y = 0},
    {.bitmap_index = 980, .adv_w = 147, .box_w = 8, .box_h = 19, .ofs_x = 1, .ofs_y = 0},
    {.bitmap_index = 1041, .adv_w = 147, .box_w = 9, .box_h = 19, .ofs_x = 0, .ofs_y = 0},
    {.bitmap_index = 1105, .adv_w = 147, .box_w = 9, .box_h = 19, .ofs_x = 0, .ofs_y = 0},
    {.bitmap_index = 1184, .adv_w = 147, .box_w = 8, .box_h = 19, .ofs_x = 1, .ofs_y = 0},
    {.bitmap_index = 1252, .adv_w = 84, .box_w = 3, .box_h = 11, .ofs_x = 1, .ofs_y = 3},
    {.bitmap_index = 1266, .adv_w = 96, .box_w = 3, .box_h = 15, .ofs_x = 2, .ofs_y = -1},
    {.bitmap_index = 1286, .adv_w = 125, .box_w = 7, .box_h = 12, .ofs_x = 0, .ofs_y = 2},
    {.bitmap_index = 1324, .adv_w = 124, .box_w = 8, .box_h = 5, .ofs_x = 0, .ofs_y = 6},
    {.bitmap_index = 1338, .adv_w = 125, .box_w = 8, .box_h = 12, .ofs_x = 0, .ofs_y = 2},
    {.bitmap_index = 1379, .adv_w = 147, .box_w = 7, .box_h = 19, .ofs_x = 1, .ofs_y = 0},
    {.bitmap_index = 1434, .adv_w = 262, .box_w = 15, .box_h = 19, .ofs_x = 1, .ofs_y = 0},
    {.bitmap_index = 1560, .adv_w = 156, .box_w = 10, .box_h = 19, .ofs_x = 0, .ofs_y = 0},
    {.bitmap_index = 1646, .adv_w = 158, .box_w = 8, .box_h = 19, .ofs_x = 1, .ofs_y = 0},
    {.bitmap_index = 1708, .adv_w = 158, .box_w = 8, .box_h = 19, .ofs_x = 1, .ofs_y = 0},
    {.bitmap_index = 1769, .adv_w = 164, .box_w = 8, .box_h = 19, .ofs_x = 1, .ofs_y = 0},
    {.bitmap_index = 1806, .adv_w = 130, .box_w = 7, .box_h = 19, .ofs_x = 1, .ofs_y = 0},
    {.bitmap_index = 1834, .adv_w = 128, .box_w = 7, .box_h = 19, .ofs_x = 1, .ofs_y = 0},
    {.bitmap_index = 1857, .adv_w = 161, .box_w = 8, .box_h = 19, .ofs_x = 1, .ofs_y = 0},
    {.bitmap_index = 1919, .adv_w = 169, .box_w = 9, .box_h = 19, .ofs_x = 1, .ofs_y = 0},
    {.bitmap_index = 1939, .adv_w = 85, .box_w = 3, .box_h = 19, .ofs_x = 1, .ofs_y = 0},
    {.bitmap_index = 1944, .adv_w = 151, .box_w = 8, .box_h = 19, .ofs_x = 0, .ofs_y = 0},
    {.bitmap_index = 1975, .adv_w = 156, .box_w = 9, .box_h = 19, .ofs_x = 1, .ofs_y = 0},
    {.bitmap_index = 2041, .adv_w = 119, .box_w = 7, .box_h = 19, .ofs_x = 1, .ofs_y = 0},
    {.bitmap_index = 2054, .adv_w = 223, .box_w = 12, .box_h = 19, .ofs_x = 1, .ofs_y = 0},
    {.bitmap_index = 2143, .adv_w = 174, .box_w = 9, .box_h = 19, .ofs_x = 1, .ofs_y = 0},
    {.bitmap_index = 2201, .adv_w = 162, .box_w = 8, .box_h = 19, .ofs_x = 1, .ofs_y = 0},
    {.bitmap_index = 2250, .adv_w = 154, .box_w = 8, .box_h = 19, .ofs_x = 1, .ofs_y = 0},
    {.bitmap_index = 2294, .adv_w = 162, .box_w = 8, .box_h = 22, .ofs_x = 1, .ofs_y = -3},
    {.bitmap_index = 2353, .adv_w = 161, .box_w = 9, .box_h = 19, .ofs_x = 1, .ofs_y = 0},
    {.bitmap_index = 2405, .adv_w = 142, .box_w = 9, .box_h = 19, .ofs_x = 0, .ofs_y = 0},
    {.bitmap_index = 2487, .adv_w = 108, .box_w = 7, .box_h = 19, .ofs_x = 0, .ofs_y = 0},
    {.bitmap_index = 2503, .adv_w = 164, .box_w = 8, .box_h = 19, .ofs_x = 1, .ofs_y = 0},
    {.bitmap_index = 2529, .adv_w = 152, .box_w = 10, .box_h = 19, .ofs_x = 0, .ofs_y = 0},
    {.bitmap_index = 2616, .adv_w = 230, .box_w = 14, .box_h = 19, .ofs_x = 0, .ofs_y = 0},
    {.bitmap_index = 2748, .adv_w = 137, .box_w = 9, .box_h = 19, .ofs_x = 0, .ofs_y = 0},
    {.bitmap_index = 2827, .adv_w = 142, .box_w = 9, .box_h = 19, .ofs_x = 0, .ofs_y = 0},
    {.bitmap_index = 2879, .adv_w = 119, .box_w = 7, .box_h = 19, .ofs_x = 0, .ofs_y = 0},
    {.bitmap_index = 2940, .adv_w = 108, .box_w = 5, .box_h = 20, .ofs_x = 1, .ofs_y = -1},
    {.bitmap_index = 2956, .adv_w = 127, .box_w = 8, .box_h = 19, .ofs_x = 0, .ofs_y = 0},
    {.bitmap_index = 3014, .adv_w = 108, .box_w = 6, .box_h = 20, .ofs_x = 0, .ofs_y = -1},
    {.bitmap_index = 3033, .adv_w = 158, .box_w = 9, .box_h = 10, .ofs_x = 0, .ofs_y = 9},
    {.bitmap_index = 3076, .adv_w = 129, .box_w = 8, .box_h = 2, .ofs_x = 0, .ofs_y = -2},
    {.bitmap_index = 3082, .adv_w = 70, .box_w = 4, .box_h = 4, .ofs_x = 0, .ofs_y = 17},
    {.bitmap_index = 3091, .adv_w = 155, .box_w = 8, .box_h = 16, .ofs_x = 1, .ofs_y = 0},
    {.bitmap_index = 3150, .adv_w = 162, .box_w = 8, .box_h = 19, .ofs_x = 1, .ofs_y = 0},
    {.bitmap_index = 3198, .adv_w = 151, .box_w = 8, .box_h = 16, .ofs_x = 1, .ofs_y = 0},
    {.bitmap_index = 3251, .adv_w = 161, .box_w = 8, .box_h = 19, .ofs_x = 1, .ofs_y = 0},
    {.bitmap_index = 3299, .adv_w = 151, .box_w = 8, .box_h = 16, .ofs_x = 1, .ofs_y = 0},
    {.bitmap_index = 3358, .adv_w = 112, .box_w = 7, .box_h = 19, .ofs_x = 0, .ofs_y = 0},
    {.bitmap_index = 3388, .adv_w = 160, .box_w = 8, .box_h = 19, .ofs_x = 1, .ofs_y = -3},
    {.bitmap_index = 3452, .adv_w = 167, .box_w = 8, .box_h = 19, .ofs_x = 1, .ofs_y = 0},
    {.bitmap_index = 3478, .adv_w = 87, .box_w = 3, .box_h = 19, .ofs_x = 1, .ofs_y = 0},
    {.bitmap_index = 3488, .adv_w = 89, .box_w = 5, .box_h = 21, .ofs_x = 0, .ofs_y = -3},
    {.bitmap_index = 3504, .adv_w = 154, .box_w = 9, .box_h = 19, .ofs_x = 1, .ofs_y = 0},
    {.bitmap_index = 3561, .adv_w = 86, .box_w = 3, .box_h = 19, .ofs_x = 1, .ofs_y = 0},
    {.bitmap_index = 3566, .adv_w = 246, .box_w = 13, .box_h = 16, .ofs_x = 1, .ofs_y = 0},
    {.bitmap_index = 3603, .adv_w = 166, .box_w = 8, .box_h = 16, .ofs_x = 1, .ofs_y = 0},
    {.bitmap_index = 3627, .adv_w = 157, .box_w = 8, .box_h = 16, .ofs_x = 1, .ofs_y = 0},
    {.bitmap_index = 3671, .adv_w = 161, .box_w = 8, .box_h = 19, .ofs_x = 1, .ofs_y = -3},
    {.bitmap_index = 3722, .adv_w = 161, .box_w = 8, .box_h = 19, .ofs_x = 1, .ofs_y = -3},
    {.bitmap_index = 3766, .adv_w = 110, .box_w = 6, .box_h = 16, .ofs_x = 1, .ofs_y = 0},
    {.bitmap_index = 3781, .adv_w = 138, .box_w = 8, .box_h = 16, .ofs_x = 0, .ofs_y = 0},
    {.bitmap_index = 3844, .adv_w = 102, .box_w = 6, .box_h = 19, .ofs_x = 0, .ofs_y = 0},
    {.bitmap_index = 3869, .adv_w = 165, .box_w = 8, .box_h = 16, .ofs_x = 1, .ofs_y = 0},
    {.bitmap_index = 3894, .adv_w = 133, .box_w = 8, .box_h = 16, .ofs_x = 0, .ofs_y = 0},
    {.bitmap_index = 3958, .adv_w = 200, .box_w = 12, .box_h = 16, .ofs_x = 0, .ofs_y = 0},
    {.bitmap_index = 4056, .adv_w = 129, .box_w = 8, .box_h = 16, .ofs_x = 0, .ofs_y = 0},
    {.bitmap_index = 4119, .adv_w = 135, .box_w = 9, .box_h = 19, .ofs_x = 0, .ofs_y = -3},
    {.bitmap_index = 4199, .adv_w = 116, .box_w = 7, .box_h = 16, .ofs_x = 0, .ofs_y = 0},
    {.bitmap_index = 4249, .adv_w = 113, .box_w = 6, .box_h = 22, .ofs_x = 1, .ofs_y = -3},
    {.bitmap_index = 4297, .adv_w = 92, .box_w = 3, .box_h = 21, .ofs_x = 1, .ofs_y = -1},
    {.bitmap_index = 4304, .adv_w = 113, .box_w = 6, .box_h = 22, .ofs_x = 0, .ofs_y = -3},
    {.bitmap_index = 4352, .adv_w = 192, .box_w = 10, .box_h = 4, .ofs_x = 1, .ofs_y = 9},
    {.bitmap_index = 4373, .adv_w = 85, .box_w = 0, .box_h = 0, .ofs_x = 0, .ofs_y = 0},
    {.bitmap_index = 4373, .adv_w = 91, .box_w = 4, .box_h = 19, .ofs_x = 1, .ofs_y = -3},
    {.bitmap_index = 4409, .adv_w = 151, .box_w = 8, .box_h = 22, .ofs_x = 1, .ofs_y = -3},
    {.bitmap_index = 4473, .adv_w = 147, .box_w = 9, .box_h = 19, .ofs_x = 0, .ofs_y = 0},
    {.bitmap_index = 4550, .adv_w = 199, .box_w = 11, .box_h = 11, .ofs_x = 1, .ofs_y = 5},
    {.bitmap_index = 4608, .adv_w = 142, .box_w = 9, .box_h = 19, .ofs_x = 0, .ofs_y = 0},
    {.bitmap_index = 4688, .adv_w = 83, .box_w = 3, .box_h = 20, .ofs_x = 1, .ofs_y = -1},
    {.bitmap_index = 4704, .adv_w = 138, .box_w = 9, .box_h = 19, .ofs_x = 0, .ofs_y = 0},
    {.bitmap_index = 4789, .adv_w = 140, .box_w = 9, .box_h = 2, .ofs_x = 0, .ofs_y = 17},
    {.bitmap_index = 4798, .adv_w = 252, .box_w = 16, .box_h = 15, .ofs_x = 0, .ofs_y = 1},
    {.bitmap_index = 4902, .adv_w = 159, .box_w = 6, .box_h = 13, .ofs_x = 2, .ofs_y = 6},
    {.bitmap_index = 4939, .adv_w = 224, .box_w = 12, .box_h = 9, .ofs_x = 0, .ofs_y = 3},
    {.bitmap_index = 4990, .adv_w = 163, .box_w = 8, .box_h = 6, .ofs_x = 1, .ofs_y = 4},
    {.bitmap_index = 5000, .adv_w = 120, .box_w = 7, .box_h = 2, .ofs_x = 0, .ofs_y = 6},
    {.bitmap_index = 5005, .adv_w = 258, .box_w = 15, .box_h = 15, .ofs_x = 1, .ofs_y = 1},
    {.bitmap_index = 5102, .adv_w = 106, .box_w = 7, .box_h = 2, .ofs_x = 0, .ofs_y = 17},
    {.bitmap_index = 5107, .adv_w = 157, .box_w = 8, .box_h = 9, .ofs_x = 1, .ofs_y = 11},
    {.bitmap_index = 5141, .adv_w = 147, .box_w = 7, .box_h = 10, .ofs_x = 1, .ofs_y = 2},
    {.bitmap_index = 5172, .adv_w = 145, .box_w = 6, .box_h = 13, .ofs_x = 2, .ofs_y = 6},
    {.bitmap_index = 5211, .adv_w = 149, .box_w = 6, .box_h = 13, .ofs_x = 2, .ofs_y = 6},
    {.bitmap_index = 5250, .adv_w = 70, .box_w = 4, .box_h = 4, .ofs_x = 0, .ofs_y = 17},
    {.bitmap_index = 5258, .adv_w = 165, .box_w = 8, .box_h = 19, .ofs_x = 1, .ofs_y = -3},
    {.bitmap_index = 5291, .adv_w = 183, .box_w = 9, .box_h = 19, .ofs_x = 1, .ofs_y = 0},
    {.bitmap_index = 5321, .adv_w = 83, .box_w = 3, .box_h = 3, .ofs_x = 1, .ofs_y = 8},
    {.bitmap_index = 5326, .adv_w = 85, .box_w = 5, .box_h = 8, .ofs_x = 0, .ofs_y = -7},
    {.bitmap_index = 5346, .adv_w = 108, .box_w = 5, .box_h = 13, .ofs_x = 0, .ofs_y = 6},
    {.bitmap_index = 5358, .adv_w = 142, .box_w = 7, .box_h = 13, .ofs_x = 1, .ofs_y = 6},
    {.bitmap_index = 5395, .adv_w = 224, .box_w = 12, .box_h = 9, .ofs_x = 1, .ofs_y = 3},
    {.bitmap_index = 5448, .adv_w = 264, .box_w = 15, .box_h = 20, .ofs_x = 1, .ofs_y = -1},
    {.bitmap_index = 5560, .adv_w = 278, .box_w = 16, .box_h = 20, .ofs_x = 1, .ofs_y = -1},
    {.bitmap_index = 5682, .adv_w = 267, .box_w = 15, .box_h = 19, .ofs_x = 1, .ofs_y = -1},
    {.bitmap_index = 5808, .adv_w = 147, .box_w = 7, .box_h = 19, .ofs_x = 1, .ofs_y = -3},
    {.bitmap_index = 5864, .adv_w = 156, .box_w = 10, .box_h = 24, .ofs_x = 0, .ofs_y = 0},
    {.bitmap_index = 5966, .adv_w = 156, .box_w = 10, .box_h = 24, .ofs_x = 0, .ofs_y = 0},
    {.bitmap_index = 6068, .adv_w = 156, .box_w = 10, .box_h = 24, .ofs_x = 0, .ofs_y = 0},
    {.bitmap_index = 6173, .adv_w = 156, .box_w = 10, .box_h = 23, .ofs_x = 0, .ofs_y = 0},
    {.bitmap_index = 6278, .adv_w = 156, .box_w = 10, .box_h = 22, .ofs_x = 0, .ofs_y = 0},
    {.bitmap_index = 6379, .adv_w = 156, .box_w = 10, .box_h = 24, .ofs_x = 0, .ofs_y = 0},
    {.bitmap_index = 6482, .adv_w = 205, .box_w = 12, .box_h = 19, .ofs_x = 0, .ofs_y = 0},
    {.bitmap_index = 6570, .adv_w = 158, .box_w = 8, .box_h = 26, .ofs_x = 1, .ofs_y = -7},
    {.bitmap_index = 6656, .adv_w = 130, .box_w = 7, .box_h = 24, .ofs_x = 1, .ofs_y = 0},
    {.bitmap_index = 6699, .adv_w = 130, .box_w = 7, .box_h = 24, .ofs_x = 1, .ofs_y = 0},
    {.bitmap_index = 6743, .adv_w = 130, .box_w = 7, .box_h = 24, .ofs_x = 1, .ofs_y = 0},
    {.bitmap_index = 6788, .adv_w = 130, .box_w = 9, .box_h = 22, .ofs_x = 0, .ofs_y = 0},
    {.bitmap_index = 6833, .adv_w = 85, .box_w = 4, .box_h = 24, .ofs_x = 0, .ofs_y = 0},
    {.bitmap_index = 6849, .adv_w = 85, .box_w = 4, .box_h = 24, .ofs_x = 1, .ofs_y = 0},
    {.bitmap_index = 6864, .adv_w = 85, .box_w = 7, .box_h = 24, .ofs_x = -1, .ofs_y = 0},
    {.bitmap_index = 6891, .adv_w = 85, .box_w = 9, .box_h = 22, .ofs_x = -2, .ofs_y = 0},
    {.bitmap_index = 6918, .adv_w = 164, .box_w = 9, .box_h = 19, .ofs_x = 0, .ofs_y = 0},
    {.bitmap_index = 6972, .adv_w = 174, .box_w = 9, .box_h = 23, .ofs_x = 1, .ofs_y = 0},
    {.bitmap_index = 7049, .adv_w = 162, .box_w = 8, .box_h = 24, .ofs_x = 1, .ofs_y = 0},
    {.bitmap_index = 7112, .adv_w = 162, .box_w = 8, .box_h = 24, .ofs_x = 1, .ofs_y = 0},
    {.bitmap_index = 7176, .adv_w = 162, .box_w = 8, .box_h = 24, .ofs_x = 1, .ofs_y = 0},
    {.bitmap_index = 7244, .adv_w = 162, .box_w = 8, .box_h = 23, .ofs_x = 1, .ofs_y = 0},
    {.bitmap_index = 7309, .adv_w = 162, .box_w = 8, .box_h = 22, .ofs_x = 1, .ofs_y = 0},
    {.bitmap_index = 7370, .adv_w = 122, .box_w = 7, .box_h = 7, .ofs_x = 0, .ofs_y = 3},
    {.bitmap_index = 7396, .adv_w = 155, .box_w = 10, .box_h = 23, .ofs_x = 0, .ofs_y = -2},
    {.bitmap_index = 7489, .adv_w = 164, .box_w = 8, .box_h = 24, .ofs_x = 1, .ofs_y = 0},
    {.bitmap_index = 7531, .adv_w = 164, .box_w = 8, .box_h = 24, .ofs_x = 1, .ofs_y = 0},
    {.bitmap_index = 7573, .adv_w = 164, .box_w = 8, .box_h = 24, .ofs_x = 1, .ofs_y = 0},
    {.bitmap_index = 7618, .adv_w = 164, .box_w = 8, .box_h = 22, .ofs_x = 1, .ofs_y = 0},
    {.bitmap_index = 7657, .adv_w = 142, .box_w = 9, .box_h = 24, .ofs_x = 0, .ofs_y = 0},
    {.bitmap_index = 7726, .adv_w = 159, .box_w = 9, .box_h = 19, .ofs_x = 1, .ofs_y = 0},
    {.bitmap_index = 7776, .adv_w = 169, .box_w = 9, .box_h = 19, .ofs_x = 1, .ofs_y = 0},
    {.bitmap_index = 7838, .adv_w = 155, .box_w = 8, .box_h = 21, .ofs_x = 1, .ofs_y = 0},
    {.bitmap_index = 7912, .adv_w = 155, .box_w = 8, .box_h = 21, .ofs_x = 1, .ofs_y = 0},
    {.bitmap_index = 7986, .adv_w = 155, .box_w = 8, .box_h = 21, .ofs_x = 1, .ofs_y = 0},
    {.bitmap_index = 8064, .adv_w = 155, .box_w = 8, .box_h = 20, .ofs_x = 1, .ofs_y = 0},
    {.bitmap_index = 8140, .adv_w = 155, .box_w = 8, .box_h = 19, .ofs_x = 1, .ofs_y = 0},
    {.bitmap_index = 8211, .adv_w = 155, .box_w = 8, .box_h = 22, .ofs_x = 1, .ofs_y = 0},
    {.bitmap_index = 8292, .adv_w = 233, .box_w = 13, .box_h = 16, .ofs_x = 1, .ofs_y = 0},
    {.bitmap_index = 8386, .adv_w = 151, .box_w = 8, .box_h = 23, .ofs_x = 1, .ofs_y = -7},
    {.bitmap_index = 8463, .adv_w = 151, .box_w = 8, .box_h = 21, .ofs_x = 1, .ofs_y = 0},
    {.bitmap_index = 8537, .adv_w = 151, .box_w = 8, .box_h = 21, .ofs_x = 1, .ofs_y = 0},
    {.bitmap_index = 8611, .adv_w = 151, .box_w = 8, .box_h = 21, .ofs_x = 1, .ofs_y = 0},
    {.bitmap_index = 8690, .adv_w = 151, .box_w = 9, .box_h = 19, .ofs_x = 0, .ofs_y = 0},
    {.bitmap_index = 8769, .adv_w = 87, .box_w = 4, .box_h = 21, .ofs_x = 0, .ofs_y = 0},
    {.bitmap_index = 8785, .adv_w = 87, .box_w = 4, .box_h = 21, .ofs_x = 1, .ofs_y = 0},
    {.bitmap_index = 8800, .adv_w = 87, .box_w = 7, .box_h = 21, .ofs_x = -1, .ofs_y = 0},
    {.bitmap_index = 8826, .adv_w = 87, .box_w = 9, .box_h = 19, .ofs_x = -2, .ofs_y = 0},
    {.bitmap_index = 8849, .adv_w = 166, .box_w = 10, .box_h = 19, .ofs_x = 1, .ofs_y = 0},
    {.bitmap_index = 8931, .adv_w = 166, .box_w = 8, .box_h = 20, .ofs_x = 1, .ofs_y = 0},
    {.bitmap_index = 8971, .adv_w = 157, .box_w = 8, .box_h = 21, .ofs_x = 1, .ofs_y = 0},
    {.bitmap_index = 9030, .adv_w = 157, .box_w = 8, .box_h = 21, .ofs_x = 1, .ofs_y = 0},
    {.bitmap_index = 9089, .adv_w = 157, .box_w = 8, .box_h = 21, .ofs_x = 1, .ofs_y = 0},
    {.bitmap_index = 9153, .adv_w = 157, .box_w = 8, .box_h = 20, .ofs_x = 1, .ofs_y = 0},
    {.bitmap_index = 9214, .adv_w = 157, .box_w = 8, .box_h = 19, .ofs_x = 1, .ofs_y = 0},
    {.bitmap_index = 9270, .adv_w = 138, .box_w = 7, .box_h = 12, .ofs_x = 1, .ofs_y = 2},
    {.bitmap_index = 9296, .adv_w = 151, .box_w = 8, .box_h = 20, .ofs_x = 1, .ofs_y = -2},
    {.bitmap_index = 9369, .adv_w = 165, .box_w = 8, .box_h = 21, .ofs_x = 1, .ofs_y = 0},
    {.bitmap_index = 9409, .adv_w = 165, .box_w = 8, .box_h = 21, .ofs_x = 1, .ofs_y = 0},
    {.bitmap_index = 9449, .adv_w = 165, .box_w = 8, .box_h = 21, .ofs_x = 1, .ofs_y = 0},
    {.bitmap_index = 9494, .adv_w = 165, .box_w = 8, .box_h = 19, .ofs_x = 1, .ofs_y = 0},
    {.bitmap_index = 9531, .adv_w = 135, .box_w = 9, .box_h = 24, .ofs_x = 0, .ofs_y = -3},
    {.bitmap_index = 9627, .adv_w = 161, .box_w = 8, .box_h = 22, .ofs_x = 1, .ofs_y = -3},
    {.bitmap_index = 9683, .adv_w = 135, .box_w = 9, .box_h = 22, .ofs_x = 0, .ofs_y = -3},
    {.bitmap_index = 9776, .adv_w = 352, .box_w = 23, .box_h = 23, .ofs_x = -1, .ofs_y = -3},
    {.bitmap_index = 9905, .adv_w = 352, .box_w = 22, .box_h = 17, .ofs_x = 0, .ofs_y = 0},
    {.bitmap_index = 10041, .adv_w = 352, .box_w = 22, .box_h = 20, .ofs_x = 0, .ofs_y = -2},
    {.bitmap_index = 10140, .adv_w = 352, .box_w = 22, .box_h = 17, .ofs_x = 0, .ofs_y = 0},
    {.bitmap_index = 10260, .adv_w = 242, .box_w = 16, .box_h = 16, .ofs_x = 0, .ofs_y = 0},
    {.bitmap_index = 10366, .adv_w = 352, .box_w = 22, .box_h = 23, .ofs_x = 0, .ofs_y = -3},
    {.bitmap_index = 10547, .adv_w = 352, .box_w = 22, .box_h = 23, .ofs_x = 0, .ofs_y = -3},
    {.bitmap_index = 10709, .adv_w = 396, .box_w = 25, .box_h = 20, .ofs_x = 0, .ofs_y = -2},
    {.bitmap_index = 10867, .adv_w = 352, .box_w = 22, .box_h = 23, .ofs_x = 0, .ofs_y = -3},
    {.bitmap_index = 10979, .adv_w = 396, .box_w = 25, .box_h = 17, .ofs_x = 0, .ofs_y = 0},
    {.bitmap_index = 11094, .adv_w = 352, .box_w = 22, .box_h = 23, .ofs_x = 0, .ofs_y = -3},
    {.bitmap_index = 11277, .adv_w = 176, .box_w = 11, .box_h = 18, .ofs_x = 0, .ofs_y = -1},
    {.bitmap_index = 11323, .adv_w = 264, .box_w = 17, .box_h = 18, .ofs_x = 0, .ofs_y = -1},
    {.bitmap_index = 11412, .adv_w = 396, .box_w = 25, .box_h = 22, .ofs_x = 0, .ofs_y = -3},
    {.bitmap_index = 11599, .adv_w = 352, .box_w = 22, .box_h = 17, .ofs_x = 0, .ofs_y = 0},
    {.bitmap_index = 11705, .adv_w = 308, .box_w = 15, .box_h = 21, .ofs_x = 2, .ofs_y = -2},
    {.bitmap_index = 11788, .adv_w = 308, .box_w = 20, .box_h = 24, .ofs_x = 0, .ofs_y = -4},
    {.bitmap_index = 11907, .adv_w = 308, .box_w = 20, .box_h = 20, .ofs_x = 0, .ofs_y = -2},
    {.bitmap_index = 11968, .adv_w = 308, .box_w = 20, .box_h = 20, .ofs_x = 0, .ofs_y = -2},
    {.bitmap_index = 12011, .adv_w = 308, .box_w = 15, .box_h = 21, .ofs_x = 2, .ofs_y = -2},
    {.bitmap_index = 12098, .adv_w = 308, .box_w = 21, .box_h = 20, .ofs_x = -1, .ofs_y = -2},
    {.bitmap_index = 12207, .adv_w = 220, .box_w = 12, .box_h = 20, .ofs_x = 1, .ofs_y = -2},
    {.bitmap_index = 12303, .adv_w = 220, .box_w = 12, .box_h = 20, .ofs_x = 1, .ofs_y = -2},
    {.bitmap_index = 12395, .adv_w = 308, .box_w = 20, .box_h = 20, .ofs_x = 0, .ofs_y = -2},
    {.bitmap_index = 12470, .adv_w = 308, .box_w = 20, .box_h = 5, .ofs_x = 0, .ofs_y = 6},
    {.bitmap_index = 12492, .adv_w = 396, .box_w = 25, .box_h = 17, .ofs_x = 0, .ofs_y = 0},
    {.bitmap_index = 12665, .adv_w = 440, .box_w = 28, .box_h = 23, .ofs_x = 0, .ofs_y = -3},
    {.bitmap_index = 12900, .adv_w = 396, .box_w = 27, .box_h = 23, .ofs_x = -1, .ofs_y = -3},
    {.bitmap_index = 13070, .adv_w = 352, .box_w = 22, .box_h = 21, .ofs_x = 0, .ofs_y = -2},
    {.bitmap_index = 13235, .adv_w = 308, .box_w = 19, .box_h = 12, .ofs_x = 0, .ofs_y = 2},
    {.bitmap_index = 13318, .adv_w = 308, .box_w = 19, .box_h = 12, .ofs_x = 0, .ofs_y = 2},
    {.bitmap_index = 13409, .adv_w = 440, .box_w = 28, .box_h = 18, .ofs_x = 0, .ofs_y = -1},
    {.bitmap_index = 13547, .adv_w = 352, .box_w = 22, .box_h = 17, .ofs_x = 0, .ofs_y = 0},
    {.bitmap_index = 13601, .adv_w = 352, .box_w = 22, .box_h = 23, .ofs_x = 0, .ofs_y = -3},
    {.bitmap_index = 13721, .adv_w = 352, .box_w = 23, .box_h = 23, .ofs_x = -1, .ofs_y = -3},
    {.bitmap_index = 13877, .adv_w = 308, .box_w = 20, .box_h = 20, .ofs_x = 0, .ofs_y = -2},
    {.bitmap_index = 14045, .adv_w = 308, .box_w = 20, .box_h = 23, .ofs_x = 0, .ofs_y = -3},
    {.bitmap_index = 14126, .adv_w = 308, .box_w = 20, .box_h = 20, .ofs_x = 0, .ofs_y = -2},
    {.bitmap_index = 14230, .adv_w = 220, .box_w = 15, .box_h = 23, .ofs_x = -1, .ofs_y = -3},
    {.bitmap_index = 14340, .adv_w = 308, .box_w = 20, .box_h = 23, .ofs_x = 0, .ofs_y = -3},
    {.bitmap_index = 14438, .adv_w = 308, .box_w = 20, .box_h = 23, .ofs_x = 0, .ofs_y = -3},
    {.bitmap_index = 14564, .adv_w = 396, .box_w = 25, .box_h = 17, .ofs_x = 0, .ofs_y = 0},
    {.bitmap_index = 14707, .adv_w = 352, .box_w = 24, .box_h = 23, .ofs_x = -1, .ofs_y = -3},
    {.bitmap_index = 14843, .adv_w = 264, .box_w = 17, .box_h = 23, .ofs_x = 0, .ofs_y = -3},
    {.bitmap_index = 14899, .adv_w = 440, .box_w = 28, .box_h = 21, .ofs_x = 0, .ofs_y = -2},
    {.bitmap_index = 15087, .adv_w = 440, .box_w = 28, .box_h = 15, .ofs_x = 0, .ofs_y = 1},
    {.bitmap_index = 15169, .adv_w = 440, .box_w = 28, .box_h = 15, .ofs_x = 0, .ofs_y = 1},
    {.bitmap_index = 15254, .adv_w = 440, .box_w = 28, .box_h = 15, .ofs_x = 0, .ofs_y = 1},
    {.bitmap_index = 15338, .adv_w = 440, .box_w = 28, .box_h = 15, .ofs_x = 0, .ofs_y = 1},
    {.bitmap_index = 15422, .adv_w = 440, .box_w = 28, .box_h = 15, .ofs_x = 0, .ofs_y = 1},
    {.bitmap_index = 15494, .adv_w = 440, .box_w = 28, .box_h = 18, .ofs_x = 0, .ofs_y = -1},
    {.bitmap_index = 15645, .adv_w = 308, .box_w = 17, .box_h = 23, .ofs_x = 1, .ofs_y = -3},
    {.bitmap_index = 15809, .adv_w = 308, .box_w = 20, .box_h = 23, .ofs_x = 0, .ofs_y = -3},
    {.bitmap_index = 15909, .adv_w = 352, .box_w = 23, .box_h = 23, .ofs_x = -1, .ofs_y = -3},
    {.bitmap_index = 16060, .adv_w = 440, .box_w = 28, .box_h = 17, .ofs_x = 0, .ofs_y = 0},
    {.bitmap_index = 16210, .adv_w = 264, .box_w = 17, .box_h = 23, .ofs_x = 0, .ofs_y = -3},
    {.bitmap_index = 16283, .adv_w = 354, .box_w = 23, .box_h = 14, .ofs_x = 0, .ofs_y = 1}
};

/*---------------------
 *  CHARACTER MAPPING
 *--------------------*/

static const uint16_t unicode_list_2[] = {
    0x0, 0x7, 0xa, 0xb, 0xc, 0x10, 0x12, 0x14,
    0x18, 0x1b, 0x20, 0x25, 0x26, 0x27, 0x3d, 0x47,
    0x4a, 0x4b, 0x4c, 0x50, 0x51, 0x52, 0x53, 0x66,
    0x67, 0x6d, 0x6f, 0x70, 0x73, 0x76, 0x77, 0x78,
    0x7a, 0x92, 0x94, 0xc3, 0xc4, 0xc6, 0xe6, 0xe9,
    0xf2, 0x11b, 0x123, 0x15a, 0x1ea, 0x23f, 0x240, 0x241,
    0x242, 0x243, 0x286, 0x292, 0x2ec, 0x303, 0x559, 0x7c1,
    0x8a1
};

/*Collect the unicode lists and glyph_id offsets*/
static const lv_font_fmt_txt_cmap_t cmaps[] =
{
    {
        .range_start = 32, .range_length = 95, .glyph_id_start = 1,
        .unicode_list = NULL, .glyph_id_ofs_list = NULL, .list_length = 0, .type = LV_FONT_FMT_TXT_CMAP_FORMAT0_TINY
    },
    {
        .range_start = 160, .range_length = 96, .glyph_id_start = 96,
        .unicode_list = NULL, .glyph_id_ofs_list = NULL, .list_length = 0, .type = LV_FONT_FMT_TXT_CMAP_FORMAT0_TINY
    },
    {
        .range_start = 61441, .range_length = 2210, .glyph_id_start = 192,
        .unicode_list = unicode_list_2, .glyph_id_ofs_list = NULL, .list_length = 57, .type = LV_FONT_FMT_TXT_CMAP_SPARSE_TINY
    }
};

/*-----------------
 *    KERNING
 *----------------*/


/*Map glyph_ids to kern left classes*/
static const uint8_t kern_left_class_mapping[] =
{
    0, 0, 0, 1, 0, 0, 0, 0,
    0, 0, 0, 2, 3, 4, 5, 6,
    7, 0, 0, 0, 0, 0, 0, 0,
    8, 0, 0, 0, 0, 0, 0, 0,
    0, 0, 9, 0, 10, 10, 0, 11,
    0, 0, 0, 12, 13, 14, 0, 0,
    10, 15, 0, 0, 0, 16, 17, 18,
    18, 19, 20, 0, 0, 0, 0, 0,
    0, 0, 21, 22, 22, 0, 22, 23,
    0, 0, 0, 0, 0, 24, 0, 0,
    22, 22, 0, 25, 0, 0, 0, 26,
    26, 0, 27, 0, 0, 0, 0, 0,
    0, 0, 0, 0, 0, 0, 0, 0,
    0, 0, 0, 0, 0, 0, 0, 0,
    0, 0, 0, 0, 0, 0, 0, 28,
    0, 0, 0, 0, 0, 0, 0, 0,
    9, 9, 9, 9, 9, 9, 0, 10,
    0, 0, 0, 0, 0, 0, 0, 0,
    10, 0, 10, 10, 10, 10, 10, 0,
    10, 17, 17, 17, 17, 20, 15, 0,
    21, 21, 21, 21, 21, 21, 0, 22,
    22, 22, 22, 22, 0, 0, 0, 0,
    0, 0, 22, 22, 22, 22, 22, 0,
    22, 0, 0, 0, 0, 27, 22, 27,
    0, 0, 0, 0, 0, 0, 0, 0,
    0, 0, 0, 0, 0, 0, 0, 0,
    0, 0, 0, 0, 0, 0, 0, 0,
    0, 0, 0, 0, 0, 0, 0, 0,
    0, 0, 0, 0, 0, 0, 0, 0,
    0, 0, 0, 0, 0, 0, 0, 0,
    0, 0, 0, 0, 0, 0, 0, 0,
    0
};

/*Map glyph_ids to kern right classes*/
static const uint8_t kern_right_class_mapping[] =
{
    0, 0, 0, 1, 0, 0, 0, 0,
    0, 0, 0, 2, 3, 4, 5, 6,
    7, 0, 8, 0, 0, 9, 0, 0,
    10, 0, 0, 0, 0, 0, 0, 0,
    0, 0, 11, 0, 12, 0, 0, 0,
    12, 0, 0, 13, 0, 0, 0, 0,
    12, 0, 0, 0, 0, 14, 15, 16,
    16, 17, 18, 0, 0, 0, 0, 0,
    0, 0, 19, 0, 20, 20, 20, 21,
    20, 0, 0, 0, 0, 22, 0, 0,
    20, 0, 20, 0, 0, 23, 0, 24,
    24, 0, 25, 0, 0, 0, 0, 0,
    0, 0, 0, 0, 0, 0, 0, 0,
    0, 0, 0, 0, 0, 0, 0, 0,
    0, 0, 0, 0, 0, 0, 0, 26,
    0, 0, 0, 0, 0, 0, 0, 0,
    11, 11, 11, 11, 11, 11, 27, 12,
    0, 0, 0, 0, 0, 0, 0, 0,
    0, 0, 12, 12, 12, 12, 12, 0,
    12, 15, 15, 15, 15, 18, 0, 0,
    19, 19, 19, 19, 19, 19, 19, 20,
    20, 20, 20, 20, 0, 0, 0, 0,
    0, 0, 20, 20, 20, 20, 20, 0,
    20, 0, 0, 0, 0, 25, 0, 25,
    0, 0, 0, 0, 0, 0, 0, 0,
    0, 0, 0, 0, 0, 0, 0, 0,
    0, 0, 0, 0, 0, 0, 0, 0,
    0, 0, 0, 0, 0, 0, 0, 0,
    0, 0, 0, 0, 0, 0, 0, 0,
    0, 0, 0, 0, 0, 0, 0, 0,
    0, 0, 0, 0, 0, 0, 0, 0,
    0
};

/*Kern values between classes*/
static const int8_t kern_class_values[] =
{
    0, 0, 0, 0, 0, 0, 0, 0,
    -15, 0, -10, 0, -33, 0, 0, 0,
    0, 0, 0, 0, 0, 0, 0, 0,
    0, 0, 0, 0, 0, 0, 0, 0,
    0, 0, 0, 0, 0, -12, 0, -38,
    0, 0, 0, 0, 0, 0, 0, 0,
    0, 0, 0, 0, 0, 0, 0, 0,
    0, 0, 0, 0, 0, 0, 0, -10,
    0, 0, 0, 0, 0, 0, 0, 0,
    0, 0, 0, 0, 0, 0, 0, 0,
    0, 0, 0, 0, 0, 0, 0, 19,
    -12, 0, -12, 0, 0, 0, -9, -3,
    -17, 0, -21, 0, 0, 0, 0, -7,
    -12, -10, 0, 0, 0, 0, 0, 0,
    0, 0, 0, 0, 0, -9, 0, 0,
    0, 0, 0, 0, 0, 0, 0, 0,
    0, 0, 0, 0, 0, 0, 0, 0,
    0, 0, 0, 0, 0, 19, -12, 0,
    -12, 0, 0, 0, -9, -3, -17, 0,
    -21, 0, 0, 0, 0, -7, -19, -10,
    0, 0, 0, 0, 0, -41, 0, -41,
    -31, 0, 0, 0, 0, 0, 0, 0,
    0, 0, 0, 0, 0, 0, 0, 0,
    0, 0, 0, 0, 0, 0, 0, -7,
    -27, -9, -27, -14, 0, 0, 0, 0,
    0, 0, 0, 0, 0, 0, 0, 0,
    0, 0, 0, 0, 0, 0, 0, 0,
    -14, -12, 0, 0, 0, 0, 0, 0,
    0, 0, 0, 0, 0, 0, 0, -9,
    0, -10, 0, 0, -5, 0, 0, -5,
    -9, 0, 0, 0, 0, 0, 0, 0,
    0, 0, 0, 0, 0, 0, 0, 0,
    0, 0, 0, -3, 0, 0, 0, 0,
    0, 0, 0, 0, 0, -5, 0, 0,
    0, -31, 0, -31, 0, 0, 0, 0,
    -7, 0, -26, 0, 0, 0, 0, 0,
    -5, -3, 0, 0, 0, 0, 0, 0,
    -19, 0, 0, 0, -3, 0, -3, 0,
    0, 0, 0, -7, 0, 0, 0, 0,
    0, 0, 0, 0, 0, 0, 0, 0,
    0, 0, 0, 0, 0, 0, 0, 0,
    0, 0, 0, 0, 0, 0, 0, 0,
    0, 0, 0, 0, 0, 0, -2, -2,
    0, 0, 0, 0, 0, 0, 0, -22,
    -17, 0, 0, 0, 0, 0, 0, 0,
    0, 0, -3, 0, -9, 0, -7, 0,
    -10, 0, 0, 0, 0, 0, -3, 0,
    0, 0, 0, 0, 0, -41, 0, -41,
    0, 0, 0, 0, -10, 0, -22, 0,
    0, 0, 0, 0, 0, 0, 0, 0,
    0, 0, 0, 0, -19, 0, 0, 0,
    -9, 0, -9, 0, 0, 0, 0, 0,
    0, -9, 0, 0, 0, 0, 0, -5,
    -5, 0, 0, 0, 0, 0, 0, -9,
    0, 0, 0, -3, 0, -3, 0, 0,
    0, 0, 0, 0, 0, 0, 0, 0,
    0, 0, 0, 0, 0, 0, 0, 0,
    0, 0, 0, 0, 0, 0, -17, 0,
    -17, 0, 0, 0, 0, -9, 0, -10,
    0, 0, 0, 0, 0, -3, -3, 0,
    0, 0, 0, 0, 0, -12, 0, 0,
    0, 0, 0, 0, 0, 0, 0, 0,
    0, -3, 0, 0, 0, 0, 0, 0,
    0, -3, 0, 0, 0, 0, 0, 0,
    0, 0, 0, 0, -21, 0, -21, 0,
    0, 0, 0, -10, 0, -21, 0, 0,
    0, 0, 0, -5, -7, 0, 0, 0,
    0, 0, 0, -17, 0, 0, 0, 0,
    0, 0, 0, 0, 0, 0, 0, 0,
    0, -3, 0, -3, 0, -5, 0, 0,
    0, 0, 0, 0, 0, 0, 0, 0,
    0, 0, 0, 0, 0, 0, 0, 0,
    0, 0, 0, 0, -5, 0, -3, -3,
    -7, 0, 0, 0, 0, 0, 0, 0,
    0, 0, 0, 0, 0, -14, 0, -10,
    0, 0, 0, 0, 0, 0, 0, 0,
    0, 0, 0, 0, -3, -3, 0, 0,
    0, 0, 0, 0, 0, 0, 0, 0,
    0, 0, 0, 0, 0, 0, 0, 0,
    0, 0, 0, 0, 0, 0, 0, 0,
    0, 0, 0, 0, 0, 0, -24, 0,
    0, 0, 0, -21, 0, -21, 0, 0,
    0, 0, 0, 0, 0, 0, 0, 0,
    0, 0, 0, 0, 0, 0, 0, 0,
    0, 0, 0, 0, 0, 0, -15, 0,
    -17, 0, 0, 0, 0, 0, 0, 0,
    0, 0, 0, 0, 0, 0, 0, 0,
    0, 0, 0, 0, 0, 0, 0, 0,
    0, -17, 0, -21, 0, 0, 0, 0,
    0, 0, 0, 0, 0, 0, 0, 0,
    0, 0, 0, 0, 0, 0, 0, 0,
    0, 0, 0, 0, 0, 0, 0, 0,
    0, 0, 0, 0, 0, 0, 0, 0,
    0, 0, 0, 0, 0, 0, -17, 0,
    0, 0, 0, 0
};


/*Collect the kern class' data in one place*/
static const lv_font_fmt_txt_kern_classes_t kern_classes =
{
    .class_pair_values   = kern_class_values,
    .left_class_mapping  = kern_left_class_mapping,
    .right_class_mapping = kern_right_class_mapping,
    .left_class_cnt      = 28,
    .right_class_cnt     = 27,
};

/*--------------------
 *  ALL CUSTOM DATA
 *--------------------*/

#if LVGL_VERSION_MAJOR == 8
/*Store all the custom data of the font*/
static  lv_font_fmt_txt_glyph_cache_t cache;
#endif

#if LVGL_VERSION_MAJOR >= 8
static const lv_font_fmt_txt_dsc_t font_dsc = {
#else
static lv_font_fmt_txt_dsc_t font_dsc = {
#endif
    .glyph_bitmap = glyph_bitmap,
    .glyph_dsc = glyph_dsc,
    .cmaps = cmaps,
    .kern_dsc = &kern_classes,
    .kern_scale = 16,
    .cmap_num = 3,
    .bpp = 4,
    .kern_classes = 1,
    .bitmap_format = 1,
#if LVGL_VERSION_MAJOR == 8
    .cache = &cache
#endif
};



/*-----------------
 *  PUBLIC FONT
 *----------------*/

/*Initialize a public general font descriptor*/
#if LVGL_VERSION_MAJOR >= 8
const lv_font_t custom_font_lcars_22 = {
#else
lv_font_t custom_font_lcars_22 = {
#endif
    .get_glyph_dsc = lv_font_get_glyph_dsc_fmt_txt,    /*Function pointer to get glyph's data*/
    .get_glyph_bitmap = lv_font_get_bitmap_fmt_txt,    /*Function pointer to get glyph's bitmap*/
    .line_height = 31,          /*The maximum line height required by the font*/
    .base_line = 7,             /*Baseline measured from the bottom of the line*/
#if !(LVGL_VERSION_MAJOR == 6 && LVGL_VERSION_MINOR == 0)
    .subpx = LV_FONT_SUBPX_NONE,
#endif
#if LV_VERSION_CHECK(7, 4, 0) || LVGL_VERSION_MAJOR >= 8
    .underline_position = 0,
    .underline_thickness = 0,
#endif
    .dsc = &font_dsc,          /*The custom font data. Will be accessed by `get_glyph_bitmap/dsc` */
#if LV_VERSION_CHECK(8, 2, 0) || LVGL_VERSION_MAJOR >= 9
    .fallback = NULL,
#endif
    .user_data = NULL,
};



#endif /*#if CUSTOM_FONT_LCARS_22*/

