/*******************************************************************************
 * Size: 36 px
 * Bpp: 4
 * Opts: --format lvgl --lv-include lvgl.h --bpp 4 --no-compress --no-prefilter --force-fast-kern-format --size 36 --font /tmp/ohez-fonts-HsZoHY/Rajdhani-SemiBold.ttf -r 0x20-0x7F -r 0xB0 -r 0xE4 --font components/lvgl/lvgl/scripts/built_in_font/FontAwesome5-Solid+Brands+Regular.woff -r 61550,63650,61543,61544,61512,61515,61516,61517,61521,61523,61559,61560 --lv-font-name custom_font_hud_36 -o components/lvgl/fonts/custom_font_hud_36.c
 ******************************************************************************/

#ifdef LV_LVGL_H_INCLUDE_SIMPLE
#include "lvgl.h"
#else
#include "lvgl.h"
#endif

#ifndef CUSTOM_FONT_HUD_36
#define CUSTOM_FONT_HUD_36 1
#endif

#if CUSTOM_FONT_HUD_36

/*-----------------
 *    BITMAPS
 *----------------*/

/*Store the image of the glyphs*/
static LV_ATTRIBUTE_LARGE_CONST const uint8_t glyph_bitmap[] = {
    /* U+0020 " " */

    /* U+0021 "!" */
    0x9f, 0xff, 0x2a, 0xff, 0xf3, 0xaf, 0xff, 0x3a,
    0xff, 0xf3, 0xaf, 0xff, 0x3a, 0xff, 0xf2, 0x9f,
    0xff, 0x29, 0xff, 0xf1, 0x8f, 0xff, 0x18, 0xff,
    0xf0, 0x7f, 0xff, 0x5, 0xff, 0xe0, 0x4f, 0xfc,
    0x3, 0xff, 0xb0, 0xd, 0xe7, 0x0, 0x0, 0x0,
    0x0, 0x0, 0x2, 0x77, 0x60, 0x7f, 0xff, 0x17,
    0xff, 0xf1, 0x7f, 0xff, 0x17, 0xff, 0xf1, 0x6f,
    0xff, 0x0,

    /* U+0022 "\"" */
    0x3f, 0xfc, 0x0, 0x6f, 0xf9, 0x3f, 0xfc, 0x0,
    0x5f, 0xf9, 0x1f, 0xfa, 0x0, 0x3f, 0xf7, 0xf,
    0xf9, 0x0, 0x2f, 0xf5, 0xd, 0xf7, 0x0, 0xf,
    0xf4, 0xb, 0xf5, 0x0, 0xe, 0xf2, 0x9, 0xf3,
    0x0, 0xc, 0xf0, 0x5, 0xb0, 0x0, 0x7, 0xa0,

    /* U+0023 "#" */
    0x0, 0x0, 0x0, 0x0, 0x4f, 0xf5, 0x0, 0x0,
    0x4f, 0xf5, 0x0, 0x0, 0x0, 0x0, 0x0, 0x9f,
    0xf4, 0x0, 0x0, 0x9f, 0xf4, 0x0, 0x0, 0x0,
    0x0, 0x0, 0xdf, 0xf0, 0x0, 0x0, 0xdf, 0xf0,
    0x0, 0x0, 0x0, 0x0, 0x1, 0xff, 0xc0, 0x0,
    0x1, 0xff, 0xc0, 0x0, 0x0, 0x0, 0x0, 0x4,
    0xff, 0x90, 0x0, 0x5, 0xff, 0x90, 0x0, 0x0,
    0x0, 0x0, 0x8, 0xff, 0x50, 0x0, 0x8, 0xff,
    0x50, 0x0, 0x0, 0x6f, 0xff, 0xff, 0xff, 0xff,
    0xff, 0xff, 0xff, 0xff, 0xf9, 0x0, 0x7f, 0xff,
    0xff, 0xff, 0xff, 0xff, 0xff, 0xff, 0xff, 0xfb,
    0x0, 0x4d, 0xdd, 0xef, 0xfe, 0xdd, 0xdd, 0xef,
    0xfe, 0xdd, 0xd7, 0x0, 0x0, 0x0, 0x9f, 0xf4,
    0x0, 0x0, 0x9f, 0xf5, 0x0, 0x0, 0x0, 0x0,
    0x0, 0xdf, 0xf0, 0x0, 0x0, 0xdf, 0xf0, 0x0,
    0x0, 0x0, 0x0, 0x2, 0xff, 0xb0, 0x0, 0x2,
    0xff, 0xc0, 0x0, 0x0, 0x0, 0x0, 0x6, 0xff,
    0x70, 0x0, 0x6, 0xff, 0x70, 0x0, 0x0, 0x0,
    0x0, 0xb, 0xff, 0x30, 0x0, 0xb, 0xff, 0x30,
    0x0, 0x0, 0x0, 0x0, 0xf, 0xfe, 0x0, 0x0,
    0xf, 0xfe, 0x0, 0x0, 0x0, 0x5f, 0xff, 0xff,
    0xff, 0xff, 0xff, 0xff, 0xff, 0xff, 0xf8, 0x0,
    0x7f, 0xff, 0xff, 0xff, 0xff, 0xff, 0xff, 0xff,
    0xff, 0xfa, 0x0, 0x4d, 0xdd, 0xff, 0xfd, 0xdd,
    0xdd, 0xff, 0xfd, 0xdd, 0xd7, 0x0, 0x0, 0x0,
    0xff, 0xe0, 0x0, 0x0, 0xff, 0xe0, 0x0, 0x0,
    0x0, 0x0, 0x4, 0xff, 0x90, 0x0, 0x4, 0xff,
    0x90, 0x0, 0x0, 0x0, 0x0, 0x8, 0xff, 0x50,
    0x0, 0x8, 0xff, 0x50, 0x0, 0x0, 0x0, 0x0,
    0xd, 0xff, 0x10, 0x0, 0xd, 0xff, 0x10, 0x0,
    0x0, 0x0, 0x0, 0xf, 0xfb, 0x0, 0x0, 0xf,
    0xfb, 0x0, 0x0, 0x0, 0x0,

    /* U+0024 "$" */
    0x0, 0x0, 0x0, 0xd, 0xfe, 0x0, 0x0, 0x0,
    0x0, 0x0, 0x0, 0xe, 0xff, 0x0, 0x0, 0x0,
    0x0, 0x0, 0x0, 0xe, 0xff, 0x0, 0x0, 0x0,
    0x0, 0x4, 0xbe, 0xff, 0xff, 0xfd, 0x81, 0x0,
    0x0, 0x8f, 0xff, 0xff, 0xff, 0xff, 0xfd, 0x10,
    0x4, 0xff, 0xff, 0xff, 0xff, 0xff, 0xff, 0xb0,
    0xb, 0xff, 0xf9, 0x20, 0x1, 0x5e, 0xff, 0xf2,
    0xe, 0xff, 0xc0, 0x0, 0x0, 0x5, 0xff, 0xf5,
    0xf, 0xff, 0x80, 0x0, 0x0, 0x2, 0xff, 0xf7,
    0xf, 0xff, 0x80, 0x0, 0x0, 0x0, 0xef, 0xf5,
    0xf, 0xff, 0x80, 0x0, 0x0, 0x0, 0x0, 0x0,
    0xe, 0xff, 0xb0, 0x0, 0x0, 0x0, 0x0, 0x0,
    0xb, 0xff, 0xf9, 0x30, 0x0, 0x0, 0x0, 0x0,
    0x5, 0xff, 0xff, 0xff, 0xff, 0xfd, 0x92, 0x0,
    0x0, 0xaf, 0xff, 0xff, 0xff, 0xff, 0xff, 0x50,
    0x0, 0x5, 0xcf, 0xff, 0xff, 0xff, 0xff, 0xf1,
    0x0, 0x0, 0x0, 0x12, 0x23, 0x7e, 0xff, 0xf6,
    0x0, 0x0, 0x0, 0x0, 0x0, 0x2, 0xff, 0xf9,
    0x0, 0x0, 0x0, 0x0, 0x0, 0x0, 0xef, 0xfb,
    0xe, 0xff, 0x60, 0x0, 0x0, 0x0, 0xdf, 0xfb,
    0xf, 0xff, 0x80, 0x0, 0x0, 0x0, 0xef, 0xfb,
    0xe, 0xff, 0xc0, 0x0, 0x0, 0x1, 0xff, 0xf9,
    0xb, 0xff, 0xf8, 0x10, 0x0, 0x3c, 0xff, 0xf6,
    0x4, 0xff, 0xff, 0xff, 0xff, 0xff, 0xff, 0xe0,
    0x0, 0x8f, 0xff, 0xff, 0xff, 0xff, 0xfe, 0x30,
    0x0, 0x4, 0xbe, 0xff, 0xff, 0xfd, 0x91, 0x0,
    0x0, 0x0, 0x0, 0xe, 0xff, 0x0, 0x0, 0x0,
    0x0, 0x0, 0x0, 0xe, 0xff, 0x0, 0x0, 0x0,
    0x0, 0x0, 0x0, 0xe, 0xff, 0x0, 0x0, 0x0,
    0x0, 0x0, 0x0, 0x5, 0x86, 0x0, 0x0, 0x0,

    /* U+0025 "%" */
    0x0, 0x7d, 0xff, 0xfd, 0x70, 0x0, 0x0, 0x8,
    0xfe, 0x0, 0x0, 0x0, 0x8, 0xff, 0xff, 0xff,
    0xf9, 0x0, 0x0, 0x1f, 0xfa, 0x0, 0x0, 0x0,
    0xf, 0xfc, 0x20, 0x1a, 0xff, 0x10, 0x0, 0x7f,
    0xf3, 0x0, 0x0, 0x0, 0x2f, 0xf5, 0x0, 0x4,
    0xff, 0x30, 0x0, 0xdf, 0xc0, 0x0, 0x0, 0x0,
    0x3f, 0xf4, 0x0, 0x3, 0xff, 0x40, 0x4, 0xff,
    0x60, 0x0, 0x0, 0x0, 0x3f, 0xf4, 0x0, 0x3,
    0xff, 0x40, 0xb, 0xfe, 0x0, 0x0, 0x0, 0x0,
    0x3f, 0xf4, 0x0, 0x3, 0xff, 0x40, 0x2f, 0xf8,
    0x0, 0x0, 0x0, 0x0, 0x2f, 0xf5, 0x0, 0x4,
    0xff, 0x30, 0x8f, 0xf2, 0x0, 0x0, 0x0, 0x0,
    0xf, 0xfb, 0x20, 0x1a, 0xff, 0x10, 0xef, 0xb0,
    0x0, 0x0, 0x0, 0x0, 0x8, 0xff, 0xff, 0xff,
    0xf9, 0x5, 0xff, 0x50, 0x0, 0x0, 0x0, 0x0,
    0x0, 0x7d, 0xff, 0xfd, 0x70, 0xc, 0xfe, 0x0,
    0x0, 0x0, 0x0, 0x0, 0x0, 0x0, 0x0, 0x0,
    0x0, 0x3f, 0xf7, 0x0, 0x0, 0x0, 0x0, 0x0,
    0x0, 0x0, 0x0, 0x0, 0x0, 0x9f, 0xf1, 0x4,
    0xce, 0xff, 0xd9, 0x10, 0x0, 0x0, 0x0, 0x0,
    0x1, 0xff, 0xa0, 0x4f, 0xff, 0xff, 0xff, 0xd0,
    0x0, 0x0, 0x0, 0x0, 0x7, 0xff, 0x40, 0xcf,
    0xe3, 0x1, 0x7f, 0xf4, 0x0, 0x0, 0x0, 0x0,
    0xd, 0xfd, 0x0, 0xef, 0x90, 0x0, 0xf, 0xf7,
    0x0, 0x0, 0x0, 0x0, 0x4f, 0xf6, 0x0, 0xff,
    0x80, 0x0, 0xf, 0xf8, 0x0, 0x0, 0x0, 0x0,
    0xaf, 0xf0, 0x0, 0xff, 0x80, 0x0, 0xf, 0xf8,
    0x0, 0x0, 0x0, 0x1, 0xff, 0x90, 0x0, 0xff,
    0x80, 0x0, 0xf, 0xf8, 0x0, 0x0, 0x0, 0x8,
    0xff, 0x30, 0x0, 0xef, 0x90, 0x0, 0xf, 0xf7,
    0x0, 0x0, 0x0, 0xe, 0xfc, 0x0, 0x0, 0xcf,
    0xe3, 0x1, 0x7f, 0xf4, 0x0, 0x0, 0x0, 0x5f,
    0xf5, 0x0, 0x0, 0x4f, 0xff, 0xff, 0xff, 0xd0,
    0x0, 0x0, 0x0, 0x9f, 0xd0, 0x0, 0x0, 0x4,
    0xcf, 0xff, 0xd9, 0x10,

    /* U+0026 "&" */
    0x0, 0x0, 0x3, 0xad, 0xff, 0xfd, 0x81, 0x0,
    0x0, 0x0, 0x0, 0x0, 0x6f, 0xff, 0xff, 0xff,
    0xfd, 0x20, 0x0, 0x0, 0x0, 0x3, 0xff, 0xff,
    0xff, 0xff, 0xff, 0xc0, 0x0, 0x0, 0x0, 0xa,
    0xff, 0xf7, 0x0, 0x1b, 0xff, 0xf3, 0x0, 0x0,
    0x0, 0xe, 0xff, 0xc0, 0x0, 0x2, 0xff, 0xf6,
    0x0, 0x0, 0x0, 0xf, 0xff, 0xa0, 0x0, 0x0,
    0xff, 0xf7, 0x0, 0x0, 0x0, 0xf, 0xff, 0xa0,
    0x0, 0x0, 0xff, 0xf7, 0x0, 0x0, 0x0, 0xd,
    0xff, 0xd0, 0x0, 0x0, 0x79, 0x92, 0x0, 0x0,
    0x0, 0x9, 0xff, 0xf4, 0x0, 0x0, 0x0, 0x0,
    0x0, 0x0, 0x0, 0x2, 0xff, 0xfe, 0x10, 0x0,
    0x0, 0x0, 0x0, 0x0, 0x0, 0x3, 0xcf, 0xff,
    0xc0, 0x0, 0x0, 0x0, 0x0, 0x0, 0x0, 0xbf,
    0xff, 0xff, 0xfb, 0x0, 0x0, 0x0, 0x0, 0x0,
    0x7, 0xff, 0xfe, 0xef, 0xff, 0xff, 0xff, 0xff,
    0xff, 0xe0, 0xe, 0xff, 0xb0, 0x1e, 0xff, 0xff,
    0xff, 0xff, 0xff, 0xf0, 0x1f, 0xff, 0x50, 0x2,
    0xef, 0xff, 0xff, 0xff, 0xff, 0xe0, 0x2f, 0xff,
    0x30, 0x0, 0x3f, 0xff, 0xf3, 0x0, 0x0, 0x0,
    0x2f, 0xff, 0x30, 0x0, 0x5, 0xff, 0xfe, 0x10,
    0x0, 0x0, 0x2f, 0xff, 0x30, 0x0, 0x0, 0x7f,
    0xff, 0xc0, 0x0, 0x0, 0x1f, 0xff, 0x70, 0x0,
    0x0, 0xe, 0xff, 0xfb, 0x0, 0x0, 0xe, 0xff,
    0xe5, 0x10, 0x1, 0x9f, 0xff, 0xff, 0x90, 0x0,
    0x7, 0xff, 0xff, 0xff, 0xff, 0xff, 0xfd, 0xff,
    0xf6, 0x0, 0x0, 0xbf, 0xff, 0xff, 0xff, 0xff,
    0xb0, 0xdf, 0xff, 0x40, 0x0, 0x6, 0xce, 0xff,
    0xff, 0xd7, 0x0, 0x1d, 0xff, 0xf1,

    /* U+0027 "'" */
    0x0, 0x10, 0x2f, 0xfe, 0xf, 0xfc, 0xe, 0xfa,
    0xc, 0xf8, 0xa, 0xf6, 0x7, 0xf3,

    /* U+0028 "(" */
    0x0, 0x2, 0x9d, 0xf8, 0x0, 0x5f, 0xff, 0xf9,
    0x3, 0xff, 0xfc, 0x83, 0xa, 0xff, 0x80, 0x0,
    0xf, 0xfe, 0x0, 0x0, 0x2f, 0xfb, 0x0, 0x0,
    0x3f, 0xfa, 0x0, 0x0, 0x4f, 0xfa, 0x0, 0x0,
    0x4f, 0xfa, 0x0, 0x0, 0x4f, 0xfa, 0x0, 0x0,
    0x4f, 0xfa, 0x0, 0x0, 0x4f, 0xfa, 0x0, 0x0,
    0x4f, 0xfa, 0x0, 0x0, 0x4f, 0xfa, 0x0, 0x0,
    0x4f, 0xfa, 0x0, 0x0, 0x4f, 0xfa, 0x0, 0x0,
    0x4f, 0xfa, 0x0, 0x0, 0x4f, 0xfa, 0x0, 0x0,
    0x4f, 0xfa, 0x0, 0x0, 0x4f, 0xfa, 0x0, 0x0,
    0x3f, 0xfa, 0x0, 0x0, 0x1f, 0xfd, 0x0, 0x0,
    0xd, 0xff, 0x20, 0x0, 0x7, 0xff, 0xd4, 0x0,
    0x0, 0xcf, 0xff, 0xf8, 0x0, 0xa, 0xff, 0xf9,
    0x0, 0x0, 0x15, 0x74,

    /* U+0029 ")" */
    0x3f, 0xea, 0x40, 0x0, 0x4f, 0xff, 0xf9, 0x0,
    0x18, 0xaf, 0xff, 0x70, 0x0, 0x4, 0xff, 0xf0,
    0x0, 0x0, 0xaf, 0xf5, 0x0, 0x0, 0x6f, 0xf8,
    0x0, 0x0, 0x5f, 0xf9, 0x0, 0x0, 0x5f, 0xf9,
    0x0, 0x0, 0x5f, 0xf9, 0x0, 0x0, 0x5f, 0xf9,
    0x0, 0x0, 0x5f, 0xf9, 0x0, 0x0, 0x5f, 0xf9,
    0x0, 0x0, 0x5f, 0xf9, 0x0, 0x0, 0x5f, 0xf9,
    0x0, 0x0, 0x5f, 0xf9, 0x0, 0x0, 0x5f, 0xf9,
    0x0, 0x0, 0x5f, 0xf9, 0x0, 0x0, 0x5f, 0xf9,
    0x0, 0x0, 0x5f, 0xf9, 0x0, 0x0, 0x5f, 0xf9,
    0x0, 0x0, 0x5f, 0xf8, 0x0, 0x0, 0x7f, 0xf6,
    0x0, 0x0, 0xdf, 0xf3, 0x0, 0x2b, 0xff, 0xc0,
    0x3f, 0xff, 0xff, 0x20, 0x4f, 0xff, 0xc2, 0x0,
    0x17, 0x63, 0x0, 0x0,

    /* U+002A "*" */
    0x0, 0x0, 0x1f, 0xf6, 0x0, 0x0, 0x0, 0x0,
    0x1f, 0xf6, 0x0, 0x0, 0x2, 0x10, 0xe, 0xf4,
    0x1, 0x60, 0xd, 0xfb, 0x29, 0xf1, 0x9f, 0xf6,
    0x2f, 0xff, 0xf7, 0xbd, 0xff, 0xf9, 0x3, 0x79,
    0x8a, 0xb8, 0x76, 0x30, 0x0, 0x0, 0x9f, 0x8f,
    0x50, 0x0, 0x0, 0xc, 0xfb, 0x3f, 0xf7, 0x0,
    0x0, 0x9f, 0xf5, 0xc, 0xff, 0x30, 0x0, 0x4e,
    0xc0, 0x3, 0xf9, 0x0, 0x0, 0x0, 0x10, 0x0,
    0x0, 0x0,

    /* U+002B "+" */
    0x0, 0x0, 0x0, 0x27, 0x71, 0x0, 0x0, 0x0,
    0x0, 0x0, 0x0, 0x9f, 0xf6, 0x0, 0x0, 0x0,
    0x0, 0x0, 0x0, 0x9f, 0xf6, 0x0, 0x0, 0x0,
    0x0, 0x0, 0x0, 0x9f, 0xf6, 0x0, 0x0, 0x0,
    0x0, 0x0, 0x0, 0x9f, 0xf6, 0x0, 0x0, 0x0,
    0x0, 0x0, 0x0, 0x9f, 0xf6, 0x0, 0x0, 0x0,
    0x4d, 0xdd, 0xdd, 0xff, 0xfe, 0xdd, 0xdd, 0xd2,
    0x7f, 0xff, 0xff, 0xff, 0xff, 0xff, 0xff, 0xf4,
    0x6f, 0xff, 0xff, 0xff, 0xff, 0xff, 0xff, 0xf2,
    0x0, 0x0, 0x0, 0x9f, 0xf6, 0x0, 0x0, 0x0,
    0x0, 0x0, 0x0, 0x9f, 0xf6, 0x0, 0x0, 0x0,
    0x0, 0x0, 0x0, 0x9f, 0xf6, 0x0, 0x0, 0x0,
    0x0, 0x0, 0x0, 0x9f, 0xf6, 0x0, 0x0, 0x0,
    0x0, 0x0, 0x0, 0x9f, 0xf6, 0x0, 0x0, 0x0,
    0x0, 0x0, 0x0, 0x7f, 0xf4, 0x0, 0x0, 0x0,

    /* U+002C "," */
    0x2, 0x22, 0x3, 0xff, 0xf6, 0x3f, 0xff, 0x63,
    0xff, 0xf6, 0x3f, 0xff, 0x53, 0xff, 0xf1, 0x3f,
    0xf9, 0x3, 0xff, 0x10, 0x3f, 0x70, 0x2, 0xd0,
    0x0,

    /* U+002D "-" */
    0x5d, 0xdd, 0xdd, 0xdd, 0x89, 0xff, 0xff, 0xff,
    0xfc, 0x7f, 0xff, 0xff, 0xff, 0xb0,

    /* U+002E "." */
    0x7, 0x77, 0x13, 0xff, 0xf6, 0x3f, 0xff, 0x63,
    0xff, 0xf6, 0x3f, 0xff, 0x62, 0xff, 0xf5,

    /* U+002F "/" */
    0x0, 0x0, 0x0, 0x0, 0x3f, 0xff, 0x0, 0x0,
    0x0, 0x0, 0xb, 0xff, 0xb0, 0x0, 0x0, 0x0,
    0x1, 0xff, 0xf5, 0x0, 0x0, 0x0, 0x0, 0x7f,
    0xff, 0x0, 0x0, 0x0, 0x0, 0xd, 0xff, 0x90,
    0x0, 0x0, 0x0, 0x3, 0xff, 0xf3, 0x0, 0x0,
    0x0, 0x0, 0x9f, 0xfd, 0x0, 0x0, 0x0, 0x0,
    0xe, 0xff, 0x70, 0x0, 0x0, 0x0, 0x4, 0xff,
    0xf1, 0x0, 0x0, 0x0, 0x0, 0xaf, 0xfb, 0x0,
    0x0, 0x0, 0x0, 0x1f, 0xff, 0x50, 0x0, 0x0,
    0x0, 0x6, 0xff, 0xf0, 0x0, 0x0, 0x0, 0x0,
    0xcf, 0xf9, 0x0, 0x0, 0x0, 0x0, 0x2f, 0xff,
    0x30, 0x0, 0x0, 0x0, 0x8, 0xff, 0xd0, 0x0,
    0x0, 0x0, 0x0, 0xdf, 0xf7, 0x0, 0x0, 0x0,
    0x0, 0x4f, 0xff, 0x20, 0x0, 0x0, 0x0, 0x9,
    0xff, 0xb0, 0x0, 0x0, 0x0, 0x0, 0xff, 0xf5,
    0x0, 0x0, 0x0, 0x0, 0x5f, 0xff, 0x0, 0x0,
    0x0, 0x0, 0xb, 0xff, 0xa0, 0x0, 0x0, 0x0,
    0x2, 0xff, 0xf4, 0x0, 0x0, 0x0, 0x0, 0x6f,
    0xfc, 0x0, 0x0, 0x0, 0x0, 0x0,

    /* U+0030 "0" */
    0x0, 0x3a, 0xef, 0xff, 0xff, 0xea, 0x30, 0x0,
    0x6f, 0xff, 0xff, 0xff, 0xff, 0xff, 0x60, 0x3f,
    0xff, 0xff, 0xff, 0xff, 0xff, 0xff, 0x29, 0xff,
    0xf9, 0x10, 0x0, 0x18, 0xff, 0xf9, 0xdf, 0xfd,
    0x0, 0x0, 0x0, 0xd, 0xff, 0xce, 0xff, 0xa0,
    0x0, 0x0, 0x0, 0xaf, 0xfe, 0xef, 0xfa, 0x0,
    0x0, 0x0, 0x9, 0xff, 0xee, 0xff, 0xa0, 0x0,
    0x0, 0x0, 0x9f, 0xfe, 0xef, 0xfa, 0x0, 0x0,
    0x0, 0x9, 0xff, 0xee, 0xff, 0xa0, 0x0, 0x0,
    0x0, 0x9f, 0xfe, 0xef, 0xfa, 0x0, 0x0, 0x0,
    0x9, 0xff, 0xee, 0xff, 0xa0, 0x0, 0x0, 0x0,
    0x9f, 0xfe, 0xef, 0xfa, 0x0, 0x0, 0x0, 0x9,
    0xff, 0xee, 0xff, 0xa0, 0x0, 0x0, 0x0, 0x9f,
    0xfe, 0xef, 0xfa, 0x0, 0x0, 0x0, 0x9, 0xff,
    0xee, 0xff, 0xa0, 0x0, 0x0, 0x0, 0x9f, 0xfe,
    0xef, 0xfa, 0x0, 0x0, 0x0, 0x9, 0xff, 0xee,
    0xff, 0xa0, 0x0, 0x0, 0x0, 0xaf, 0xfe, 0xdf,
    0xfd, 0x0, 0x0, 0x0, 0xd, 0xff, 0xc9, 0xff,
    0xf9, 0x10, 0x0, 0x18, 0xff, 0xf9, 0x3f, 0xff,
    0xff, 0xff, 0xff, 0xff, 0xff, 0x20, 0x6f, 0xff,
    0xff, 0xff, 0xff, 0xff, 0x60, 0x0, 0x3a, 0xef,
    0xff, 0xff, 0xea, 0x30, 0x0,

    /* U+0031 "1" */
    0x0, 0x2, 0xbf, 0xff, 0x10, 0x8, 0xff, 0xff,
    0xf3, 0x4e, 0xff, 0xff, 0xff, 0x3f, 0xff, 0xfe,
    0xff, 0xf3, 0xff, 0xe6, 0x5f, 0xff, 0x3e, 0x80,
    0x5, 0xff, 0xf3, 0x0, 0x0, 0x5f, 0xff, 0x30,
    0x0, 0x5, 0xff, 0xf3, 0x0, 0x0, 0x5f, 0xff,
    0x30, 0x0, 0x5, 0xff, 0xf3, 0x0, 0x0, 0x5f,
    0xff, 0x30, 0x0, 0x5, 0xff, 0xf3, 0x0, 0x0,
    0x5f, 0xff, 0x30, 0x0, 0x5, 0xff, 0xf3, 0x0,
    0x0, 0x5f, 0xff, 0x30, 0x0, 0x5, 0xff, 0xf3,
    0x0, 0x0, 0x5f, 0xff, 0x30, 0x0, 0x5, 0xff,
    0xf3, 0x0, 0x0, 0x5f, 0xff, 0x30, 0x0, 0x5,
    0xff, 0xf3, 0x0, 0x0, 0x5f, 0xff, 0x30, 0x0,
    0x5, 0xff, 0xf3, 0x0, 0x0, 0x4f, 0xff, 0x20,

    /* U+0032 "2" */
    0x0, 0x6, 0xcf, 0xff, 0xff, 0xd9, 0x20, 0x0,
    0xc, 0xff, 0xff, 0xff, 0xff, 0xff, 0x40, 0x9,
    0xff, 0xff, 0xfe, 0xef, 0xff, 0xff, 0x10, 0xff,
    0xfd, 0x30, 0x0, 0x8, 0xff, 0xf7, 0x3f, 0xff,
    0x60, 0x0, 0x0, 0xd, 0xff, 0xa4, 0xff, 0xf4,
    0x0, 0x0, 0x0, 0xbf, 0xfb, 0x4f, 0xff, 0x30,
    0x0, 0x0, 0xb, 0xff, 0xb0, 0x77, 0x70, 0x0,
    0x0, 0x0, 0xdf, 0xfa, 0x0, 0x0, 0x0, 0x0,
    0x0, 0x3f, 0xff, 0x80, 0x0, 0x0, 0x0, 0x0,
    0x2e, 0xff, 0xf2, 0x0, 0x0, 0x0, 0x0, 0x4f,
    0xff, 0xf8, 0x0, 0x0, 0x0, 0x0, 0x7f, 0xff,
    0xf8, 0x0, 0x0, 0x0, 0x0, 0xaf, 0xff, 0xf6,
    0x0, 0x0, 0x0, 0x1, 0xcf, 0xff, 0xe3, 0x0,
    0x0, 0x0, 0x3, 0xef, 0xff, 0xc1, 0x0, 0x0,
    0x0, 0x5, 0xff, 0xff, 0xa0, 0x0, 0x0, 0x0,
    0x4, 0xff, 0xff, 0x70, 0x0, 0x0, 0x0, 0x0,
    0xdf, 0xff, 0x50, 0x0, 0x0, 0x0, 0x0, 0xf,
    0xff, 0xd0, 0x0, 0x0, 0x0, 0x0, 0x1, 0xff,
    0xfd, 0x11, 0x11, 0x11, 0x11, 0x10, 0x2f, 0xff,
    0xff, 0xff, 0xff, 0xff, 0xff, 0xb2, 0xff, 0xff,
    0xff, 0xff, 0xff, 0xff, 0xfc, 0x1f, 0xff, 0xff,
    0xff, 0xff, 0xff, 0xff, 0xb0,

    /* U+0033 "3" */
    0x0, 0x6, 0xcf, 0xff, 0xff, 0xeb, 0x40, 0x0,
    0x0, 0xcf, 0xff, 0xff, 0xff, 0xff, 0xf9, 0x0,
    0x9, 0xff, 0xff, 0xfe, 0xef, 0xff, 0xff, 0x50,
    0xf, 0xff, 0xd3, 0x0, 0x0, 0x5f, 0xff, 0xc0,
    0x3f, 0xff, 0x60, 0x0, 0x0, 0x9, 0xff, 0xf0,
    0x4f, 0xff, 0x30, 0x0, 0x0, 0x6, 0xff, 0xf0,
    0x4f, 0xff, 0x30, 0x0, 0x0, 0x6, 0xff, 0xf1,
    0x4, 0x43, 0x0, 0x0, 0x0, 0x6, 0xff, 0xf0,
    0x0, 0x0, 0x0, 0x0, 0x0, 0x9, 0xff, 0xf0,
    0x0, 0x0, 0x0, 0x0, 0x0, 0x3f, 0xff, 0xa0,
    0x0, 0x0, 0x0, 0x7d, 0xde, 0xff, 0xfd, 0x10,
    0x0, 0x0, 0x0, 0xaf, 0xff, 0xff, 0xb0, 0x0,
    0x0, 0x0, 0x0, 0x9f, 0xff, 0xff, 0xfc, 0x10,
    0x0, 0x0, 0x0, 0x0, 0x1, 0x6f, 0xff, 0x90,
    0x0, 0x0, 0x0, 0x0, 0x0, 0x9, 0xff, 0xe0,
    0x4, 0x44, 0x0, 0x0, 0x0, 0x6, 0xff, 0xf0,
    0x4f, 0xff, 0x30, 0x0, 0x0, 0x6, 0xff, 0xf1,
    0x4f, 0xff, 0x30, 0x0, 0x0, 0x6, 0xff, 0xf0,
    0x3f, 0xff, 0x60, 0x0, 0x0, 0x9, 0xff, 0xf0,
    0xf, 0xff, 0xd3, 0x0, 0x0, 0x5f, 0xff, 0xc0,
    0xa, 0xff, 0xff, 0xfe, 0xef, 0xff, 0xff, 0x60,
    0x1, 0xdf, 0xff, 0xff, 0xff, 0xff, 0xf9, 0x0,
    0x0, 0x7, 0xcf, 0xff, 0xff, 0xeb, 0x50, 0x0,

    /* U+0034 "4" */
    0x0, 0x0, 0x0, 0x0, 0x1d, 0xff, 0xfe, 0x10,
    0x0, 0x0, 0x0, 0x0, 0x0, 0x9f, 0xff, 0xff,
    0x30, 0x0, 0x0, 0x0, 0x0, 0x2, 0xff, 0xff,
    0xff, 0x30, 0x0, 0x0, 0x0, 0x0, 0xb, 0xff,
    0xbf, 0xff, 0x30, 0x0, 0x0, 0x0, 0x0, 0x4f,
    0xff, 0x3f, 0xff, 0x30, 0x0, 0x0, 0x0, 0x0,
    0xdf, 0xf8, 0x1f, 0xff, 0x30, 0x0, 0x0, 0x0,
    0x6, 0xff, 0xe1, 0x1f, 0xff, 0x30, 0x0, 0x0,
    0x0, 0xe, 0xff, 0x70, 0x1f, 0xff, 0x30, 0x0,
    0x0, 0x0, 0x7f, 0xfd, 0x0, 0x1f, 0xff, 0x30,
    0x0, 0x0, 0x1, 0xff, 0xf5, 0x0, 0x1f, 0xff,
    0x30, 0x0, 0x0, 0x9, 0xff, 0xc0, 0x0, 0x1f,
    0xff, 0x30, 0x0, 0x0, 0x2f, 0xff, 0x40, 0x0,
    0x1f, 0xff, 0x30, 0x0, 0x0, 0xbf, 0xfb, 0x0,
    0x0, 0x1f, 0xff, 0x30, 0x0, 0x4, 0xff, 0xf2,
    0x0, 0x0, 0x1f, 0xff, 0x30, 0x0, 0xc, 0xff,
    0xa0, 0x0, 0x0, 0x1f, 0xff, 0x30, 0x0, 0x5f,
    0xff, 0x20, 0x0, 0x0, 0x1f, 0xff, 0x40, 0x0,
    0x9f, 0xff, 0xff, 0xff, 0xff, 0xff, 0xff, 0xff,
    0xf6, 0x9f, 0xff, 0xff, 0xff, 0xff, 0xff, 0xff,
    0xff, 0xf7, 0x6f, 0xff, 0xff, 0xff, 0xff, 0xff,
    0xff, 0xff, 0xf5, 0x0, 0x0, 0x0, 0x0, 0x0,
    0x1f, 0xff, 0x30, 0x0, 0x0, 0x0, 0x0, 0x0,
    0x0, 0x1f, 0xff, 0x30, 0x0, 0x0, 0x0, 0x0,
    0x0, 0x0, 0x1f, 0xff, 0x30, 0x0, 0x0, 0x0,
    0x0, 0x0, 0x0, 0xf, 0xff, 0x20, 0x0,

    /* U+0035 "5" */
    0xc, 0xff, 0xff, 0xff, 0xff, 0xff, 0xff, 0x70,
    0xe, 0xff, 0xff, 0xff, 0xff, 0xff, 0xff, 0x90,
    0xe, 0xff, 0xff, 0xff, 0xff, 0xff, 0xff, 0x90,
    0xe, 0xff, 0xb3, 0x33, 0x33, 0x33, 0x33, 0x0,
    0xe, 0xff, 0xa0, 0x0, 0x0, 0x0, 0x0, 0x0,
    0xe, 0xff, 0xa0, 0x0, 0x0, 0x0, 0x0, 0x0,
    0xe, 0xff, 0xa0, 0x0, 0x0, 0x0, 0x0, 0x0,
    0xe, 0xff, 0xa0, 0x0, 0x0, 0x0, 0x0, 0x0,
    0xe, 0xff, 0xa3, 0x9c, 0xcc, 0xb9, 0x40, 0x0,
    0xe, 0xff, 0xcf, 0xff, 0xff, 0xff, 0xfa, 0x0,
    0xe, 0xff, 0xff, 0xff, 0xff, 0xff, 0xff, 0x70,
    0xd, 0xff, 0xf5, 0x0, 0x1, 0x5f, 0xff, 0xd0,
    0x6, 0x99, 0x50, 0x0, 0x0, 0x8, 0xff, 0xf0,
    0x0, 0x0, 0x0, 0x0, 0x0, 0x5, 0xff, 0xf1,
    0x0, 0x0, 0x0, 0x0, 0x0, 0x4, 0xff, 0xf2,
    0x0, 0x0, 0x0, 0x0, 0x0, 0x4, 0xff, 0xf2,
    0xf, 0xff, 0x50, 0x0, 0x0, 0x4, 0xff, 0xf2,
    0x1f, 0xff, 0x60, 0x0, 0x0, 0x5, 0xff, 0xf1,
    0xf, 0xff, 0x90, 0x0, 0x0, 0x7, 0xff, 0xf0,
    0xc, 0xff, 0xf4, 0x0, 0x0, 0x4e, 0xff, 0xd0,
    0x6, 0xff, 0xff, 0xfe, 0xef, 0xff, 0xff, 0x60,
    0x0, 0xaf, 0xff, 0xff, 0xff, 0xff, 0xfa, 0x0,
    0x0, 0x5, 0xbe, 0xff, 0xff, 0xeb, 0x50, 0x0,

    /* U+0036 "6" */
    0x0, 0x4, 0xbe, 0xff, 0xff, 0xff, 0xff, 0x40,
    0x0, 0x9f, 0xff, 0xff, 0xff, 0xff, 0xff, 0x50,
    0x5, 0xff, 0xff, 0xff, 0xff, 0xff, 0xff, 0x40,
    0xc, 0xff, 0xf7, 0x10, 0x0, 0x0, 0x0, 0x0,
    0xf, 0xff, 0xb0, 0x0, 0x0, 0x0, 0x0, 0x0,
    0xf, 0xff, 0x80, 0x0, 0x0, 0x0, 0x0, 0x0,
    0x1f, 0xff, 0x70, 0x0, 0x0, 0x0, 0x0, 0x0,
    0x1f, 0xff, 0x70, 0x0, 0x0, 0x0, 0x0, 0x0,
    0x1f, 0xff, 0x70, 0x0, 0x0, 0x0, 0x0, 0x0,
    0x1f, 0xff, 0xff, 0xff, 0xff, 0xfd, 0x91, 0x0,
    0x1f, 0xff, 0xff, 0xff, 0xff, 0xff, 0xff, 0x30,
    0x1f, 0xff, 0xff, 0xff, 0xff, 0xff, 0xff, 0xe0,
    0x1f, 0xff, 0x70, 0x0, 0x0, 0x2b, 0xff, 0xf5,
    0x1f, 0xff, 0x70, 0x0, 0x0, 0x1, 0xff, 0xf8,
    0x1f, 0xff, 0x70, 0x0, 0x0, 0x0, 0xef, 0xf9,
    0x1f, 0xff, 0x70, 0x0, 0x0, 0x0, 0xef, 0xfa,
    0x1f, 0xff, 0x70, 0x0, 0x0, 0x0, 0xef, 0xfa,
    0xf, 0xff, 0x70, 0x0, 0x0, 0x0, 0xef, 0xf9,
    0xf, 0xff, 0xa0, 0x0, 0x0, 0x1, 0xff, 0xf8,
    0xc, 0xff, 0xf6, 0x10, 0x0, 0x2b, 0xff, 0xf5,
    0x5, 0xff, 0xff, 0xff, 0xff, 0xff, 0xff, 0xe0,
    0x0, 0x9f, 0xff, 0xff, 0xff, 0xff, 0xfe, 0x30,
    0x0, 0x4, 0xbe, 0xff, 0xff, 0xfd, 0x91, 0x0,

    /* U+0037 "7" */
    0x4f, 0xff, 0xff, 0xff, 0xff, 0xff, 0xff, 0x5,
    0xff, 0xff, 0xff, 0xff, 0xff, 0xff, 0xf1, 0x5f,
    0xff, 0xff, 0xff, 0xff, 0xff, 0xff, 0x10, 0x22,
    0x22, 0x22, 0x22, 0x2d, 0xff, 0xf0, 0x0, 0x0,
    0x0, 0x0, 0x3, 0xff, 0xfa, 0x0, 0x0, 0x0,
    0x0, 0x0, 0x9f, 0xff, 0x30, 0x0, 0x0, 0x0,
    0x0, 0xf, 0xff, 0xd0, 0x0, 0x0, 0x0, 0x0,
    0x6, 0xff, 0xf7, 0x0, 0x0, 0x0, 0x0, 0x0,
    0xdf, 0xff, 0x10, 0x0, 0x0, 0x0, 0x0, 0x3f,
    0xff, 0xa0, 0x0, 0x0, 0x0, 0x0, 0x9, 0xff,
    0xf3, 0x0, 0x0, 0x0, 0x0, 0x1, 0xff, 0xfd,
    0x0, 0x0, 0x0, 0x0, 0x0, 0x6f, 0xff, 0x60,
    0x0, 0x0, 0x0, 0x0, 0xd, 0xff, 0xf1, 0x0,
    0x0, 0x0, 0x0, 0x3, 0xff, 0xfa, 0x0, 0x0,
    0x0, 0x0, 0x0, 0xaf, 0xff, 0x30, 0x0, 0x0,
    0x0, 0x0, 0x1f, 0xff, 0xd0, 0x0, 0x0, 0x0,
    0x0, 0x7, 0xff, 0xf6, 0x0, 0x0, 0x0, 0x0,
    0x0, 0xdf, 0xff, 0x0, 0x0, 0x0, 0x0, 0x0,
    0x3f, 0xff, 0x90, 0x0, 0x0, 0x0, 0x0, 0xa,
    0xff, 0xf3, 0x0, 0x0, 0x0, 0x0, 0x1, 0xff,
    0xfd, 0x0, 0x0, 0x0, 0x0, 0x0, 0x6f, 0xff,
    0x50, 0x0, 0x0, 0x0, 0x0,

    /* U+0038 "8" */
    0x0, 0x4a, 0xef, 0xff, 0xff, 0xeb, 0x50, 0x0,
    0x7, 0xff, 0xff, 0xff, 0xff, 0xff, 0xfa, 0x0,
    0x4f, 0xff, 0xff, 0xff, 0xff, 0xff, 0xff, 0x70,
    0xaf, 0xff, 0x71, 0x0, 0x1, 0x5f, 0xff, 0xd0,
    0xdf, 0xfc, 0x0, 0x0, 0x0, 0x9, 0xff, 0xf0,
    0xef, 0xf9, 0x0, 0x0, 0x0, 0x6, 0xff, 0xf1,
    0xef, 0xf9, 0x0, 0x0, 0x0, 0x6, 0xff, 0xf1,
    0xef, 0xf9, 0x0, 0x0, 0x0, 0x6, 0xff, 0xf1,
    0xcf, 0xfb, 0x0, 0x0, 0x0, 0x8, 0xff, 0xf0,
    0x7f, 0xff, 0x40, 0x0, 0x0, 0x2e, 0xff, 0xa0,
    0x1d, 0xff, 0xfd, 0xcc, 0xcd, 0xff, 0xff, 0x20,
    0x1, 0xcf, 0xff, 0xff, 0xff, 0xff, 0xe3, 0x0,
    0xa, 0xff, 0xff, 0xff, 0xff, 0xff, 0xfc, 0x0,
    0x6f, 0xff, 0x81, 0x0, 0x1, 0x6f, 0xff, 0x90,
    0xbf, 0xfc, 0x0, 0x0, 0x0, 0x9, 0xff, 0xe0,
    0xdf, 0xf9, 0x0, 0x0, 0x0, 0x6, 0xff, 0xf0,
    0xef, 0xf9, 0x0, 0x0, 0x0, 0x6, 0xff, 0xf1,
    0xef, 0xf9, 0x0, 0x0, 0x0, 0x6, 0xff, 0xf1,
    0xdf, 0xfb, 0x0, 0x0, 0x0, 0x9, 0xff, 0xf0,
    0xaf, 0xff, 0x71, 0x0, 0x0, 0x5f, 0xff, 0xd0,
    0x4f, 0xff, 0xff, 0xff, 0xff, 0xff, 0xff, 0x70,
    0x8, 0xff, 0xff, 0xff, 0xff, 0xff, 0xfb, 0x0,
    0x0, 0x4b, 0xef, 0xff, 0xff, 0xec, 0x60, 0x0,

    /* U+0039 "9" */
    0x0, 0x6, 0xce, 0xff, 0xff, 0xfc, 0x70, 0x0,
    0x0, 0xbf, 0xff, 0xff, 0xff, 0xff, 0xfd, 0x10,
    0x7, 0xff, 0xff, 0xff, 0xff, 0xff, 0xff, 0xb0,
    0xe, 0xff, 0xf5, 0x10, 0x0, 0x4e, 0xff, 0xf1,
    0x2f, 0xff, 0x80, 0x0, 0x0, 0x5, 0xff, 0xf5,
    0x3f, 0xff, 0x50, 0x0, 0x0, 0x2, 0xff, 0xf6,
    0x4f, 0xff, 0x40, 0x0, 0x0, 0x1, 0xff, 0xf6,
    0x4f, 0xff, 0x40, 0x0, 0x0, 0x1, 0xff, 0xf6,
    0x4f, 0xff, 0x40, 0x0, 0x0, 0x1, 0xff, 0xf6,
    0x3f, 0xff, 0x50, 0x0, 0x0, 0x1, 0xff, 0xf6,
    0x2f, 0xff, 0x80, 0x0, 0x0, 0x1, 0xff, 0xf6,
    0xe, 0xff, 0xf6, 0x10, 0x0, 0x1, 0xff, 0xf6,
    0x8, 0xff, 0xff, 0xff, 0xff, 0xff, 0xff, 0xf6,
    0x0, 0xbf, 0xff, 0xff, 0xff, 0xff, 0xff, 0xf6,
    0x0, 0x6, 0xcf, 0xff, 0xff, 0xff, 0xff, 0xf6,
    0x0, 0x0, 0x0, 0x0, 0x0, 0x1, 0xff, 0xf6,
    0x0, 0x0, 0x0, 0x0, 0x0, 0x1, 0xff, 0xf6,
    0x0, 0x0, 0x0, 0x0, 0x0, 0x1, 0xff, 0xf6,
    0x0, 0x0, 0x0, 0x0, 0x0, 0x4, 0xff, 0xf5,
    0x0, 0x0, 0x0, 0x0, 0x0, 0x3d, 0xff, 0xf1,
    0x2, 0xff, 0xff, 0xff, 0xff, 0xff, 0xff, 0xa0,
    0x3, 0xff, 0xff, 0xff, 0xff, 0xff, 0xfd, 0x10,
    0x1, 0xff, 0xff, 0xff, 0xff, 0xfc, 0x70, 0x0,

    /* U+003A ":" */
    0x2f, 0xff, 0x53, 0xff, 0xf6, 0x3f, 0xff, 0x63,
    0xff, 0xf6, 0x3f, 0xff, 0x60, 0x77, 0x71, 0x0,
    0x0, 0x0, 0x0, 0x0, 0x0, 0x0, 0x0, 0x0,
    0x0, 0x0, 0x0, 0x0, 0x0, 0x0, 0x7, 0x77,
    0x13, 0xff, 0xf6, 0x3f, 0xff, 0x63, 0xff, 0xf6,
    0x3f, 0xff, 0x62, 0xff, 0xf5,

    /* U+003B ";" */
    0x2f, 0xff, 0x53, 0xff, 0xf6, 0x3f, 0xff, 0x63,
    0xff, 0xf6, 0x3f, 0xff, 0x60, 0x77, 0x71, 0x0,
    0x0, 0x0, 0x0, 0x0, 0x0, 0x0, 0x0, 0x0,
    0x0, 0x0, 0x0, 0x0, 0x0, 0x0, 0x2, 0x22,
    0x3, 0xff, 0xf6, 0x3f, 0xff, 0x63, 0xff, 0xf6,
    0x3f, 0xff, 0x53, 0xff, 0xf1, 0x3f, 0xf9, 0x3,
    0xff, 0x10, 0x3f, 0x70, 0x2, 0xd0, 0x0,

    /* U+003C "<" */
    0x0, 0x0, 0x0, 0x0, 0x0, 0x0, 0x0, 0x0,
    0x0, 0x0, 0x0, 0x0, 0x0, 0x0, 0x28, 0xc1,
    0x0, 0x0, 0x0, 0x0, 0x2, 0x7d, 0xff, 0xf2,
    0x0, 0x0, 0x0, 0x27, 0xcf, 0xff, 0xff, 0xf1,
    0x0, 0x1, 0x7c, 0xff, 0xff, 0xff, 0xc8, 0x20,
    0x6, 0xcf, 0xff, 0xff, 0xfb, 0x61, 0x0, 0x0,
    0x7f, 0xff, 0xfe, 0x94, 0x0, 0x0, 0x0, 0x0,
    0x8f, 0xfe, 0x50, 0x0, 0x0, 0x0, 0x0, 0x0,
    0x7f, 0xff, 0xfd, 0x83, 0x0, 0x0, 0x0, 0x0,
    0x7, 0xdf, 0xff, 0xff, 0xea, 0x51, 0x0, 0x0,
    0x0, 0x2, 0x8d, 0xff, 0xff, 0xff, 0xc7, 0x20,
    0x0, 0x0, 0x0, 0x28, 0xdf, 0xff, 0xff, 0xf1,
    0x0, 0x0, 0x0, 0x0, 0x3, 0x8d, 0xff, 0xf2,
    0x0, 0x0, 0x0, 0x0, 0x0, 0x0, 0x38, 0xd1,
    0x0, 0x0, 0x0, 0x0, 0x0, 0x0, 0x0, 0x0,

    /* U+003D "=" */
    0x3c, 0xcc, 0xcc, 0xcc, 0xcc, 0xcc, 0xcc, 0xc2,
    0x6f, 0xff, 0xff, 0xff, 0xff, 0xff, 0xff, 0xf5,
    0x5f, 0xff, 0xff, 0xff, 0xff, 0xff, 0xff, 0xf3,
    0x0, 0x0, 0x0, 0x0, 0x0, 0x0, 0x0, 0x0,
    0x0, 0x0, 0x0, 0x0, 0x0, 0x0, 0x0, 0x0,
    0x0, 0x0, 0x0, 0x0, 0x0, 0x0, 0x0, 0x0,
    0x0, 0x0, 0x0, 0x0, 0x0, 0x0, 0x0, 0x0,
    0x3d, 0xdd, 0xdd, 0xdd, 0xdd, 0xdd, 0xdd, 0xc2,
    0x6f, 0xff, 0xff, 0xff, 0xff, 0xff, 0xff, 0xf5,
    0x4f, 0xff, 0xff, 0xff, 0xff, 0xff, 0xff, 0xf3,

    /* U+003E ">" */
    0x0, 0x0, 0x0, 0x0, 0x0, 0x0, 0x0, 0x0,
    0x4c, 0x61, 0x0, 0x0, 0x0, 0x0, 0x0, 0x0,
    0x6f, 0xff, 0xb6, 0x10, 0x0, 0x0, 0x0, 0x0,
    0x5f, 0xff, 0xff, 0xfb, 0x61, 0x0, 0x0, 0x0,
    0x4, 0x9d, 0xff, 0xff, 0xff, 0xb6, 0x10, 0x0,
    0x0, 0x0, 0x27, 0xcf, 0xff, 0xff, 0xfb, 0x50,
    0x0, 0x0, 0x0, 0x1, 0x5a, 0xff, 0xff, 0xf3,
    0x0, 0x0, 0x0, 0x0, 0x0, 0x7, 0xff, 0xf5,
    0x0, 0x0, 0x0, 0x0, 0x59, 0xef, 0xff, 0xf3,
    0x0, 0x0, 0x26, 0xbf, 0xff, 0xff, 0xfc, 0x60,
    0x3, 0x8d, 0xff, 0xff, 0xff, 0xc6, 0x10, 0x0,
    0x5f, 0xff, 0xff, 0xfc, 0x71, 0x0, 0x0, 0x0,
    0x6f, 0xff, 0xc7, 0x10, 0x0, 0x0, 0x0, 0x0,
    0x5c, 0x71, 0x0, 0x0, 0x0, 0x0, 0x0, 0x0,
    0x0, 0x0, 0x0, 0x0, 0x0, 0x0, 0x0, 0x0,

    /* U+003F "?" */
    0x0, 0x5, 0xbe, 0xff, 0xfe, 0xb4, 0x0, 0x0,
    0xa, 0xff, 0xff, 0xff, 0xff, 0xf8, 0x0, 0x7,
    0xff, 0xff, 0xfe, 0xff, 0xff, 0xf4, 0x0, 0xdf,
    0xfe, 0x40, 0x0, 0x5f, 0xff, 0xb0, 0x1f, 0xff,
    0x80, 0x0, 0x0, 0x9f, 0xfe, 0x2, 0xff, 0xf6,
    0x0, 0x0, 0x6, 0xff, 0xf0, 0x2f, 0xff, 0x50,
    0x0, 0x0, 0x7f, 0xff, 0x0, 0x23, 0x30, 0x0,
    0x0, 0x1e, 0xff, 0xc0, 0x0, 0x0, 0x0, 0x0,
    0x1d, 0xff, 0xf4, 0x0, 0x0, 0x0, 0x0, 0x3e,
    0xff, 0xf5, 0x0, 0x0, 0x0, 0x0, 0x3f, 0xff,
    0xe3, 0x0, 0x0, 0x0, 0x0, 0xe, 0xff, 0xd1,
    0x0, 0x0, 0x0, 0x0, 0x2, 0xff, 0xf4, 0x0,
    0x0, 0x0, 0x0, 0x0, 0x4f, 0xff, 0x10, 0x0,
    0x0, 0x0, 0x0, 0x3, 0xff, 0xf1, 0x0, 0x0,
    0x0, 0x0, 0x0, 0x1, 0x21, 0x0, 0x0, 0x0,
    0x0, 0x0, 0x0, 0x0, 0x0, 0x0, 0x0, 0x0,
    0x0, 0x0, 0x27, 0x77, 0x0, 0x0, 0x0, 0x0,
    0x0, 0x7, 0xff, 0xf2, 0x0, 0x0, 0x0, 0x0,
    0x0, 0x7f, 0xff, 0x20, 0x0, 0x0, 0x0, 0x0,
    0x7, 0xff, 0xf2, 0x0, 0x0, 0x0, 0x0, 0x0,
    0x7f, 0xff, 0x20, 0x0, 0x0, 0x0, 0x0, 0x6,
    0xff, 0xf1, 0x0, 0x0, 0x0,

    /* U+0040 "@" */
    0x0, 0x0, 0x0, 0x0, 0x1, 0x11, 0x11, 0x11,
    0x0, 0x0, 0x0, 0x0, 0x0, 0x0, 0x5b, 0xef,
    0xff, 0xff, 0xff, 0xff, 0xfc, 0x60, 0x0, 0x0,
    0x2, 0xdf, 0xff, 0xff, 0xff, 0xff, 0xff, 0xff,
    0xff, 0xc1, 0x0, 0x3, 0xff, 0xe7, 0x31, 0x0,
    0x0, 0x0, 0x0, 0x28, 0xff, 0xc0, 0x1, 0xef,
    0xb1, 0x0, 0x0, 0x0, 0x0, 0x0, 0x0, 0x4,
    0xff, 0x50, 0xaf, 0xc0, 0x0, 0x0, 0x0, 0x0,
    0x0, 0x0, 0x0, 0xa, 0xf9, 0x1f, 0xf3, 0x0,
    0x1, 0x9d, 0xff, 0xff, 0xff, 0xf1, 0x0, 0x6f,
    0xb5, 0xfd, 0x0, 0x2, 0xef, 0xff, 0xff, 0xff,
    0xff, 0x20, 0x6, 0xfc, 0x8f, 0xa0, 0x0, 0xcf,
    0xff, 0xba, 0xaa, 0xff, 0xf2, 0x0, 0x6f, 0xc9,
    0xf8, 0x0, 0x2f, 0xff, 0x30, 0x0, 0xb, 0xff,
    0x20, 0x6, 0xfc, 0x9f, 0x80, 0x5, 0xff, 0xc0,
    0x0, 0x0, 0xbf, 0xf2, 0x0, 0x6f, 0xc9, 0xf8,
    0x0, 0x6f, 0xfa, 0x0, 0x0, 0xb, 0xff, 0x20,
    0x6, 0xfc, 0x9f, 0x80, 0x7, 0xff, 0xa0, 0x0,
    0x0, 0xbf, 0xf2, 0x0, 0x6f, 0xc9, 0xf8, 0x0,
    0x6f, 0xfa, 0x0, 0x0, 0xc, 0xff, 0x20, 0x6,
    0xfc, 0x9f, 0x80, 0x6, 0xff, 0xc0, 0x0, 0x0,
    0xef, 0xf2, 0x0, 0x7f, 0xb9, 0xf8, 0x0, 0x3f,
    0xff, 0x30, 0x0, 0x7f, 0xff, 0x20, 0xb, 0xf9,
    0x8f, 0xa0, 0x0, 0xdf, 0xff, 0xcb, 0xdf, 0xff,
    0xf5, 0x39, 0xff, 0x46, 0xfd, 0x0, 0x3, 0xff,
    0xff, 0xff, 0xcb, 0xff, 0xff, 0xff, 0x90, 0x1f,
    0xf4, 0x0, 0x2, 0xae, 0xfe, 0x91, 0x4d, 0xff,
    0xfc, 0x50, 0x0, 0xaf, 0xd1, 0x0, 0x0, 0x0,
    0x0, 0x0, 0x0, 0x0, 0x0, 0x0, 0x1, 0xef,
    0xd2, 0x0, 0x0, 0x0, 0x0, 0x0, 0x0, 0x0,
    0x0, 0x0, 0x3, 0xef, 0xfa, 0x52, 0x11, 0x11,
    0x11, 0x10, 0x0, 0x0, 0x0, 0x0, 0x1, 0xbf,
    0xff, 0xff, 0xff, 0xff, 0xff, 0x80, 0x0, 0x0,
    0x0, 0x0, 0x0, 0x39, 0xce, 0xff, 0xff, 0xff,
    0xf8, 0x0, 0x0, 0x0,

    /* U+0041 "A" */
    0x0, 0x0, 0x0, 0xa, 0xff, 0xff, 0x60, 0x0,
    0x0, 0x0, 0x0, 0x0, 0x1, 0xff, 0xff, 0xfc,
    0x0, 0x0, 0x0, 0x0, 0x0, 0x0, 0x5f, 0xff,
    0xff, 0xf1, 0x0, 0x0, 0x0, 0x0, 0x0, 0xa,
    0xff, 0xef, 0xff, 0x50, 0x0, 0x0, 0x0, 0x0,
    0x0, 0xef, 0xf9, 0xdf, 0xfa, 0x0, 0x0, 0x0,
    0x0, 0x0, 0x3f, 0xff, 0x48, 0xff, 0xe0, 0x0,
    0x0, 0x0, 0x0, 0x7, 0xff, 0xf0, 0x4f, 0xff,
    0x30, 0x0, 0x0, 0x0, 0x0, 0xcf, 0xfb, 0x0,
    0xff, 0xf8, 0x0, 0x0, 0x0, 0x0, 0x1f, 0xff,
    0x70, 0xb, 0xff, 0xc0, 0x0, 0x0, 0x0, 0x5,
    0xff, 0xf2, 0x0, 0x6f, 0xff, 0x10, 0x0, 0x0,
    0x0, 0xaf, 0xfe, 0x0, 0x2, 0xff, 0xf6, 0x0,
    0x0, 0x0, 0xe, 0xff, 0x90, 0x0, 0xd, 0xff,
    0xa0, 0x0, 0x0, 0x3, 0xff, 0xf5, 0x0, 0x0,
    0x9f, 0xfe, 0x0, 0x0, 0x0, 0x8f, 0xff, 0x0,
    0x0, 0x4, 0xff, 0xf3, 0x0, 0x0, 0xc, 0xff,
    0xc0, 0x0, 0x0, 0xf, 0xff, 0x80, 0x0, 0x1,
    0xff, 0xff, 0xff, 0xff, 0xff, 0xff, 0xfd, 0x0,
    0x0, 0x5f, 0xff, 0xff, 0xff, 0xff, 0xff, 0xff,
    0xf1, 0x0, 0xa, 0xff, 0xfd, 0xdd, 0xdd, 0xdd,
    0xdf, 0xff, 0x60, 0x0, 0xef, 0xfb, 0x0, 0x0,
    0x0, 0x0, 0xff, 0xfa, 0x0, 0x3f, 0xff, 0x60,
    0x0, 0x0, 0x0, 0xa, 0xff, 0xf0, 0x8, 0xff,
    0xf1, 0x0, 0x0, 0x0, 0x0, 0x6f, 0xff, 0x40,
    0xcf, 0xfc, 0x0, 0x0, 0x0, 0x0, 0x1, 0xff,
    0xf8, 0xf, 0xff, 0x70, 0x0, 0x0, 0x0, 0x0,
    0xb, 0xff, 0xb0,

    /* U+0042 "B" */
    0x4f, 0xff, 0xff, 0xff, 0xff, 0xfc, 0x70, 0x0,
    0x6f, 0xff, 0xff, 0xff, 0xff, 0xff, 0xfd, 0x10,
    0x6f, 0xff, 0xfe, 0xee, 0xef, 0xff, 0xff, 0xa0,
    0x6f, 0xff, 0x20, 0x0, 0x0, 0x2d, 0xff, 0xf1,
    0x6f, 0xff, 0x20, 0x0, 0x0, 0x4, 0xff, 0xf4,
    0x6f, 0xff, 0x20, 0x0, 0x0, 0x1, 0xff, 0xf6,
    0x6f, 0xff, 0x20, 0x0, 0x0, 0x1, 0xff, 0xf6,
    0x6f, 0xff, 0x20, 0x0, 0x0, 0x1, 0xff, 0xf5,
    0x6f, 0xff, 0x20, 0x0, 0x0, 0x4, 0xff, 0xf3,
    0x6f, 0xff, 0x20, 0x0, 0x0, 0x4d, 0xff, 0xd0,
    0x6f, 0xff, 0xff, 0xff, 0xff, 0xff, 0xfe, 0x20,
    0x6f, 0xff, 0xff, 0xff, 0xff, 0xff, 0xe4, 0x0,
    0x6f, 0xff, 0xed, 0xdd, 0xdd, 0xff, 0xff, 0x80,
    0x6f, 0xff, 0x20, 0x0, 0x0, 0x8, 0xff, 0xf4,
    0x6f, 0xff, 0x20, 0x0, 0x0, 0x0, 0xef, 0xf8,
    0x6f, 0xff, 0x20, 0x0, 0x0, 0x0, 0xcf, 0xfa,
    0x6f, 0xff, 0x20, 0x0, 0x0, 0x0, 0xcf, 0xfa,
    0x6f, 0xff, 0x20, 0x0, 0x0, 0x0, 0xcf, 0xfa,
    0x6f, 0xff, 0x20, 0x0, 0x0, 0x0, 0xef, 0xf9,
    0x6f, 0xff, 0x20, 0x0, 0x0, 0x19, 0xff, 0xf6,
    0x6f, 0xff, 0xfe, 0xee, 0xee, 0xff, 0xff, 0xe0,
    0x6f, 0xff, 0xff, 0xff, 0xff, 0xff, 0xff, 0x40,
    0x4f, 0xff, 0xff, 0xff, 0xff, 0xfd, 0x92, 0x0,

    /* U+0043 "C" */
    0x0, 0x29, 0xdf, 0xff, 0xff, 0xfd, 0x81, 0x0,
    0x4, 0xff, 0xff, 0xff, 0xff, 0xff, 0xfe, 0x30,
    0x1f, 0xff, 0xff, 0xff, 0xff, 0xff, 0xff, 0xd0,
    0x7f, 0xff, 0xa2, 0x0, 0x0, 0x2c, 0xff, 0xf4,
    0xaf, 0xff, 0x0, 0x0, 0x0, 0x2, 0xff, 0xf8,
    0xbf, 0xfc, 0x0, 0x0, 0x0, 0x0, 0xff, 0xf9,
    0xbf, 0xfc, 0x0, 0x0, 0x0, 0x0, 0xef, 0xf9,
    0xbf, 0xfc, 0x0, 0x0, 0x0, 0x0, 0xbe, 0xe7,
    0xbf, 0xfc, 0x0, 0x0, 0x0, 0x0, 0x0, 0x0,
    0xbf, 0xfc, 0x0, 0x0, 0x0, 0x0, 0x0, 0x0,
    0xbf, 0xfc, 0x0, 0x0, 0x0, 0x0, 0x0, 0x0,
    0xbf, 0xfc, 0x0, 0x0, 0x0, 0x0, 0x0, 0x0,
    0xbf, 0xfc, 0x0, 0x0, 0x0, 0x0, 0x0, 0x0,
    0xbf, 0xfc, 0x0, 0x0, 0x0, 0x0, 0x0, 0x0,
    0xbf, 0xfc, 0x0, 0x0, 0x0, 0x0, 0x0, 0x0,
    0xbf, 0xfc, 0x0, 0x0, 0x0, 0x0, 0xbe, 0xe7,
    0xbf, 0xfc, 0x0, 0x0, 0x0, 0x0, 0xef, 0xf9,
    0xbf, 0xfc, 0x0, 0x0, 0x0, 0x0, 0xff, 0xf9,
    0xaf, 0xff, 0x0, 0x0, 0x0, 0x2, 0xff, 0xf8,
    0x6f, 0xff, 0xa2, 0x0, 0x0, 0x2c, 0xff, 0xf4,
    0x1f, 0xff, 0xff, 0xff, 0xff, 0xff, 0xff, 0xd0,
    0x4, 0xff, 0xff, 0xff, 0xff, 0xff, 0xfe, 0x30,
    0x0, 0x29, 0xdf, 0xff, 0xff, 0xfd, 0x81, 0x0,

    /* U+0044 "D" */
    0x4f, 0xff, 0xff, 0xff, 0xff, 0xfd, 0x92, 0x0,
    0x6f, 0xff, 0xff, 0xff, 0xff, 0xff, 0xff, 0x40,
    0x6f, 0xff, 0xff, 0xff, 0xff, 0xff, 0xff, 0xe0,
    0x6f, 0xff, 0x20, 0x0, 0x0, 0x2b, 0xff, 0xf6,
    0x6f, 0xff, 0x20, 0x0, 0x0, 0x0, 0xff, 0xfa,
    0x6f, 0xff, 0x20, 0x0, 0x0, 0x0, 0xdf, 0xfb,
    0x6f, 0xff, 0x20, 0x0, 0x0, 0x0, 0xdf, 0xfb,
    0x6f, 0xff, 0x20, 0x0, 0x0, 0x0, 0xdf, 0xfb,
    0x6f, 0xff, 0x20, 0x0, 0x0, 0x0, 0xdf, 0xfb,
    0x6f, 0xff, 0x20, 0x0, 0x0, 0x0, 0xdf, 0xfb,
    0x6f, 0xff, 0x20, 0x0, 0x0, 0x0, 0xdf, 0xfb,
    0x6f, 0xff, 0x20, 0x0, 0x0, 0x0, 0xdf, 0xfb,
    0x6f, 0xff, 0x20, 0x0, 0x0, 0x0, 0xdf, 0xfb,
    0x6f, 0xff, 0x20, 0x0, 0x0, 0x0, 0xdf, 0xfb,
    0x6f, 0xff, 0x20, 0x0, 0x0, 0x0, 0xdf, 0xfb,
    0x6f, 0xff, 0x20, 0x0, 0x0, 0x0, 0xdf, 0xfb,
    0x6f, 0xff, 0x20, 0x0, 0x0, 0x0, 0xdf, 0xfb,
    0x6f, 0xff, 0x20, 0x0, 0x0, 0x0, 0xdf, 0xfb,
    0x6f, 0xff, 0x20, 0x0, 0x0, 0x0, 0xff, 0xfa,
    0x6f, 0xff, 0x20, 0x0, 0x0, 0x2b, 0xff, 0xf6,
    0x6f, 0xff, 0xff, 0xff, 0xff, 0xff, 0xff, 0xe0,
    0x6f, 0xff, 0xff, 0xff, 0xff, 0xff, 0xff, 0x30,
    0x4f, 0xff, 0xff, 0xff, 0xff, 0xfd, 0x92, 0x0,

    /* U+0045 "E" */
    0x4f, 0xff, 0xff, 0xff, 0xff, 0xff, 0xf4, 0x6f,
    0xff, 0xff, 0xff, 0xff, 0xff, 0xf5, 0x6f, 0xff,
    0xff, 0xff, 0xff, 0xff, 0xf4, 0x6f, 0xff, 0x20,
    0x0, 0x0, 0x0, 0x0, 0x6f, 0xff, 0x20, 0x0,
    0x0, 0x0, 0x0, 0x6f, 0xff, 0x20, 0x0, 0x0,
    0x0, 0x0, 0x6f, 0xff, 0x20, 0x0, 0x0, 0x0,
    0x0, 0x6f, 0xff, 0x20, 0x0, 0x0, 0x0, 0x0,
    0x6f, 0xff, 0x20, 0x0, 0x0, 0x0, 0x0, 0x6f,
    0xff, 0x20, 0x0, 0x0, 0x0, 0x0, 0x6f, 0xff,
    0xff, 0xff, 0xff, 0xff, 0x10, 0x6f, 0xff, 0xff,
    0xff, 0xff, 0xff, 0x20, 0x6f, 0xff, 0xff, 0xff,
    0xff, 0xff, 0x10, 0x6f, 0xff, 0x20, 0x0, 0x0,
    0x0, 0x0, 0x6f, 0xff, 0x20, 0x0, 0x0, 0x0,
    0x0, 0x6f, 0xff, 0x20, 0x0, 0x0, 0x0, 0x0,
    0x6f, 0xff, 0x20, 0x0, 0x0, 0x0, 0x0, 0x6f,
    0xff, 0x20, 0x0, 0x0, 0x0, 0x0, 0x6f, 0xff,
    0x20, 0x0, 0x0, 0x0, 0x0, 0x6f, 0xff, 0x20,
    0x0, 0x0, 0x0, 0x0, 0x6f, 0xff, 0xff, 0xff,
    0xff, 0xff, 0xf4, 0x6f, 0xff, 0xff, 0xff, 0xff,
    0xff, 0xf5, 0x4f, 0xff, 0xff, 0xff, 0xff, 0xff,
    0xf4,

    /* U+0046 "F" */
    0x4f, 0xff, 0xff, 0xff, 0xff, 0xff, 0xf1, 0x6f,
    0xff, 0xff, 0xff, 0xff, 0xff, 0xf2, 0x6f, 0xff,
    0xff, 0xff, 0xff, 0xff, 0xf1, 0x6f, 0xff, 0x20,
    0x0, 0x0, 0x0, 0x0, 0x6f, 0xff, 0x20, 0x0,
    0x0, 0x0, 0x0, 0x6f, 0xff, 0x20, 0x0, 0x0,
    0x0, 0x0, 0x6f, 0xff, 0x20, 0x0, 0x0, 0x0,
    0x0, 0x6f, 0xff, 0x20, 0x0, 0x0, 0x0, 0x0,
    0x6f, 0xff, 0x20, 0x0, 0x0, 0x0, 0x0, 0x6f,
    0xff, 0x20, 0x0, 0x0, 0x0, 0x0, 0x6f, 0xff,
    0x20, 0x0, 0x0, 0x0, 0x0, 0x6f, 0xff, 0xff,
    0xff, 0xff, 0xff, 0x10, 0x6f, 0xff, 0xff, 0xff,
    0xff, 0xff, 0x20, 0x6f, 0xff, 0xff, 0xff, 0xff,
    0xff, 0x10, 0x6f, 0xff, 0x20, 0x0, 0x0, 0x0,
    0x0, 0x6f, 0xff, 0x20, 0x0, 0x0, 0x0, 0x0,
    0x6f, 0xff, 0x20, 0x0, 0x0, 0x0, 0x0, 0x6f,
    0xff, 0x20, 0x0, 0x0, 0x0, 0x0, 0x6f, 0xff,
    0x20, 0x0, 0x0, 0x0, 0x0, 0x6f, 0xff, 0x20,
    0x0, 0x0, 0x0, 0x0, 0x6f, 0xff, 0x20, 0x0,
    0x0, 0x0, 0x0, 0x6f, 0xff, 0x20, 0x0, 0x0,
    0x0, 0x0, 0x4f, 0xff, 0x10, 0x0, 0x0, 0x0,
    0x0,

    /* U+0047 "G" */
    0x0, 0x29, 0xdf, 0xff, 0xff, 0xfc, 0x60, 0x0,
    0x4, 0xff, 0xff, 0xff, 0xff, 0xff, 0xfb, 0x0,
    0x1f, 0xff, 0xff, 0xff, 0xff, 0xff, 0xff, 0x80,
    0x7f, 0xff, 0xa2, 0x0, 0x0, 0x4e, 0xff, 0xf0,
    0xaf, 0xff, 0x0, 0x0, 0x0, 0x7, 0xff, 0xf2,
    0xbf, 0xfc, 0x0, 0x0, 0x0, 0x4, 0xff, 0xf4,
    0xbf, 0xfc, 0x0, 0x0, 0x0, 0x3, 0xff, 0xf4,
    0xbf, 0xfc, 0x0, 0x0, 0x0, 0x1, 0x9a, 0x91,
    0xbf, 0xfc, 0x0, 0x0, 0x0, 0x0, 0x0, 0x0,
    0xbf, 0xfc, 0x0, 0x0, 0x0, 0x0, 0x0, 0x0,
    0xbf, 0xfc, 0x0, 0x0, 0x0, 0x0, 0x0, 0x0,
    0xbf, 0xfc, 0x0, 0x1, 0xff, 0xff, 0xff, 0xf2,
    0xbf, 0xfc, 0x0, 0x2, 0xff, 0xff, 0xff, 0xf4,
    0xbf, 0xfc, 0x0, 0x1, 0xff, 0xff, 0xff, 0xf4,
    0xbf, 0xfc, 0x0, 0x0, 0x0, 0x4, 0xff, 0xf4,
    0xbf, 0xfc, 0x0, 0x0, 0x0, 0x3, 0xff, 0xf4,
    0xbf, 0xfc, 0x0, 0x0, 0x0, 0x3, 0xff, 0xf4,
    0xbf, 0xfc, 0x0, 0x0, 0x0, 0x3, 0xff, 0xf4,
    0xaf, 0xff, 0x0, 0x0, 0x0, 0x6, 0xff, 0xf3,
    0x6f, 0xff, 0xa2, 0x0, 0x0, 0x4e, 0xff, 0xf0,
    0x1f, 0xff, 0xff, 0xff, 0xff, 0xff, 0xff, 0x90,
    0x4, 0xff, 0xff, 0xff, 0xff, 0xff, 0xfc, 0x0,
    0x0, 0x29, 0xdf, 0xff, 0xff, 0xfc, 0x60, 0x0,

    /* U+0048 "H" */
    0x4f, 0xff, 0x10, 0x0, 0x0, 0x0, 0x6f, 0xfe,
    0x6, 0xff, 0xf2, 0x0, 0x0, 0x0, 0x7, 0xff,
    0xf0, 0x6f, 0xff, 0x20, 0x0, 0x0, 0x0, 0x7f,
    0xff, 0x6, 0xff, 0xf2, 0x0, 0x0, 0x0, 0x7,
    0xff, 0xf0, 0x6f, 0xff, 0x20, 0x0, 0x0, 0x0,
    0x7f, 0xff, 0x6, 0xff, 0xf2, 0x0, 0x0, 0x0,
    0x7, 0xff, 0xf0, 0x6f, 0xff, 0x20, 0x0, 0x0,
    0x0, 0x7f, 0xff, 0x6, 0xff, 0xf2, 0x0, 0x0,
    0x0, 0x7, 0xff, 0xf0, 0x6f, 0xff, 0x20, 0x0,
    0x0, 0x0, 0x7f, 0xff, 0x6, 0xff, 0xf2, 0x0,
    0x0, 0x0, 0x8, 0xff, 0xf0, 0x6f, 0xff, 0xff,
    0xff, 0xff, 0xff, 0xff, 0xff, 0x6, 0xff, 0xff,
    0xff, 0xff, 0xff, 0xff, 0xff, 0xf0, 0x6f, 0xff,
    0xff, 0xff, 0xff, 0xff, 0xff, 0xff, 0x6, 0xff,
    0xf3, 0x0, 0x0, 0x0, 0x8, 0xff, 0xf0, 0x6f,
    0xff, 0x20, 0x0, 0x0, 0x0, 0x7f, 0xff, 0x6,
    0xff, 0xf2, 0x0, 0x0, 0x0, 0x7, 0xff, 0xf0,
    0x6f, 0xff, 0x20, 0x0, 0x0, 0x0, 0x7f, 0xff,
    0x6, 0xff, 0xf2, 0x0, 0x0, 0x0, 0x7, 0xff,
    0xf0, 0x6f, 0xff, 0x20, 0x0, 0x0, 0x0, 0x7f,
    0xff, 0x6, 0xff, 0xf2, 0x0, 0x0, 0x0, 0x7,
    0xff, 0xf0, 0x6f, 0xff, 0x20, 0x0, 0x0, 0x0,
    0x7f, 0xff, 0x6, 0xff, 0xf2, 0x0, 0x0, 0x0,
    0x7, 0xff, 0xf0, 0x4f, 0xff, 0x10, 0x0, 0x0,
    0x0, 0x6f, 0xfe, 0x0,

    /* U+0049 "I" */
    0x1f, 0xff, 0x33, 0xff, 0xf4, 0x3f, 0xff, 0x43,
    0xff, 0xf4, 0x3f, 0xff, 0x43, 0xff, 0xf4, 0x3f,
    0xff, 0x43, 0xff, 0xf4, 0x3f, 0xff, 0x43, 0xff,
    0xf4, 0x3f, 0xff, 0x43, 0xff, 0xf4, 0x3f, 0xff,
    0x43, 0xff, 0xf4, 0x3f, 0xff, 0x43, 0xff, 0xf4,
    0x3f, 0xff, 0x43, 0xff, 0xf4, 0x3f, 0xff, 0x43,
    0xff, 0xf4, 0x3f, 0xff, 0x43, 0xff, 0xf4, 0x1f,
    0xff, 0x30,

    /* U+004A "J" */
    0x0, 0x0, 0x0, 0x0, 0x0, 0x6, 0xff, 0xe0,
    0x0, 0x0, 0x0, 0x0, 0x0, 0x8, 0xff, 0xf0,
    0x0, 0x0, 0x0, 0x0, 0x0, 0x8, 0xff, 0xf0,
    0x0, 0x0, 0x0, 0x0, 0x0, 0x8, 0xff, 0xf0,
    0x0, 0x0, 0x0, 0x0, 0x0, 0x8, 0xff, 0xf0,
    0x0, 0x0, 0x0, 0x0, 0x0, 0x8, 0xff, 0xf0,
    0x0, 0x0, 0x0, 0x0, 0x0, 0x8, 0xff, 0xf0,
    0x0, 0x0, 0x0, 0x0, 0x0, 0x8, 0xff, 0xf0,
    0x0, 0x0, 0x0, 0x0, 0x0, 0x8, 0xff, 0xf0,
    0x0, 0x0, 0x0, 0x0, 0x0, 0x8, 0xff, 0xf0,
    0x0, 0x0, 0x0, 0x0, 0x0, 0x8, 0xff, 0xf0,
    0x0, 0x0, 0x0, 0x0, 0x0, 0x8, 0xff, 0xf0,
    0x0, 0x0, 0x0, 0x0, 0x0, 0x8, 0xff, 0xf0,
    0x25, 0x52, 0x0, 0x0, 0x0, 0x8, 0xff, 0xf0,
    0xcf, 0xfb, 0x0, 0x0, 0x0, 0x8, 0xff, 0xf0,
    0xcf, 0xfc, 0x0, 0x0, 0x0, 0x8, 0xff, 0xf0,
    0xcf, 0xfc, 0x0, 0x0, 0x0, 0x8, 0xff, 0xf0,
    0xcf, 0xfc, 0x0, 0x0, 0x0, 0x8, 0xff, 0xf0,
    0xbf, 0xfe, 0x0, 0x0, 0x0, 0xb, 0xff, 0xe0,
    0x7f, 0xff, 0xa2, 0x0, 0x1, 0x7f, 0xff, 0xb0,
    0x1f, 0xff, 0xff, 0xff, 0xff, 0xff, 0xff, 0x40,
    0x5, 0xff, 0xff, 0xff, 0xff, 0xff, 0xf8, 0x0,
    0x0, 0x29, 0xef, 0xff, 0xff, 0xeb, 0x40, 0x0,

    /* U+004B "K" */
    0x4f, 0xff, 0x10, 0x0, 0x0, 0x0, 0xbf, 0xff,
    0x20, 0x6f, 0xff, 0x20, 0x0, 0x0, 0x9, 0xff,
    0xf7, 0x0, 0x6f, 0xff, 0x20, 0x0, 0x0, 0x5f,
    0xff, 0xb0, 0x0, 0x6f, 0xff, 0x20, 0x0, 0x1,
    0xef, 0xfe, 0x10, 0x0, 0x6f, 0xff, 0x20, 0x0,
    0xc, 0xff, 0xf4, 0x0, 0x0, 0x6f, 0xff, 0x20,
    0x0, 0x7f, 0xff, 0x80, 0x0, 0x0, 0x6f, 0xff,
    0x20, 0x3, 0xff, 0xfc, 0x0, 0x0, 0x0, 0x6f,
    0xff, 0x20, 0xd, 0xff, 0xe1, 0x0, 0x0, 0x0,
    0x6f, 0xff, 0x20, 0xaf, 0xff, 0x50, 0x0, 0x0,
    0x0, 0x6f, 0xff, 0x25, 0xff, 0xf9, 0x0, 0x0,
    0x0, 0x0, 0x6f, 0xff, 0x3f, 0xff, 0xf5, 0x0,
    0x0, 0x0, 0x0, 0x6f, 0xff, 0xaf, 0xff, 0xfe,
    0x10, 0x0, 0x0, 0x0, 0x6f, 0xff, 0xff, 0xff,
    0xff, 0x90, 0x0, 0x0, 0x0, 0x6f, 0xff, 0xff,
    0x48, 0xff, 0xf4, 0x0, 0x0, 0x0, 0x6f, 0xff,
    0xf6, 0x0, 0xdf, 0xfe, 0x0, 0x0, 0x0, 0x6f,
    0xff, 0x90, 0x0, 0x3f, 0xff, 0x90, 0x0, 0x0,
    0x6f, 0xff, 0x20, 0x0, 0x9, 0xff, 0xf3, 0x0,
    0x0, 0x6f, 0xff, 0x20, 0x0, 0x0, 0xef, 0xfd,
    0x0, 0x0, 0x6f, 0xff, 0x20, 0x0, 0x0, 0x5f,
    0xff, 0x80, 0x0, 0x6f, 0xff, 0x20, 0x0, 0x0,
    0xa, 0xff, 0xf3, 0x0, 0x6f, 0xff, 0x20, 0x0,
    0x0, 0x1, 0xef, 0xfd, 0x0, 0x6f, 0xff, 0x20,
    0x0, 0x0, 0x0, 0x6f, 0xff, 0x80, 0x4f, 0xff,
    0x10, 0x0, 0x0, 0x0, 0xa, 0xff, 0xf0,

    /* U+004C "L" */
    0x4f, 0xff, 0x10, 0x0, 0x0, 0x0, 0x0, 0x6f,
    0xff, 0x20, 0x0, 0x0, 0x0, 0x0, 0x6f, 0xff,
    0x20, 0x0, 0x0, 0x0, 0x0, 0x6f, 0xff, 0x20,
    0x0, 0x0, 0x0, 0x0, 0x6f, 0xff, 0x20, 0x0,
    0x0, 0x0, 0x0, 0x6f, 0xff, 0x20, 0x0, 0x0,
    0x0, 0x0, 0x6f, 0xff, 0x20, 0x0, 0x0, 0x0,
    0x0, 0x6f, 0xff, 0x20, 0x0, 0x0, 0x0, 0x0,
    0x6f, 0xff, 0x20, 0x0, 0x0, 0x0, 0x0, 0x6f,
    0xff, 0x20, 0x0, 0x0, 0x0, 0x0, 0x6f, 0xff,
    0x20, 0x0, 0x0, 0x0, 0x0, 0x6f, 0xff, 0x20,
    0x0, 0x0, 0x0, 0x0, 0x6f, 0xff, 0x20, 0x0,
    0x0, 0x0, 0x0, 0x6f, 0xff, 0x20, 0x0, 0x0,
    0x0, 0x0, 0x6f, 0xff, 0x20, 0x0, 0x0, 0x0,
    0x0, 0x6f, 0xff, 0x20, 0x0, 0x0, 0x0, 0x0,
    0x6f, 0xff, 0x20, 0x0, 0x0, 0x0, 0x0, 0x6f,
    0xff, 0x20, 0x0, 0x0, 0x0, 0x0, 0x6f, 0xff,
    0x20, 0x0, 0x0, 0x0, 0x0, 0x6f, 0xff, 0x31,
    0x11, 0x11, 0x11, 0x10, 0x6f, 0xff, 0xff, 0xff,
    0xff, 0xff, 0xf7, 0x6f, 0xff, 0xff, 0xff, 0xff,
    0xff, 0xf8, 0x4f, 0xff, 0xff, 0xff, 0xff, 0xff,
    0xf6,

    /* U+004D "M" */
    0x4f, 0xff, 0xfd, 0x0, 0x0, 0x0, 0x0, 0x1,
    0xff, 0xff, 0xf0, 0x6f, 0xff, 0xff, 0x30, 0x0,
    0x0, 0x0, 0x7, 0xff, 0xff, 0xf1, 0x6f, 0xff,
    0xff, 0x90, 0x0, 0x0, 0x0, 0xd, 0xff, 0xff,
    0xf1, 0x6f, 0xff, 0xff, 0xe0, 0x0, 0x0, 0x0,
    0x3f, 0xff, 0xff, 0xf1, 0x6f, 0xff, 0xcf, 0xf5,
    0x0, 0x0, 0x0, 0x9f, 0xfd, 0xff, 0xf1, 0x6f,
    0xff, 0x6f, 0xfa, 0x0, 0x0, 0x0, 0xef, 0xf7,
    0xff, 0xf1, 0x6f, 0xff, 0x1f, 0xff, 0x0, 0x0,
    0x4, 0xff, 0xb5, 0xff, 0xf1, 0x6f, 0xff, 0xa,
    0xff, 0x60, 0x0, 0xa, 0xff, 0x65, 0xff, 0xf1,
    0x6f, 0xff, 0x4, 0xff, 0xb0, 0x0, 0xf, 0xff,
    0x5, 0xff, 0xf1, 0x6f, 0xff, 0x0, 0xef, 0xf1,
    0x0, 0x5f, 0xfa, 0x5, 0xff, 0xf1, 0x6f, 0xff,
    0x0, 0x8f, 0xf7, 0x0, 0xbf, 0xf4, 0x5, 0xff,
    0xf1, 0x6f, 0xff, 0x0, 0x2f, 0xfd, 0x1, 0xff,
    0xe0, 0x5, 0xff, 0xf1, 0x6f, 0xff, 0x0, 0xd,
    0xff, 0x27, 0xff, 0x90, 0x5, 0xff, 0xf1, 0x6f,
    0xff, 0x0, 0x7, 0xff, 0x8c, 0xff, 0x30, 0x5,
    0xff, 0xf1, 0x6f, 0xff, 0x0, 0x1, 0xff, 0xff,
    0xfd, 0x0, 0x5, 0xff, 0xf1, 0x6f, 0xff, 0x0,
    0x0, 0xbf, 0xff, 0xf8, 0x0, 0x5, 0xff, 0xf1,
    0x6f, 0xff, 0x0, 0x0, 0x5f, 0xff, 0xf2, 0x0,
    0x5, 0xff, 0xf1, 0x6f, 0xff, 0x0, 0x0, 0xd,
    0xff, 0xb0, 0x0, 0x5, 0xff, 0xf1, 0x6f, 0xff,
    0x0, 0x0, 0x0, 0x0, 0x0, 0x0, 0x5, 0xff,
    0xf1, 0x6f, 0xff, 0x0, 0x0, 0x0, 0x0, 0x0,
    0x0, 0x5, 0xff, 0xf1, 0x6f, 0xff, 0x0, 0x0,
    0x0, 0x0, 0x0, 0x0, 0x5, 0xff, 0xf1, 0x6f,
    0xff, 0x0, 0x0, 0x0, 0x0, 0x0, 0x0, 0x5,
    0xff, 0xf1, 0x4f, 0xff, 0x0, 0x0, 0x0, 0x0,
    0x0, 0x0, 0x4, 0xff, 0xf0,

    /* U+004E "N" */
    0x4f, 0xfe, 0x20, 0x0, 0x0, 0x0, 0xf, 0xff,
    0x46, 0xff, 0xfa, 0x0, 0x0, 0x0, 0x1, 0xff,
    0xf5, 0x6f, 0xff, 0xf3, 0x0, 0x0, 0x0, 0x1f,
    0xff, 0x56, 0xff, 0xff, 0xc0, 0x0, 0x0, 0x1,
    0xff, 0xf5, 0x6f, 0xff, 0xff, 0x50, 0x0, 0x0,
    0x1f, 0xff, 0x56, 0xff, 0xff, 0xfe, 0x0, 0x0,
    0x1, 0xff, 0xf5, 0x6f, 0xff, 0xff, 0xf7, 0x0,
    0x0, 0x1f, 0xff, 0x56, 0xff, 0xf9, 0xff, 0xf1,
    0x0, 0x1, 0xff, 0xf5, 0x6f, 0xff, 0x2e, 0xff,
    0x90, 0x0, 0x1f, 0xff, 0x56, 0xff, 0xf1, 0x6f,
    0xff, 0x20, 0x1, 0xff, 0xf5, 0x6f, 0xff, 0x10,
    0xdf, 0xfb, 0x0, 0x1f, 0xff, 0x56, 0xff, 0xf1,
    0x4, 0xff, 0xf4, 0x1, 0xff, 0xf5, 0x6f, 0xff,
    0x10, 0xb, 0xff, 0xd0, 0x1f, 0xff, 0x56, 0xff,
    0xf1, 0x0, 0x2f, 0xff, 0x61, 0xff, 0xf5, 0x6f,
    0xff, 0x10, 0x0, 0x9f, 0xfe, 0x2f, 0xff, 0x56,
    0xff, 0xf1, 0x0, 0x1, 0xef, 0xf9, 0xff, 0xf5,
    0x6f, 0xff, 0x10, 0x0, 0x7, 0xff, 0xff, 0xff,
    0x56, 0xff, 0xf1, 0x0, 0x0, 0xd, 0xff, 0xff,
    0xf5, 0x6f, 0xff, 0x10, 0x0, 0x0, 0x5f, 0xff,
    0xff, 0x56, 0xff, 0xf1, 0x0, 0x0, 0x0, 0xcf,
    0xff, 0xf5, 0x6f, 0xff, 0x10, 0x0, 0x0, 0x3,
    0xff, 0xff, 0x56, 0xff, 0xf1, 0x0, 0x0, 0x0,
    0xa, 0xff, 0xf5, 0x4f, 0xff, 0x0, 0x0, 0x0,
    0x0, 0x1e, 0xff, 0x40,

    /* U+004F "O" */
    0x0, 0x29, 0xdf, 0xff, 0xff, 0xfd, 0x91, 0x0,
    0x4, 0xff, 0xff, 0xff, 0xff, 0xff, 0xfe, 0x30,
    0x1f, 0xff, 0xff, 0xff, 0xff, 0xff, 0xff, 0xe0,
    0x7f, 0xff, 0xa2, 0x0, 0x0, 0x2c, 0xff, 0xf5,
    0xaf, 0xff, 0x0, 0x0, 0x0, 0x1, 0xff, 0xf8,
    0xbf, 0xfc, 0x0, 0x0, 0x0, 0x0, 0xef, 0xfa,
    0xbf, 0xfc, 0x0, 0x0, 0x0, 0x0, 0xef, 0xfa,
    0xbf, 0xfc, 0x0, 0x0, 0x0, 0x0, 0xef, 0xfa,
    0xbf, 0xfc, 0x0, 0x0, 0x0, 0x0, 0xef, 0xfa,
    0xbf, 0xfc, 0x0, 0x0, 0x0, 0x0, 0xef, 0xfa,
    0xbf, 0xfc, 0x0, 0x0, 0x0, 0x0, 0xef, 0xfa,
    0xbf, 0xfc, 0x0, 0x0, 0x0, 0x0, 0xef, 0xfa,
    0xbf, 0xfc, 0x0, 0x0, 0x0, 0x0, 0xef, 0xfa,
    0xbf, 0xfc, 0x0, 0x0, 0x0, 0x0, 0xef, 0xfa,
    0xbf, 0xfc, 0x0, 0x0, 0x0, 0x0, 0xef, 0xfa,
    0xbf, 0xfc, 0x0, 0x0, 0x0, 0x0, 0xef, 0xfa,
    0xbf, 0xfc, 0x0, 0x0, 0x0, 0x0, 0xef, 0xfa,
    0xbf, 0xfc, 0x0, 0x0, 0x0, 0x0, 0xef, 0xfa,
    0xaf, 0xff, 0x0, 0x0, 0x0, 0x1, 0xff, 0xf8,
    0x6f, 0xff, 0xa2, 0x0, 0x0, 0x2c, 0xff, 0xf5,
    0x1f, 0xff, 0xff, 0xff, 0xff, 0xff, 0xff, 0xe0,
    0x4, 0xff, 0xff, 0xff, 0xff, 0xff, 0xfe, 0x30,
    0x0, 0x29, 0xdf, 0xff, 0xff, 0xfd, 0x91, 0x0,

    /* U+0050 "P" */
    0x4f, 0xff, 0xff, 0xff, 0xff, 0xfc, 0x70, 0x0,
    0x6f, 0xff, 0xff, 0xff, 0xff, 0xff, 0xfc, 0x10,
    0x6f, 0xff, 0xff, 0xff, 0xff, 0xff, 0xff, 0xa0,
    0x6f, 0xff, 0x20, 0x0, 0x0, 0x4e, 0xff, 0xf1,
    0x6f, 0xff, 0x20, 0x0, 0x0, 0x5, 0xff, 0xf4,
    0x6f, 0xff, 0x20, 0x0, 0x0, 0x2, 0xff, 0xf6,
    0x6f, 0xff, 0x20, 0x0, 0x0, 0x2, 0xff, 0xf6,
    0x6f, 0xff, 0x20, 0x0, 0x0, 0x2, 0xff, 0xf6,
    0x6f, 0xff, 0x20, 0x0, 0x0, 0x2, 0xff, 0xf6,
    0x6f, 0xff, 0x20, 0x0, 0x0, 0x2, 0xff, 0xf6,
    0x6f, 0xff, 0x20, 0x0, 0x0, 0x6, 0xff, 0xf4,
    0x6f, 0xff, 0x30, 0x0, 0x1, 0x4e, 0xff, 0xf1,
    0x6f, 0xff, 0xff, 0xff, 0xff, 0xff, 0xff, 0xa0,
    0x6f, 0xff, 0xff, 0xff, 0xff, 0xff, 0xfc, 0x0,
    0x6f, 0xff, 0xff, 0xff, 0xff, 0xfc, 0x70, 0x0,
    0x6f, 0xff, 0x20, 0x0, 0x0, 0x0, 0x0, 0x0,
    0x6f, 0xff, 0x20, 0x0, 0x0, 0x0, 0x0, 0x0,
    0x6f, 0xff, 0x20, 0x0, 0x0, 0x0, 0x0, 0x0,
    0x6f, 0xff, 0x20, 0x0, 0x0, 0x0, 0x0, 0x0,
    0x6f, 0xff, 0x20, 0x0, 0x0, 0x0, 0x0, 0x0,
    0x6f, 0xff, 0x20, 0x0, 0x0, 0x0, 0x0, 0x0,
    0x6f, 0xff, 0x20, 0x0, 0x0, 0x0, 0x0, 0x0,
    0x4f, 0xff, 0x10, 0x0, 0x0, 0x0, 0x0, 0x0,

    /* U+0051 "Q" */
    0x0, 0x18, 0xdf, 0xff, 0xff, 0xfe, 0xa3, 0x0,
    0x2, 0xef, 0xff, 0xff, 0xff, 0xff, 0xff, 0x50,
    0xd, 0xff, 0xff, 0xff, 0xff, 0xff, 0xff, 0xf2,
    0x4f, 0xff, 0xd3, 0x0, 0x0, 0x19, 0xff, 0xf8,
    0x7f, 0xff, 0x30, 0x0, 0x0, 0x0, 0xef, 0xfb,
    0x8f, 0xff, 0x0, 0x0, 0x0, 0x0, 0xbf, 0xfc,
    0x8f, 0xff, 0x0, 0x0, 0x0, 0x0, 0xaf, 0xfd,
    0x8f, 0xff, 0x0, 0x0, 0x0, 0x0, 0xaf, 0xfd,
    0x8f, 0xff, 0x0, 0x0, 0x0, 0x0, 0xaf, 0xfd,
    0x8f, 0xff, 0x0, 0x0, 0x0, 0x0, 0xaf, 0xfd,
    0x8f, 0xff, 0x0, 0x0, 0x0, 0x0, 0xaf, 0xfd,
    0x8f, 0xff, 0x0, 0x0, 0x0, 0x0, 0xaf, 0xfd,
    0x8f, 0xff, 0x0, 0x0, 0x0, 0x0, 0xaf, 0xfd,
    0x8f, 0xff, 0x0, 0x0, 0x0, 0x0, 0xaf, 0xfd,
    0x8f, 0xff, 0x0, 0x0, 0x0, 0x0, 0xaf, 0xfd,
    0x8f, 0xff, 0x0, 0x0, 0x0, 0x0, 0xaf, 0xfd,
    0x8f, 0xff, 0x0, 0x0, 0x0, 0x0, 0xaf, 0xfd,
    0x8f, 0xff, 0x0, 0x0, 0x0, 0x0, 0xbf, 0xfc,
    0x7f, 0xff, 0x30, 0x0, 0x0, 0x0, 0xef, 0xfb,
    0x3f, 0xff, 0xd3, 0x0, 0x0, 0x19, 0xff, 0xf8,
    0xd, 0xff, 0xff, 0xff, 0xff, 0xff, 0xff, 0xf1,
    0x2, 0xef, 0xff, 0xff, 0xff, 0xff, 0xff, 0x50,
    0x0, 0x18, 0xdf, 0xff, 0xff, 0xfe, 0x92, 0x0,
    0x0, 0x0, 0x0, 0x1, 0xef, 0xfb, 0x0, 0x0,
    0x0, 0x0, 0x0, 0x0, 0x5f, 0xff, 0x50, 0x0,
    0x0, 0x0, 0x0, 0x0, 0xb, 0xff, 0xe0, 0x0,
    0x0, 0x0, 0x0, 0x0, 0x2, 0xff, 0xf9, 0x0,
    0x0, 0x0, 0x0, 0x0, 0x0, 0x37, 0x85, 0x0,

    /* U+0052 "R" */
    0x4f, 0xff, 0xff, 0xff, 0xff, 0xec, 0x60, 0x0,
    0x6, 0xff, 0xff, 0xff, 0xff, 0xff, 0xff, 0xb0,
    0x0, 0x6f, 0xff, 0xff, 0xff, 0xff, 0xff, 0xff,
    0x80, 0x6, 0xff, 0xf2, 0x0, 0x0, 0x5, 0xef,
    0xff, 0x0, 0x6f, 0xff, 0x20, 0x0, 0x0, 0x7,
    0xff, 0xf3, 0x6, 0xff, 0xf2, 0x0, 0x0, 0x0,
    0x4f, 0xff, 0x40, 0x6f, 0xff, 0x20, 0x0, 0x0,
    0x4, 0xff, 0xf4, 0x6, 0xff, 0xf2, 0x0, 0x0,
    0x0, 0x4f, 0xff, 0x40, 0x6f, 0xff, 0x20, 0x0,
    0x0, 0x4, 0xff, 0xf4, 0x6, 0xff, 0xf2, 0x0,
    0x0, 0x0, 0x6f, 0xff, 0x20, 0x6f, 0xff, 0x20,
    0x0, 0x0, 0x2d, 0xff, 0xf0, 0x6, 0xff, 0xfe,
    0xdd, 0xdd, 0xef, 0xff, 0xf8, 0x0, 0x6f, 0xff,
    0xff, 0xff, 0xff, 0xff, 0xfb, 0x0, 0x6, 0xff,
    0xff, 0xff, 0xff, 0xff, 0xf4, 0x0, 0x0, 0x6f,
    0xff, 0x20, 0x0, 0x9f, 0xff, 0x30, 0x0, 0x6,
    0xff, 0xf2, 0x0, 0x2, 0xff, 0xfa, 0x0, 0x0,
    0x6f, 0xff, 0x20, 0x0, 0xa, 0xff, 0xf2, 0x0,
    0x6, 0xff, 0xf2, 0x0, 0x0, 0x3f, 0xff, 0x90,
    0x0, 0x6f, 0xff, 0x20, 0x0, 0x0, 0xbf, 0xff,
    0x10, 0x6, 0xff, 0xf2, 0x0, 0x0, 0x4, 0xff,
    0xf8, 0x0, 0x6f, 0xff, 0x20, 0x0, 0x0, 0xd,
    0xff, 0xf1, 0x6, 0xff, 0xf2, 0x0, 0x0, 0x0,
    0x5f, 0xff, 0x70, 0x4f, 0xff, 0x10, 0x0, 0x0,
    0x0, 0xcf, 0xfd, 0x0,

    /* U+0053 "S" */
    0x0, 0x29, 0xdf, 0xff, 0xff, 0xec, 0x60, 0x0,
    0x4, 0xff, 0xff, 0xff, 0xff, 0xff, 0xfb, 0x0,
    0x1f, 0xff, 0xff, 0xff, 0xff, 0xff, 0xff, 0x80,
    0x7f, 0xff, 0xa2, 0x0, 0x1, 0x5f, 0xff, 0xf0,
    0xbf, 0xff, 0x0, 0x0, 0x0, 0x7, 0xff, 0xf3,
    0xcf, 0xfc, 0x0, 0x0, 0x0, 0x4, 0xff, 0xf4,
    0xcf, 0xfb, 0x0, 0x0, 0x0, 0x2, 0xef, 0xe3,
    0xbf, 0xfc, 0x0, 0x0, 0x0, 0x0, 0x0, 0x0,
    0xaf, 0xff, 0x50, 0x0, 0x0, 0x0, 0x0, 0x0,
    0x5f, 0xff, 0xfd, 0x85, 0x20, 0x0, 0x0, 0x0,
    0xc, 0xff, 0xff, 0xff, 0xfe, 0xb6, 0x0, 0x0,
    0x1, 0xbf, 0xff, 0xff, 0xff, 0xff, 0xe6, 0x0,
    0x0, 0x3, 0x8d, 0xff, 0xff, 0xff, 0xff, 0x60,
    0x0, 0x0, 0x0, 0x14, 0x7a, 0xff, 0xff, 0xf0,
    0x0, 0x0, 0x0, 0x0, 0x0, 0x1c, 0xff, 0xf5,
    0x1, 0x10, 0x0, 0x0, 0x0, 0x2, 0xff, 0xf7,
    0xcf, 0xfa, 0x0, 0x0, 0x0, 0x0, 0xff, 0xf7,
    0xcf, 0xfc, 0x0, 0x0, 0x0, 0x0, 0xff, 0xf7,
    0xbf, 0xfe, 0x0, 0x0, 0x0, 0x4, 0xff, 0xf6,
    0x7f, 0xff, 0xa2, 0x0, 0x0, 0x4d, 0xff, 0xf2,
    0x1f, 0xff, 0xff, 0xff, 0xff, 0xff, 0xff, 0xb0,
    0x4, 0xff, 0xff, 0xff, 0xff, 0xff, 0xfd, 0x10,
    0x0, 0x29, 0xdf, 0xff, 0xff, 0xfd, 0x70, 0x0,

    /* U+0054 "T" */
    0x6f, 0xff, 0xff, 0xff, 0xff, 0xff, 0xff, 0xf1,
    0x8f, 0xff, 0xff, 0xff, 0xff, 0xff, 0xff, 0xf2,
    0x6f, 0xff, 0xff, 0xff, 0xff, 0xff, 0xff, 0xf1,
    0x0, 0x0, 0x0, 0xff, 0xf9, 0x0, 0x0, 0x0,
    0x0, 0x0, 0x0, 0xff, 0xf9, 0x0, 0x0, 0x0,
    0x0, 0x0, 0x0, 0xff, 0xf9, 0x0, 0x0, 0x0,
    0x0, 0x0, 0x0, 0xff, 0xf9, 0x0, 0x0, 0x0,
    0x0, 0x0, 0x0, 0xff, 0xf9, 0x0, 0x0, 0x0,
    0x0, 0x0, 0x0, 0xff, 0xf9, 0x0, 0x0, 0x0,
    0x0, 0x0, 0x0, 0xff, 0xf9, 0x0, 0x0, 0x0,
    0x0, 0x0, 0x0, 0xff, 0xf9, 0x0, 0x0, 0x0,
    0x0, 0x0, 0x0, 0xff, 0xf9, 0x0, 0x0, 0x0,
    0x0, 0x0, 0x0, 0xff, 0xf9, 0x0, 0x0, 0x0,
    0x0, 0x0, 0x0, 0xff, 0xf9, 0x0, 0x0, 0x0,
    0x0, 0x0, 0x0, 0xff, 0xf9, 0x0, 0x0, 0x0,
    0x0, 0x0, 0x0, 0xff, 0xf9, 0x0, 0x0, 0x0,
    0x0, 0x0, 0x0, 0xff, 0xf9, 0x0, 0x0, 0x0,
    0x0, 0x0, 0x0, 0xff, 0xf9, 0x0, 0x0, 0x0,
    0x0, 0x0, 0x0, 0xff, 0xf9, 0x0, 0x0, 0x0,
    0x0, 0x0, 0x0, 0xff, 0xf9, 0x0, 0x0, 0x0,
    0x0, 0x0, 0x0, 0xff, 0xf9, 0x0, 0x0, 0x0,
    0x0, 0x0, 0x0, 0xff, 0xf9, 0x0, 0x0, 0x0,
    0x0, 0x0, 0x0, 0xdf, 0xf7, 0x0, 0x0, 0x0,

    /* U+0055 "U" */
    0x7f, 0xfd, 0x0, 0x0, 0x0, 0x0, 0xcf, 0xf8,
    0x8f, 0xff, 0x0, 0x0, 0x0, 0x0, 0xef, 0xfa,
    0x8f, 0xff, 0x0, 0x0, 0x0, 0x0, 0xef, 0xfa,
    0x8f, 0xff, 0x0, 0x0, 0x0, 0x0, 0xef, 0xfa,
    0x8f, 0xff, 0x0, 0x0, 0x0, 0x0, 0xef, 0xfa,
    0x8f, 0xff, 0x0, 0x0, 0x0, 0x0, 0xef, 0xfa,
    0x8f, 0xff, 0x0, 0x0, 0x0, 0x0, 0xef, 0xfa,
    0x8f, 0xff, 0x0, 0x0, 0x0, 0x0, 0xef, 0xfa,
    0x8f, 0xff, 0x0, 0x0, 0x0, 0x0, 0xef, 0xfa,
    0x8f, 0xff, 0x0, 0x0, 0x0, 0x0, 0xef, 0xfa,
    0x8f, 0xff, 0x0, 0x0, 0x0, 0x0, 0xef, 0xfa,
    0x8f, 0xff, 0x0, 0x0, 0x0, 0x0, 0xef, 0xfa,
    0x8f, 0xff, 0x0, 0x0, 0x0, 0x0, 0xef, 0xfa,
    0x8f, 0xff, 0x0, 0x0, 0x0, 0x0, 0xef, 0xfa,
    0x8f, 0xff, 0x0, 0x0, 0x0, 0x0, 0xef, 0xfa,
    0x8f, 0xff, 0x0, 0x0, 0x0, 0x0, 0xef, 0xfa,
    0x8f, 0xff, 0x0, 0x0, 0x0, 0x0, 0xef, 0xfa,
    0x8f, 0xff, 0x0, 0x0, 0x0, 0x0, 0xef, 0xfa,
    0x7f, 0xff, 0x20, 0x0, 0x0, 0x1, 0xff, 0xf8,
    0x3f, 0xff, 0xc2, 0x0, 0x0, 0x2c, 0xff, 0xf5,
    0xd, 0xff, 0xff, 0xff, 0xff, 0xff, 0xff, 0xd0,
    0x2, 0xef, 0xff, 0xff, 0xff, 0xff, 0xfe, 0x30,
    0x0, 0x18, 0xdf, 0xff, 0xff, 0xfd, 0x81, 0x0,

    /* U+0056 "V" */
    0x3f, 0xff, 0x60, 0x0, 0x0, 0x0, 0x0, 0xef,
    0xfa, 0xf, 0xff, 0xc0, 0x0, 0x0, 0x0, 0x4,
    0xff, 0xf8, 0xb, 0xff, 0xf0, 0x0, 0x0, 0x0,
    0x8, 0xff, 0xf3, 0x7, 0xff, 0xf4, 0x0, 0x0,
    0x0, 0xc, 0xff, 0xf0, 0x3, 0xff, 0xf8, 0x0,
    0x0, 0x0, 0xf, 0xff, 0xb0, 0x0, 0xef, 0xfc,
    0x0, 0x0, 0x0, 0x4f, 0xff, 0x60, 0x0, 0xaf,
    0xff, 0x0, 0x0, 0x0, 0x8f, 0xff, 0x20, 0x0,
    0x5f, 0xff, 0x30, 0x0, 0x0, 0xcf, 0xfd, 0x0,
    0x0, 0x1f, 0xff, 0x70, 0x0, 0x0, 0xff, 0xf9,
    0x0, 0x0, 0xd, 0xff, 0xb0, 0x0, 0x4, 0xff,
    0xf4, 0x0, 0x0, 0x8, 0xff, 0xf0, 0x0, 0x8,
    0xff, 0xf0, 0x0, 0x0, 0x4, 0xff, 0xf3, 0x0,
    0xc, 0xff, 0xb0, 0x0, 0x0, 0x0, 0xff, 0xf7,
    0x0, 0xf, 0xff, 0x70, 0x0, 0x0, 0x0, 0xbf,
    0xfb, 0x0, 0x3f, 0xff, 0x30, 0x0, 0x0, 0x0,
    0x7f, 0xff, 0x0, 0x7f, 0xfe, 0x0, 0x0, 0x0,
    0x0, 0x2f, 0xff, 0x30, 0xbf, 0xfa, 0x0, 0x0,
    0x0, 0x0, 0xe, 0xff, 0x70, 0xff, 0xf5, 0x0,
    0x0, 0x0, 0x0, 0x9, 0xff, 0xb3, 0xff, 0xf1,
    0x0, 0x0, 0x0, 0x0, 0x5, 0xff, 0xf8, 0xff,
    0xc0, 0x0, 0x0, 0x0, 0x0, 0x1, 0xff, 0xff,
    0xff, 0x80, 0x0, 0x0, 0x0, 0x0, 0x0, 0xcf,
    0xff, 0xff, 0x40, 0x0, 0x0, 0x0, 0x0, 0x0,
    0x8f, 0xff, 0xff, 0x0, 0x0, 0x0, 0x0, 0x0,
    0x0, 0x3f, 0xff, 0xfa, 0x0, 0x0, 0x0,

    /* U+0057 "W" */
    0x2f, 0xff, 0xc0, 0x0, 0x0, 0x0, 0xbf, 0xff,
    0x80, 0x0, 0x0, 0x0, 0xdf, 0xff, 0x1, 0xff,
    0xff, 0x0, 0x0, 0x0, 0xf, 0xff, 0xfd, 0x0,
    0x0, 0x0, 0x1f, 0xff, 0xe0, 0xe, 0xff, 0xf2,
    0x0, 0x0, 0x3, 0xff, 0xff, 0xf0, 0x0, 0x0,
    0x4, 0xff, 0xfb, 0x0, 0xaf, 0xff, 0x40, 0x0,
    0x0, 0x7f, 0xff, 0xff, 0x40, 0x0, 0x0, 0x6f,
    0xff, 0x80, 0x7, 0xff, 0xf7, 0x0, 0x0, 0xa,
    0xff, 0xcf, 0xf7, 0x0, 0x0, 0x9, 0xff, 0xf5,
    0x0, 0x4f, 0xff, 0x90, 0x0, 0x0, 0xef, 0xf4,
    0xff, 0xb0, 0x0, 0x0, 0xbf, 0xff, 0x20, 0x1,
    0xff, 0xfc, 0x0, 0x0, 0x1f, 0xfd, 0xf, 0xff,
    0x0, 0x0, 0xe, 0xff, 0xf0, 0x0, 0xe, 0xff,
    0xe0, 0x0, 0x5, 0xff, 0xa0, 0xcf, 0xf2, 0x0,
    0x0, 0xff, 0xfc, 0x0, 0x0, 0xbf, 0xff, 0x10,
    0x0, 0x9f, 0xf6, 0x8, 0xff, 0x60, 0x0, 0x3f,
    0xff, 0x80, 0x0, 0x7, 0xff, 0xf3, 0x0, 0xc,
    0xff, 0x30, 0x5f, 0xfa, 0x0, 0x5, 0xff, 0xf5,
    0x0, 0x0, 0x4f, 0xff, 0x60, 0x0, 0xff, 0xf0,
    0x1, 0xff, 0xd0, 0x0, 0x8f, 0xff, 0x20, 0x0,
    0x1, 0xff, 0xf8, 0x0, 0x3f, 0xfb, 0x0, 0xd,
    0xff, 0x10, 0xa, 0xff, 0xf0, 0x0, 0x0, 0xe,
    0xff, 0xb0, 0x7, 0xff, 0x80, 0x0, 0xaf, 0xf5,
    0x0, 0xdf, 0xfc, 0x0, 0x0, 0x0, 0xbf, 0xfd,
    0x0, 0xbf, 0xf4, 0x0, 0x6, 0xff, 0x80, 0xf,
    0xff, 0x90, 0x0, 0x0, 0x8, 0xff, 0xf0, 0xe,
    0xff, 0x10, 0x0, 0x3f, 0xfc, 0x2, 0xff, 0xf6,
    0x0, 0x0, 0x0, 0x5f, 0xff, 0x22, 0xff, 0xd0,
    0x0, 0x0, 0xff, 0xf0, 0x4f, 0xff, 0x20, 0x0,
    0x0, 0x1, 0xff, 0xf5, 0x6f, 0xf9, 0x0, 0x0,
    0xb, 0xff, 0x37, 0xff, 0xf0, 0x0, 0x0, 0x0,
    0xe, 0xff, 0x79, 0xff, 0x60, 0x0, 0x0, 0x8f,
    0xf7, 0x9f, 0xfc, 0x0, 0x0, 0x0, 0x0, 0xbf,
    0xfa, 0xdf, 0xf2, 0x0, 0x0, 0x4, 0xff, 0xac,
    0xff, 0x90, 0x0, 0x0, 0x0, 0x8, 0xff, 0xef,
    0xff, 0x0, 0x0, 0x0, 0x1f, 0xff, 0xff, 0xf6,
    0x0, 0x0, 0x0, 0x0, 0x5f, 0xff, 0xff, 0xb0,
    0x0, 0x0, 0x0, 0xdf, 0xff, 0xff, 0x30, 0x0,
    0x0, 0x0, 0x2, 0xff, 0xff, 0xf7, 0x0, 0x0,
    0x0, 0x9, 0xff, 0xff, 0xf0, 0x0, 0x0, 0x0,
    0x0, 0xd, 0xff, 0xff, 0x30, 0x0, 0x0, 0x0,
    0x5f, 0xff, 0xfb, 0x0, 0x0, 0x0,

    /* U+0058 "X" */
    0xa, 0xff, 0xe2, 0x0, 0x0, 0x0, 0x3, 0xff,
    0xfa, 0x0, 0x3f, 0xff, 0xb0, 0x0, 0x0, 0x0,
    0xcf, 0xff, 0x40, 0x0, 0xbf, 0xff, 0x30, 0x0,
    0x0, 0x4f, 0xff, 0xb0, 0x0, 0x2, 0xff, 0xfb,
    0x0, 0x0, 0xc, 0xff, 0xf2, 0x0, 0x0, 0x9,
    0xff, 0xf3, 0x0, 0x4, 0xff, 0xf9, 0x0, 0x0,
    0x0, 0x1f, 0xff, 0xb0, 0x0, 0xcf, 0xff, 0x10,
    0x0, 0x0, 0x0, 0x8f, 0xff, 0x30, 0x4f, 0xff,
    0x70, 0x0, 0x0, 0x0, 0x0, 0xef, 0xfb, 0xc,
    0xff, 0xe0, 0x0, 0x0, 0x0, 0x0, 0x6, 0xff,
    0xf7, 0xff, 0xf6, 0x0, 0x0, 0x0, 0x0, 0x0,
    0xd, 0xff, 0xff, 0xfd, 0x0, 0x0, 0x0, 0x0,
    0x0, 0x0, 0x5f, 0xff, 0xff, 0x40, 0x0, 0x0,
    0x0, 0x0, 0x0, 0x3, 0xff, 0xff, 0xf2, 0x0,
    0x0, 0x0, 0x0, 0x0, 0x0, 0xcf, 0xff, 0xff,
    0xb0, 0x0, 0x0, 0x0, 0x0, 0x0, 0x4f, 0xff,
    0xef, 0xff, 0x30, 0x0, 0x0, 0x0, 0x0, 0xc,
    0xff, 0xe2, 0xff, 0xfc, 0x0, 0x0, 0x0, 0x0,
    0x5, 0xff, 0xf7, 0x8, 0xff, 0xf4, 0x0, 0x0,
    0x0, 0x0, 0xdf, 0xfe, 0x0, 0x1f, 0xff, 0xc0,
    0x0, 0x0, 0x0, 0x6f, 0xff, 0x70, 0x0, 0x8f,
    0xff, 0x50, 0x0, 0x0, 0xe, 0xff, 0xe0, 0x0,
    0x1, 0xff, 0xfd, 0x0, 0x0, 0x7, 0xff, 0xf7,
    0x0, 0x0, 0x8, 0xff, 0xf6, 0x0, 0x0, 0xef,
    0xfe, 0x0, 0x0, 0x0, 0x1f, 0xff, 0xe0, 0x0,
    0x8f, 0xff, 0x70, 0x0, 0x0, 0x0, 0x8f, 0xff,
    0x70, 0xe, 0xff, 0xd0, 0x0, 0x0, 0x0, 0x1,
    0xdf, 0xfd, 0x0,

    /* U+0059 "Y" */
    0x4f, 0xff, 0x80, 0x0, 0x0, 0x0, 0x4, 0xff,
    0xf9, 0xe, 0xff, 0xf1, 0x0, 0x0, 0x0, 0xc,
    0xff, 0xf3, 0x7, 0xff, 0xf7, 0x0, 0x0, 0x0,
    0x3f, 0xff, 0xb0, 0x0, 0xef, 0xfe, 0x0, 0x0,
    0x0, 0xaf, 0xff, 0x30, 0x0, 0x7f, 0xff, 0x60,
    0x0, 0x1, 0xff, 0xfc, 0x0, 0x0, 0xf, 0xff,
    0xd0, 0x0, 0x8, 0xff, 0xf4, 0x0, 0x0, 0x8,
    0xff, 0xf4, 0x0, 0xe, 0xff, 0xc0, 0x0, 0x0,
    0x1, 0xff, 0xfc, 0x0, 0x6f, 0xff, 0x40, 0x0,
    0x0, 0x0, 0x8f, 0xff, 0x30, 0xdf, 0xfc, 0x0,
    0x0, 0x0, 0x0, 0x1f, 0xff, 0xa4, 0xff, 0xf5,
    0x0, 0x0, 0x0, 0x0, 0x9, 0xff, 0xfd, 0xff,
    0xd0, 0x0, 0x0, 0x0, 0x0, 0x1, 0xff, 0xff,
    0xff, 0x50, 0x0, 0x0, 0x0, 0x0, 0x0, 0x9f,
    0xff, 0xfd, 0x0, 0x0, 0x0, 0x0, 0x0, 0x0,
    0x1f, 0xff, 0xf6, 0x0, 0x0, 0x0, 0x0, 0x0,
    0x0, 0xa, 0xff, 0xf0, 0x0, 0x0, 0x0, 0x0,
    0x0, 0x0, 0xa, 0xff, 0xe0, 0x0, 0x0, 0x0,
    0x0, 0x0, 0x0, 0xa, 0xff, 0xe0, 0x0, 0x0,
    0x0, 0x0, 0x0, 0x0, 0xa, 0xff, 0xe0, 0x0,
    0x0, 0x0, 0x0, 0x0, 0x0, 0xa, 0xff, 0xe0,
    0x0, 0x0, 0x0, 0x0, 0x0, 0x0, 0xa, 0xff,
    0xe0, 0x0, 0x0, 0x0, 0x0, 0x0, 0x0, 0xa,
    0xff, 0xe0, 0x0, 0x0, 0x0, 0x0, 0x0, 0x0,
    0xa, 0xff, 0xe0, 0x0, 0x0, 0x0, 0x0, 0x0,
    0x0, 0x8, 0xff, 0xd0, 0x0, 0x0, 0x0,

    /* U+005A "Z" */
    0xb, 0xff, 0xff, 0xff, 0xff, 0xff, 0xff, 0xf2,
    0xc, 0xff, 0xff, 0xff, 0xff, 0xff, 0xff, 0xf3,
    0xc, 0xff, 0xff, 0xff, 0xff, 0xff, 0xff, 0xf3,
    0x2, 0x44, 0x44, 0x44, 0x44, 0x4e, 0xff, 0xf1,
    0x0, 0x0, 0x0, 0x0, 0x0, 0x6f, 0xff, 0xb0,
    0x0, 0x0, 0x0, 0x0, 0x1, 0xff, 0xff, 0x10,
    0x0, 0x0, 0x0, 0x0, 0xb, 0xff, 0xf6, 0x0,
    0x0, 0x0, 0x0, 0x0, 0x5f, 0xff, 0xc0, 0x0,
    0x0, 0x0, 0x0, 0x1, 0xef, 0xff, 0x20, 0x0,
    0x0, 0x0, 0x0, 0xa, 0xff, 0xf7, 0x0, 0x0,
    0x0, 0x0, 0x0, 0x4f, 0xff, 0xc0, 0x0, 0x0,
    0x0, 0x0, 0x0, 0xef, 0xff, 0x20, 0x0, 0x0,
    0x0, 0x0, 0x9, 0xff, 0xf8, 0x0, 0x0, 0x0,
    0x0, 0x0, 0x3f, 0xff, 0xd0, 0x0, 0x0, 0x0,
    0x0, 0x0, 0xdf, 0xff, 0x30, 0x0, 0x0, 0x0,
    0x0, 0x8, 0xff, 0xf8, 0x0, 0x0, 0x0, 0x0,
    0x0, 0x2f, 0xff, 0xd0, 0x0, 0x0, 0x0, 0x0,
    0x0, 0xcf, 0xff, 0x30, 0x0, 0x0, 0x0, 0x0,
    0x7, 0xff, 0xf9, 0x0, 0x0, 0x0, 0x0, 0x0,
    0x1f, 0xff, 0xf5, 0x44, 0x44, 0x44, 0x44, 0x41,
    0x5f, 0xff, 0xff, 0xff, 0xff, 0xff, 0xff, 0xf8,
    0x5f, 0xff, 0xff, 0xff, 0xff, 0xff, 0xff, 0xf9,
    0x4f, 0xff, 0xff, 0xff, 0xff, 0xff, 0xff, 0xf7,

    /* U+005B "[" */
    0x5f, 0xff, 0xff, 0xb6, 0xff, 0xff, 0xfc, 0x6f,
    0xfb, 0x66, 0x36, 0xff, 0x70, 0x0, 0x6f, 0xf7,
    0x0, 0x6, 0xff, 0x70, 0x0, 0x6f, 0xf7, 0x0,
    0x6, 0xff, 0x70, 0x0, 0x6f, 0xf7, 0x0, 0x6,
    0xff, 0x70, 0x0, 0x6f, 0xf7, 0x0, 0x6, 0xff,
    0x70, 0x0, 0x6f, 0xf7, 0x0, 0x6, 0xff, 0x70,
    0x0, 0x6f, 0xf7, 0x0, 0x6, 0xff, 0x70, 0x0,
    0x6f, 0xf7, 0x0, 0x6, 0xff, 0x70, 0x0, 0x6f,
    0xf7, 0x0, 0x6, 0xff, 0x70, 0x0, 0x6f, 0xf7,
    0x0, 0x6, 0xff, 0x70, 0x0, 0x6f, 0xf7, 0x0,
    0x6, 0xff, 0xb6, 0x63, 0x6f, 0xff, 0xff, 0xc5,
    0xff, 0xff, 0xfb,

    /* U+005C "\\" */
    0x6f, 0xfc, 0x0, 0x0, 0x0, 0x0, 0x2, 0xff,
    0xf4, 0x0, 0x0, 0x0, 0x0, 0xc, 0xff, 0xa0,
    0x0, 0x0, 0x0, 0x0, 0x6f, 0xff, 0x0, 0x0,
    0x0, 0x0, 0x0, 0xff, 0xf6, 0x0, 0x0, 0x0,
    0x0, 0xa, 0xff, 0xc0, 0x0, 0x0, 0x0, 0x0,
    0x4f, 0xff, 0x20, 0x0, 0x0, 0x0, 0x0, 0xef,
    0xf8, 0x0, 0x0, 0x0, 0x0, 0x8, 0xff, 0xd0,
    0x0, 0x0, 0x0, 0x0, 0x2f, 0xff, 0x30, 0x0,
    0x0, 0x0, 0x0, 0xcf, 0xf9, 0x0, 0x0, 0x0,
    0x0, 0x6, 0xff, 0xf0, 0x0, 0x0, 0x0, 0x0,
    0x1f, 0xff, 0x50, 0x0, 0x0, 0x0, 0x0, 0xaf,
    0xfb, 0x0, 0x0, 0x0, 0x0, 0x4, 0xff, 0xf1,
    0x0, 0x0, 0x0, 0x0, 0xe, 0xff, 0x70, 0x0,
    0x0, 0x0, 0x0, 0x8f, 0xfd, 0x0, 0x0, 0x0,
    0x0, 0x2, 0xff, 0xf3, 0x0, 0x0, 0x0, 0x0,
    0xc, 0xff, 0x90, 0x0, 0x0, 0x0, 0x0, 0x6f,
    0xfe, 0x0, 0x0, 0x0, 0x0, 0x1, 0xff, 0xf5,
    0x0, 0x0, 0x0, 0x0, 0xa, 0xff, 0xb0, 0x0,
    0x0, 0x0, 0x0, 0x3f, 0xff, 0x0,

    /* U+005D "]" */
    0xcf, 0xff, 0xff, 0x4d, 0xff, 0xff, 0xf6, 0x36,
    0x6b, 0xff, 0x60, 0x0, 0x7f, 0xf6, 0x0, 0x7,
    0xff, 0x60, 0x0, 0x7f, 0xf6, 0x0, 0x7, 0xff,
    0x60, 0x0, 0x7f, 0xf6, 0x0, 0x7, 0xff, 0x60,
    0x0, 0x7f, 0xf6, 0x0, 0x7, 0xff, 0x60, 0x0,
    0x7f, 0xf6, 0x0, 0x7, 0xff, 0x60, 0x0, 0x7f,
    0xf6, 0x0, 0x7, 0xff, 0x60, 0x0, 0x7f, 0xf6,
    0x0, 0x7, 0xff, 0x60, 0x0, 0x7f, 0xf6, 0x0,
    0x7, 0xff, 0x60, 0x0, 0x7f, 0xf6, 0x0, 0x7,
    0xff, 0x60, 0x0, 0x7f, 0xf6, 0x0, 0x7, 0xff,
    0x64, 0x66, 0xbf, 0xf6, 0xdf, 0xff, 0xff, 0x6c,
    0xff, 0xff, 0xf4,

    /* U+005E "^" */
    0x0, 0x0, 0x6, 0xff, 0xfe, 0x30, 0x0, 0x0,
    0x0, 0x0, 0x1f, 0xff, 0xff, 0xc0, 0x0, 0x0,
    0x0, 0x0, 0x8f, 0xfc, 0xef, 0xf4, 0x0, 0x0,
    0x0, 0x1, 0xff, 0xf3, 0x7f, 0xfd, 0x0, 0x0,
    0x0, 0x9, 0xff, 0xa0, 0xe, 0xff, 0x50, 0x0,
    0x0, 0x2f, 0xff, 0x20, 0x7, 0xff, 0xd0, 0x0,
    0x0, 0xaf, 0xfa, 0x0, 0x0, 0xef, 0xf6, 0x0,
    0x3, 0xff, 0xf2, 0x0, 0x0, 0x6f, 0xfe, 0x0,
    0xb, 0xff, 0x90, 0x0, 0x0, 0xd, 0xff, 0x70,
    0x2f, 0xfe, 0x10, 0x0, 0x0, 0x4, 0xff, 0xe0,

    /* U+005F "_" */
    0xef, 0xff, 0xff, 0xff, 0xff, 0xff, 0xf4, 0xef,
    0xff, 0xff, 0xff, 0xff, 0xff, 0xf4,

    /* U+0060 "`" */
    0x78, 0x87, 0x0, 0x6, 0xff, 0xf8, 0x0, 0x8,
    0xff, 0xf1, 0x0, 0xa, 0xff, 0x90, 0x0, 0xb,
    0xff, 0x10,

    /* U+0061 "a" */
    0x0, 0x5, 0xbe, 0xff, 0xff, 0xff, 0xff, 0xf2,
    0x0, 0xaf, 0xff, 0xff, 0xff, 0xff, 0xff, 0xf3,
    0x6, 0xff, 0xff, 0xff, 0xff, 0xff, 0xff, 0xf3,
    0xd, 0xff, 0xf6, 0x10, 0x0, 0x5, 0xff, 0xf3,
    0xf, 0xff, 0x90, 0x0, 0x0, 0x5, 0xff, 0xf3,
    0x1f, 0xff, 0x60, 0x0, 0x0, 0x5, 0xff, 0xf3,
    0x1f, 0xff, 0x60, 0x0, 0x0, 0x5, 0xff, 0xf3,
    0x1f, 0xff, 0x60, 0x0, 0x0, 0x5, 0xff, 0xf3,
    0x1f, 0xff, 0x60, 0x0, 0x0, 0x5, 0xff, 0xf3,
    0x1f, 0xff, 0x60, 0x0, 0x0, 0x5, 0xff, 0xf3,
    0x1f, 0xff, 0x60, 0x0, 0x0, 0x5, 0xff, 0xf3,
    0x1f, 0xff, 0x60, 0x0, 0x0, 0x5, 0xff, 0xf3,
    0x1f, 0xff, 0x60, 0x0, 0x0, 0x6, 0xff, 0xf3,
    0xf, 0xff, 0x90, 0x0, 0x0, 0xa, 0xff, 0xf3,
    0xc, 0xff, 0xf6, 0x10, 0x1, 0x7f, 0xff, 0xf3,
    0x6, 0xff, 0xff, 0xff, 0xff, 0xff, 0xff, 0xf3,
    0x0, 0xaf, 0xff, 0xff, 0xff, 0xf9, 0xff, 0xf3,
    0x0, 0x5, 0xbe, 0xff, 0xfc, 0x44, 0xff, 0xf2,

    /* U+0062 "b" */
    0xaf, 0xfa, 0x0, 0x0, 0x0, 0x0, 0x0, 0xb,
    0xff, 0xc0, 0x0, 0x0, 0x0, 0x0, 0x0, 0xbf,
    0xfc, 0x0, 0x0, 0x0, 0x0, 0x0, 0xb, 0xff,
    0xc0, 0x0, 0x0, 0x0, 0x0, 0x0, 0xbf, 0xfc,
    0x0, 0x0, 0x0, 0x0, 0x0, 0xb, 0xff, 0xc0,
    0x0, 0x0, 0x0, 0x0, 0x0, 0xbf, 0xfc, 0x0,
    0x0, 0x0, 0x0, 0x0, 0xb, 0xff, 0xc1, 0x9e,
    0xff, 0xfd, 0x92, 0x0, 0xbf, 0xfc, 0xcf, 0xff,
    0xff, 0xff, 0xf4, 0xb, 0xff, 0xff, 0xff, 0xff,
    0xff, 0xff, 0xf1, 0xbf, 0xff, 0xc3, 0x0, 0x2,
    0xaf, 0xff, 0x7b, 0xff, 0xf1, 0x0, 0x0, 0x0,
    0xff, 0xfa, 0xbf, 0xfd, 0x0, 0x0, 0x0, 0xc,
    0xff, 0xbb, 0xff, 0xc0, 0x0, 0x0, 0x0, 0xcf,
    0xfb, 0xbf, 0xfc, 0x0, 0x0, 0x0, 0xc, 0xff,
    0xbb, 0xff, 0xc0, 0x0, 0x0, 0x0, 0xcf, 0xfb,
    0xbf, 0xfc, 0x0, 0x0, 0x0, 0xc, 0xff, 0xbb,
    0xff, 0xc0, 0x0, 0x0, 0x0, 0xcf, 0xfb, 0xbf,
    0xfc, 0x0, 0x0, 0x0, 0xc, 0xff, 0xbb, 0xff,
    0xc0, 0x0, 0x0, 0x0, 0xcf, 0xfb, 0xbf, 0xfc,
    0x0, 0x0, 0x0, 0xf, 0xff, 0xab, 0xff, 0xc0,
    0x0, 0x0, 0x2a, 0xff, 0xf7, 0xbf, 0xff, 0xff,
    0xff, 0xff, 0xff, 0xff, 0x1b, 0xff, 0xff, 0xff,
    0xff, 0xff, 0xff, 0x40, 0xaf, 0xff, 0xff, 0xff,
    0xff, 0xd9, 0x20, 0x0,

    /* U+0063 "c" */
    0x0, 0x5, 0xbe, 0xff, 0xff, 0xff, 0x50, 0xa,
    0xff, 0xff, 0xff, 0xff, 0xf6, 0x6, 0xff, 0xff,
    0xff, 0xff, 0xff, 0x50, 0xdf, 0xff, 0x61, 0x0,
    0x0, 0x0, 0xf, 0xff, 0x90, 0x0, 0x0, 0x0,
    0x1, 0xff, 0xf6, 0x0, 0x0, 0x0, 0x0, 0x1f,
    0xff, 0x60, 0x0, 0x0, 0x0, 0x1, 0xff, 0xf6,
    0x0, 0x0, 0x0, 0x0, 0x1f, 0xff, 0x60, 0x0,
    0x0, 0x0, 0x1, 0xff, 0xf6, 0x0, 0x0, 0x0,
    0x0, 0x1f, 0xff, 0x60, 0x0, 0x0, 0x0, 0x1,
    0xff, 0xf6, 0x0, 0x0, 0x0, 0x0, 0x1f, 0xff,
    0x60, 0x0, 0x0, 0x0, 0x0, 0xff, 0xf9, 0x0,
    0x0, 0x0, 0x0, 0xc, 0xff, 0xf6, 0x10, 0x0,
    0x0, 0x0, 0x6f, 0xff, 0xff, 0xff, 0xff, 0xf5,
    0x0, 0xaf, 0xff, 0xff, 0xff, 0xff, 0x60, 0x0,
    0x5b, 0xef, 0xff, 0xff, 0xf5,

    /* U+0064 "d" */
    0x0, 0x0, 0x0, 0x0, 0x0, 0x1, 0xff, 0xf4,
    0x0, 0x0, 0x0, 0x0, 0x0, 0x2, 0xff, 0xf6,
    0x0, 0x0, 0x0, 0x0, 0x0, 0x2, 0xff, 0xf6,
    0x0, 0x0, 0x0, 0x0, 0x0, 0x2, 0xff, 0xf6,
    0x0, 0x0, 0x0, 0x0, 0x0, 0x2, 0xff, 0xf6,
    0x0, 0x0, 0x0, 0x0, 0x0, 0x2, 0xff, 0xf6,
    0x0, 0x0, 0x0, 0x0, 0x0, 0x2, 0xff, 0xf6,
    0x0, 0x6, 0xcf, 0xff, 0xfd, 0x62, 0xff, 0xf6,
    0x0, 0xbf, 0xff, 0xff, 0xff, 0xf9, 0xff, 0xf6,
    0x7, 0xff, 0xff, 0xff, 0xff, 0xff, 0xff, 0xf6,
    0xd, 0xff, 0xf6, 0x10, 0x1, 0x6f, 0xff, 0xf6,
    0xf, 0xff, 0x90, 0x0, 0x0, 0x7, 0xff, 0xf6,
    0x1f, 0xff, 0x60, 0x0, 0x0, 0x3, 0xff, 0xf6,
    0x1f, 0xff, 0x60, 0x0, 0x0, 0x2, 0xff, 0xf6,
    0x1f, 0xff, 0x60, 0x0, 0x0, 0x2, 0xff, 0xf6,
    0x1f, 0xff, 0x60, 0x0, 0x0, 0x2, 0xff, 0xf6,
    0x1f, 0xff, 0x60, 0x0, 0x0, 0x2, 0xff, 0xf6,
    0x1f, 0xff, 0x60, 0x0, 0x0, 0x2, 0xff, 0xf6,
    0x1f, 0xff, 0x60, 0x0, 0x0, 0x2, 0xff, 0xf6,
    0x1f, 0xff, 0x60, 0x0, 0x0, 0x3, 0xff, 0xf6,
    0xf, 0xff, 0x90, 0x0, 0x0, 0x7, 0xff, 0xf6,
    0xd, 0xff, 0xf6, 0x10, 0x1, 0x6f, 0xff, 0xf6,
    0x7, 0xff, 0xff, 0xff, 0xff, 0xff, 0xff, 0xf6,
    0x0, 0xbf, 0xff, 0xff, 0xff, 0xf9, 0xff, 0xf6,
    0x0, 0x6, 0xcf, 0xff, 0xfd, 0x61, 0xff, 0xf4,

    /* U+0065 "e" */
    0x0, 0x5, 0xbe, 0xff, 0xff, 0xeb, 0x50, 0x0,
    0x0, 0xaf, 0xff, 0xff, 0xff, 0xff, 0xf9, 0x0,
    0x6, 0xff, 0xff, 0xff, 0xff, 0xff, 0xff, 0x60,
    0xd, 0xff, 0xf5, 0x0, 0x1, 0x5f, 0xff, 0xc0,
    0xf, 0xff, 0x90, 0x0, 0x0, 0x9, 0xff, 0xf0,
    0x1f, 0xff, 0x60, 0x0, 0x0, 0x7, 0xff, 0xf0,
    0x1f, 0xff, 0x60, 0x0, 0x0, 0x7, 0xff, 0xf1,
    0x1f, 0xff, 0x60, 0x0, 0x0, 0x7, 0xff, 0xf1,
    0x1f, 0xff, 0xff, 0xff, 0xff, 0xff, 0xff, 0xf1,
    0x1f, 0xff, 0xff, 0xff, 0xff, 0xff, 0xff, 0xf0,
    0x1f, 0xff, 0xa6, 0x66, 0x66, 0x66, 0x66, 0x50,
    0x1f, 0xff, 0x50, 0x0, 0x0, 0x0, 0x0, 0x0,
    0x1f, 0xff, 0x60, 0x0, 0x0, 0x0, 0x0, 0x0,
    0xf, 0xff, 0x90, 0x0, 0x0, 0x0, 0x0, 0x0,
    0xc, 0xff, 0xf5, 0x0, 0x0, 0x0, 0x0, 0x0,
    0x6, 0xff, 0xff, 0xff, 0xff, 0xff, 0xff, 0xc0,
    0x0, 0xaf, 0xff, 0xff, 0xff, 0xff, 0xff, 0xe0,
    0x0, 0x5, 0xbe, 0xff, 0xff, 0xff, 0xff, 0xd0,

    /* U+0066 "f" */
    0x0, 0x0, 0x6, 0xcf, 0xff, 0x60, 0x0, 0xb,
    0xff, 0xff, 0xf7, 0x0, 0x6, 0xff, 0xff, 0xff,
    0x60, 0x0, 0xcf, 0xff, 0x50, 0x0, 0x0, 0xf,
    0xff, 0x90, 0x0, 0x0, 0x1, 0xff, 0xf7, 0x0,
    0x0, 0x0, 0x1f, 0xff, 0x70, 0x0, 0xe, 0xff,
    0xff, 0xff, 0xff, 0xf6, 0xff, 0xff, 0xff, 0xff,
    0xff, 0x7e, 0xff, 0xff, 0xff, 0xff, 0xf6, 0x0,
    0x1f, 0xff, 0x70, 0x0, 0x0, 0x1, 0xff, 0xf7,
    0x0, 0x0, 0x0, 0x1f, 0xff, 0x70, 0x0, 0x0,
    0x1, 0xff, 0xf7, 0x0, 0x0, 0x0, 0x1f, 0xff,
    0x70, 0x0, 0x0, 0x1, 0xff, 0xf7, 0x0, 0x0,
    0x0, 0x1f, 0xff, 0x70, 0x0, 0x0, 0x1, 0xff,
    0xf7, 0x0, 0x0, 0x0, 0x1f, 0xff, 0x70, 0x0,
    0x0, 0x1, 0xff, 0xf7, 0x0, 0x0, 0x0, 0x1f,
    0xff, 0x70, 0x0, 0x0, 0x1, 0xff, 0xf7, 0x0,
    0x0, 0x0, 0x1f, 0xff, 0x70, 0x0, 0x0, 0x1,
    0xff, 0xf7, 0x0, 0x0, 0x0, 0xf, 0xff, 0x50,
    0x0, 0x0,

    /* U+0067 "g" */
    0x0, 0x4, 0xbe, 0xff, 0xff, 0xff, 0xff, 0xf3,
    0x0, 0x9f, 0xff, 0xff, 0xff, 0xff, 0xff, 0xf4,
    0x5, 0xff, 0xff, 0xff, 0xff, 0xff, 0xff, 0xf4,
    0xb, 0xff, 0xf7, 0x10, 0x0, 0x4, 0xff, 0xf4,
    0xf, 0xff, 0xb0, 0x0, 0x0, 0x4, 0xff, 0xf4,
    0xf, 0xff, 0x80, 0x0, 0x0, 0x4, 0xff, 0xf4,
    0xf, 0xff, 0x80, 0x0, 0x0, 0x4, 0xff, 0xf4,
    0xf, 0xff, 0x80, 0x0, 0x0, 0x4, 0xff, 0xf4,
    0xf, 0xff, 0x80, 0x0, 0x0, 0x4, 0xff, 0xf4,
    0xf, 0xff, 0x80, 0x0, 0x0, 0x4, 0xff, 0xf4,
    0xf, 0xff, 0x80, 0x0, 0x0, 0x4, 0xff, 0xf4,
    0xf, 0xff, 0x80, 0x0, 0x0, 0x5, 0xff, 0xf4,
    0xf, 0xff, 0xb0, 0x0, 0x0, 0x9, 0xff, 0xf4,
    0xc, 0xff, 0xf7, 0x20, 0x2, 0x7f, 0xff, 0xf4,
    0x5, 0xff, 0xff, 0xff, 0xff, 0xff, 0xff, 0xf4,
    0x0, 0xaf, 0xff, 0xff, 0xff, 0xf9, 0xff, 0xf4,
    0x0, 0x6, 0xcf, 0xff, 0xfc, 0x54, 0xff, 0xf4,
    0x0, 0x0, 0x0, 0x0, 0x0, 0x4, 0xff, 0xf4,
    0x0, 0x0, 0x0, 0x0, 0x0, 0x6, 0xff, 0xf3,
    0x0, 0x0, 0x0, 0x0, 0x0, 0x4e, 0xff, 0xf0,
    0x0, 0xaf, 0xff, 0xff, 0xff, 0xff, 0xff, 0x90,
    0x0, 0xbf, 0xff, 0xff, 0xff, 0xff, 0xfc, 0x0,
    0x0, 0xaf, 0xff, 0xff, 0xff, 0xfc, 0x60, 0x0,

    /* U+0068 "h" */
    0xaf, 0xfa, 0x0, 0x0, 0x0, 0x0, 0x0, 0xb,
    0xff, 0xc0, 0x0, 0x0, 0x0, 0x0, 0x0, 0xbf,
    0xfc, 0x0, 0x0, 0x0, 0x0, 0x0, 0xb, 0xff,
    0xc0, 0x0, 0x0, 0x0, 0x0, 0x0, 0xbf, 0xfc,
    0x0, 0x0, 0x0, 0x0, 0x0, 0xb, 0xff, 0xc0,
    0x0, 0x0, 0x0, 0x0, 0x0, 0xbf, 0xfc, 0x0,
    0x0, 0x0, 0x0, 0x0, 0xb, 0xff, 0xc1, 0x9e,
    0xff, 0xfd, 0x92, 0x0, 0xbf, 0xfc, 0xdf, 0xff,
    0xff, 0xff, 0xf3, 0xb, 0xff, 0xff, 0xff, 0xff,
    0xff, 0xff, 0xe0, 0xbf, 0xff, 0xc3, 0x0, 0x3,
    0xcf, 0xff, 0x4b, 0xff, 0xf1, 0x0, 0x0, 0x2,
    0xff, 0xf7, 0xbf, 0xfd, 0x0, 0x0, 0x0, 0xf,
    0xff, 0x8b, 0xff, 0xc0, 0x0, 0x0, 0x0, 0xff,
    0xf9, 0xbf, 0xfc, 0x0, 0x0, 0x0, 0xf, 0xff,
    0x9b, 0xff, 0xc0, 0x0, 0x0, 0x0, 0xff, 0xf9,
    0xbf, 0xfc, 0x0, 0x0, 0x0, 0xf, 0xff, 0x9b,
    0xff, 0xc0, 0x0, 0x0, 0x0, 0xff, 0xf9, 0xbf,
    0xfc, 0x0, 0x0, 0x0, 0xf, 0xff, 0x9b, 0xff,
    0xc0, 0x0, 0x0, 0x0, 0xff, 0xf9, 0xbf, 0xfc,
    0x0, 0x0, 0x0, 0xf, 0xff, 0x9b, 0xff, 0xc0,
    0x0, 0x0, 0x0, 0xff, 0xf9, 0xbf, 0xfc, 0x0,
    0x0, 0x0, 0xf, 0xff, 0x9b, 0xff, 0xc0, 0x0,
    0x0, 0x0, 0xff, 0xf9, 0xaf, 0xfa, 0x0, 0x0,
    0x0, 0xe, 0xff, 0x70,

    /* U+0069 "i" */
    0x7f, 0xfd, 0x8f, 0xff, 0x8f, 0xff, 0x8f, 0xfe,
    0x25, 0x64, 0x0, 0x0, 0x0, 0x0, 0x7f, 0xfd,
    0x8f, 0xff, 0x8f, 0xff, 0x8f, 0xff, 0x8f, 0xff,
    0x8f, 0xff, 0x8f, 0xff, 0x8f, 0xff, 0x8f, 0xff,
    0x8f, 0xff, 0x8f, 0xff, 0x8f, 0xff, 0x8f, 0xff,
    0x8f, 0xff, 0x8f, 0xff, 0x8f, 0xff, 0x8f, 0xff,
    0x7f, 0xfd,

    /* U+006A "j" */
    0x0, 0x0, 0x7, 0xff, 0xd0, 0x0, 0x0, 0x8f,
    0xff, 0x0, 0x0, 0x8, 0xff, 0xf0, 0x0, 0x0,
    0x8f, 0xfe, 0x0, 0x0, 0x2, 0x56, 0x40, 0x0,
    0x0, 0x0, 0x0, 0x0, 0x0, 0x0, 0x0, 0x0,
    0x0, 0x0, 0x7f, 0xfd, 0x0, 0x0, 0x8, 0xff,
    0xf0, 0x0, 0x0, 0x8f, 0xff, 0x0, 0x0, 0x8,
    0xff, 0xf0, 0x0, 0x0, 0x8f, 0xff, 0x0, 0x0,
    0x8, 0xff, 0xf0, 0x0, 0x0, 0x8f, 0xff, 0x0,
    0x0, 0x8, 0xff, 0xf0, 0x0, 0x0, 0x8f, 0xff,
    0x0, 0x0, 0x8, 0xff, 0xf0, 0x0, 0x0, 0x8f,
    0xff, 0x0, 0x0, 0x8, 0xff, 0xf0, 0x0, 0x0,
    0x8f, 0xff, 0x0, 0x0, 0x8, 0xff, 0xf0, 0x0,
    0x0, 0x8f, 0xff, 0x0, 0x0, 0x8, 0xff, 0xf0,
    0x0, 0x0, 0x8f, 0xff, 0x0, 0x0, 0x9, 0xff,
    0xe0, 0x0, 0x0, 0xdf, 0xfd, 0x0, 0x2, 0x9f,
    0xff, 0xa2, 0xff, 0xff, 0xff, 0xf4, 0x3f, 0xff,
    0xff, 0xf7, 0x2, 0xff, 0xfe, 0xa3, 0x0,

    /* U+006B "k" */
    0xaf, 0xfa, 0x0, 0x0, 0x0, 0x0, 0x0, 0xb,
    0xff, 0xc0, 0x0, 0x0, 0x0, 0x0, 0x0, 0xbf,
    0xfc, 0x0, 0x0, 0x0, 0x0, 0x0, 0xb, 0xff,
    0xc0, 0x0, 0x0, 0x0, 0x0, 0x0, 0xbf, 0xfc,
    0x0, 0x0, 0x0, 0x0, 0x0, 0xb, 0xff, 0xc0,
    0x0, 0x0, 0x0, 0x0, 0x0, 0xbf, 0xfc, 0x0,
    0x0, 0x0, 0x0, 0x0, 0xb, 0xff, 0xc0, 0x0,
    0x0, 0x4f, 0xff, 0xa0, 0xbf, 0xfc, 0x0, 0x0,
    0xe, 0xff, 0xf2, 0xb, 0xff, 0xc0, 0x0, 0x8,
    0xff, 0xf8, 0x0, 0xbf, 0xfc, 0x0, 0x2, 0xff,
    0xfd, 0x0, 0xb, 0xff, 0xc0, 0x0, 0xbf, 0xff,
    0x30, 0x0, 0xbf, 0xfc, 0x0, 0x5f, 0xff, 0x90,
    0x0, 0xb, 0xff, 0xc0, 0xe, 0xff, 0xe0, 0x0,
    0x0, 0xbf, 0xfc, 0x9, 0xff, 0xf4, 0x0, 0x0,
    0xb, 0xff, 0xc1, 0xff, 0xfb, 0x0, 0x0, 0x0,
    0xbf, 0xfc, 0xd, 0xff, 0xf1, 0x0, 0x0, 0xb,
    0xff, 0xc0, 0x4f, 0xff, 0xb0, 0x0, 0x0, 0xbf,
    0xfc, 0x0, 0xaf, 0xff, 0x50, 0x0, 0xb, 0xff,
    0xc0, 0x1, 0xef, 0xfe, 0x10, 0x0, 0xbf, 0xfc,
    0x0, 0x6, 0xff, 0xfa, 0x0, 0xb, 0xff, 0xc0,
    0x0, 0xc, 0xff, 0xf4, 0x0, 0xbf, 0xfc, 0x0,
    0x0, 0x2f, 0xff, 0xd0, 0xb, 0xff, 0xc0, 0x0,
    0x0, 0x8f, 0xff, 0x80, 0xaf, 0xfa, 0x0, 0x0,
    0x0, 0xbf, 0xff, 0x10,

    /* U+006C "l" */
    0x7f, 0xfd, 0x8f, 0xff, 0x8f, 0xff, 0x8f, 0xff,
    0x8f, 0xff, 0x8f, 0xff, 0x8f, 0xff, 0x8f, 0xff,
    0x8f, 0xff, 0x8f, 0xff, 0x8f, 0xff, 0x8f, 0xff,
    0x8f, 0xff, 0x8f, 0xff, 0x8f, 0xff, 0x8f, 0xff,
    0x8f, 0xff, 0x8f, 0xff, 0x8f, 0xff, 0x8f, 0xff,
    0x8f, 0xff, 0x8f, 0xff, 0x8f, 0xff, 0x8f, 0xff,
    0x7f, 0xfd,

    /* U+006D "m" */
    0xaf, 0xfa, 0x8, 0xdf, 0xff, 0xc6, 0x0, 0x8,
    0xdf, 0xff, 0xc7, 0x0, 0xb, 0xff, 0xcc, 0xff,
    0xff, 0xff, 0xfb, 0x1e, 0xff, 0xff, 0xff, 0xfc,
    0x0, 0xbf, 0xff, 0xff, 0xff, 0xff, 0xff, 0xfe,
    0xff, 0xff, 0xff, 0xff, 0xf9, 0xb, 0xff, 0xfc,
    0x30, 0x1, 0x6f, 0xff, 0xff, 0x51, 0x0, 0x5f,
    0xff, 0xf0, 0xbf, 0xff, 0x10, 0x0, 0x0, 0xaf,
    0xff, 0x60, 0x0, 0x0, 0x7f, 0xff, 0x2b, 0xff,
    0xd0, 0x0, 0x0, 0x7, 0xff, 0xf2, 0x0, 0x0,
    0x4, 0xff, 0xf3, 0xbf, 0xfc, 0x0, 0x0, 0x0,
    0x7f, 0xff, 0x10, 0x0, 0x0, 0x4f, 0xff, 0x4b,
    0xff, 0xc0, 0x0, 0x0, 0x7, 0xff, 0xf1, 0x0,
    0x0, 0x4, 0xff, 0xf4, 0xbf, 0xfc, 0x0, 0x0,
    0x0, 0x7f, 0xff, 0x10, 0x0, 0x0, 0x4f, 0xff,
    0x4b, 0xff, 0xc0, 0x0, 0x0, 0x7, 0xff, 0xf1,
    0x0, 0x0, 0x4, 0xff, 0xf4, 0xbf, 0xfc, 0x0,
    0x0, 0x0, 0x7f, 0xff, 0x10, 0x0, 0x0, 0x4f,
    0xff, 0x4b, 0xff, 0xc0, 0x0, 0x0, 0x7, 0xff,
    0xf1, 0x0, 0x0, 0x4, 0xff, 0xf4, 0xbf, 0xfc,
    0x0, 0x0, 0x0, 0x7f, 0xff, 0x10, 0x0, 0x0,
    0x4f, 0xff, 0x4b, 0xff, 0xc0, 0x0, 0x0, 0x7,
    0xff, 0xf1, 0x0, 0x0, 0x4, 0xff, 0xf4, 0xbf,
    0xfc, 0x0, 0x0, 0x0, 0x7f, 0xff, 0x10, 0x0,
    0x0, 0x4f, 0xff, 0x4b, 0xff, 0xc0, 0x0, 0x0,
    0x7, 0xff, 0xf1, 0x0, 0x0, 0x4, 0xff, 0xf4,
    0xbf, 0xfc, 0x0, 0x0, 0x0, 0x7f, 0xff, 0x10,
    0x0, 0x0, 0x4f, 0xff, 0x4a, 0xff, 0xa0, 0x0,
    0x0, 0x5, 0xff, 0xf0, 0x0, 0x0, 0x3, 0xff,
    0xf2,

    /* U+006E "n" */
    0xaf, 0xfa, 0x19, 0xef, 0xff, 0xd9, 0x20, 0xb,
    0xff, 0xcd, 0xff, 0xff, 0xff, 0xff, 0x30, 0xbf,
    0xff, 0xff, 0xff, 0xff, 0xff, 0xfe, 0xb, 0xff,
    0xfc, 0x30, 0x0, 0x3c, 0xff, 0xf4, 0xbf, 0xff,
    0x10, 0x0, 0x0, 0x2f, 0xff, 0x7b, 0xff, 0xd0,
    0x0, 0x0, 0x0, 0xff, 0xf8, 0xbf, 0xfc, 0x0,
    0x0, 0x0, 0xf, 0xff, 0x9b, 0xff, 0xc0, 0x0,
    0x0, 0x0, 0xff, 0xf9, 0xbf, 0xfc, 0x0, 0x0,
    0x0, 0xf, 0xff, 0x9b, 0xff, 0xc0, 0x0, 0x0,
    0x0, 0xff, 0xf9, 0xbf, 0xfc, 0x0, 0x0, 0x0,
    0xf, 0xff, 0x9b, 0xff, 0xc0, 0x0, 0x0, 0x0,
    0xff, 0xf9, 0xbf, 0xfc, 0x0, 0x0, 0x0, 0xf,
    0xff, 0x9b, 0xff, 0xc0, 0x0, 0x0, 0x0, 0xff,
    0xf9, 0xbf, 0xfc, 0x0, 0x0, 0x0, 0xf, 0xff,
    0x9b, 0xff, 0xc0, 0x0, 0x0, 0x0, 0xff, 0xf9,
    0xbf, 0xfc, 0x0, 0x0, 0x0, 0xf, 0xff, 0x9a,
    0xff, 0xa0, 0x0, 0x0, 0x0, 0xef, 0xf7,

    /* U+006F "o" */
    0x0, 0x5, 0xbe, 0xff, 0xff, 0xec, 0x60, 0x0,
    0x0, 0xaf, 0xff, 0xff, 0xff, 0xff, 0xfb, 0x0,
    0x6, 0xff, 0xff, 0xff, 0xff, 0xff, 0xff, 0x80,
    0xd, 0xff, 0xf5, 0x10, 0x0, 0x4e, 0xff, 0xf0,
    0xf, 0xff, 0x90, 0x0, 0x0, 0x6, 0xff, 0xf2,
    0x1f, 0xff, 0x60, 0x0, 0x0, 0x3, 0xff, 0xf4,
    0x1f, 0xff, 0x60, 0x0, 0x0, 0x3, 0xff, 0xf4,
    0x1f, 0xff, 0x60, 0x0, 0x0, 0x3, 0xff, 0xf4,
    0x1f, 0xff, 0x60, 0x0, 0x0, 0x3, 0xff, 0xf4,
    0x1f, 0xff, 0x60, 0x0, 0x0, 0x3, 0xff, 0xf4,
    0x1f, 0xff, 0x60, 0x0, 0x0, 0x3, 0xff, 0xf4,
    0x1f, 0xff, 0x60, 0x0, 0x0, 0x3, 0xff, 0xf4,
    0x1f, 0xff, 0x60, 0x0, 0x0, 0x3, 0xff, 0xf4,
    0xf, 0xff, 0x90, 0x0, 0x0, 0x6, 0xff, 0xf2,
    0xc, 0xff, 0xf5, 0x0, 0x0, 0x4e, 0xff, 0xf0,
    0x6, 0xff, 0xff, 0xff, 0xff, 0xff, 0xff, 0x80,
    0x0, 0xaf, 0xff, 0xff, 0xff, 0xff, 0xfb, 0x0,
    0x0, 0x5, 0xbe, 0xff, 0xff, 0xfc, 0x60, 0x0,

    /* U+0070 "p" */
    0xaf, 0xfa, 0x19, 0xef, 0xff, 0xea, 0x30, 0xb,
    0xff, 0xcd, 0xff, 0xff, 0xff, 0xff, 0x60, 0xbf,
    0xff, 0xff, 0xff, 0xff, 0xff, 0xff, 0x1b, 0xff,
    0xfc, 0x30, 0x0, 0x2a, 0xff, 0xf7, 0xbf, 0xff,
    0x10, 0x0, 0x0, 0xf, 0xff, 0xab, 0xff, 0xd0,
    0x0, 0x0, 0x0, 0xcf, 0xfb, 0xbf, 0xfc, 0x0,
    0x0, 0x0, 0xc, 0xff, 0xbb, 0xff, 0xc0, 0x0,
    0x0, 0x0, 0xcf, 0xfb, 0xbf, 0xfc, 0x0, 0x0,
    0x0, 0xc, 0xff, 0xbb, 0xff, 0xc0, 0x0, 0x0,
    0x0, 0xcf, 0xfb, 0xbf, 0xfc, 0x0, 0x0, 0x0,
    0xc, 0xff, 0xbb, 0xff, 0xc0, 0x0, 0x0, 0x0,
    0xcf, 0xfb, 0xbf, 0xfd, 0x0, 0x0, 0x0, 0xc,
    0xff, 0xbb, 0xff, 0xf1, 0x0, 0x0, 0x0, 0xff,
    0xfa, 0xbf, 0xff, 0xc3, 0x0, 0x2, 0xaf, 0xff,
    0x7b, 0xff, 0xff, 0xff, 0xff, 0xff, 0xff, 0xf1,
    0xbf, 0xfc, 0xdf, 0xff, 0xff, 0xff, 0xf5, 0xb,
    0xff, 0xc1, 0x9e, 0xff, 0xfe, 0xa3, 0x0, 0xbf,
    0xfc, 0x0, 0x0, 0x0, 0x0, 0x0, 0xb, 0xff,
    0xc0, 0x0, 0x0, 0x0, 0x0, 0x0, 0xbf, 0xfc,
    0x0, 0x0, 0x0, 0x0, 0x0, 0xb, 0xff, 0xc0,
    0x0, 0x0, 0x0, 0x0, 0x0, 0xaf, 0xfa, 0x0,
    0x0, 0x0, 0x0, 0x0, 0x0,

    /* U+0071 "q" */
    0x0, 0x5, 0xbe, 0xff, 0xff, 0xff, 0xff, 0xf2,
    0x0, 0xaf, 0xff, 0xff, 0xff, 0xff, 0xff, 0xf3,
    0x6, 0xff, 0xff, 0xff, 0xff, 0xff, 0xff, 0xf3,
    0xd, 0xff, 0xf6, 0x10, 0x0, 0x5, 0xff, 0xf3,
    0xf, 0xff, 0x90, 0x0, 0x0, 0x5, 0xff, 0xf3,
    0x1f, 0xff, 0x60, 0x0, 0x0, 0x5, 0xff, 0xf3,
    0x1f, 0xff, 0x60, 0x0, 0x0, 0x5, 0xff, 0xf3,
    0x1f, 0xff, 0x60, 0x0, 0x0, 0x5, 0xff, 0xf3,
    0x1f, 0xff, 0x60, 0x0, 0x0, 0x5, 0xff, 0xf3,
    0x1f, 0xff, 0x60, 0x0, 0x0, 0x5, 0xff, 0xf3,
    0x1f, 0xff, 0x60, 0x0, 0x0, 0x5, 0xff, 0xf3,
    0x1f, 0xff, 0x60, 0x0, 0x0, 0x5, 0xff, 0xf3,
    0x1f, 0xff, 0x60, 0x0, 0x0, 0x6, 0xff, 0xf3,
    0xf, 0xff, 0x90, 0x0, 0x0, 0xa, 0xff, 0xf3,
    0xc, 0xff, 0xf6, 0x10, 0x1, 0x8f, 0xff, 0xf3,
    0x6, 0xff, 0xff, 0xff, 0xff, 0xff, 0xff, 0xf3,
    0x0, 0xaf, 0xff, 0xff, 0xff, 0xf9, 0xff, 0xf3,
    0x0, 0x5, 0xbe, 0xff, 0xeb, 0x35, 0xff, 0xf3,
    0x0, 0x0, 0x0, 0x0, 0x0, 0x5, 0xff, 0xf3,
    0x0, 0x0, 0x0, 0x0, 0x0, 0x5, 0xff, 0xf3,
    0x0, 0x0, 0x0, 0x0, 0x0, 0x5, 0xff, 0xf3,
    0x0, 0x0, 0x0, 0x0, 0x0, 0x5, 0xff, 0xf3,
    0x0, 0x0, 0x0, 0x0, 0x0, 0x3, 0xff, 0xf2,

    /* U+0072 "r" */
    0xaf, 0xfa, 0x8, 0xdf, 0xf6, 0xbf, 0xfc, 0xcf,
    0xff, 0xf8, 0xbf, 0xff, 0xff, 0xff, 0xf7, 0xbf,
    0xff, 0xd3, 0x0, 0x0, 0xbf, 0xff, 0x20, 0x0,
    0x0, 0xbf, 0xfd, 0x0, 0x0, 0x0, 0xbf, 0xfc,
    0x0, 0x0, 0x0, 0xbf, 0xfc, 0x0, 0x0, 0x0,
    0xbf, 0xfc, 0x0, 0x0, 0x0, 0xbf, 0xfc, 0x0,
    0x0, 0x0, 0xbf, 0xfc, 0x0, 0x0, 0x0, 0xbf,
    0xfc, 0x0, 0x0, 0x0, 0xbf, 0xfc, 0x0, 0x0,
    0x0, 0xbf, 0xfc, 0x0, 0x0, 0x0, 0xbf, 0xfc,
    0x0, 0x0, 0x0, 0xbf, 0xfc, 0x0, 0x0, 0x0,
    0xbf, 0xfc, 0x0, 0x0, 0x0, 0xaf, 0xfa, 0x0,
    0x0, 0x0,

    /* U+0073 "s" */
    0x0, 0x5b, 0xef, 0xff, 0xff, 0xff, 0x10, 0x8,
    0xff, 0xff, 0xff, 0xff, 0xff, 0x20, 0x2f, 0xff,
    0xff, 0xee, 0xee, 0xee, 0x10, 0x6f, 0xff, 0x80,
    0x0, 0x0, 0x0, 0x0, 0x8f, 0xff, 0x20, 0x0,
    0x0, 0x0, 0x0, 0x6f, 0xff, 0x70, 0x0, 0x0,
    0x0, 0x0, 0x1f, 0xff, 0xf9, 0x10, 0x0, 0x0,
    0x0, 0x7, 0xff, 0xff, 0xf9, 0x10, 0x0, 0x0,
    0x0, 0x4d, 0xff, 0xff, 0xf9, 0x10, 0x0, 0x0,
    0x0, 0x5d, 0xff, 0xff, 0xf7, 0x0, 0x0, 0x0,
    0x0, 0x4c, 0xff, 0xff, 0x60, 0x0, 0x0, 0x0,
    0x0, 0x4f, 0xff, 0xd0, 0x0, 0x0, 0x0, 0x0,
    0x8, 0xff, 0xf1, 0x0, 0x0, 0x0, 0x0, 0x7,
    0xff, 0xf2, 0x0, 0x0, 0x0, 0x0, 0x1c, 0xff,
    0xf1, 0x4e, 0xee, 0xee, 0xee, 0xff, 0xff, 0xc0,
    0x6f, 0xff, 0xff, 0xff, 0xff, 0xff, 0x30, 0x5f,
    0xff, 0xff, 0xff, 0xfd, 0x92, 0x0,

    /* U+0074 "t" */
    0x0, 0xb, 0xff, 0x90, 0x0, 0x0, 0x0, 0xd,
    0xff, 0xb0, 0x0, 0x0, 0x0, 0xd, 0xff, 0xb0,
    0x0, 0x0, 0x0, 0xd, 0xff, 0xb0, 0x0, 0x0,
    0x7f, 0xff, 0xff, 0xff, 0xff, 0xf0, 0x8f, 0xff,
    0xff, 0xff, 0xff, 0xf1, 0x7f, 0xff, 0xff, 0xff,
    0xff, 0xf0, 0x0, 0xd, 0xff, 0xb0, 0x0, 0x0,
    0x0, 0xd, 0xff, 0xb0, 0x0, 0x0, 0x0, 0xd,
    0xff, 0xb0, 0x0, 0x0, 0x0, 0xd, 0xff, 0xb0,
    0x0, 0x0, 0x0, 0xd, 0xff, 0xb0, 0x0, 0x0,
    0x0, 0xd, 0xff, 0xb0, 0x0, 0x0, 0x0, 0xd,
    0xff, 0xb0, 0x0, 0x0, 0x0, 0xd, 0xff, 0xb0,
    0x0, 0x0, 0x0, 0xd, 0xff, 0xb0, 0x0, 0x0,
    0x0, 0xd, 0xff, 0xb0, 0x0, 0x0, 0x0, 0xc,
    0xff, 0xe0, 0x0, 0x0, 0x0, 0x8, 0xff, 0xf9,
    0x20, 0x0, 0x0, 0x2, 0xff, 0xff, 0xff, 0xf5,
    0x0, 0x0, 0x6f, 0xff, 0xff, 0xf7, 0x0, 0x0,
    0x3, 0xae, 0xff, 0xf5,

    /* U+0075 "u" */
    0xdf, 0xf7, 0x0, 0x0, 0x0, 0x1f, 0xff, 0x4e,
    0xff, 0x90, 0x0, 0x0, 0x2, 0xff, 0xf6, 0xef,
    0xf9, 0x0, 0x0, 0x0, 0x2f, 0xff, 0x6e, 0xff,
    0x90, 0x0, 0x0, 0x2, 0xff, 0xf6, 0xef, 0xf9,
    0x0, 0x0, 0x0, 0x2f, 0xff, 0x6e, 0xff, 0x90,
    0x0, 0x0, 0x2, 0xff, 0xf6, 0xef, 0xf9, 0x0,
    0x0, 0x0, 0x2f, 0xff, 0x6e, 0xff, 0x90, 0x0,
    0x0, 0x2, 0xff, 0xf6, 0xef, 0xf9, 0x0, 0x0,
    0x0, 0x2f, 0xff, 0x6e, 0xff, 0x90, 0x0, 0x0,
    0x2, 0xff, 0xf6, 0xef, 0xf9, 0x0, 0x0, 0x0,
    0x2f, 0xff, 0x6e, 0xff, 0x90, 0x0, 0x0, 0x2,
    0xff, 0xf6, 0xef, 0xf9, 0x0, 0x0, 0x0, 0x3f,
    0xff, 0x6d, 0xff, 0xc0, 0x0, 0x0, 0x7, 0xff,
    0xf6, 0xaf, 0xff, 0x81, 0x0, 0x16, 0xff, 0xff,
    0x64, 0xff, 0xff, 0xff, 0xff, 0xff, 0xff, 0xf6,
    0x8, 0xff, 0xff, 0xff, 0xff, 0x9f, 0xff, 0x60,
    0x5, 0xbe, 0xff, 0xfd, 0x61, 0xff, 0xf4,

    /* U+0076 "v" */
    0x3f, 0xff, 0x20, 0x0, 0x0, 0x1, 0xef, 0xf6,
    0x1f, 0xff, 0x70, 0x0, 0x0, 0x5, 0xff, 0xf2,
    0xc, 0xff, 0xb0, 0x0, 0x0, 0x9, 0xff, 0xe0,
    0x7, 0xff, 0xf0, 0x0, 0x0, 0xe, 0xff, 0x90,
    0x2, 0xff, 0xf3, 0x0, 0x0, 0x2f, 0xff, 0x40,
    0x0, 0xef, 0xf8, 0x0, 0x0, 0x6f, 0xff, 0x0,
    0x0, 0x9f, 0xfc, 0x0, 0x0, 0xaf, 0xfb, 0x0,
    0x0, 0x5f, 0xff, 0x0, 0x0, 0xef, 0xf6, 0x0,
    0x0, 0xf, 0xff, 0x40, 0x2, 0xff, 0xf2, 0x0,
    0x0, 0xb, 0xff, 0x80, 0x6, 0xff, 0xd0, 0x0,
    0x0, 0x7, 0xff, 0xd0, 0xb, 0xff, 0x90, 0x0,
    0x0, 0x2, 0xff, 0xf1, 0xe, 0xff, 0x40, 0x0,
    0x0, 0x0, 0xdf, 0xf5, 0x3f, 0xff, 0x0, 0x0,
    0x0, 0x0, 0x9f, 0xf9, 0x7f, 0xfb, 0x0, 0x0,
    0x0, 0x0, 0x4f, 0xfe, 0xcf, 0xf6, 0x0, 0x0,
    0x0, 0x0, 0xf, 0xff, 0xff, 0xf1, 0x0, 0x0,
    0x0, 0x0, 0xb, 0xff, 0xff, 0xd0, 0x0, 0x0,
    0x0, 0x0, 0x5, 0xff, 0xff, 0x70, 0x0, 0x0,

    /* U+0077 "w" */
    0x3f, 0xff, 0x60, 0x0, 0x0, 0x5f, 0xff, 0x40,
    0x0, 0x0, 0x8f, 0xff, 0x0, 0xff, 0xfa, 0x0,
    0x0, 0xa, 0xff, 0xf9, 0x0, 0x0, 0xd, 0xff,
    0xd0, 0xc, 0xff, 0xd0, 0x0, 0x0, 0xef, 0xff,
    0xc0, 0x0, 0x0, 0xff, 0xf9, 0x0, 0x8f, 0xff,
    0x10, 0x0, 0x2f, 0xff, 0xff, 0x0, 0x0, 0x3f,
    0xff, 0x50, 0x4, 0xff, 0xf4, 0x0, 0x6, 0xff,
    0xbf, 0xf4, 0x0, 0x6, 0xff, 0xf1, 0x0, 0xf,
    0xff, 0x70, 0x0, 0x9f, 0xf4, 0xff, 0x70, 0x0,
    0x9f, 0xfd, 0x0, 0x0, 0xcf, 0xfa, 0x0, 0xd,
    0xfc, 0xf, 0xfb, 0x0, 0xd, 0xff, 0x90, 0x0,
    0x8, 0xff, 0xd0, 0x1, 0xff, 0x90, 0xcf, 0xf0,
    0x0, 0xff, 0xf6, 0x0, 0x0, 0x4f, 0xff, 0x0,
    0x5f, 0xf5, 0x8, 0xff, 0x30, 0x3f, 0xff, 0x20,
    0x0, 0x1, 0xff, 0xf4, 0x9, 0xff, 0x20, 0x5f,
    0xf6, 0x6, 0xff, 0xe0, 0x0, 0x0, 0xc, 0xff,
    0x70, 0xcf, 0xe0, 0x1, 0xff, 0xa0, 0x9f, 0xfa,
    0x0, 0x0, 0x0, 0x9f, 0xfa, 0xf, 0xfb, 0x0,
    0xe, 0xfe, 0xc, 0xff, 0x60, 0x0, 0x0, 0x5,
    0xff, 0xd4, 0xff, 0x80, 0x0, 0xaf, 0xf2, 0xff,
    0xf2, 0x0, 0x0, 0x0, 0x1f, 0xff, 0x9f, 0xf4,
    0x0, 0x7, 0xff, 0x8f, 0xfe, 0x0, 0x0, 0x0,
    0x0, 0xdf, 0xff, 0xff, 0x10, 0x0, 0x3f, 0xff,
    0xff, 0xa0, 0x0, 0x0, 0x0, 0x9, 0xff, 0xff,
    0xd0, 0x0, 0x0, 0xff, 0xff, 0xf6, 0x0, 0x0,
    0x0, 0x0, 0x5f, 0xff, 0xfa, 0x0, 0x0, 0xc,
    0xff, 0xff, 0x20, 0x0, 0x0, 0x0, 0x1, 0xef,
    0xff, 0x50, 0x0, 0x0, 0x7f, 0xff, 0xd0, 0x0,
    0x0,

    /* U+0078 "x" */
    0xf, 0xff, 0xd0, 0x0, 0x0, 0x2e, 0xff, 0xc0,
    0x8, 0xff, 0xf6, 0x0, 0x0, 0x9f, 0xff, 0x40,
    0x0, 0xef, 0xfe, 0x0, 0x1, 0xff, 0xfb, 0x0,
    0x0, 0x6f, 0xff, 0x60, 0x8, 0xff, 0xf3, 0x0,
    0x0, 0xc, 0xff, 0xd0, 0xe, 0xff, 0xa0, 0x0,
    0x0, 0x3, 0xff, 0xf5, 0x6f, 0xff, 0x10, 0x0,
    0x0, 0x0, 0xaf, 0xfd, 0xdf, 0xf8, 0x0, 0x0,
    0x0, 0x0, 0x2f, 0xff, 0xff, 0xe0, 0x0, 0x0,
    0x0, 0x0, 0x8, 0xff, 0xff, 0x70, 0x0, 0x0,
    0x0, 0x0, 0xb, 0xff, 0xff, 0xa0, 0x0, 0x0,
    0x0, 0x0, 0x4f, 0xff, 0xff, 0xf3, 0x0, 0x0,
    0x0, 0x0, 0xdf, 0xfc, 0xcf, 0xfc, 0x0, 0x0,
    0x0, 0x6, 0xff, 0xf4, 0x4f, 0xff, 0x50, 0x0,
    0x0, 0xe, 0xff, 0xc0, 0xc, 0xff, 0xe0, 0x0,
    0x0, 0x8f, 0xff, 0x40, 0x4, 0xff, 0xf8, 0x0,
    0x1, 0xff, 0xfc, 0x0, 0x0, 0xcf, 0xff, 0x10,
    0xa, 0xff, 0xf5, 0x0, 0x0, 0x5f, 0xff, 0xa0,
    0x2f, 0xff, 0xc0, 0x0, 0x0, 0xb, 0xff, 0xf2,

    /* U+0079 "y" */
    0x1f, 0xff, 0x50, 0x0, 0x0, 0x0, 0x7f, 0xfe,
    0x0, 0xef, 0xfa, 0x0, 0x0, 0x0, 0xd, 0xff,
    0xc0, 0x9, 0xff, 0xe0, 0x0, 0x0, 0x1, 0xff,
    0xf7, 0x0, 0x5f, 0xff, 0x30, 0x0, 0x0, 0x6f,
    0xff, 0x30, 0x0, 0xff, 0xf8, 0x0, 0x0, 0xa,
    0xff, 0xe0, 0x0, 0xb, 0xff, 0xc0, 0x0, 0x0,
    0xef, 0xf9, 0x0, 0x0, 0x6f, 0xff, 0x10, 0x0,
    0x3f, 0xff, 0x50, 0x0, 0x1, 0xff, 0xf5, 0x0,
    0x8, 0xff, 0xf1, 0x0, 0x0, 0xd, 0xff, 0xa0,
    0x0, 0xcf, 0xfc, 0x0, 0x0, 0x0, 0x8f, 0xfe,
    0x0, 0x1f, 0xff, 0x70, 0x0, 0x0, 0x3, 0xff,
    0xf3, 0x5, 0xff, 0xf3, 0x0, 0x0, 0x0, 0xe,
    0xff, 0x70, 0xaf, 0xfe, 0x0, 0x0, 0x0, 0x0,
    0xaf, 0xfc, 0xe, 0xff, 0x90, 0x0, 0x0, 0x0,
    0x5, 0xff, 0xf3, 0xff, 0xf5, 0x0, 0x0, 0x0,
    0x0, 0xf, 0xff, 0xcf, 0xff, 0x0, 0x0, 0x0,
    0x0, 0x0, 0xbf, 0xff, 0xff, 0xc0, 0x0, 0x0,
    0x0, 0x0, 0x6, 0xff, 0xff, 0xf7, 0x0, 0x0,
    0x0, 0x0, 0x0, 0x4, 0x8f, 0xff, 0x20, 0x0,
    0x0, 0x0, 0x0, 0x0, 0xa, 0xff, 0xd0, 0x0,
    0x0, 0x0, 0x0, 0x0, 0x2, 0xff, 0xf8, 0x0,
    0x0, 0x0, 0x0, 0x0, 0x15, 0xef, 0xff, 0x10,
    0x0, 0x0, 0x0, 0xf, 0xff, 0xff, 0xff, 0x70,
    0x0, 0x0, 0x0, 0x1, 0xff, 0xff, 0xff, 0x90,
    0x0, 0x0, 0x0, 0x0, 0xf, 0xff, 0xeb, 0x50,
    0x0, 0x0, 0x0, 0x0,

    /* U+007A "z" */
    0x7f, 0xff, 0xff, 0xff, 0xff, 0xff, 0xf0, 0x9f,
    0xff, 0xff, 0xff, 0xff, 0xff, 0xf1, 0x7f, 0xff,
    0xff, 0xff, 0xff, 0xff, 0xf0, 0x0, 0x11, 0x11,
    0x11, 0x6f, 0xff, 0xa0, 0x0, 0x0, 0x0, 0x1,
    0xef, 0xfe, 0x10, 0x0, 0x0, 0x0, 0xb, 0xff,
    0xf4, 0x0, 0x0, 0x0, 0x0, 0x6f, 0xff, 0x90,
    0x0, 0x0, 0x0, 0x2, 0xff, 0xfd, 0x0, 0x0,
    0x0, 0x0, 0xc, 0xff, 0xf3, 0x0, 0x0, 0x0,
    0x0, 0x8f, 0xff, 0x80, 0x0, 0x0, 0x0, 0x3,
    0xff, 0xfc, 0x0, 0x0, 0x0, 0x0, 0xd, 0xff,
    0xf2, 0x0, 0x0, 0x0, 0x0, 0xaf, 0xff, 0x70,
    0x0, 0x0, 0x0, 0x5, 0xff, 0xfb, 0x0, 0x0,
    0x0, 0x0, 0x1e, 0xff, 0xf3, 0x11, 0x11, 0x11,
    0x10, 0x9f, 0xff, 0xff, 0xff, 0xff, 0xff, 0xf5,
    0xdf, 0xff, 0xff, 0xff, 0xff, 0xff, 0xf7, 0xbf,
    0xff, 0xff, 0xff, 0xff, 0xff, 0xf5,

    /* U+007B "{" */
    0x0, 0x0, 0x4b, 0xef, 0x10, 0x0, 0x6f, 0xff,
    0xf2, 0x0, 0xf, 0xff, 0xb7, 0x0, 0x5, 0xff,
    0x90, 0x0, 0x0, 0x8f, 0xf5, 0x0, 0x0, 0x9,
    0xff, 0x40, 0x0, 0x0, 0x9f, 0xf4, 0x0, 0x0,
    0x9, 0xff, 0x40, 0x0, 0x0, 0x9f, 0xf4, 0x0,
    0x0, 0x9, 0xff, 0x40, 0x0, 0x0, 0xaf, 0xf3,
    0x0, 0x0, 0x4f, 0xff, 0x0, 0x0, 0xef, 0xff,
    0x70, 0x0, 0xf, 0xff, 0xa0, 0x0, 0x0, 0xef,
    0xff, 0x90, 0x0, 0x0, 0x3f, 0xff, 0x10, 0x0,
    0x0, 0xaf, 0xf3, 0x0, 0x0, 0x9, 0xff, 0x40,
    0x0, 0x0, 0x9f, 0xf4, 0x0, 0x0, 0x9, 0xff,
    0x40, 0x0, 0x0, 0x9f, 0xf4, 0x0, 0x0, 0x8,
    0xff, 0x40, 0x0, 0x0, 0x7f, 0xf6, 0x0, 0x0,
    0x3, 0xff, 0xd2, 0x0, 0x0, 0xc, 0xff, 0xff,
    0x10, 0x0, 0x1c, 0xff, 0xf2, 0x0, 0x0, 0x3,
    0x77, 0x0,

    /* U+007C "|" */
    0x2f, 0xf2, 0x3f, 0xf4, 0x3f, 0xf4, 0x3f, 0xf4,
    0x3f, 0xf4, 0x3f, 0xf4, 0x3f, 0xf4, 0x3f, 0xf4,
    0x3f, 0xf4, 0x3f, 0xf4, 0x3f, 0xf4, 0x3f, 0xf4,
    0x3f, 0xf4, 0x3f, 0xf4, 0x3f, 0xf4, 0x3f, 0xf4,
    0x3f, 0xf4, 0x3f, 0xf4, 0x3f, 0xf4, 0x3f, 0xf4,
    0x3f, 0xf4, 0x3f, 0xf4, 0x2f, 0xf2,

    /* U+007D "}" */
    0xef, 0xc6, 0x0, 0x0, 0xf, 0xff, 0xf9, 0x0,
    0x0, 0x6a, 0xff, 0xf3, 0x0, 0x0, 0x6, 0xff,
    0x80, 0x0, 0x0, 0x2f, 0xfb, 0x0, 0x0, 0x1,
    0xff, 0xc0, 0x0, 0x0, 0x1f, 0xfc, 0x0, 0x0,
    0x1, 0xff, 0xc0, 0x0, 0x0, 0x1f, 0xfc, 0x0,
    0x0, 0x1, 0xff, 0xc0, 0x0, 0x0, 0xf, 0xfd,
    0x0, 0x0, 0x0, 0xdf, 0xf6, 0x0, 0x0, 0x5,
    0xff, 0xff, 0x10, 0x0, 0x7, 0xff, 0xf2, 0x0,
    0x6, 0xff, 0xff, 0x10, 0x0, 0xef, 0xf5, 0x0,
    0x0, 0x1f, 0xfd, 0x0, 0x0, 0x1, 0xff, 0xc0,
    0x0, 0x0, 0x1f, 0xfc, 0x0, 0x0, 0x1, 0xff,
    0xc0, 0x0, 0x0, 0x1f, 0xfc, 0x0, 0x0, 0x2,
    0xff, 0xb0, 0x0, 0x0, 0x3f, 0xfa, 0x0, 0x0,
    0x1b, 0xff, 0x60, 0x0, 0xef, 0xff, 0xe1, 0x0,
    0xf, 0xff, 0xe3, 0x0, 0x0, 0x67, 0x40, 0x0,
    0x0, 0x0,

    /* U+007E "~" */
    0x2, 0x69, 0x98, 0x52, 0x0, 0x0, 0x1, 0x71,
    0x4f, 0xff, 0xff, 0xff, 0xeb, 0x98, 0xaf, 0xf4,
    0x7f, 0xff, 0xff, 0xff, 0xff, 0xff, 0xff, 0xf2,
    0x6c, 0x61, 0x1, 0x47, 0xac, 0xef, 0xeb, 0x50,

    /* U+00B0 "°" */
    0x0, 0x11, 0x10, 0x3, 0xff, 0xff, 0x90, 0x7f,
    0x74, 0xcf, 0x8, 0xf1, 0x9, 0xf0, 0x8f, 0x10,
    0x9f, 0x8, 0xf4, 0x2b, 0xf0, 0x4f, 0xff, 0xfc,
    0x0, 0x24, 0x54, 0x0,

    /* U+00E4 "ä" */
    0x0, 0x1, 0xff, 0xf2, 0x0, 0x8f, 0xf9, 0x0,
    0x0, 0x1, 0xff, 0xf3, 0x0, 0xaf, 0xfb, 0x0,
    0x0, 0x1, 0xff, 0xf3, 0x0, 0xaf, 0xfb, 0x0,
    0x0, 0x1, 0xff, 0xf3, 0x0, 0x9f, 0xfa, 0x0,
    0x0, 0x0, 0x88, 0x80, 0x0, 0x48, 0x84, 0x0,
    0x0, 0x0, 0x0, 0x0, 0x0, 0x0, 0x0, 0x0,
    0x0, 0x0, 0x0, 0x0, 0x0, 0x0, 0x0, 0x0,
    0x0, 0x5, 0xbe, 0xff, 0xff, 0xff, 0xff, 0xf2,
    0x0, 0xaf, 0xff, 0xff, 0xff, 0xff, 0xff, 0xf3,
    0x6, 0xff, 0xff, 0xff, 0xff, 0xff, 0xff, 0xf3,
    0xd, 0xff, 0xf6, 0x10, 0x0, 0x5, 0xff, 0xf3,
    0xf, 0xff, 0x90, 0x0, 0x0, 0x5, 0xff, 0xf3,
    0x1f, 0xff, 0x60, 0x0, 0x0, 0x5, 0xff, 0xf3,
    0x1f, 0xff, 0x60, 0x0, 0x0, 0x5, 0xff, 0xf3,
    0x1f, 0xff, 0x60, 0x0, 0x0, 0x5, 0xff, 0xf3,
    0x1f, 0xff, 0x60, 0x0, 0x0, 0x5, 0xff, 0xf3,
    0x1f, 0xff, 0x60, 0x0, 0x0, 0x5, 0xff, 0xf3,
    0x1f, 0xff, 0x60, 0x0, 0x0, 0x5, 0xff, 0xf3,
    0x1f, 0xff, 0x60, 0x0, 0x0, 0x5, 0xff, 0xf3,
    0x1f, 0xff, 0x60, 0x0, 0x0, 0x6, 0xff, 0xf3,
    0xf, 0xff, 0x90, 0x0, 0x0, 0xa, 0xff, 0xf3,
    0xc, 0xff, 0xf6, 0x10, 0x1, 0x7f, 0xff, 0xf3,
    0x6, 0xff, 0xff, 0xff, 0xff, 0xff, 0xff, 0xf3,
    0x0, 0xaf, 0xff, 0xff, 0xff, 0xf9, 0xff, 0xf3,
    0x0, 0x5, 0xbe, 0xff, 0xfc, 0x44, 0xff, 0xf2,

    /* U+F048 "" */
    0x6, 0x77, 0x73, 0x0, 0x0, 0x0, 0x0, 0x0,
    0x0, 0x0, 0x65, 0x0, 0x4f, 0xff, 0xfc, 0x0,
    0x0, 0x0, 0x0, 0x0, 0x0, 0x1d, 0xff, 0xc0,
    0x4f, 0xff, 0xfc, 0x0, 0x0, 0x0, 0x0, 0x0,
    0x2, 0xef, 0xff, 0xf2, 0x4f, 0xff, 0xfc, 0x0,
    0x0, 0x0, 0x0, 0x0, 0x3e, 0xff, 0xff, 0xf3,
    0x4f, 0xff, 0xfc, 0x0, 0x0, 0x0, 0x0, 0x3,
    0xff, 0xff, 0xff, 0xf3, 0x4f, 0xff, 0xfc, 0x0,
    0x0, 0x0, 0x0, 0x4f, 0xff, 0xff, 0xff, 0xf3,
    0x4f, 0xff, 0xfc, 0x0, 0x0, 0x0, 0x5, 0xff,
    0xff, 0xff, 0xff, 0xf3, 0x4f, 0xff, 0xfc, 0x0,
    0x0, 0x0, 0x7f, 0xff, 0xff, 0xff, 0xff, 0xf3,
    0x4f, 0xff, 0xfc, 0x0, 0x0, 0x8, 0xff, 0xff,
    0xff, 0xff, 0xff, 0xf3, 0x4f, 0xff, 0xfc, 0x0,
    0x0, 0x9f, 0xff, 0xff, 0xff, 0xff, 0xff, 0xf3,
    0x4f, 0xff, 0xfc, 0x0, 0xa, 0xff, 0xff, 0xff,
    0xff, 0xff, 0xff, 0xf3, 0x4f, 0xff, 0xfc, 0x0,
    0xbf, 0xff, 0xff, 0xff, 0xff, 0xff, 0xff, 0xf3,
    0x4f, 0xff, 0xfc, 0x1c, 0xff, 0xff, 0xff, 0xff,
    0xff, 0xff, 0xff, 0xf3, 0x4f, 0xff, 0xfd, 0xdf,
    0xff, 0xff, 0xff, 0xff, 0xff, 0xff, 0xff, 0xf3,
    0x4f, 0xff, 0xff, 0xff, 0xff, 0xff, 0xff, 0xff,
    0xff, 0xff, 0xff, 0xf3, 0x4f, 0xff, 0xff, 0xff,
    0xff, 0xff, 0xff, 0xff, 0xff, 0xff, 0xff, 0xf3,
    0x4f, 0xff, 0xff, 0xff, 0xff, 0xff, 0xff, 0xff,
    0xff, 0xff, 0xff, 0xf3, 0x4f, 0xff, 0xff, 0xff,
    0xff, 0xff, 0xff, 0xff, 0xff, 0xff, 0xff, 0xf3,
    0x4f, 0xff, 0xff, 0xff, 0xff, 0xff, 0xff, 0xff,
    0xff, 0xff, 0xff, 0xf3, 0x4f, 0xff, 0xfc, 0x8f,
    0xff, 0xff, 0xff, 0xff, 0xff, 0xff, 0xff, 0xf3,
    0x4f, 0xff, 0xfc, 0x7, 0xff, 0xff, 0xff, 0xff,
    0xff, 0xff, 0xff, 0xf3, 0x4f, 0xff, 0xfc, 0x0,
    0x6f, 0xff, 0xff, 0xff, 0xff, 0xff, 0xff, 0xf3,
    0x4f, 0xff, 0xfc, 0x0, 0x5, 0xff, 0xff, 0xff,
    0xff, 0xff, 0xff, 0xf3, 0x4f, 0xff, 0xfc, 0x0,
    0x0, 0x4f, 0xff, 0xff, 0xff, 0xff, 0xff, 0xf3,
    0x4f, 0xff, 0xfc, 0x0, 0x0, 0x3, 0xef, 0xff,
    0xff, 0xff, 0xff, 0xf3, 0x4f, 0xff, 0xfc, 0x0,
    0x0, 0x0, 0x2e, 0xff, 0xff, 0xff, 0xff, 0xf3,
    0x4f, 0xff, 0xfc, 0x0, 0x0, 0x0, 0x1, 0xdf,
    0xff, 0xff, 0xff, 0xf3, 0x4f, 0xff, 0xfc, 0x0,
    0x0, 0x0, 0x0, 0x1c, 0xff, 0xff, 0xff, 0xf3,
    0x4f, 0xff, 0xfc, 0x0, 0x0, 0x0, 0x0, 0x0,
    0xbf, 0xff, 0xff, 0xf3, 0x4f, 0xff, 0xfc, 0x0,
    0x0, 0x0, 0x0, 0x0, 0xa, 0xff, 0xff, 0xf3,
    0x4f, 0xff, 0xfc, 0x0, 0x0, 0x0, 0x0, 0x0,
    0x0, 0x9f, 0xff, 0xf1, 0x2f, 0xff, 0xfa, 0x0,
    0x0, 0x0, 0x0, 0x0, 0x0, 0x7, 0xff, 0x60,
    0x0, 0x0, 0x0, 0x0, 0x0, 0x0, 0x0, 0x0,
    0x0, 0x0, 0x0, 0x0,

    /* U+F04B "" */
    0x0, 0x57, 0x40, 0x0, 0x0, 0x0, 0x0, 0x0,
    0x0, 0x0, 0x0, 0x0, 0x0, 0x0, 0x0, 0x0,
    0x2d, 0xff, 0xfc, 0x20, 0x0, 0x0, 0x0, 0x0,
    0x0, 0x0, 0x0, 0x0, 0x0, 0x0, 0x0, 0x0,
    0xbf, 0xff, 0xff, 0xf9, 0x10, 0x0, 0x0, 0x0,
    0x0, 0x0, 0x0, 0x0, 0x0, 0x0, 0x0, 0x0,
    0xff, 0xff, 0xff, 0xff, 0xe6, 0x0, 0x0, 0x0,
    0x0, 0x0, 0x0, 0x0, 0x0, 0x0, 0x0, 0x0,
    0xff, 0xff, 0xff, 0xff, 0xff, 0xc3, 0x0, 0x0,
    0x0, 0x0, 0x0, 0x0, 0x0, 0x0, 0x0, 0x0,
    0xff, 0xff, 0xff, 0xff, 0xff, 0xff, 0x91, 0x0,
    0x0, 0x0, 0x0, 0x0, 0x0, 0x0, 0x0, 0x0,
    0xff, 0xff, 0xff, 0xff, 0xff, 0xff, 0xff, 0x60,
    0x0, 0x0, 0x0, 0x0, 0x0, 0x0, 0x0, 0x0,
    0xff, 0xff, 0xff, 0xff, 0xff, 0xff, 0xff, 0xfd,
    0x40, 0x0, 0x0, 0x0, 0x0, 0x0, 0x0, 0x0,
    0xff, 0xff, 0xff, 0xff, 0xff, 0xff, 0xff, 0xff,
    0xfa, 0x10, 0x0, 0x0, 0x0, 0x0, 0x0, 0x0,
    0xff, 0xff, 0xff, 0xff, 0xff, 0xff, 0xff, 0xff,
    0xff, 0xf7, 0x0, 0x0, 0x0, 0x0, 0x0, 0x0,
    0xff, 0xff, 0xff, 0xff, 0xff, 0xff, 0xff, 0xff,
    0xff, 0xff, 0xd4, 0x0, 0x0, 0x0, 0x0, 0x0,
    0xff, 0xff, 0xff, 0xff, 0xff, 0xff, 0xff, 0xff,
    0xff, 0xff, 0xff, 0xb2, 0x0, 0x0, 0x0, 0x0,
    0xff, 0xff, 0xff, 0xff, 0xff, 0xff, 0xff, 0xff,
    0xff, 0xff, 0xff, 0xff, 0x80, 0x0, 0x0, 0x0,
    0xff, 0xff, 0xff, 0xff, 0xff, 0xff, 0xff, 0xff,
    0xff, 0xff, 0xff, 0xff, 0xfe, 0x50, 0x0, 0x0,
    0xff, 0xff, 0xff, 0xff, 0xff, 0xff, 0xff, 0xff,
    0xff, 0xff, 0xff, 0xff, 0xff, 0xfc, 0x20, 0x0,
    0xff, 0xff, 0xff, 0xff, 0xff, 0xff, 0xff, 0xff,
    0xff, 0xff, 0xff, 0xff, 0xff, 0xff, 0xf9, 0x0,
    0xff, 0xff, 0xff, 0xff, 0xff, 0xff, 0xff, 0xff,
    0xff, 0xff, 0xff, 0xff, 0xff, 0xff, 0xff, 0xc0,
    0xff, 0xff, 0xff, 0xff, 0xff, 0xff, 0xff, 0xff,
    0xff, 0xff, 0xff, 0xff, 0xff, 0xff, 0xff, 0xf5,
    0xff, 0xff, 0xff, 0xff, 0xff, 0xff, 0xff, 0xff,
    0xff, 0xff, 0xff, 0xff, 0xff, 0xff, 0xff, 0xf7,
    0xff, 0xff, 0xff, 0xff, 0xff, 0xff, 0xff, 0xff,
    0xff, 0xff, 0xff, 0xff, 0xff, 0xff, 0xff, 0xf5,
    0xff, 0xff, 0xff, 0xff, 0xff, 0xff, 0xff, 0xff,
    0xff, 0xff, 0xff, 0xff, 0xff, 0xff, 0xff, 0xc0,
    0xff, 0xff, 0xff, 0xff, 0xff, 0xff, 0xff, 0xff,
    0xff, 0xff, 0xff, 0xff, 0xff, 0xff, 0xf8, 0x0,
    0xff, 0xff, 0xff, 0xff, 0xff, 0xff, 0xff, 0xff,
    0xff, 0xff, 0xff, 0xff, 0xff, 0xfb, 0x20, 0x0,
    0xff, 0xff, 0xff, 0xff, 0xff, 0xff, 0xff, 0xff,
    0xff, 0xff, 0xff, 0xff, 0xfe, 0x50, 0x0, 0x0,
    0xff, 0xff, 0xff, 0xff, 0xff, 0xff, 0xff, 0xff,
    0xff, 0xff, 0xff, 0xff, 0x80, 0x0, 0x0, 0x0,
    0xff, 0xff, 0xff, 0xff, 0xff, 0xff, 0xff, 0xff,
    0xff, 0xff, 0xff, 0xb2, 0x0, 0x0, 0x0, 0x0,
    0xff, 0xff, 0xff, 0xff, 0xff, 0xff, 0xff, 0xff,
    0xff, 0xff, 0xd4, 0x0, 0x0, 0x0, 0x0, 0x0,
    0xff, 0xff, 0xff, 0xff, 0xff, 0xff, 0xff, 0xff,
    0xff, 0xf7, 0x0, 0x0, 0x0, 0x0, 0x0, 0x0,
    0xff, 0xff, 0xff, 0xff, 0xff, 0xff, 0xff, 0xff,
    0xfa, 0x10, 0x0, 0x0, 0x0, 0x0, 0x0, 0x0,
    0xff, 0xff, 0xff, 0xff, 0xff, 0xff, 0xff, 0xfd,
    0x40, 0x0, 0x0, 0x0, 0x0, 0x0, 0x0, 0x0,
    0xff, 0xff, 0xff, 0xff, 0xff, 0xff, 0xff, 0x60,
    0x0, 0x0, 0x0, 0x0, 0x0, 0x0, 0x0, 0x0,
    0xff, 0xff, 0xff, 0xff, 0xff, 0xff, 0x91, 0x0,
    0x0, 0x0, 0x0, 0x0, 0x0, 0x0, 0x0, 0x0,
    0xff, 0xff, 0xff, 0xff, 0xff, 0xc3, 0x0, 0x0,
    0x0, 0x0, 0x0, 0x0, 0x0, 0x0, 0x0, 0x0,
    0xff, 0xff, 0xff, 0xff, 0xe6, 0x0, 0x0, 0x0,
    0x0, 0x0, 0x0, 0x0, 0x0, 0x0, 0x0, 0x0,
    0xbf, 0xff, 0xff, 0xf9, 0x10, 0x0, 0x0, 0x0,
    0x0, 0x0, 0x0, 0x0, 0x0, 0x0, 0x0, 0x0,
    0x1d, 0xff, 0xfc, 0x20, 0x0, 0x0, 0x0, 0x0,
    0x0, 0x0, 0x0, 0x0, 0x0, 0x0, 0x0, 0x0,
    0x0, 0x57, 0x40, 0x0, 0x0, 0x0, 0x0, 0x0,
    0x0, 0x0, 0x0, 0x0, 0x0, 0x0, 0x0, 0x0,

    /* U+F04C "" */
    0x0, 0x47, 0x77, 0x77, 0x77, 0x62, 0x0, 0x0,
    0x0, 0x0, 0x47, 0x77, 0x77, 0x77, 0x62, 0x0,
    0x1c, 0xff, 0xff, 0xff, 0xff, 0xff, 0x60, 0x0,
    0x0, 0x1c, 0xff, 0xff, 0xff, 0xff, 0xff, 0x60,
    0xaf, 0xff, 0xff, 0xff, 0xff, 0xff, 0xf2, 0x0,
    0x0, 0xaf, 0xff, 0xff, 0xff, 0xff, 0xff, 0xf2,
    0xef, 0xff, 0xff, 0xff, 0xff, 0xff, 0xf6, 0x0,
    0x0, 0xef, 0xff, 0xff, 0xff, 0xff, 0xff, 0xf6,
    0xff, 0xff, 0xff, 0xff, 0xff, 0xff, 0xf8, 0x0,
    0x0, 0xff, 0xff, 0xff, 0xff, 0xff, 0xff, 0xf8,
    0xff, 0xff, 0xff, 0xff, 0xff, 0xff, 0xf8, 0x0,
    0x0, 0xff, 0xff, 0xff, 0xff, 0xff, 0xff, 0xf8,
    0xff, 0xff, 0xff, 0xff, 0xff, 0xff, 0xf8, 0x0,
    0x0, 0xff, 0xff, 0xff, 0xff, 0xff, 0xff, 0xf8,
    0xff, 0xff, 0xff, 0xff, 0xff, 0xff, 0xf8, 0x0,
    0x0, 0xff, 0xff, 0xff, 0xff, 0xff, 0xff, 0xf8,
    0xff, 0xff, 0xff, 0xff, 0xff, 0xff, 0xf8, 0x0,
    0x0, 0xff, 0xff, 0xff, 0xff, 0xff, 0xff, 0xf8,
    0xff, 0xff, 0xff, 0xff, 0xff, 0xff, 0xf8, 0x0,
    0x0, 0xff, 0xff, 0xff, 0xff, 0xff, 0xff, 0xf8,
    0xff, 0xff, 0xff, 0xff, 0xff, 0xff, 0xf8, 0x0,
    0x0, 0xff, 0xff, 0xff, 0xff, 0xff, 0xff, 0xf8,
    0xff, 0xff, 0xff, 0xff, 0xff, 0xff, 0xf8, 0x0,
    0x0, 0xff, 0xff, 0xff, 0xff, 0xff, 0xff, 0xf8,
    0xff, 0xff, 0xff, 0xff, 0xff, 0xff, 0xf8, 0x0,
    0x0, 0xff, 0xff, 0xff, 0xff, 0xff, 0xff, 0xf8,
    0xff, 0xff, 0xff, 0xff, 0xff, 0xff, 0xf8, 0x0,
    0x0, 0xff, 0xff, 0xff, 0xff, 0xff, 0xff, 0xf8,
    0xff, 0xff, 0xff, 0xff, 0xff, 0xff, 0xf8, 0x0,
    0x0, 0xff, 0xff, 0xff, 0xff, 0xff, 0xff, 0xf8,
    0xff, 0xff, 0xff, 0xff, 0xff, 0xff, 0xf8, 0x0,
    0x0, 0xff, 0xff, 0xff, 0xff, 0xff, 0xff, 0xf8,
    0xff, 0xff, 0xff, 0xff, 0xff, 0xff, 0xf8, 0x0,
    0x0, 0xff, 0xff, 0xff, 0xff, 0xff, 0xff, 0xf8,
    0xff, 0xff, 0xff, 0xff, 0xff, 0xff, 0xf8, 0x0,
    0x0, 0xff, 0xff, 0xff, 0xff, 0xff, 0xff, 0xf8,
    0xff, 0xff, 0xff, 0xff, 0xff, 0xff, 0xf8, 0x0,
    0x0, 0xff, 0xff, 0xff, 0xff, 0xff, 0xff, 0xf8,
    0xff, 0xff, 0xff, 0xff, 0xff, 0xff, 0xf8, 0x0,
    0x0, 0xff, 0xff, 0xff, 0xff, 0xff, 0xff, 0xf8,
    0xff, 0xff, 0xff, 0xff, 0xff, 0xff, 0xf8, 0x0,
    0x0, 0xff, 0xff, 0xff, 0xff, 0xff, 0xff, 0xf8,
    0xff, 0xff, 0xff, 0xff, 0xff, 0xff, 0xf8, 0x0,
    0x0, 0xff, 0xff, 0xff, 0xff, 0xff, 0xff, 0xf8,
    0xff, 0xff, 0xff, 0xff, 0xff, 0xff, 0xf8, 0x0,
    0x0, 0xff, 0xff, 0xff, 0xff, 0xff, 0xff, 0xf8,
    0xff, 0xff, 0xff, 0xff, 0xff, 0xff, 0xf8, 0x0,
    0x0, 0xff, 0xff, 0xff, 0xff, 0xff, 0xff, 0xf8,
    0xff, 0xff, 0xff, 0xff, 0xff, 0xff, 0xf8, 0x0,
    0x0, 0xff, 0xff, 0xff, 0xff, 0xff, 0xff, 0xf8,
    0xff, 0xff, 0xff, 0xff, 0xff, 0xff, 0xf8, 0x0,
    0x0, 0xff, 0xff, 0xff, 0xff, 0xff, 0xff, 0xf8,
    0xff, 0xff, 0xff, 0xff, 0xff, 0xff, 0xf8, 0x0,
    0x0, 0xff, 0xff, 0xff, 0xff, 0xff, 0xff, 0xf8,
    0xff, 0xff, 0xff, 0xff, 0xff, 0xff, 0xf8, 0x0,
    0x0, 0xff, 0xff, 0xff, 0xff, 0xff, 0xff, 0xf8,
    0xff, 0xff, 0xff, 0xff, 0xff, 0xff, 0xf7, 0x0,
    0x0, 0xff, 0xff, 0xff, 0xff, 0xff, 0xff, 0xf7,
    0xdf, 0xff, 0xff, 0xff, 0xff, 0xff, 0xf5, 0x0,
    0x0, 0xdf, 0xff, 0xff, 0xff, 0xff, 0xff, 0xf5,
    0x6f, 0xff, 0xff, 0xff, 0xff, 0xff, 0xd0, 0x0,
    0x0, 0x6f, 0xff, 0xff, 0xff, 0xff, 0xff, 0xd0,
    0x6, 0xef, 0xff, 0xff, 0xff, 0xfb, 0x10, 0x0,
    0x0, 0x6, 0xef, 0xff, 0xff, 0xff, 0xfb, 0x10,
    0x0, 0x0, 0x0, 0x0, 0x0, 0x0, 0x0, 0x0,
    0x0, 0x0, 0x0, 0x0, 0x0, 0x0, 0x0, 0x0,

    /* U+F04D "" */
    0x0, 0x47, 0x77, 0x77, 0x77, 0x77, 0x77, 0x77,
    0x77, 0x77, 0x77, 0x77, 0x77, 0x77, 0x62, 0x0,
    0x1c, 0xff, 0xff, 0xff, 0xff, 0xff, 0xff, 0xff,
    0xff, 0xff, 0xff, 0xff, 0xff, 0xff, 0xff, 0x60,
    0xaf, 0xff, 0xff, 0xff, 0xff, 0xff, 0xff, 0xff,
    0xff, 0xff, 0xff, 0xff, 0xff, 0xff, 0xff, 0xf2,
    0xef, 0xff, 0xff, 0xff, 0xff, 0xff, 0xff, 0xff,
    0xff, 0xff, 0xff, 0xff, 0xff, 0xff, 0xff, 0xf6,
    0xff, 0xff, 0xff, 0xff, 0xff, 0xff, 0xff, 0xff,
    0xff, 0xff, 0xff, 0xff, 0xff, 0xff, 0xff, 0xf8,
    0xff, 0xff, 0xff, 0xff, 0xff, 0xff, 0xff, 0xff,
    0xff, 0xff, 0xff, 0xff, 0xff, 0xff, 0xff, 0xf8,
    0xff, 0xff, 0xff, 0xff, 0xff, 0xff, 0xff, 0xff,
    0xff, 0xff, 0xff, 0xff, 0xff, 0xff, 0xff, 0xf8,
    0xff, 0xff, 0xff, 0xff, 0xff, 0xff, 0xff, 0xff,
    0xff, 0xff, 0xff, 0xff, 0xff, 0xff, 0xff, 0xf8,
    0xff, 0xff, 0xff, 0xff, 0xff, 0xff, 0xff, 0xff,
    0xff, 0xff, 0xff, 0xff, 0xff, 0xff, 0xff, 0xf8,
    0xff, 0xff, 0xff, 0xff, 0xff, 0xff, 0xff, 0xff,
    0xff, 0xff, 0xff, 0xff, 0xff, 0xff, 0xff, 0xf8,
    0xff, 0xff, 0xff, 0xff, 0xff, 0xff, 0xff, 0xff,
    0xff, 0xff, 0xff, 0xff, 0xff, 0xff, 0xff, 0xf8,
    0xff, 0xff, 0xff, 0xff, 0xff, 0xff, 0xff, 0xff,
    0xff, 0xff, 0xff, 0xff, 0xff, 0xff, 0xff, 0xf8,
    0xff, 0xff, 0xff, 0xff, 0xff, 0xff, 0xff, 0xff,
    0xff, 0xff, 0xff, 0xff, 0xff, 0xff, 0xff, 0xf8,
    0xff, 0xff, 0xff, 0xff, 0xff, 0xff, 0xff, 0xff,
    0xff, 0xff, 0xff, 0xff, 0xff, 0xff, 0xff, 0xf8,
    0xff, 0xff, 0xff, 0xff, 0xff, 0xff, 0xff, 0xff,
    0xff, 0xff, 0xff, 0xff, 0xff, 0xff, 0xff, 0xf8,
    0xff, 0xff, 0xff, 0xff, 0xff, 0xff, 0xff, 0xff,
    0xff, 0xff, 0xff, 0xff, 0xff, 0xff, 0xff, 0xf8,
    0xff, 0xff, 0xff, 0xff, 0xff, 0xff, 0xff, 0xff,
    0xff, 0xff, 0xff, 0xff, 0xff, 0xff, 0xff, 0xf8,
    0xff, 0xff, 0xff, 0xff, 0xff, 0xff, 0xff, 0xff,
    0xff, 0xff, 0xff, 0xff, 0xff, 0xff, 0xff, 0xf8,
    0xff, 0xff, 0xff, 0xff, 0xff, 0xff, 0xff, 0xff,
    0xff, 0xff, 0xff, 0xff, 0xff, 0xff, 0xff, 0xf8,
    0xff, 0xff, 0xff, 0xff, 0xff, 0xff, 0xff, 0xff,
    0xff, 0xff, 0xff, 0xff, 0xff, 0xff, 0xff, 0xf8,
    0xff, 0xff, 0xff, 0xff, 0xff, 0xff, 0xff, 0xff,
    0xff, 0xff, 0xff, 0xff, 0xff, 0xff, 0xff, 0xf8,
    0xff, 0xff, 0xff, 0xff, 0xff, 0xff, 0xff, 0xff,
    0xff, 0xff, 0xff, 0xff, 0xff, 0xff, 0xff, 0xf8,
    0xff, 0xff, 0xff, 0xff, 0xff, 0xff, 0xff, 0xff,
    0xff, 0xff, 0xff, 0xff, 0xff, 0xff, 0xff, 0xf8,
    0xff, 0xff, 0xff, 0xff, 0xff, 0xff, 0xff, 0xff,
    0xff, 0xff, 0xff, 0xff, 0xff, 0xff, 0xff, 0xf8,
    0xff, 0xff, 0xff, 0xff, 0xff, 0xff, 0xff, 0xff,
    0xff, 0xff, 0xff, 0xff, 0xff, 0xff, 0xff, 0xf8,
    0xff, 0xff, 0xff, 0xff, 0xff, 0xff, 0xff, 0xff,
    0xff, 0xff, 0xff, 0xff, 0xff, 0xff, 0xff, 0xf8,
    0xff, 0xff, 0xff, 0xff, 0xff, 0xff, 0xff, 0xff,
    0xff, 0xff, 0xff, 0xff, 0xff, 0xff, 0xff, 0xf8,
    0xff, 0xff, 0xff, 0xff, 0xff, 0xff, 0xff, 0xff,
    0xff, 0xff, 0xff, 0xff, 0xff, 0xff, 0xff, 0xf8,
    0xff, 0xff, 0xff, 0xff, 0xff, 0xff, 0xff, 0xff,
    0xff, 0xff, 0xff, 0xff, 0xff, 0xff, 0xff, 0xf7,
    0xdf, 0xff, 0xff, 0xff, 0xff, 0xff, 0xff, 0xff,
    0xff, 0xff, 0xff, 0xff, 0xff, 0xff, 0xff, 0xf5,
    0x6f, 0xff, 0xff, 0xff, 0xff, 0xff, 0xff, 0xff,
    0xff, 0xff, 0xff, 0xff, 0xff, 0xff, 0xff, 0xd0,
    0x6, 0xef, 0xff, 0xff, 0xff, 0xff, 0xff, 0xff,
    0xff, 0xff, 0xff, 0xff, 0xff, 0xff, 0xfb, 0x10,
    0x0, 0x0, 0x0, 0x0, 0x0, 0x0, 0x0, 0x0,
    0x0, 0x0, 0x0, 0x0, 0x0, 0x0, 0x0, 0x0,

    /* U+F051 "" */
    0x1, 0x65, 0x0, 0x0, 0x0, 0x0, 0x0, 0x0,
    0x0, 0x57, 0x77, 0x42, 0xef, 0xfa, 0x0, 0x0,
    0x0, 0x0, 0x0, 0x0, 0xf, 0xff, 0xff, 0x7f,
    0xff, 0xfb, 0x0, 0x0, 0x0, 0x0, 0x0, 0x1,
    0xff, 0xff, 0xf8, 0xff, 0xff, 0xfc, 0x10, 0x0,
    0x0, 0x0, 0x0, 0x1f, 0xff, 0xff, 0x8f, 0xff,
    0xff, 0xfd, 0x10, 0x0, 0x0, 0x0, 0x1, 0xff,
    0xff, 0xf8, 0xff, 0xff, 0xff, 0xfd, 0x20, 0x0,
    0x0, 0x0, 0x1f, 0xff, 0xff, 0x8f, 0xff, 0xff,
    0xff, 0xfe, 0x30, 0x0, 0x0, 0x1, 0xff, 0xff,
    0xf8, 0xff, 0xff, 0xff, 0xff, 0xff, 0x40, 0x0,
    0x0, 0x1f, 0xff, 0xff, 0x8f, 0xff, 0xff, 0xff,
    0xff, 0xff, 0x50, 0x0, 0x1, 0xff, 0xff, 0xf8,
    0xff, 0xff, 0xff, 0xff, 0xff, 0xff, 0x60, 0x0,
    0x1f, 0xff, 0xff, 0x8f, 0xff, 0xff, 0xff, 0xff,
    0xff, 0xff, 0x70, 0x1, 0xff, 0xff, 0xf8, 0xff,
    0xff, 0xff, 0xff, 0xff, 0xff, 0xff, 0x80, 0x1f,
    0xff, 0xff, 0x8f, 0xff, 0xff, 0xff, 0xff, 0xff,
    0xff, 0xff, 0xa1, 0xff, 0xff, 0xf8, 0xff, 0xff,
    0xff, 0xff, 0xff, 0xff, 0xff, 0xff, 0xbf, 0xff,
    0xff, 0x8f, 0xff, 0xff, 0xff, 0xff, 0xff, 0xff,
    0xff, 0xff, 0xff, 0xff, 0xf8, 0xff, 0xff, 0xff,
    0xff, 0xff, 0xff, 0xff, 0xff, 0xff, 0xff, 0xff,
    0x8f, 0xff, 0xff, 0xff, 0xff, 0xff, 0xff, 0xff,
    0xff, 0xff, 0xff, 0xf8, 0xff, 0xff, 0xff, 0xff,
    0xff, 0xff, 0xff, 0xff, 0xff, 0xff, 0xff, 0x8f,
    0xff, 0xff, 0xff, 0xff, 0xff, 0xff, 0xff, 0xff,
    0xff, 0xff, 0xf8, 0xff, 0xff, 0xff, 0xff, 0xff,
    0xff, 0xff, 0xff, 0x5f, 0xff, 0xff, 0x8f, 0xff,
    0xff, 0xff, 0xff, 0xff, 0xff, 0xfe, 0x31, 0xff,
    0xff, 0xf8, 0xff, 0xff, 0xff, 0xff, 0xff, 0xff,
    0xfe, 0x20, 0x1f, 0xff, 0xff, 0x8f, 0xff, 0xff,
    0xff, 0xff, 0xff, 0xfd, 0x10, 0x1, 0xff, 0xff,
    0xf8, 0xff, 0xff, 0xff, 0xff, 0xff, 0xfc, 0x10,
    0x0, 0x1f, 0xff, 0xff, 0x8f, 0xff, 0xff, 0xff,
    0xff, 0xfb, 0x0, 0x0, 0x1, 0xff, 0xff, 0xf8,
    0xff, 0xff, 0xff, 0xff, 0xfb, 0x0, 0x0, 0x0,
    0x1f, 0xff, 0xff, 0x8f, 0xff, 0xff, 0xff, 0xf9,
    0x0, 0x0, 0x0, 0x1, 0xff, 0xff, 0xf8, 0xff,
    0xff, 0xff, 0xf8, 0x0, 0x0, 0x0, 0x0, 0x1f,
    0xff, 0xff, 0x8f, 0xff, 0xff, 0xf7, 0x0, 0x0,
    0x0, 0x0, 0x1, 0xff, 0xff, 0xf7, 0xff, 0xff,
    0xf6, 0x0, 0x0, 0x0, 0x0, 0x0, 0x1f, 0xff,
    0xff, 0x5f, 0xff, 0xf5, 0x0, 0x0, 0x0, 0x0,
    0x0, 0x1, 0xff, 0xff, 0xf0, 0xaf, 0xe4, 0x0,
    0x0, 0x0, 0x0, 0x0, 0x0, 0xe, 0xff, 0xfd,
    0x0, 0x0, 0x0, 0x0, 0x0, 0x0, 0x0, 0x0,
    0x0, 0x0, 0x0, 0x0,

    /* U+F053 "" */
    0x0, 0x0, 0x0, 0x0, 0x0, 0x0, 0x0, 0x8,
    0xb4, 0x0, 0x0, 0x0, 0x0, 0x0, 0x0, 0x0,
    0x0, 0xaf, 0xff, 0x50, 0x0, 0x0, 0x0, 0x0,
    0x0, 0x0, 0xa, 0xff, 0xff, 0xf3, 0x0, 0x0,
    0x0, 0x0, 0x0, 0x0, 0xaf, 0xff, 0xff, 0xf8,
    0x0, 0x0, 0x0, 0x0, 0x0, 0xa, 0xff, 0xff,
    0xff, 0xf3, 0x0, 0x0, 0x0, 0x0, 0x0, 0xaf,
    0xff, 0xff, 0xff, 0x40, 0x0, 0x0, 0x0, 0x0,
    0xa, 0xff, 0xff, 0xff, 0xf4, 0x0, 0x0, 0x0,
    0x0, 0x0, 0xaf, 0xff, 0xff, 0xff, 0x40, 0x0,
    0x0, 0x0, 0x0, 0xa, 0xff, 0xff, 0xff, 0xf4,
    0x0, 0x0, 0x0, 0x0, 0x0, 0xaf, 0xff, 0xff,
    0xff, 0x40, 0x0, 0x0, 0x0, 0x0, 0xa, 0xff,
    0xff, 0xff, 0xf4, 0x0, 0x0, 0x0, 0x0, 0x0,
    0xaf, 0xff, 0xff, 0xff, 0x40, 0x0, 0x0, 0x0,
    0x0, 0xa, 0xff, 0xff, 0xff, 0xf4, 0x0, 0x0,
    0x0, 0x0, 0x0, 0xaf, 0xff, 0xff, 0xff, 0x40,
    0x0, 0x0, 0x0, 0x0, 0xa, 0xff, 0xff, 0xff,
    0xf4, 0x0, 0x0, 0x0, 0x0, 0x0, 0xf, 0xff,
    0xff, 0xff, 0x70, 0x0, 0x0, 0x0, 0x0, 0x0,
    0xa, 0xff, 0xff, 0xff, 0xf3, 0x0, 0x0, 0x0,
    0x0, 0x0, 0x0, 0xbf, 0xff, 0xff, 0xff, 0x30,
    0x0, 0x0, 0x0, 0x0, 0x0, 0xb, 0xff, 0xff,
    0xff, 0xf3, 0x0, 0x0, 0x0, 0x0, 0x0, 0x0,
    0xbf, 0xff, 0xff, 0xff, 0x30, 0x0, 0x0, 0x0,
    0x0, 0x0, 0xb, 0xff, 0xff, 0xff, 0xf3, 0x0,
    0x0, 0x0, 0x0, 0x0, 0x0, 0xbf, 0xff, 0xff,
    0xff, 0x30, 0x0, 0x0, 0x0, 0x0, 0x0, 0xb,
    0xff, 0xff, 0xff, 0xf3, 0x0, 0x0, 0x0, 0x0,
    0x0, 0x0, 0xbf, 0xff, 0xff, 0xff, 0x30, 0x0,
    0x0, 0x0, 0x0, 0x0, 0xb, 0xff, 0xff, 0xff,
    0xf3, 0x0, 0x0, 0x0, 0x0, 0x0, 0x0, 0xbf,
    0xff, 0xff, 0xff, 0x30, 0x0, 0x0, 0x0, 0x0,
    0x0, 0xb, 0xff, 0xff, 0xff, 0xf2, 0x0, 0x0,
    0x0, 0x0, 0x0, 0x0, 0xbf, 0xff, 0xff, 0xf8,
    0x0, 0x0, 0x0, 0x0, 0x0, 0x0, 0xb, 0xff,
    0xff, 0xf3, 0x0, 0x0, 0x0, 0x0, 0x0, 0x0,
    0x0, 0xbf, 0xff, 0x50, 0x0, 0x0, 0x0, 0x0,
    0x0, 0x0, 0x0, 0x9, 0xc5, 0x0,

    /* U+F067 "" */
    0x0, 0x0, 0x0, 0x0, 0x0, 0x0, 0x1, 0x55,
    0x53, 0x0, 0x0, 0x0, 0x0, 0x0, 0x0, 0x0,
    0x0, 0x0, 0x0, 0x0, 0x0, 0x0, 0x2e, 0xff,
    0xff, 0x80, 0x0, 0x0, 0x0, 0x0, 0x0, 0x0,
    0x0, 0x0, 0x0, 0x0, 0x0, 0x0, 0x8f, 0xff,
    0xff, 0xf0, 0x0, 0x0, 0x0, 0x0, 0x0, 0x0,
    0x0, 0x0, 0x0, 0x0, 0x0, 0x0, 0xaf, 0xff,
    0xff, 0xf2, 0x0, 0x0, 0x0, 0x0, 0x0, 0x0,
    0x0, 0x0, 0x0, 0x0, 0x0, 0x0, 0xaf, 0xff,
    0xff, 0xf2, 0x0, 0x0, 0x0, 0x0, 0x0, 0x0,
    0x0, 0x0, 0x0, 0x0, 0x0, 0x0, 0xaf, 0xff,
    0xff, 0xf2, 0x0, 0x0, 0x0, 0x0, 0x0, 0x0,
    0x0, 0x0, 0x0, 0x0, 0x0, 0x0, 0xaf, 0xff,
    0xff, 0xf2, 0x0, 0x0, 0x0, 0x0, 0x0, 0x0,
    0x0, 0x0, 0x0, 0x0, 0x0, 0x0, 0xaf, 0xff,
    0xff, 0xf2, 0x0, 0x0, 0x0, 0x0, 0x0, 0x0,
    0x0, 0x0, 0x0, 0x0, 0x0, 0x0, 0xaf, 0xff,
    0xff, 0xf2, 0x0, 0x0, 0x0, 0x0, 0x0, 0x0,
    0x0, 0x0, 0x0, 0x0, 0x0, 0x0, 0xaf, 0xff,
    0xff, 0xf2, 0x0, 0x0, 0x0, 0x0, 0x0, 0x0,
    0x0, 0x0, 0x0, 0x0, 0x0, 0x0, 0xaf, 0xff,
    0xff, 0xf2, 0x0, 0x0, 0x0, 0x0, 0x0, 0x0,
    0x0, 0x0, 0x0, 0x0, 0x0, 0x0, 0xaf, 0xff,
    0xff, 0xf2, 0x0, 0x0, 0x0, 0x0, 0x0, 0x0,
    0x0, 0x0, 0x0, 0x0, 0x0, 0x0, 0xaf, 0xff,
    0xff, 0xf2, 0x0, 0x0, 0x0, 0x0, 0x0, 0x0,
    0x2c, 0xff, 0xff, 0xff, 0xff, 0xff, 0xff, 0xff,
    0xff, 0xff, 0xff, 0xff, 0xff, 0xff, 0xfe, 0x80,
    0xcf, 0xff, 0xff, 0xff, 0xff, 0xff, 0xff, 0xff,
    0xff, 0xff, 0xff, 0xff, 0xff, 0xff, 0xff, 0xf4,
    0xff, 0xff, 0xff, 0xff, 0xff, 0xff, 0xff, 0xff,
    0xff, 0xff, 0xff, 0xff, 0xff, 0xff, 0xff, 0xf7,
    0xff, 0xff, 0xff, 0xff, 0xff, 0xff, 0xff, 0xff,
    0xff, 0xff, 0xff, 0xff, 0xff, 0xff, 0xff, 0xf8,
    0xff, 0xff, 0xff, 0xff, 0xff, 0xff, 0xff, 0xff,
    0xff, 0xff, 0xff, 0xff, 0xff, 0xff, 0xff, 0xf7,
    0xbf, 0xff, 0xff, 0xff, 0xff, 0xff, 0xff, 0xff,
    0xff, 0xff, 0xff, 0xff, 0xff, 0xff, 0xff, 0xf3,
    0x19, 0xcc, 0xcc, 0xcc, 0xcc, 0xcc, 0xef, 0xff,
    0xff, 0xfc, 0xcc, 0xcc, 0xcc, 0xcc, 0xcb, 0x50,
    0x0, 0x0, 0x0, 0x0, 0x0, 0x0, 0xaf, 0xff,
    0xff, 0xf2, 0x0, 0x0, 0x0, 0x0, 0x0, 0x0,
    0x0, 0x0, 0x0, 0x0, 0x0, 0x0, 0xaf, 0xff,
    0xff, 0xf2, 0x0, 0x0, 0x0, 0x0, 0x0, 0x0,
    0x0, 0x0, 0x0, 0x0, 0x0, 0x0, 0xaf, 0xff,
    0xff, 0xf2, 0x0, 0x0, 0x0, 0x0, 0x0, 0x0,
    0x0, 0x0, 0x0, 0x0, 0x0, 0x0, 0xaf, 0xff,
    0xff, 0xf2, 0x0, 0x0, 0x0, 0x0, 0x0, 0x0,
    0x0, 0x0, 0x0, 0x0, 0x0, 0x0, 0xaf, 0xff,
    0xff, 0xf2, 0x0, 0x0, 0x0, 0x0, 0x0, 0x0,
    0x0, 0x0, 0x0, 0x0, 0x0, 0x0, 0xaf, 0xff,
    0xff, 0xf2, 0x0, 0x0, 0x0, 0x0, 0x0, 0x0,
    0x0, 0x0, 0x0, 0x0, 0x0, 0x0, 0xaf, 0xff,
    0xff, 0xf2, 0x0, 0x0, 0x0, 0x0, 0x0, 0x0,
    0x0, 0x0, 0x0, 0x0, 0x0, 0x0, 0xaf, 0xff,
    0xff, 0xf2, 0x0, 0x0, 0x0, 0x0, 0x0, 0x0,
    0x0, 0x0, 0x0, 0x0, 0x0, 0x0, 0xaf, 0xff,
    0xff, 0xf2, 0x0, 0x0, 0x0, 0x0, 0x0, 0x0,
    0x0, 0x0, 0x0, 0x0, 0x0, 0x0, 0x9f, 0xff,
    0xff, 0xf1, 0x0, 0x0, 0x0, 0x0, 0x0, 0x0,
    0x0, 0x0, 0x0, 0x0, 0x0, 0x0, 0x7f, 0xff,
    0xff, 0xf0, 0x0, 0x0, 0x0, 0x0, 0x0, 0x0,
    0x0, 0x0, 0x0, 0x0, 0x0, 0x0, 0xc, 0xff,
    0xff, 0x50, 0x0, 0x0, 0x0, 0x0, 0x0, 0x0,
    0x0, 0x0, 0x0, 0x0, 0x0, 0x0, 0x0, 0x12,
    0x20, 0x0, 0x0, 0x0, 0x0, 0x0, 0x0, 0x0,

    /* U+F068 "" */
    0x19, 0xcc, 0xcc, 0xcc, 0xcc, 0xcc, 0xcc, 0xcc,
    0xcc, 0xcc, 0xcc, 0xcc, 0xcc, 0xcc, 0xcb, 0x50,
    0xbf, 0xff, 0xff, 0xff, 0xff, 0xff, 0xff, 0xff,
    0xff, 0xff, 0xff, 0xff, 0xff, 0xff, 0xff, 0xf3,
    0xff, 0xff, 0xff, 0xff, 0xff, 0xff, 0xff, 0xff,
    0xff, 0xff, 0xff, 0xff, 0xff, 0xff, 0xff, 0xf7,
    0xff, 0xff, 0xff, 0xff, 0xff, 0xff, 0xff, 0xff,
    0xff, 0xff, 0xff, 0xff, 0xff, 0xff, 0xff, 0xf8,
    0xff, 0xff, 0xff, 0xff, 0xff, 0xff, 0xff, 0xff,
    0xff, 0xff, 0xff, 0xff, 0xff, 0xff, 0xff, 0xf7,
    0xcf, 0xff, 0xff, 0xff, 0xff, 0xff, 0xff, 0xff,
    0xff, 0xff, 0xff, 0xff, 0xff, 0xff, 0xff, 0xf4,
    0x2c, 0xff, 0xff, 0xff, 0xff, 0xff, 0xff, 0xff,
    0xff, 0xff, 0xff, 0xff, 0xff, 0xff, 0xfe, 0x70,

    /* U+F06E "" */
    0x0, 0x0, 0x0, 0x0, 0x0, 0x0, 0x0, 0x37,
    0xad, 0xef, 0xfe, 0xdb, 0x85, 0x10, 0x0, 0x0,
    0x0, 0x0, 0x0, 0x0, 0x0, 0x0, 0x0, 0x0,
    0x0, 0x0, 0x28, 0xef, 0xff, 0xff, 0xff, 0xff,
    0xff, 0xff, 0xb5, 0x0, 0x0, 0x0, 0x0, 0x0,
    0x0, 0x0, 0x0, 0x0, 0x0, 0x2, 0xbf, 0xff,
    0xff, 0xff, 0xff, 0xff, 0xff, 0xff, 0xff, 0xfd,
    0x50, 0x0, 0x0, 0x0, 0x0, 0x0, 0x0, 0x0,
    0x0, 0x9, 0xff, 0xff, 0xff, 0xff, 0xc8, 0x76,
    0x8a, 0xef, 0xff, 0xff, 0xff, 0xc2, 0x0, 0x0,
    0x0, 0x0, 0x0, 0x0, 0x0, 0x2d, 0xff, 0xff,
    0xff, 0xf8, 0x10, 0x0, 0x0, 0x0, 0x5d, 0xff,
    0xff, 0xff, 0xf6, 0x0, 0x0, 0x0, 0x0, 0x0,
    0x0, 0x5f, 0xff, 0xff, 0xff, 0xd2, 0x0, 0x0,
    0x0, 0x0, 0x0, 0xa, 0xff, 0xff, 0xff, 0xfa,
    0x0, 0x0, 0x0, 0x0, 0x0, 0x5f, 0xff, 0xff,
    0xff, 0xd1, 0x0, 0x0, 0x14, 0x53, 0x0, 0x0,
    0x9, 0xff, 0xff, 0xff, 0xfa, 0x0, 0x0, 0x0,
    0x0, 0x5f, 0xff, 0xff, 0xff, 0xe2, 0x0, 0x0,
    0x3, 0xff, 0xff, 0x80, 0x0, 0xb, 0xff, 0xff,
    0xff, 0xfb, 0x0, 0x0, 0x0, 0x3f, 0xff, 0xff,
    0xff, 0xf7, 0x0, 0x0, 0x0, 0xe, 0xff, 0xff,
    0xc1, 0x0, 0x1f, 0xff, 0xff, 0xff, 0xf8, 0x0,
    0x0, 0x1d, 0xff, 0xff, 0xff, 0xfe, 0x0, 0x0,
    0x0, 0x0, 0xff, 0xff, 0xff, 0xb0, 0x0, 0x9f,
    0xff, 0xff, 0xff, 0xf5, 0x0, 0x9, 0xff, 0xff,
    0xff, 0xff, 0x90, 0x0, 0x0, 0x0, 0x5f, 0xff,
    0xff, 0xff, 0x50, 0x3, 0xff, 0xff, 0xff, 0xff,
    0xe1, 0x3, 0xff, 0xff, 0xff, 0xff, 0xf5, 0x0,
    0x11, 0x0, 0x4e, 0xff, 0xff, 0xff, 0xfb, 0x0,
    0xf, 0xff, 0xff, 0xff, 0xff, 0x90, 0xcf, 0xff,
    0xff, 0xff, 0xff, 0x30, 0x6, 0xfc, 0xef, 0xff,
    0xff, 0xff, 0xff, 0xe0, 0x0, 0xdf, 0xff, 0xff,
    0xff, 0xff, 0x2f, 0xff, 0xff, 0xff, 0xff, 0xf2,
    0x0, 0x7f, 0xff, 0xff, 0xff, 0xff, 0xff, 0xff,
    0x0, 0xc, 0xff, 0xff, 0xff, 0xff, 0xf4, 0xcf,
    0xff, 0xff, 0xff, 0xff, 0x30, 0x6, 0xff, 0xff,
    0xff, 0xff, 0xff, 0xff, 0xe0, 0x0, 0xdf, 0xff,
    0xff, 0xff, 0xff, 0x23, 0xff, 0xff, 0xff, 0xff,
    0xf5, 0x0, 0x2f, 0xff, 0xff, 0xff, 0xff, 0xff,
    0xfa, 0x0, 0xf, 0xff, 0xff, 0xff, 0xff, 0x90,
    0xa, 0xff, 0xff, 0xff, 0xff, 0x90, 0x0, 0xbf,
    0xff, 0xff, 0xff, 0xff, 0xff, 0x30, 0x3, 0xff,
    0xff, 0xff, 0xff, 0xe0, 0x0, 0xe, 0xff, 0xff,
    0xff, 0xfe, 0x0, 0x1, 0xef, 0xff, 0xff, 0xff,
    0xff, 0x80, 0x0, 0x9f, 0xff, 0xff, 0xff, 0xf5,
    0x0, 0x0, 0x3f, 0xff, 0xff, 0xff, 0xf7, 0x0,
    0x2, 0xef, 0xff, 0xff, 0xff, 0x90, 0x0, 0x1f,
    0xff, 0xff, 0xff, 0xf8, 0x0, 0x0, 0x0, 0x5f,
    0xff, 0xff, 0xff, 0xe2, 0x0, 0x0, 0x8e, 0xff,
    0xfb, 0x40, 0x0, 0xb, 0xff, 0xff, 0xff, 0xfb,
    0x0, 0x0, 0x0, 0x0, 0x6f, 0xff, 0xff, 0xff,
    0xd1, 0x0, 0x0, 0x1, 0x10, 0x0, 0x0, 0x9,
    0xff, 0xff, 0xff, 0xfa, 0x0, 0x0, 0x0, 0x0,
    0x0, 0x5f, 0xff, 0xff, 0xff, 0xd2, 0x0, 0x0,
    0x0, 0x0, 0x0, 0xa, 0xff, 0xff, 0xff, 0xfa,
    0x0, 0x0, 0x0, 0x0, 0x0, 0x0, 0x3d, 0xff,
    0xff, 0xff, 0xf8, 0x10, 0x0, 0x0, 0x0, 0x5d,
    0xff, 0xff, 0xff, 0xf6, 0x0, 0x0, 0x0, 0x0,
    0x0, 0x0, 0x0, 0x9, 0xff, 0xff, 0xff, 0xff,
    0xc8, 0x66, 0x7a, 0xef, 0xff, 0xff, 0xff, 0xc2,
    0x0, 0x0, 0x0, 0x0, 0x0, 0x0, 0x0, 0x0,
    0x2, 0xbf, 0xff, 0xff, 0xff, 0xff, 0xff, 0xff,
    0xff, 0xff, 0xfd, 0x50, 0x0, 0x0, 0x0, 0x0,
    0x0, 0x0, 0x0, 0x0, 0x0, 0x0, 0x29, 0xef,
    0xff, 0xff, 0xff, 0xff, 0xff, 0xff, 0xb5, 0x0,
    0x0, 0x0, 0x0, 0x0, 0x0, 0x0, 0x0, 0x0,
    0x0, 0x0, 0x0, 0x0, 0x37, 0xad, 0xef, 0xfe,
    0xdb, 0x85, 0x10, 0x0, 0x0, 0x0, 0x0, 0x0,
    0x0, 0x0,

    /* U+F077 "" */
    0x0, 0x0, 0x0, 0x0, 0x0, 0x0, 0x0, 0x3c,
    0x90, 0x0, 0x0, 0x0, 0x0, 0x0, 0x0, 0x0,
    0x0, 0x0, 0x0, 0x0, 0x0, 0x0, 0x4, 0xff,
    0xfb, 0x0, 0x0, 0x0, 0x0, 0x0, 0x0, 0x0,
    0x0, 0x0, 0x0, 0x0, 0x0, 0x0, 0x4f, 0xff,
    0xff, 0xb0, 0x0, 0x0, 0x0, 0x0, 0x0, 0x0,
    0x0, 0x0, 0x0, 0x0, 0x0, 0x4, 0xff, 0xff,
    0xff, 0xfb, 0x0, 0x0, 0x0, 0x0, 0x0, 0x0,
    0x0, 0x0, 0x0, 0x0, 0x0, 0x4f, 0xff, 0xff,
    0xff, 0xff, 0xb0, 0x0, 0x0, 0x0, 0x0, 0x0,
    0x0, 0x0, 0x0, 0x0, 0x4, 0xff, 0xff, 0xff,
    0xff, 0xff, 0xfb, 0x0, 0x0, 0x0, 0x0, 0x0,
    0x0, 0x0, 0x0, 0x0, 0x4f, 0xff, 0xff, 0xff,
    0xff, 0xff, 0xff, 0xb0, 0x0, 0x0, 0x0, 0x0,
    0x0, 0x0, 0x0, 0x4, 0xff, 0xff, 0xff, 0xfb,
    0xff, 0xff, 0xff, 0xfb, 0x0, 0x0, 0x0, 0x0,
    0x0, 0x0, 0x0, 0x4f, 0xff, 0xff, 0xff, 0xa0,
    0x3f, 0xff, 0xff, 0xff, 0xb0, 0x0, 0x0, 0x0,
    0x0, 0x0, 0x4, 0xff, 0xff, 0xff, 0xfa, 0x0,
    0x3, 0xff, 0xff, 0xff, 0xfb, 0x0, 0x0, 0x0,
    0x0, 0x0, 0x4f, 0xff, 0xff, 0xff, 0xa0, 0x0,
    0x0, 0x3f, 0xff, 0xff, 0xff, 0xb0, 0x0, 0x0,
    0x0, 0x4, 0xff, 0xff, 0xff, 0xfa, 0x0, 0x0,
    0x0, 0x3, 0xff, 0xff, 0xff, 0xfb, 0x0, 0x0,
    0x0, 0x4f, 0xff, 0xff, 0xff, 0xb0, 0x0, 0x0,
    0x0, 0x0, 0x3f, 0xff, 0xff, 0xff, 0xb0, 0x0,
    0x4, 0xff, 0xff, 0xff, 0xfb, 0x0, 0x0, 0x0,
    0x0, 0x0, 0x3, 0xff, 0xff, 0xff, 0xfb, 0x0,
    0x3f, 0xff, 0xff, 0xff, 0xb0, 0x0, 0x0, 0x0,
    0x0, 0x0, 0x0, 0x3f, 0xff, 0xff, 0xff, 0xa0,
    0x8f, 0xff, 0xff, 0xfb, 0x0, 0x0, 0x0, 0x0,
    0x0, 0x0, 0x0, 0x3, 0xff, 0xff, 0xff, 0xf0,
    0x3f, 0xff, 0xff, 0xb0, 0x0, 0x0, 0x0, 0x0,
    0x0, 0x0, 0x0, 0x0, 0x3f, 0xff, 0xff, 0xb0,
    0x5, 0xff, 0xfb, 0x0, 0x0, 0x0, 0x0, 0x0,
    0x0, 0x0, 0x0, 0x0, 0x3, 0xff, 0xfc, 0x0,
    0x0, 0x4c, 0x90, 0x0, 0x0, 0x0, 0x0, 0x0,
    0x0, 0x0, 0x0, 0x0, 0x0, 0x3b, 0x90, 0x0,

    /* U+F078 "" */
    0x0, 0x4c, 0x90, 0x0, 0x0, 0x0, 0x0, 0x0,
    0x0, 0x0, 0x0, 0x0, 0x0, 0x3c, 0x90, 0x0,
    0x5, 0xff, 0xfb, 0x0, 0x0, 0x0, 0x0, 0x0,
    0x0, 0x0, 0x0, 0x0, 0x3, 0xff, 0xfc, 0x0,
    0x3f, 0xff, 0xff, 0xb0, 0x0, 0x0, 0x0, 0x0,
    0x0, 0x0, 0x0, 0x0, 0x3f, 0xff, 0xff, 0xb0,
    0x8f, 0xff, 0xff, 0xfb, 0x0, 0x0, 0x0, 0x0,
    0x0, 0x0, 0x0, 0x3, 0xff, 0xff, 0xff, 0xf0,
    0x3f, 0xff, 0xff, 0xff, 0xb0, 0x0, 0x0, 0x0,
    0x0, 0x0, 0x0, 0x4f, 0xff, 0xff, 0xff, 0xa0,
    0x4, 0xff, 0xff, 0xff, 0xfb, 0x0, 0x0, 0x0,
    0x0, 0x0, 0x4, 0xff, 0xff, 0xff, 0xfb, 0x0,
    0x0, 0x4f, 0xff, 0xff, 0xff, 0xb0, 0x0, 0x0,
    0x0, 0x0, 0x4f, 0xff, 0xff, 0xff, 0xb0, 0x0,
    0x0, 0x4, 0xff, 0xff, 0xff, 0xfb, 0x0, 0x0,
    0x0, 0x4, 0xff, 0xff, 0xff, 0xfb, 0x0, 0x0,
    0x0, 0x0, 0x4f, 0xff, 0xff, 0xff, 0xb0, 0x0,
    0x0, 0x4f, 0xff, 0xff, 0xff, 0xb0, 0x0, 0x0,
    0x0, 0x0, 0x4, 0xff, 0xff, 0xff, 0xfb, 0x0,
    0x4, 0xff, 0xff, 0xff, 0xfb, 0x0, 0x0, 0x0,
    0x0, 0x0, 0x0, 0x4f, 0xff, 0xff, 0xff, 0xb0,
    0x4f, 0xff, 0xff, 0xff, 0xb0, 0x0, 0x0, 0x0,
    0x0, 0x0, 0x0, 0x4, 0xff, 0xff, 0xff, 0xfc,
    0xff, 0xff, 0xff, 0xfb, 0x0, 0x0, 0x0, 0x0,
    0x0, 0x0, 0x0, 0x0, 0x4f, 0xff, 0xff, 0xff,
    0xff, 0xff, 0xff, 0xb0, 0x0, 0x0, 0x0, 0x0,
    0x0, 0x0, 0x0, 0x0, 0x4, 0xff, 0xff, 0xff,
    0xff, 0xff, 0xfb, 0x0, 0x0, 0x0, 0x0, 0x0,
    0x0, 0x0, 0x0, 0x0, 0x0, 0x4f, 0xff, 0xff,
    0xff, 0xff, 0xb0, 0x0, 0x0, 0x0, 0x0, 0x0,
    0x0, 0x0, 0x0, 0x0, 0x0, 0x4, 0xff, 0xff,
    0xff, 0xfb, 0x0, 0x0, 0x0, 0x0, 0x0, 0x0,
    0x0, 0x0, 0x0, 0x0, 0x0, 0x0, 0x4f, 0xff,
    0xff, 0xb0, 0x0, 0x0, 0x0, 0x0, 0x0, 0x0,
    0x0, 0x0, 0x0, 0x0, 0x0, 0x0, 0x4, 0xff,
    0xfb, 0x0, 0x0, 0x0, 0x0, 0x0, 0x0, 0x0,
    0x0, 0x0, 0x0, 0x0, 0x0, 0x0, 0x0, 0x3c,
    0x90, 0x0, 0x0, 0x0, 0x0, 0x0, 0x0, 0x0,

    /* U+F8A2 "" */
    0x0, 0x0, 0x0, 0x0, 0x0, 0x0, 0x0, 0x0,
    0x0, 0x0, 0x0, 0x0, 0x0, 0x0, 0x0, 0x0,
    0x0, 0x37, 0x0, 0x0, 0x0, 0x0, 0x0, 0x0,
    0x0, 0x0, 0x0, 0x0, 0x0, 0x0, 0x0, 0x0,
    0x0, 0x0, 0x0, 0x3f, 0xf1, 0x0, 0x0, 0x0,
    0x0, 0x0, 0x0, 0x0, 0x0, 0x0, 0x0, 0x0,
    0x0, 0x0, 0x0, 0x0, 0x0, 0x3f, 0xff, 0x10,
    0x0, 0x0, 0x0, 0x0, 0x0, 0x0, 0x0, 0x0,
    0x0, 0x0, 0x0, 0x0, 0x0, 0x0, 0x0, 0x3f,
    0xff, 0xf1, 0x0, 0x0, 0x0, 0x0, 0x1, 0x0,
    0x0, 0x0, 0x0, 0x0, 0x0, 0x0, 0x0, 0x0,
    0x0, 0x3f, 0xff, 0xff, 0x10, 0x0, 0x0, 0x0,
    0xa, 0xfd, 0x10, 0x0, 0x0, 0x0, 0x0, 0x0,
    0x0, 0x0, 0x0, 0x8, 0xff, 0xff, 0xf1, 0x0,
    0x0, 0x0, 0xb, 0xff, 0xf4, 0x0, 0x0, 0x0,
    0x0, 0x0, 0x0, 0x0, 0x0, 0x0, 0x8f, 0xff,
    0xff, 0x10, 0x0, 0x0, 0x1c, 0xff, 0xff, 0x50,
    0x0, 0x0, 0x0, 0x0, 0x0, 0x0, 0x0, 0x0,
    0x8, 0xff, 0xff, 0xf1, 0x0, 0x0, 0x1d, 0xff,
    0xff, 0xf5, 0x0, 0x0, 0x0, 0x0, 0x0, 0x0,
    0x0, 0x0, 0x0, 0x8f, 0xff, 0xff, 0x10, 0x0,
    0x2e, 0xff, 0xff, 0xff, 0x50, 0x0, 0x0, 0x0,
    0x0, 0x0, 0x0, 0x0, 0x0, 0x8, 0xff, 0xff,
    0xf1, 0x0, 0x3e, 0xff, 0xff, 0xff, 0xf5, 0x0,
    0x0, 0x0, 0x0, 0x0, 0x0, 0x0, 0x0, 0x0,
    0x8f, 0xff, 0xff, 0x10, 0x3f, 0xff, 0xff, 0xff,
    0xff, 0xff, 0xff, 0xff, 0xff, 0xff, 0xff, 0xff,
    0xff, 0xff, 0xff, 0xff, 0xff, 0xf1, 0x4f, 0xff,
    0xff, 0xff, 0xff, 0xff, 0xff, 0xff, 0xff, 0xff,
    0xff, 0xff, 0xff, 0xff, 0xff, 0xff, 0xff, 0xff,
    0x1d, 0xff, 0xff, 0xff, 0xff, 0xff, 0xff, 0xff,
    0xff, 0xff, 0xff, 0xff, 0xff, 0xff, 0xff, 0xff,
    0xff, 0xff, 0xf1, 0xbf, 0xff, 0xff, 0xff, 0xff,
    0xff, 0xff, 0xff, 0xff, 0xff, 0xff, 0xff, 0xff,
    0xff, 0xff, 0xff, 0xff, 0xff, 0x11, 0xdf, 0xff,
    0xff, 0xff, 0xff, 0xff, 0xff, 0xff, 0xff, 0xff,
    0xff, 0xff, 0xff, 0xff, 0xff, 0xff, 0xff, 0xe0,
    0x1, 0xcf, 0xff, 0xff, 0xff, 0xfc, 0xaa, 0xaa,
    0xaa, 0xaa, 0xaa, 0xaa, 0xaa, 0xaa, 0xaa, 0xaa,
    0xaa, 0xa3, 0x0, 0x0, 0xbf, 0xff, 0xff, 0xff,
    0x50, 0x0, 0x0, 0x0, 0x0, 0x0, 0x0, 0x0,
    0x0, 0x0, 0x0, 0x0, 0x0, 0x0, 0x0, 0xbf,
    0xff, 0xff, 0xf5, 0x0, 0x0, 0x0, 0x0, 0x0,
    0x0, 0x0, 0x0, 0x0, 0x0, 0x0, 0x0, 0x0,
    0x0, 0x0, 0xaf, 0xff, 0xff, 0x50, 0x0, 0x0,
    0x0, 0x0, 0x0, 0x0, 0x0, 0x0, 0x0, 0x0,
    0x0, 0x0, 0x0, 0x0, 0x0, 0x9f, 0xff, 0xf5,
    0x0, 0x0, 0x0, 0x0, 0x0, 0x0, 0x0, 0x0,
    0x0, 0x0, 0x0, 0x0, 0x0, 0x0, 0x0, 0x0,
    0x7f, 0xff, 0x40, 0x0, 0x0, 0x0, 0x0, 0x0,
    0x0, 0x0, 0x0, 0x0, 0x0, 0x0, 0x0, 0x0,
    0x0, 0x0, 0x0, 0x6d, 0x90, 0x0, 0x0, 0x0,
    0x0, 0x0, 0x0, 0x0, 0x0, 0x0, 0x0, 0x0,
    0x0, 0x0
};


/*---------------------
 *  GLYPH DESCRIPTION
 *--------------------*/

static const lv_font_fmt_txt_glyph_dsc_t glyph_dsc[] = {
    {.bitmap_index = 0, .adv_w = 0, .box_w = 0, .box_h = 0, .ofs_x = 0, .ofs_y = 0} /* id = 0 reserved */,
    {.bitmap_index = 0, .adv_w = 137, .box_w = 0, .box_h = 0, .ofs_x = 0, .ofs_y = 0},
    {.bitmap_index = 0, .adv_w = 137, .box_w = 5, .box_h = 23, .ofs_x = 2, .ofs_y = 0},
    {.bitmap_index = 58, .adv_w = 198, .box_w = 10, .box_h = 8, .ofs_x = 1, .ofs_y = 15},
    {.bitmap_index = 98, .adv_w = 387, .box_w = 22, .box_h = 23, .ofs_x = 1, .ofs_y = 0},
    {.bitmap_index = 351, .adv_w = 298, .box_w = 16, .box_h = 30, .ofs_x = 1, .ofs_y = -4},
    {.bitmap_index = 591, .adv_w = 422, .box_w = 24, .box_h = 23, .ofs_x = 1, .ofs_y = 0},
    {.bitmap_index = 867, .adv_w = 351, .box_w = 20, .box_h = 23, .ofs_x = 1, .ofs_y = 0},
    {.bitmap_index = 1097, .adv_w = 108, .box_w = 4, .box_h = 7, .ofs_x = 1, .ofs_y = 16},
    {.bitmap_index = 1111, .adv_w = 171, .box_w = 8, .box_h = 27, .ofs_x = 1, .ofs_y = -4},
    {.bitmap_index = 1219, .adv_w = 171, .box_w = 8, .box_h = 27, .ofs_x = 1, .ofs_y = -4},
    {.bitmap_index = 1327, .adv_w = 231, .box_w = 12, .box_h = 11, .ofs_x = 1, .ofs_y = 12},
    {.bitmap_index = 1393, .adv_w = 316, .box_w = 16, .box_h = 15, .ofs_x = 2, .ofs_y = 4},
    {.bitmap_index = 1513, .adv_w = 115, .box_w = 5, .box_h = 10, .ofs_x = 1, .ofs_y = -4},
    {.bitmap_index = 1538, .adv_w = 180, .box_w = 9, .box_h = 3, .ofs_x = 1, .ofs_y = 10},
    {.bitmap_index = 1552, .adv_w = 115, .box_w = 5, .box_h = 6, .ofs_x = 1, .ofs_y = 0},
    {.bitmap_index = 1567, .adv_w = 233, .box_w = 13, .box_h = 23, .ofs_x = 1, .ofs_y = 0},
    {.bitmap_index = 1717, .adv_w = 304, .box_w = 15, .box_h = 23, .ofs_x = 2, .ofs_y = 0},
    {.bitmap_index = 1890, .adv_w = 188, .box_w = 9, .box_h = 23, .ofs_x = 1, .ofs_y = 0},
    {.bitmap_index = 1994, .adv_w = 281, .box_w = 15, .box_h = 23, .ofs_x = 1, .ofs_y = 0},
    {.bitmap_index = 2167, .adv_w = 290, .box_w = 16, .box_h = 23, .ofs_x = 1, .ofs_y = 0},
    {.bitmap_index = 2351, .adv_w = 307, .box_w = 18, .box_h = 23, .ofs_x = 1, .ofs_y = 0},
    {.bitmap_index = 2558, .adv_w = 286, .box_w = 16, .box_h = 23, .ofs_x = 1, .ofs_y = 0},
    {.bitmap_index = 2742, .adv_w = 297, .box_w = 16, .box_h = 23, .ofs_x = 1, .ofs_y = 0},
    {.bitmap_index = 2926, .adv_w = 237, .box_w = 15, .box_h = 23, .ofs_x = 0, .ofs_y = 0},
    {.bitmap_index = 3099, .adv_w = 307, .box_w = 16, .box_h = 23, .ofs_x = 2, .ofs_y = 0},
    {.bitmap_index = 3283, .adv_w = 297, .box_w = 16, .box_h = 23, .ofs_x = 1, .ofs_y = 0},
    {.bitmap_index = 3467, .adv_w = 115, .box_w = 5, .box_h = 18, .ofs_x = 1, .ofs_y = 0},
    {.bitmap_index = 3512, .adv_w = 115, .box_w = 5, .box_h = 22, .ofs_x = 1, .ofs_y = -4},
    {.bitmap_index = 3567, .adv_w = 313, .box_w = 16, .box_h = 15, .ofs_x = 2, .ofs_y = 4},
    {.bitmap_index = 3687, .adv_w = 319, .box_w = 16, .box_h = 10, .ofs_x = 2, .ofs_y = 7},
    {.bitmap_index = 3767, .adv_w = 319, .box_w = 16, .box_h = 15, .ofs_x = 2, .ofs_y = 4},
    {.bitmap_index = 3887, .adv_w = 270, .box_w = 15, .box_h = 23, .ofs_x = 1, .ofs_y = 0},
    {.bitmap_index = 4060, .adv_w = 431, .box_w = 23, .box_h = 24, .ofs_x = 2, .ofs_y = -2},
    {.bitmap_index = 4336, .adv_w = 316, .box_w = 19, .box_h = 23, .ofs_x = 0, .ofs_y = 0},
    {.bitmap_index = 4555, .adv_w = 318, .box_w = 16, .box_h = 23, .ofs_x = 2, .ofs_y = 0},
    {.bitmap_index = 4739, .adv_w = 311, .box_w = 16, .box_h = 23, .ofs_x = 2, .ofs_y = 0},
    {.bitmap_index = 4923, .adv_w = 320, .box_w = 16, .box_h = 23, .ofs_x = 2, .ofs_y = 0},
    {.bitmap_index = 5107, .adv_w = 276, .box_w = 14, .box_h = 23, .ofs_x = 2, .ofs_y = 0},
    {.bitmap_index = 5268, .adv_w = 262, .box_w = 14, .box_h = 23, .ofs_x = 2, .ofs_y = 0},
    {.bitmap_index = 5429, .adv_w = 313, .box_w = 16, .box_h = 23, .ofs_x = 2, .ofs_y = 0},
    {.bitmap_index = 5613, .adv_w = 331, .box_w = 17, .box_h = 23, .ofs_x = 2, .ofs_y = 0},
    {.bitmap_index = 5809, .adv_w = 146, .box_w = 5, .box_h = 23, .ofs_x = 2, .ofs_y = 0},
    {.bitmap_index = 5867, .adv_w = 295, .box_w = 16, .box_h = 23, .ofs_x = 1, .ofs_y = 0},
    {.bitmap_index = 6051, .adv_w = 316, .box_w = 18, .box_h = 23, .ofs_x = 2, .ofs_y = 0},
    {.bitmap_index = 6258, .adv_w = 259, .box_w = 14, .box_h = 23, .ofs_x = 2, .ofs_y = 0},
    {.bitmap_index = 6419, .adv_w = 412, .box_w = 22, .box_h = 23, .ofs_x = 2, .ofs_y = 0},
    {.bitmap_index = 6672, .adv_w = 336, .box_w = 17, .box_h = 23, .ofs_x = 2, .ofs_y = 0},
    {.bitmap_index = 6868, .adv_w = 318, .box_w = 16, .box_h = 23, .ofs_x = 2, .ofs_y = 0},
    {.bitmap_index = 7052, .adv_w = 304, .box_w = 16, .box_h = 23, .ofs_x = 2, .ofs_y = 0},
    {.bitmap_index = 7236, .adv_w = 325, .box_w = 16, .box_h = 28, .ofs_x = 2, .ofs_y = -5},
    {.bitmap_index = 7460, .adv_w = 312, .box_w = 17, .box_h = 23, .ofs_x = 2, .ofs_y = 0},
    {.bitmap_index = 7656, .adv_w = 316, .box_w = 16, .box_h = 23, .ofs_x = 2, .ofs_y = 0},
    {.bitmap_index = 7840, .adv_w = 250, .box_w = 16, .box_h = 23, .ofs_x = 0, .ofs_y = 0},
    {.bitmap_index = 8024, .adv_w = 321, .box_w = 16, .box_h = 23, .ofs_x = 2, .ofs_y = 0},
    {.bitmap_index = 8208, .adv_w = 295, .box_w = 18, .box_h = 23, .ofs_x = 0, .ofs_y = 0},
    {.bitmap_index = 8415, .adv_w = 462, .box_w = 29, .box_h = 23, .ofs_x = 0, .ofs_y = 0},
    {.bitmap_index = 8749, .adv_w = 303, .box_w = 19, .box_h = 23, .ofs_x = 0, .ofs_y = 0},
    {.bitmap_index = 8968, .adv_w = 293, .box_w = 18, .box_h = 23, .ofs_x = 0, .ofs_y = 0},
    {.bitmap_index = 9175, .adv_w = 291, .box_w = 16, .box_h = 23, .ofs_x = 1, .ofs_y = 0},
    {.bitmap_index = 9359, .adv_w = 178, .box_w = 7, .box_h = 26, .ofs_x = 2, .ofs_y = -3},
    {.bitmap_index = 9450, .adv_w = 233, .box_w = 13, .box_h = 23, .ofs_x = 1, .ofs_y = 0},
    {.bitmap_index = 9600, .adv_w = 178, .box_w = 7, .box_h = 26, .ofs_x = 2, .ofs_y = -3},
    {.bitmap_index = 9691, .adv_w = 285, .box_w = 16, .box_h = 10, .ofs_x = 1, .ofs_y = 13},
    {.bitmap_index = 9771, .adv_w = 214, .box_w = 14, .box_h = 2, .ofs_x = 0, .ofs_y = -4},
    {.bitmap_index = 9785, .adv_w = 165, .box_w = 7, .box_h = 5, .ofs_x = 2, .ofs_y = 20},
    {.bitmap_index = 9803, .adv_w = 295, .box_w = 16, .box_h = 18, .ofs_x = 1, .ofs_y = 0},
    {.bitmap_index = 9947, .adv_w = 298, .box_w = 15, .box_h = 25, .ofs_x = 2, .ofs_y = 0},
    {.bitmap_index = 10135, .adv_w = 233, .box_w = 13, .box_h = 18, .ofs_x = 1, .ofs_y = 0},
    {.bitmap_index = 10252, .adv_w = 298, .box_w = 16, .box_h = 25, .ofs_x = 1, .ofs_y = 0},
    {.bitmap_index = 10452, .adv_w = 284, .box_w = 16, .box_h = 18, .ofs_x = 1, .ofs_y = 0},
    {.bitmap_index = 10596, .adv_w = 193, .box_w = 11, .box_h = 25, .ofs_x = 1, .ofs_y = 0},
    {.bitmap_index = 10734, .adv_w = 296, .box_w = 16, .box_h = 23, .ofs_x = 1, .ofs_y = -5},
    {.bitmap_index = 10918, .adv_w = 298, .box_w = 15, .box_h = 25, .ofs_x = 2, .ofs_y = 0},
    {.bitmap_index = 11106, .adv_w = 134, .box_w = 4, .box_h = 25, .ofs_x = 2, .ofs_y = 0},
    {.bitmap_index = 11156, .adv_w = 134, .box_w = 9, .box_h = 30, .ofs_x = -3, .ofs_y = -5},
    {.bitmap_index = 11291, .adv_w = 263, .box_w = 15, .box_h = 25, .ofs_x = 2, .ofs_y = 0},
    {.bitmap_index = 11479, .adv_w = 134, .box_w = 4, .box_h = 25, .ofs_x = 2, .ofs_y = 0},
    {.bitmap_index = 11529, .adv_w = 453, .box_w = 25, .box_h = 18, .ofs_x = 2, .ofs_y = 0},
    {.bitmap_index = 11754, .adv_w = 298, .box_w = 15, .box_h = 18, .ofs_x = 2, .ofs_y = 0},
    {.bitmap_index = 11889, .adv_w = 290, .box_w = 16, .box_h = 18, .ofs_x = 1, .ofs_y = 0},
    {.bitmap_index = 12033, .adv_w = 298, .box_w = 15, .box_h = 23, .ofs_x = 2, .ofs_y = -5},
    {.bitmap_index = 12206, .adv_w = 295, .box_w = 16, .box_h = 23, .ofs_x = 1, .ofs_y = -5},
    {.bitmap_index = 12390, .adv_w = 193, .box_w = 10, .box_h = 18, .ofs_x = 2, .ofs_y = 0},
    {.bitmap_index = 12480, .adv_w = 251, .box_w = 14, .box_h = 18, .ofs_x = 1, .ofs_y = 0},
    {.bitmap_index = 12606, .adv_w = 202, .box_w = 12, .box_h = 22, .ofs_x = 0, .ofs_y = 0},
    {.bitmap_index = 12738, .adv_w = 298, .box_w = 15, .box_h = 18, .ofs_x = 2, .ofs_y = 0},
    {.bitmap_index = 12873, .adv_w = 258, .box_w = 16, .box_h = 18, .ofs_x = 0, .ofs_y = 0},
    {.bitmap_index = 13017, .adv_w = 398, .box_w = 25, .box_h = 18, .ofs_x = 0, .ofs_y = 0},
    {.bitmap_index = 13242, .adv_w = 255, .box_w = 16, .box_h = 18, .ofs_x = 0, .ofs_y = 0},
    {.bitmap_index = 13386, .adv_w = 269, .box_w = 17, .box_h = 24, .ofs_x = 0, .ofs_y = -6},
    {.bitmap_index = 13590, .adv_w = 249, .box_w = 14, .box_h = 18, .ofs_x = 1, .ofs_y = 0},
    {.bitmap_index = 13716, .adv_w = 177, .box_w = 9, .box_h = 27, .ofs_x = 1, .ofs_y = -4},
    {.bitmap_index = 13838, .adv_w = 128, .box_w = 4, .box_h = 23, .ofs_x = 2, .ofs_y = 0},
    {.bitmap_index = 13884, .adv_w = 177, .box_w = 9, .box_h = 27, .ofs_x = 1, .ofs_y = -4},
    {.bitmap_index = 14006, .adv_w = 316, .box_w = 16, .box_h = 4, .ofs_x = 2, .ofs_y = 10},
    {.bitmap_index = 14038, .adv_w = 200, .box_w = 7, .box_h = 8, .ofs_x = 3, .ofs_y = 17},
    {.bitmap_index = 14066, .adv_w = 295, .box_w = 16, .box_h = 25, .ofs_x = 1, .ofs_y = 0},
    {.bitmap_index = 14266, .adv_w = 504, .box_w = 24, .box_h = 33, .ofs_x = 4, .ofs_y = -3},
    {.bitmap_index = 14662, .adv_w = 504, .box_w = 32, .box_h = 37, .ofs_x = 0, .ofs_y = -5},
    {.bitmap_index = 15254, .adv_w = 504, .box_w = 32, .box_h = 33, .ofs_x = 0, .ofs_y = -3},
    {.bitmap_index = 15782, .adv_w = 504, .box_w = 32, .box_h = 33, .ofs_x = 0, .ofs_y = -3},
    {.bitmap_index = 16310, .adv_w = 504, .box_w = 23, .box_h = 33, .ofs_x = 4, .ofs_y = -3},
    {.bitmap_index = 16690, .adv_w = 360, .box_w = 20, .box_h = 31, .ofs_x = 1, .ofs_y = -2},
    {.bitmap_index = 17000, .adv_w = 504, .box_w = 32, .box_h = 33, .ofs_x = 0, .ofs_y = -3},
    {.bitmap_index = 17528, .adv_w = 504, .box_w = 32, .box_h = 7, .ofs_x = 0, .ofs_y = 10},
    {.bitmap_index = 17640, .adv_w = 648, .box_w = 41, .box_h = 27, .ofs_x = 0, .ofs_y = 0},
    {.bitmap_index = 18194, .adv_w = 504, .box_w = 32, .box_h = 19, .ofs_x = 0, .ofs_y = 4},
    {.bitmap_index = 18498, .adv_w = 504, .box_w = 32, .box_h = 19, .ofs_x = 0, .ofs_y = 4},
    {.bitmap_index = 18802, .adv_w = 579, .box_w = 37, .box_h = 23, .ofs_x = 0, .ofs_y = 2}
};

/*---------------------
 *  CHARACTER MAPPING
 *--------------------*/

static const uint16_t unicode_list_1[] = {
    0x0, 0x34, 0xef98, 0xef9b, 0xef9c, 0xef9d, 0xefa1, 0xefa3,
    0xefb7, 0xefb8, 0xefbe, 0xefc7, 0xefc8, 0xf7f2
};

/*Collect the unicode lists and glyph_id offsets*/
static const lv_font_fmt_txt_cmap_t cmaps[] =
{
    {
        .range_start = 32, .range_length = 95, .glyph_id_start = 1,
        .unicode_list = NULL, .glyph_id_ofs_list = NULL, .list_length = 0, .type = LV_FONT_FMT_TXT_CMAP_FORMAT0_TINY
    },
    {
        .range_start = 176, .range_length = 63475, .glyph_id_start = 96,
        .unicode_list = unicode_list_1, .glyph_id_ofs_list = NULL, .list_length = 14, .type = LV_FONT_FMT_TXT_CMAP_SPARSE_TINY
    }
};



/*--------------------
 *  ALL CUSTOM DATA
 *--------------------*/

#if LVGL_VERSION_MAJOR == 8
/*Store all the custom data of the font*/
static  lv_font_fmt_txt_glyph_cache_t cache;
#endif

#if LVGL_VERSION_MAJOR >= 8
static const lv_font_fmt_txt_dsc_t font_dsc = {
#else
static lv_font_fmt_txt_dsc_t font_dsc = {
#endif
    .glyph_bitmap = glyph_bitmap,
    .glyph_dsc = glyph_dsc,
    .cmaps = cmaps,
    .kern_dsc = NULL,
    .kern_scale = 0,
    .cmap_num = 2,
    .bpp = 4,
    .kern_classes = 0,
    .bitmap_format = 0,
#if LVGL_VERSION_MAJOR == 8
    .cache = &cache
#endif
};



/*-----------------
 *  PUBLIC FONT
 *----------------*/

/*Initialize a public general font descriptor*/
#if LVGL_VERSION_MAJOR >= 8
const lv_font_t custom_font_hud_36 = {
#else
lv_font_t custom_font_hud_36 = {
#endif
    .get_glyph_dsc = lv_font_get_glyph_dsc_fmt_txt,    /*Function pointer to get glyph's data*/
    .get_glyph_bitmap = lv_font_get_bitmap_fmt_txt,    /*Function pointer to get glyph's bitmap*/
    .line_height = 38,          /*The maximum line height required by the font*/
    .base_line = 6,             /*Baseline measured from the bottom of the line*/
#if !(LVGL_VERSION_MAJOR == 6 && LVGL_VERSION_MINOR == 0)
    .subpx = LV_FONT_SUBPX_NONE,
#endif
#if LV_VERSION_CHECK(7, 4, 0) || LVGL_VERSION_MAJOR >= 8
    .underline_position = -3,
    .underline_thickness = 2,
#endif
    .dsc = &font_dsc,          /*The custom font data. Will be accessed by `get_glyph_bitmap/dsc` */
#if LV_VERSION_CHECK(8, 2, 0) || LVGL_VERSION_MAJOR >= 9
    .fallback = NULL,
#endif
    .user_data = NULL,
};



#endif /*#if CUSTOM_FONT_HUD_36*/

